{
  "iri": "db2ad74f-ec45-4d46-84f8-24d36fbb4200/76fdef19-9148-4760-b7f4-e2642b601bf6/f5703bf0-7f69-458d-945c-81d25bb8d0ff/c3a571e2-5721-4dfc-84d5-f261ccd8ac1b/080614d7-28c6-488e-8f01-63cc05b8fba7",
  "types": [
    "https://dataspecer.com/core/model-descriptor/pim-store-wrapper"
  ],
  "userMetadata": {
    "documentBaseUrl": "https://www.w3.org/2006/vcard/ns",
    "label": {
      "en": "ns"
    }
  },
  "metadata": {
    "creationDate": "2026-01-09T12:05:03.538Z",
    "modificationDate": "2026-01-09T12:06:54.449Z"
  },
  "_version": 1,
  "_exportVersion": 1,
  "_exportedAt": "2026-01-09T12:07:09.727Z",
  "_exportedBy": "http://localhost:3100"
}