{
  "iri": "db2ad74f-ec45-4d46-84f8-24d36fbb4200/76fdef19-9148-4760-b7f4-e2642b601bf6/f5703bf0-7f69-458d-945c-81d25bb8d0ff/c3a571e2-5721-4dfc-84d5-f261ccd8ac1b/633ccac2-44cc-4a0f-b99d-6d580f8cd8a5",
  "types": [
    "https://dataspecer.com/core/model-descriptor/pim-store-wrapper"
  ],
  "userMetadata": {
    "documentBaseUrl": "https://datagov-cz.github.io/cache-slovniku/rdfs.ttl",
    "label": {
      "en": "rdfs"
    }
  },
  "metadata": {
    "creationDate": "2026-01-09T12:05:04.064Z",
    "modificationDate": "2026-01-09T12:06:54.576Z"
  },
  "_version": 1,
  "_exportVersion": 1,
  "_exportedAt": "2026-01-09T12:07:09.734Z",
  "_exportedBy": "http://localhost:3100"
}