{
  "iri": "db2ad74f-ec45-4d46-84f8-24d36fbb4200/76fdef19-9148-4760-b7f4-e2642b601bf6/f5703bf0-7f69-458d-945c-81d25bb8d0ff/c3a571e2-5721-4dfc-84d5-f261ccd8ac1b/e39782f9-de23-4292-ac9e-084ae188770d",
  "types": [
    "https://dataspecer.com/core/model-descriptor/pim-store-wrapper"
  ],
  "userMetadata": {
    "documentBaseUrl": "https://www.w3.org/ns/prov-o",
    "label": {
      "en": "prov-o"
    }
  },
  "metadata": {
    "creationDate": "2026-01-09T12:05:07.158Z",
    "modificationDate": "2026-01-09T12:06:55.207Z"
  },
  "_version": 1,
  "_exportVersion": 1,
  "_exportedAt": "2026-01-09T12:07:09.747Z",
  "_exportedBy": "http://localhost:3100"
}