{
  "iri": "db2ad74f-ec45-4d46-84f8-24d36fbb4200",
  "types": [
    "http://dataspecer.com/resources/local/package"
  ],
  "userMetadata": {
    "label": {
      "cs": "DCAT-AP-CZ: Specifikace pro vyhlášku č. 360/2023 Sb., o dlouhodobém řízení informačních systémů veřejné správy",
      "en": "DCAT-AP-CZ: Specification for Decree No. 360/2023 Coll., on long-term management of public administration information systems"
    },
    "description": {}
  },
  "metadata": {
    "creationDate": "2025-11-03T09:09:37.784Z",
    "modificationDate": "2026-01-09T12:06:56.661Z"
  },
  "_version": 1,
  "_exportVersion": 1,
  "_exportedAt": "2026-01-09T12:07:09.776Z",
  "_exportedBy": "http://localhost:3100"
}