{
  "iri": "31c15e62-6f46-4c53-ad4d-cf900421feb6/15fc5fa8-fd8e-4dbd-9f5c-b1d3a4dbeba5/22bf46c7-1072-46ae-b7e7-458d7b4e007f/9caf777c-bc13-4ae5-9f22-ce5b7fdf1b2e",
  "types": [
    "https://dataspecer.com/core/model-descriptor/pim-store-wrapper"
  ],
  "userMetadata": {
    "documentBaseUrl": "https://www.w3.org/ns/legacy_adms",
    "label": {
      "en": "legacy_adms"
    }
  },
  "metadata": {
    "creationDate": "2025-07-17T08:51:55.756Z",
    "modificationDate": "2025-07-17T08:51:55.917Z"
  },
  "_version": 1,
  "_exportVersion": 1,
  "_exportedAt": "2025-07-17T08:57:59.588Z",
  "_exportedBy": "http://localhost:3100"
}