{
  "iri": "31c15e62-6f46-4c53-ad4d-cf900421feb6/15fc5fa8-fd8e-4dbd-9f5c-b1d3a4dbeba5/22bf46c7-1072-46ae-b7e7-458d7b4e007f/ce678026-6a70-4dd1-b193-f8ee9de815d8",
  "types": [
    "https://dataspecer.com/core/model-descriptor/pim-store-wrapper"
  ],
  "userMetadata": {
    "documentBaseUrl": "https://semiceu.github.io/Core-Location-Vocabulary/releases/2.00/voc/core-location-ap.ttl",
    "label": {
      "en": "core-location-ap"
    }
  },
  "metadata": {
    "creationDate": "2025-07-17T08:51:55.972Z",
    "modificationDate": "2025-07-17T08:51:56.012Z"
  },
  "_version": 1,
  "_exportVersion": 1,
  "_exportedAt": "2025-07-17T08:57:59.590Z",
  "_exportedBy": "http://localhost:3100"
}