{
  "iri": "31c15e62-6f46-4c53-ad4d-cf900421feb6/15fc5fa8-fd8e-4dbd-9f5c-b1d3a4dbeba5/22bf46c7-1072-46ae-b7e7-458d7b4e007f/e6b45de8-49df-44b6-b637-7d3a14f62d69",
  "types": [
    "https://dataspecer.com/core/model-descriptor/pim-store-wrapper"
  ],
  "userMetadata": {
    "documentBaseUrl": "https://www.w3.org/ns/dcat3.ttl",
    "label": {
      "en": "dcat3"
    }
  },
  "metadata": {
    "creationDate": "2025-07-17T08:51:56.397Z",
    "modificationDate": "2025-07-17T08:51:56.765Z"
  },
  "_version": 1,
  "_exportVersion": 1,
  "_exportedAt": "2025-07-17T08:57:59.591Z",
  "_exportedBy": "http://localhost:3100"
}