{
  "iri": "db2ad74f-ec45-4d46-84f8-24d36fbb4200/4647bae8-bd76-48f9-b32d-dbbebdf10666/b20535c6-f7bb-454c-935a-8b8e25265106/4a9de9c4-f22c-4964-aa55-a7008d8082ed",
  "types": [
    "https://dataspecer.com/core/model-descriptor/pim-store-wrapper"
  ],
  "userMetadata": {
    "documentBaseUrl": "https://www.dublincore.org/specifications/dublin-core/dcmi-terms/dublin_core_terms.ttl",
    "label": {
      "en": "dublin_core_terms"
    }
  },
  "metadata": {
    "creationDate": "2025-03-10T12:19:46.806Z",
    "modificationDate": "2025-03-13T16:13:51.235Z"
  },
  "_version": 1,
  "_exportVersion": 1,
  "_exportedAt": "2025-03-13T16:14:18.392Z",
  "_exportedBy": "http://localhost:3100"
}