{
  "iri": "db2ad74f-ec45-4d46-84f8-24d36fbb4200/4647bae8-bd76-48f9-b32d-dbbebdf10666/b20535c6-f7bb-454c-935a-8b8e25265106/vocabulary",
  "types": [
    "http://dataspecer.com/resources/local/semantic-model"
  ],
  "userMetadata": {
    "label": {
      "en": "DCAT-AP-CZ - terms of use"
    },
    "documentBaseUrl": "https://mff-uk.github.io/specifications/dcat-ap-cz-podmínky-užití/"
  },
  "metadata": {
    "creationDate": "2025-03-10T12:19:47.495Z",
    "modificationDate": "2025-03-13T13:51:14.153Z"
  },
  "_version": 1,
  "_exportVersion": 1,
  "_exportedAt": "2025-03-13T13:51:43.461Z",
  "_exportedBy": "http://localhost:3100"
}