{
  "iri": "db2ad74f-ec45-4d46-84f8-24d36fbb4200/960a9e59-bcfa-43e8-a40d-c6cfa6cb9b2b/0ba309fb-a4cc-4adb-8524-a2e3bc2ed635/e556c4b5-06ec-4115-8044-5152afcb2b1c/11f79575-3bba-4110-92b0-712e5545e66a",
  "types": [
    "https://dataspecer.com/core/model-descriptor/pim-store-wrapper"
  ],
  "userMetadata": {
    "documentBaseUrl": "https://datagov-cz.github.io/cache-slovniku/foaf.ttl",
    "label": {
      "en": "foaf"
    }
  },
  "metadata": {
    "creationDate": "2025-06-10T07:47:42.196Z",
    "modificationDate": "2025-06-10T07:47:42.254Z"
  },
  "_version": 1,
  "_exportVersion": 1,
  "_exportedAt": "2025-06-10T07:49:28.905Z",
  "_exportedBy": "http://localhost:3100"
}