{
  "iri": "db2ad74f-ec45-4d46-84f8-24d36fbb4200/960a9e59-bcfa-43e8-a40d-c6cfa6cb9b2b/0ba309fb-a4cc-4adb-8524-a2e3bc2ed635/e556c4b5-06ec-4115-8044-5152afcb2b1c/957b4578-a64f-40e3-a91a-994e09f36339",
  "types": [
    "https://dataspecer.com/core/model-descriptor/pim-store-wrapper"
  ],
  "userMetadata": {
    "documentBaseUrl": "https://www.w3.org/ns/legacy_adms",
    "label": {
      "en": "legacy_adms"
    }
  },
  "metadata": {
    "creationDate": "2025-06-10T07:47:43.735Z",
    "modificationDate": "2025-06-10T07:47:43.901Z"
  },
  "_version": 1,
  "_exportVersion": 1,
  "_exportedAt": "2025-06-10T07:49:28.917Z",
  "_exportedBy": "http://localhost:3100"
}