{
  "iri": "db2ad74f-ec45-4d46-84f8-24d36fbb4200/960a9e59-bcfa-43e8-a40d-c6cfa6cb9b2b/0ba309fb-a4cc-4adb-8524-a2e3bc2ed635/e556c4b5-06ec-4115-8044-5152afcb2b1c/df10ac5d-de63-467c-a9a4-ef7574a35362",
  "types": [
    "https://dataspecer.com/core/model-descriptor/pim-store-wrapper"
  ],
  "userMetadata": {
    "documentBaseUrl": "https://datagov-cz.github.io/cache-slovniku/spdx-ontology.2.3.1.ttl",
    "label": {
      "en": "spdx-ontology"
    }
  },
  "metadata": {
    "creationDate": "2025-06-10T07:47:44.049Z",
    "modificationDate": "2025-06-10T07:47:44.152Z"
  },
  "_version": 1,
  "_exportVersion": 1,
  "_exportedAt": "2025-06-10T07:49:28.918Z",
  "_exportedBy": "http://localhost:3100"
}