{
  "iri": "192e1c39-405f-468a-93b9-40ff51b28489/07df68f1-3239-4898-82e1-b42e608f3c21/6cc9ca8a-bd41-40e4-9d14-81246a288317/cfd2d7e1-cac2-4b2c-9e43-935b7c6d53e8",
  "types": [
    "https://dataspecer.com/core/model-descriptor/pim-store-wrapper"
  ],
  "userMetadata": {
    "documentBaseUrl": "https://op.europa.eu/documents/3938058/11669184/eli.owl/",
    "label": {
      "en": "eli"
    }
  },
  "metadata": {
    "creationDate": "2025-12-29T15:55:56.326Z",
    "modificationDate": "2025-12-29T16:07:05.357Z"
  },
  "_version": 1,
  "_exportVersion": 1,
  "_exportedAt": "2025-12-29T16:07:29.621Z",
  "_exportedBy": "http://localhost:3100"
}