{
  "iri": "192e1c39-405f-468a-93b9-40ff51b28489/07df68f1-3239-4898-82e1-b42e608f3c21/6cc9ca8a-bd41-40e4-9d14-81246a288317/profile",
  "types": [
    "http://dataspecer.com/resources/local/semantic-model"
  ],
  "userMetadata": {
    "label": {
      "en": "DCAT-AP 3.0.1 based on DCAT 3 DAP"
    },
    "documentBaseUrl": "https://mff-uk.github.io/specifications/dcat-ap/"
  },
  "metadata": {
    "creationDate": "2025-12-29T15:55:56.391Z",
    "modificationDate": "2025-12-29T16:07:05.530Z"
  },
  "_version": 1,
  "_exportVersion": 1,
  "_exportedAt": "2025-12-29T16:07:29.625Z",
  "_exportedBy": "http://localhost:3100"
}