{
  "iri": "db2ad74f-ec45-4d46-84f8-24d36fbb4200/ee216e25-cd02-439a-864a-9e4f13bbd330/profile",
  "types": [
    "http://dataspecer.com/resources/local/semantic-model"
  ],
  "userMetadata": {
    "label": {
      "en": "DCAT-AP-CZ: Basic data model for data catalogs"
    },
    "documentBaseUrl": "https://ofn.gov.cz/dcat-ap-cz/draft/"
  },
  "metadata": {
    "creationDate": "2025-07-23T10:55:17.088Z",
    "modificationDate": "2025-07-30T14:09:57.842Z"
  },
  "_version": 1,
  "_exportVersion": 1,
  "_exportedAt": "2025-07-30T14:14:24.376Z",
  "_exportedBy": "http://localhost:3100"
}