{
  "iri": "192e1c39-405f-468a-93b9-40ff51b28489/520d0cba-00fd-4261-9335-930ecd7c9c37/a8a531f8-48b3-47a4-a33a-8ef8a24c5fe6",
  "types": [
    "http://dataspecer.com/resources/local/package"
  ],
  "userMetadata": {
    "label": {
      "cs": "DCAT-AP-CZ - podmínky užití",
      "en": "DCAT-AP-CZ - terms of use"
    },
    "description": {},
    "importedFromUrl": "https://ofn.gov.cz/dcat-ap-cz-podmínky-užití/2025-08-12/",
    "documentBaseUrl": "https://ofn.gov.cz/dcat-ap-cz-podmínky-užití/2025-08-12/"
  },
  "metadata": {
    "creationDate": "2025-12-31T10:21:51.316Z",
    "modificationDate": "2026-01-06T08:50:54.139Z"
  },
  "_version": 1,
  "_exportVersion": 1,
  "_exportedAt": "2026-01-06T08:52:03.772Z",
  "_exportedBy": "http://localhost:3100"
}