{
  "iri": "192e1c39-405f-468a-93b9-40ff51b28489/520d0cba-00fd-4261-9335-930ecd7c9c37/a8a531f8-48b3-47a4-a33a-8ef8a24c5fe6/31510139-074e-47f9-b6f9-cae767195b19",
  "types": [
    "https://dataspecer.com/core/model-descriptor/pim-store-wrapper"
  ],
  "userMetadata": {
    "documentBaseUrl": "https://www.w3.org/ns/dcat3.ttl",
    "label": {
      "en": "dcat3"
    }
  },
  "metadata": {
    "creationDate": "2025-12-31T10:21:52.202Z",
    "modificationDate": "2026-01-06T08:50:54.112Z"
  },
  "_version": 1,
  "_exportVersion": 1,
  "_exportedAt": "2026-01-06T08:52:03.769Z",
  "_exportedBy": "http://localhost:3100"
}