{
  "iri": "192e1c39-405f-468a-93b9-40ff51b28489/520d0cba-00fd-4261-9335-930ecd7c9c37/a8a531f8-48b3-47a4-a33a-8ef8a24c5fe6/aece6e69-aca4-48ab-9c1f-a676ec96030f",
  "types": [
    "https://dataspecer.com/core/model-descriptor/pim-store-wrapper"
  ],
  "userMetadata": {
    "documentBaseUrl": "https://www.dublincore.org/specifications/dublin-core/dcmi-terms/dublin_core_terms.ttl",
    "label": {
      "en": "dublin_core_terms"
    }
  },
  "metadata": {
    "creationDate": "2025-12-31T10:21:51.453Z",
    "modificationDate": "2026-01-06T08:50:54.124Z"
  },
  "_version": 1,
  "_exportVersion": 1,
  "_exportedAt": "2026-01-06T08:52:03.766Z",
  "_exportedBy": "http://localhost:3100"
}