{
  "iri": "c78df54f-89fc-4daa-bffa-70d4b62a26b1",
  "types": [
    "http://dataspecer.com/resources/local/semantic-model"
  ],
  "userMetadata": {
    "label": {
      "en": "DCAT-AP-CZ - typy datových sad dle zdroje"
    },
    "description": {
      "en": "Semantic model for the vocabulary"
    }
  },
  "metadata": {
    "creationDate": "2025-03-04T10:56:06.323Z",
    "modificationDate": "2025-05-08T09:16:36.578Z"
  },
  "_version": 1,
  "_exportVersion": 1,
  "_exportedAt": "2025-05-08T09:16:54.838Z",
  "_exportedBy": "http://localhost:3100"
}