{
  "iri": "192e1c39-405f-468a-93b9-40ff51b28489/07df68f1-3239-4898-82e1-b42e608f3c21/6cc9ca8a-bd41-40e4-9d14-81246a288317/0a24855f-c76b-4e85-b040-5b9620239c1e/740aca7c-5687-4ed1-8b8e-583821922a31",
  "types": [
    "https://dataspecer.com/core/model-descriptor/pim-store-wrapper"
  ],
  "userMetadata": {
    "documentBaseUrl": "https://datagov-cz.github.io/cache-slovniku/rdfs.ttl",
    "label": {
      "en": "rdfs"
    }
  },
  "metadata": {
    "creationDate": "2025-10-31T12:20:14.817Z",
    "modificationDate": "2025-10-31T12:53:09.640Z"
  },
  "_version": 1,
  "_exportVersion": 1,
  "_exportedAt": "2025-12-29T10:52:21.516Z",
  "_exportedBy": "http://localhost:3100"
}