{
  "iri": "192e1c39-405f-468a-93b9-40ff51b28489/07df68f1-3239-4898-82e1-b42e608f3c21/6cc9ca8a-bd41-40e4-9d14-81246a288317/0a24855f-c76b-4e85-b040-5b9620239c1e/a9491b71-3831-4a1e-a172-5f29c3c41287",
  "types": [
    "https://dataspecer.com/core/model-descriptor/pim-store-wrapper"
  ],
  "userMetadata": {
    "documentBaseUrl": "https://www.w3.org/ns/prov-o",
    "label": {
      "en": "prov-o"
    }
  },
  "metadata": {
    "creationDate": "2025-12-29T15:55:55.504Z",
    "modificationDate": "2025-12-29T16:07:06.298Z"
  },
  "_version": 1,
  "_exportVersion": 1,
  "_exportedAt": "2025-12-29T16:07:29.588Z",
  "_exportedBy": "http://localhost:3100"
}