{
  "iri": "192e1c39-405f-468a-93b9-40ff51b28489/07df68f1-3239-4898-82e1-b42e608f3c21/6cc9ca8a-bd41-40e4-9d14-81246a288317/0a24855f-c76b-4e85-b040-5b9620239c1e/b513eedc-a9ba-427d-bbf7-9c562edb55e4",
  "types": [
    "https://dataspecer.com/core/model-descriptor/pim-store-wrapper"
  ],
  "userMetadata": {
    "documentBaseUrl": "https://www.w3.org/ns/legacy_locn.ttl",
    "label": {
      "en": "legacy_locn"
    }
  },
  "metadata": {
    "creationDate": "2025-10-31T12:20:14.013Z",
    "modificationDate": "2025-10-31T12:53:09.445Z"
  },
  "_version": 1,
  "_exportVersion": 1,
  "_exportedAt": "2025-10-31T12:53:55.864Z",
  "_exportedBy": "http://localhost:3100"
}