{
  "iri": "192e1c39-405f-468a-93b9-40ff51b28489/520d0cba-00fd-4261-9335-930ecd7c9c37/profile",
  "types": [
    "http://dataspecer.com/resources/local/semantic-model"
  ],
  "userMetadata": {
    "label": {
      "en": "DCAT-AP-CZ: Basic data model for data catalogs"
    },
    "documentBaseUrl": "https://ofn.gov.cz/dcat-ap-cz/draft/"
  },
  "metadata": {
    "creationDate": "2025-12-31T10:22:01.551Z",
    "modificationDate": "2026-01-06T08:39:23.546Z"
  },
  "_version": 1,
  "_exportVersion": 1,
  "_exportedAt": "2026-01-06T08:52:03.837Z",
  "_exportedBy": "http://localhost:3100"
}