{
  "iri": "31c15e62-6f46-4c53-ad4d-cf900421feb6/865caedb-3799-4b20-8e41-94daa98e66a9/e41cade2-8a3d-4e59-a4db-324e58c5028d/7dc2d04d-43be-458f-bb73-826798a94efe",
  "types": [
    "https://dataspecer.com/core/model-descriptor/pim-store-wrapper"
  ],
  "userMetadata": {
    "documentBaseUrl": "https://datagov-cz.github.io/cache-slovniku/time.ttl",
    "label": {
      "en": "time"
    }
  },
  "metadata": {
    "creationDate": "2025-08-12T08:02:18.381Z",
    "modificationDate": "2025-12-29T15:35:14.932Z"
  },
  "_version": 1,
  "_exportVersion": 1,
  "_exportedAt": "2025-12-29T15:37:55.420Z",
  "_exportedBy": "http://localhost:3100"
}