{
  "iri": "db2ad74f-ec45-4d46-84f8-24d36fbb4200/ee216e25-cd02-439a-864a-9e4f13bbd330/397e5356-5183-4520-82c6-89ce16e92b7b/2a641698-333a-4501-95c5-8eeb1c945422",
  "types": [
    "https://dataspecer.com/core/model-descriptor/pim-store-wrapper"
  ],
  "userMetadata": {
    "documentBaseUrl": "https://www.w3.org/ns/dcat3.ttl",
    "label": {
      "en": "dcat3"
    }
  },
  "metadata": {
    "creationDate": "2025-07-23T11:00:22.835Z",
    "modificationDate": "2025-07-23T11:00:22.906Z"
  },
  "_version": 1,
  "_exportVersion": 1,
  "_exportedAt": "2025-07-23T11:09:55.352Z",
  "_exportedBy": "http://localhost:3100"
}