{
  "iri": "db2ad74f-ec45-4d46-84f8-24d36fbb4200/4445f5a1-2f1c-4105-b8d5-9f01f31c6ed7/profile",
  "types": [
    "http://dataspecer.com/resources/local/semantic-model"
  ],
  "userMetadata": {
    "label": {
      "en": "DCAT-AP-CZ: Basic data model for data catalogs"
    },
    "documentBaseUrl": "https://ofn.gov.cz/dcat-ap-cz/draft/"
  },
  "metadata": {
    "creationDate": "2025-07-17T09:01:57.737Z",
    "modificationDate": "2025-07-17T10:18:11.886Z"
  },
  "_version": 1,
  "_exportVersion": 1,
  "_exportedAt": "2025-07-17T10:52:26.562Z",
  "_exportedBy": "http://localhost:3100"
}