{
  "type": "http://dataspecer.com/resources/local/semantic-model",
  "modelId": "db2ad74f-ec45-4d46-84f8-24d36fbb4200/ee216e25-cd02-439a-864a-9e4f13bbd330/397e5356-5183-4520-82c6-89ce16e92b7b/vocabulary",
  "modelAlias": "DCAT-AP-CZ - terms of use",
  "baseIri": "https://data.gov.cz/slovník/podmínky-užití/",
  "entities": {
    "https://data.gov.cz/slovník/podmínky-užití/databáze-jako-autorské-dílo": {
      "id": "https://data.gov.cz/slovník/podmínky-užití/databáze-jako-autorské-dílo",
      "iri": null,
      "type": [
        "relationship"
      ],
      "name": {
        "cs": "Originální databáze",
        "en": "Copyrighted database"
      },
      "description": {
        "cs": "Tato ochrana je založena § 2 odst. 2 a 5 Autorského zákona a chráněny jsou takové databáze, které jsou „způsobem výběru nebo uspořádáním obsahu autorovým vlastním duševním výtvorem“. Chráněna je tady originální struktura, systém řazení údajů a podobně, tedy kostra, do které se samotné údaje vkládají. Takové databázi se říká „originální databáze“. Příkladem originální databáze může být obchodní rejstřík, který je však zároveň úředním dílem."
      },
      "ends": [
        {
          "cardinality": null,
          "name": {},
          "description": {},
          "concept": "https://data.gov.cz/slovník/podmínky-užití/Specifikace"
        },
        {
          "cardinality": [
            0,
            null
          ],
          "name": {
            "cs": "Originální databáze",
            "en": "Copyrighted database"
          },
          "description": {
            "cs": "Tato ochrana je založena § 2 odst. 2 a 5 Autorského zákona a chráněny jsou takové databáze, které jsou „způsobem výběru nebo uspořádáním obsahu autorovým vlastním duševním výtvorem“. Chráněna je tady originální struktura, systém řazení údajů a podobně, tedy kostra, do které se samotné údaje vkládají. Takové databázi se říká „originální databáze“. Příkladem originální databáze může být obchodní rejstřík, který je však zároveň úředním dílem."
          },
          "concept": "http://purl.org/dc/terms/LicenseDocument",
          "iri": "databáze-jako-autorské-dílo"
        }
      ]
    },
    "https://data.gov.cz/slovník/podmínky-užití/osobní-údaje": {
      "id": "https://data.gov.cz/slovník/podmínky-užití/osobní-údaje",
      "iri": null,
      "type": [
        "relationship"
      ],
      "name": {
        "cs": "Osobní údaje",
        "en": "Personal data"
      },
      "description": {
        "cs": "Pokud data obsahují osobní údaje, je třeba o této skutečnosti informovat příjemce dat. Předpřipravené dokumenty mají IRI https://data.gov.cz/podmínky-užití/obsahuje-osobní-údaje/ a https://data.gov.cz/podmínky-užití/neobsahuje-osobní-údaje/."
      },
      "ends": [
        {
          "cardinality": null,
          "name": {},
          "description": {},
          "concept": "https://data.gov.cz/slovník/podmínky-užití/Specifikace"
        },
        {
          "cardinality": [
            0,
            null
          ],
          "name": {
            "cs": "Osobní údaje",
            "en": "Personal data"
          },
          "description": {
            "cs": "Pokud data obsahují osobní údaje, je třeba o této skutečnosti informovat příjemce dat. Předpřipravené dokumenty mají IRI https://data.gov.cz/podmínky-užití/obsahuje-osobní-údaje/ a https://data.gov.cz/podmínky-užití/neobsahuje-osobní-údaje/."
          },
          "concept": "http://purl.org/dc/terms/LicenseDocument",
          "iri": "osobní-údaje"
        }
      ]
    },
    "https://data.gov.cz/slovník/podmínky-užití/autorské-dílo": {
      "id": "https://data.gov.cz/slovník/podmínky-užití/autorské-dílo",
      "iri": null,
      "type": [
        "relationship"
      ],
      "name": {
        "cs": "Autorské dílo",
        "en": "Copyrighted work"
      },
      "description": {
        "cs": "Většina případů poskytovaných dat nebude spadat pod definici autorského díla dle § 2 autorského zákona (121/2000 Sb.), nebude se na ně proto vztahovat autorskoprávní ochrana a nebude proto pro ně potřeba jakékoli licence. „Prostá data“ nejsou chráněna právy duševního vlastnictví. Ve výjimečných případech se však může stát, že databáze bude obsahovat autorskoprávně chráněná díla. Příkladem dat obsahujících autorskoprávně chráněná díla by mohl být seznam příspěvků literární soutěže pořádané radnicí, který by byl uveřejněný včetně plnotextového znění přihlášených soutěžních děl."
      },
      "ends": [
        {
          "cardinality": null,
          "name": {},
          "description": {},
          "concept": "https://data.gov.cz/slovník/podmínky-užití/Specifikace"
        },
        {
          "cardinality": [
            0,
            null
          ],
          "name": {
            "cs": "Autorské dílo",
            "en": "Copyrighted work"
          },
          "description": {
            "cs": "Většina případů poskytovaných dat nebude spadat pod definici autorského díla dle § 2 autorského zákona (121/2000 Sb.), nebude se na ně proto vztahovat autorskoprávní ochrana a nebude proto pro ně potřeba jakékoli licence. „Prostá data“ nejsou chráněna právy duševního vlastnictví. Ve výjimečných případech se však může stát, že databáze bude obsahovat autorskoprávně chráněná díla. Příkladem dat obsahujících autorskoprávně chráněná díla by mohl být seznam příspěvků literární soutěže pořádané radnicí, který by byl uveřejněný včetně plnotextového znění přihlášených soutěžních děl."
          },
          "concept": "http://purl.org/dc/terms/LicenseDocument",
          "iri": "autorské-dílo"
        }
      ]
    },
    "https://data.gov.cz/slovník/podmínky-užití/autor-databáze": {
      "id": "https://data.gov.cz/slovník/podmínky-užití/autor-databáze",
      "iri": null,
      "type": [
        "relationship"
      ],
      "name": {},
      "description": {},
      "ends": [
        {
          "cardinality": [
            0,
            null
          ],
          "name": {},
          "description": {},
          "concept": "https://data.gov.cz/slovník/podmínky-užití/Specifikace"
        },
        {
          "cardinality": [
            0,
            null
          ],
          "name": {
            "cs": "Jména autorů originální databáze",
            "en": "Names of authors of database"
          },
          "description": {
            "cs": "Jména autorů originální databáze pro použití s licencí CC BY 4.0"
          },
          "concept": "http://www.w3.org/1999/02/22-rdf-syntax-ns#langString",
          "iri": "autor-databáze"
        }
      ]
    },
    "https://data.gov.cz/slovník/podmínky-užití/databáze-chráněná-zvláštními-právy": {
      "id": "https://data.gov.cz/slovník/podmínky-užití/databáze-chráněná-zvláštními-právy",
      "iri": null,
      "type": [
        "relationship"
      ],
      "name": {
        "cs": "Zvláštní právo pořizovatele databáze",
        "en": "Sui generis database rights"
      },
      "description": {
        "cs": "Tato ochrana je založena § 88 a následujícími Autorského zákona. Zvláštní databázová práva chrání investice vynaložené při zřízení databáze, ověření uvedených dat, nebo jejich publikaci. Práva vznikají, pokud pořízení, ověření nebo předvedení obsahu databáze představuje kvalitativně nebo kvantitativně podstatný vklad. Držitelem práv je pořizovatel databáze, což je osoba, která na svou odpovědnost pořídí databázi, nebo pro kterou tak z jejího podnětu učiní jiná osoba. Zvláštních databázových práv se dá plně vzdát, na rozdíl od autorských práv. Příkladem databáze chráněné zvláštními právy pořizovatele databáze je databáze právních předpisů."
      },
      "ends": [
        {
          "cardinality": null,
          "name": {},
          "description": {},
          "concept": "https://data.gov.cz/slovník/podmínky-užití/Specifikace"
        },
        {
          "cardinality": [
            0,
            null
          ],
          "name": {
            "cs": "Zvláštní právo pořizovatele databáze",
            "en": "Sui generis database rights"
          },
          "description": {
            "cs": "Tato ochrana je založena § 88 a následujícími Autorského zákona. Zvláštní databázová práva chrání investice vynaložené při zřízení databáze, ověření uvedených dat, nebo jejich publikaci. Práva vznikají, pokud pořízení, ověření nebo předvedení obsahu databáze představuje kvalitativně nebo kvantitativně podstatný vklad. Držitelem práv je pořizovatel databáze, což je osoba, která na svou odpovědnost pořídí databázi, nebo pro kterou tak z jejího podnětu učiní jiná osoba. Zvláštních databázových práv se dá plně vzdát, na rozdíl od autorských práv. Příkladem databáze chráněné zvláštními právy pořizovatele databáze je databáze právních předpisů."
          },
          "concept": "http://purl.org/dc/terms/LicenseDocument",
          "iri": "databáze-chráněná-zvláštními-právy"
        }
      ]
    },
    "https://data.gov.cz/slovník/podmínky-užití/autor": {
      "id": "https://data.gov.cz/slovník/podmínky-užití/autor",
      "iri": null,
      "type": [
        "relationship"
      ],
      "name": {},
      "description": {},
      "ends": [
        {
          "cardinality": [
            0,
            null
          ],
          "name": {},
          "description": {},
          "concept": "https://data.gov.cz/slovník/podmínky-užití/Specifikace"
        },
        {
          "cardinality": [
            0,
            null
          ],
          "name": {
            "cs": "Jména autorů díla",
            "en": "Names of authors"
          },
          "description": {
            "cs": "Jména autorů díla pro použití s licencí CC BY 4.0"
          },
          "concept": "http://www.w3.org/1999/02/22-rdf-syntax-ns#langString",
          "iri": "autor"
        }
      ]
    },
    "https://data.gov.cz/slovník/podmínky-užití/specifikace": {
      "id": "https://data.gov.cz/slovník/podmínky-užití/specifikace",
      "iri": null,
      "type": [
        "relationship"
      ],
      "name": {
        "cs": "Specifikace podmínek užití",
        "en": "Terms of use specification"
      },
      "description": {
        "cs": "Specifikace podmínek užití dle https://opendata.gov.cz/cinnost:stanoveni-podminek-uziti."
      },
      "ends": [
        {
          "cardinality": null,
          "name": {},
          "description": {},
          "concept": "http://www.w3.org/ns/dcat#Distribution"
        },
        {
          "cardinality": [
            0,
            null
          ],
          "name": {
            "cs": "Specifikace podmínek užití",
            "en": "Terms of use specification"
          },
          "description": {
            "cs": "Specifikace podmínek užití dle https://opendata.gov.cz/cinnost:stanoveni-podminek-uziti."
          },
          "concept": "https://data.gov.cz/slovník/podmínky-užití/Specifikace",
          "iri": "specifikace"
        }
      ]
    },
    "https://dataspecer.com/semantic-models/generalizationfromIri=https%3A%2F%2Fdata.gov.cz%2Fslovn%C3%ADk%2Fpodm%C3%ADnky-u%C5%BEit%C3%AD%2Fspecifikace&toIri=http%3A%2F%2Fpurl.org%2Fdc%2Fterms%2Flicense": {
      "id": "https://dataspecer.com/semantic-models/generalizationfromIri=https%3A%2F%2Fdata.gov.cz%2Fslovn%C3%ADk%2Fpodm%C3%ADnky-u%C5%BEit%C3%AD%2Fspecifikace&toIri=http%3A%2F%2Fpurl.org%2Fdc%2Fterms%2Flicense",
      "iri": null,
      "type": [
        "generalization"
      ],
      "child": "https://data.gov.cz/slovník/podmínky-užití/specifikace",
      "parent": "http://purl.org/dc/terms/license"
    },
    "https://data.gov.cz/slovník/podmínky-užití/Specifikace": {
      "id": "https://data.gov.cz/slovník/podmínky-užití/Specifikace",
      "iri": "Specifikace",
      "name": {
        "cs": "Specifikace podmínek užití",
        "en": "Terms of use specification"
      },
      "description": {
        "cs": "Specifikace podmínek užití dle https://opendata.gov.cz/cinnost:stanoveni-podminek-uziti."
      },
      "type": [
        "class"
      ]
    },
    "https://dataspecer.com/semantic-models/generalizationfromIri=https%3A%2F%2Fdata.gov.cz%2Fslovn%C3%ADk%2Fpodm%C3%ADnky-u%C5%BEit%C3%AD%2FSpecifikace&toIri=http%3A%2F%2Fpurl.org%2Fdc%2Fterms%2FLicenseDocument": {
      "id": "https://dataspecer.com/semantic-models/generalizationfromIri=https%3A%2F%2Fdata.gov.cz%2Fslovn%C3%ADk%2Fpodm%C3%ADnky-u%C5%BEit%C3%AD%2FSpecifikace&toIri=http%3A%2F%2Fpurl.org%2Fdc%2Fterms%2FLicenseDocument",
      "iri": null,
      "type": [
        "generalization"
      ],
      "child": "https://data.gov.cz/slovník/podmínky-užití/Specifikace",
      "parent": "http://purl.org/dc/terms/LicenseDocument"
    },
    "https://dataspecer.com/semantic-models/generalizationfromIri=https%3A%2F%2Fdata.gov.cz%2Fslovn%C3%ADk%2Fpodm%C3%ADnky-u%C5%BEit%C3%AD%2FSpecifikace&toIri=http%3A%2F%2Fwww.w3.org%2F2002%2F07%2Fowl%23Thing": {
      "id": "https://dataspecer.com/semantic-models/generalizationfromIri=https%3A%2F%2Fdata.gov.cz%2Fslovn%C3%ADk%2Fpodm%C3%ADnky-u%C5%BEit%C3%AD%2FSpecifikace&toIri=http%3A%2F%2Fwww.w3.org%2F2002%2F07%2Fowl%23Thing",
      "iri": null,
      "type": [
        "generalization"
      ],
      "child": "https://data.gov.cz/slovník/podmínky-užití/Specifikace",
      "parent": "http://www.w3.org/2002/07/owl#Thing"
    }
  }
}