{
  "iri": "69160fc4-9370-4130-8795-a4ff50a70a28/8e9e8b3e-b953-409e-b222-7a6ea593b006/bdec526d-44de-434f-81b4-d167a589d064/2011babe-e10a-4743-9761-c36d0bbfc67c/532692d9-a726-404e-9483-70fbcbb517bc",
  "types": [
    "https://dataspecer.com/core/model-descriptor/pim-store-wrapper"
  ],
  "userMetadata": {
    "documentBaseUrl": "https://datagov-cz.github.io/cache-slovniku/skos.rdf",
    "label": {
      "en": "skos"
    }
  },
  "metadata": {
    "creationDate": "2026-01-09T11:46:31.501Z",
    "modificationDate": "2026-01-09T11:46:31.547Z"
  },
  "_version": 1,
  "_exportVersion": 1,
  "_exportedAt": "2026-01-20T07:05:56.058Z",
  "_exportedBy": "http://localhost:3100"
}