{
  "iri": "69160fc4-9370-4130-8795-a4ff50a70a28/8e9e8b3e-b953-409e-b222-7a6ea593b006/bdec526d-44de-434f-81b4-d167a589d064/2011babe-e10a-4743-9761-c36d0bbfc67c/d7780019-9ec9-4d07-a3d9-9cdf48d523aa",
  "types": [
    "https://dataspecer.com/core/model-descriptor/pim-store-wrapper"
  ],
  "userMetadata": {
    "documentBaseUrl": "https://datagov-cz.github.io/cache-slovniku/time.ttl",
    "label": {
      "en": "time"
    }
  },
  "metadata": {
    "creationDate": "2026-01-09T11:46:26.187Z",
    "modificationDate": "2026-01-09T11:46:26.261Z"
  },
  "_version": 1,
  "_exportVersion": 1,
  "_exportedAt": "2026-01-09T11:53:11.673Z",
  "_exportedBy": "http://localhost:3100"
}