{
  "iri": "31c15e62-6f46-4c53-ad4d-cf900421feb6/c08674e5-2492-4e22-b04a-b069d8d7e2eb/eb9daeb4-b1f1-43e7-a47d-75518a28618a/6e7db140-03ce-4375-b35f-da25fa6d9f10",
  "types": [
    "https://dataspecer.com/core/model-descriptor/pim-store-wrapper"
  ],
  "userMetadata": {
    "documentBaseUrl": "https://www.w3.org/ns/legacy_adms",
    "label": {
      "en": "legacy_adms"
    }
  },
  "metadata": {
    "creationDate": "2025-07-15T08:26:20.124Z",
    "modificationDate": "2025-07-15T08:28:49.354Z"
  },
  "_version": 1,
  "_exportVersion": 1,
  "_exportedAt": "2025-07-15T08:31:45.554Z",
  "_exportedBy": "http://localhost:3100"
}