{
  "iri": "31c15e62-6f46-4c53-ad4d-cf900421feb6/c08674e5-2492-4e22-b04a-b069d8d7e2eb/eb9daeb4-b1f1-43e7-a47d-75518a28618a/b2e9890a-ce0a-4c52-be32-e8e5f742e64f",
  "types": [
    "https://dataspecer.com/core/model-descriptor/pim-store-wrapper"
  ],
  "userMetadata": {
    "documentBaseUrl": "https://www.w3.org/ns/odrl/2/ODRL22.ttl",
    "label": {
      "en": "ODRL22"
    }
  },
  "metadata": {
    "creationDate": "2025-07-15T08:26:24.195Z",
    "modificationDate": "2025-07-15T08:55:00.888Z"
  },
  "_version": 1,
  "_exportVersion": 1,
  "_exportedAt": "2025-07-15T08:55:40.886Z",
  "_exportedBy": "http://localhost:3100"
}