{
  "iri": "31c15e62-6f46-4c53-ad4d-cf900421feb6/c08674e5-2492-4e22-b04a-b069d8d7e2eb/eb9daeb4-b1f1-43e7-a47d-75518a28618a/c51d8157-444b-4182-b991-f273150b5ff6",
  "types": [
    "https://dataspecer.com/core/model-descriptor/pim-store-wrapper"
  ],
  "userMetadata": {
    "documentBaseUrl": "https://datagov-cz.github.io/cache-slovniku/foaf.ttl",
    "label": {
      "en": "foaf"
    }
  },
  "metadata": {
    "creationDate": "2025-07-15T08:26:22.694Z",
    "modificationDate": "2025-07-15T08:55:00.588Z"
  },
  "_version": 1,
  "_exportVersion": 1,
  "_exportedAt": "2025-07-15T08:55:40.874Z",
  "_exportedBy": "http://localhost:3100"
}