{
  "iri": "31c15e62-6f46-4c53-ad4d-cf900421feb6/c08674e5-2492-4e22-b04a-b069d8d7e2eb/eb9daeb4-b1f1-43e7-a47d-75518a28618a/e886f91d-8a7a-4fc0-907a-153cc1922bb4",
  "types": [
    "https://dataspecer.com/core/model-descriptor/pim-store-wrapper"
  ],
  "userMetadata": {
    "documentBaseUrl": "https://www.w3.org/ns/dcat3.ttl",
    "label": {
      "en": "dcat3"
    }
  },
  "metadata": {
    "creationDate": "2025-07-15T08:26:20.958Z",
    "modificationDate": "2025-07-15T08:55:00.157Z"
  },
  "_version": 1,
  "_exportVersion": 1,
  "_exportedAt": "2025-07-15T08:55:40.840Z",
  "_exportedBy": "http://localhost:3100"
}