{
  "iri": "db2ad74f-ec45-4d46-84f8-24d36fbb4200/4445f5a1-2f1c-4105-b8d5-9f01f31c6ed7/a9cf3aef-1a70-4939-8a13-b452ac1f7f0a",
  "types": [
    "http://dataspecer.com/resources/local/package"
  ],
  "userMetadata": {
    "label": {
      "en": "DCAT-AP 3.0.1 based on DCAT 3 DAP",
      "cs": "DCAT-AP 3.0.1 na základě DCAT 3 DAP"
    },
    "description": {},
    "importedFromUrl": "https://mff-uk.github.io/specifications/dcat-ap/",
    "documentBaseUrl": "https://mff-uk.github.io/specifications/dcat-ap/"
  },
  "metadata": {
    "creationDate": "2025-07-17T09:01:51.428Z",
    "modificationDate": "2025-07-17T10:18:13.606Z"
  },
  "_version": 1,
  "_exportVersion": 1,
  "_exportedAt": "2025-07-17T10:52:26.559Z",
  "_exportedBy": "http://localhost:3100"
}