{
  "iri": "db2ad74f-ec45-4d46-84f8-24d36fbb4200/4445f5a1-2f1c-4105-b8d5-9f01f31c6ed7/a9cf3aef-1a70-4939-8a13-b452ac1f7f0a/8a5a3352-d37d-433b-b647-b87e9f9668e1",
  "types": [
    "https://dataspecer.com/core/model-descriptor/pim-store-wrapper"
  ],
  "userMetadata": {
    "documentBaseUrl": "https://op.europa.eu/documents/3938058/11669184/eli.owl/",
    "label": {
      "en": "eli"
    }
  },
  "metadata": {
    "creationDate": "2025-07-17T09:01:57.207Z",
    "modificationDate": "2025-07-17T09:01:57.405Z"
  },
  "_version": 1,
  "_exportVersion": 1,
  "_exportedAt": "2025-07-17T09:46:20.812Z",
  "_exportedBy": "http://localhost:3100"
}