{
  "iri": "ca85277a-8a2b-4874-bc7a-13bd48fe798a",
  "types": [
    "http://dataspecer.com/resources/local/package"
  ],
  "userMetadata": {
    "tags": [],
    "label": {
      "cs": "Záznam informačního systému nahrazující úředně ověřený podpis"
    }
  },
  "metadata": {
    "creationDate": "2025-05-21T12:42:47.323Z",
    "modificationDate": "2025-05-21T15:12:34.890Z"
  },
  "_version": 1,
  "_exportVersion": 1,
  "_exportedAt": "2025-05-22T13:31:57.680Z",
  "_exportedBy": "http://localhost:3100"
}