{
  "modelCompositionConfiguration": {
    "modelType": "application-profile",
    "model": "3e847baf-8816-493f-874c-30c6b18c3c96",
    "profiles": {
      "modelType": "merge"
    }
  },
  "configuration": {
    "http://dataspecer.com/resources/local/layout-configuration": {
      "main": {
        "none": {
          "layout_alg": "none",
          "run_layered_after": false,
          "run_node_overlap_removal_after": false,
          "interactive": false
        },
        "elk_stress": {
          "layout_alg": "elk_stress",
          "stress_edge_len": 800,
          "number_of_new_algorithm_runs": 10,
          "advanced_settings": {},
          "run_layered_after": false,
          "run_node_overlap_removal_after": true,
          "interactive": false
        },
        "elk_layered": {
          "layout_alg": "elk_layered",
          "alg_direction": "UP",
          "layer_gap": 200,
          "in_layer_gap": 100,
          "edge_routing": "ORTHOGONAL",
          "advanced_settings": {},
          "run_layered_after": false,
          "run_node_overlap_removal_after": false,
          "interactive": false
        },
        "elk_force": {
          "layout_alg": "elk_force",
          "min_distance_between_nodes": 400,
          "force_alg_type": "FRUCHTERMAN_REINGOLD",
          "number_of_new_algorithm_runs": 10,
          "advanced_settings": {},
          "run_layered_after": false,
          "run_node_overlap_removal_after": true,
          "interactive": false
        },
        "random": {
          "layout_alg": "random",
          "advanced_settings": {},
          "run_layered_after": false,
          "run_node_overlap_removal_after": true,
          "interactive": false
        },
        "elk_radial": {
          "layout_alg": "elk_radial",
          "min_distance_between_nodes": 500,
          "advanced_settings": {},
          "run_layered_after": false,
          "run_node_overlap_removal_after": false,
          "interactive": false
        },
        "elk_overlapRemoval": {
          "layout_alg": "elk_overlapRemoval",
          "min_distance_between_nodes": 200,
          "advanced_settings": {},
          "run_layered_after": false,
          "run_node_overlap_removal_after": false,
          "interactive": true
        },
        "elk_stress_advanced_using_clusters": {
          "layout_alg": "elk_stress_advanced_using_clusters",
          "stress_edge_len": 800,
          "number_of_new_algorithm_runs": 10,
          "advanced_settings": {},
          "run_layered_after": false,
          "run_node_overlap_removal_after": true,
          "interactive": false
        },
        "elk_stress_profile": {
          "layout_alg": "elk_stress_profile",
          "profileEdgeLength": 400,
          "preferredProfileDirection": "UP",
          "stress_edge_len": 800,
          "number_of_new_algorithm_runs": 10,
          "advanced_settings": {},
          "run_layered_after": false,
          "run_node_overlap_removal_after": true,
          "interactive": false
        },
        "automatic": {
          "layout_alg": "automatic",
          "min_distance_between_nodes": 500,
          "number_of_new_algorithm_runs": 1,
          "advanced_settings": {},
          "run_layered_after": false,
          "run_node_overlap_removal_after": false,
          "interactive": false
        }
      },
      "general": {
        "none": {
          "layout_alg": "none",
          "run_layered_after": false,
          "run_node_overlap_removal_after": false,
          "interactive": false
        },
        "elk_stress": {
          "layout_alg": "elk_stress",
          "stress_edge_len": 800,
          "number_of_new_algorithm_runs": 10,
          "advanced_settings": {},
          "run_layered_after": false,
          "run_node_overlap_removal_after": true,
          "interactive": false
        },
        "elk_layered": {
          "layout_alg": "elk_layered",
          "alg_direction": "UP",
          "layer_gap": 200,
          "in_layer_gap": 100,
          "edge_routing": "ORTHOGONAL",
          "advanced_settings": {},
          "run_layered_after": false,
          "run_node_overlap_removal_after": false,
          "interactive": false
        },
        "elk_force": {
          "layout_alg": "elk_force",
          "min_distance_between_nodes": 400,
          "force_alg_type": "FRUCHTERMAN_REINGOLD",
          "number_of_new_algorithm_runs": 10,
          "advanced_settings": {},
          "run_layered_after": false,
          "run_node_overlap_removal_after": true,
          "interactive": false
        },
        "random": {
          "layout_alg": "random",
          "advanced_settings": {},
          "run_layered_after": false,
          "run_node_overlap_removal_after": true,
          "interactive": false
        },
        "elk_radial": {
          "layout_alg": "elk_radial",
          "min_distance_between_nodes": 500,
          "advanced_settings": {},
          "run_layered_after": false,
          "run_node_overlap_removal_after": false,
          "interactive": false
        },
        "elk_overlapRemoval": {
          "layout_alg": "elk_overlapRemoval",
          "min_distance_between_nodes": 200,
          "advanced_settings": {},
          "run_layered_after": false,
          "run_node_overlap_removal_after": false,
          "interactive": true
        },
        "elk_stress_advanced_using_clusters": {
          "layout_alg": "elk_stress_advanced_using_clusters",
          "stress_edge_len": 800,
          "number_of_new_algorithm_runs": 10,
          "advanced_settings": {},
          "run_layered_after": false,
          "run_node_overlap_removal_after": true,
          "interactive": false
        },
        "elk_stress_profile": {
          "layout_alg": "elk_stress_profile",
          "profileEdgeLength": 400,
          "preferredProfileDirection": "UP",
          "stress_edge_len": 800,
          "number_of_new_algorithm_runs": 10,
          "advanced_settings": {},
          "run_layered_after": false,
          "run_node_overlap_removal_after": true,
          "interactive": false
        },
        "automatic": {
          "layout_alg": "automatic",
          "min_distance_between_nodes": 500,
          "number_of_new_algorithm_runs": 1,
          "advanced_settings": {},
          "run_layered_after": false,
          "run_node_overlap_removal_after": false,
          "interactive": false
        }
      },
      "chosenMainAlgorithm": "elk_layered",
      "chosenGeneralAlgorithm": "none",
      "additionalSteps": {}
    },
    "https://schemas.dataspecer.com/documentation-generator-config/": {
      "partials": {
        "html-head": "<meta charset=\"utf-8\" />\n<title>{{translate label}}</title>\n<meta name=\"color-scheme\" content=\"light dark\">\n<script type=\"application/ld+json\">\n  {{{json dsv}}}\n</script>\n<script\n  src=\"https://ofn.gov.cz/static/js/respec-odcz.js\"\n  class=\"remove\"\n  defer\n></script>\n<script class=\"remove\">\n  // All config options at https://respec.org/docs/\n  var respecConfig = {\n    specStatus: \"ED\",\n    shortName: \"záznam-informačního-systému-nahrazující-úředně-ověřený-podpis\",               \n    showPreviousVersion: true,\n    prevRecURI: \"https://ofn.gov.cz/záznam-informačního-systému-nahrazující-úředně-ověřený-podpis/draft/\",\n    prevVersion: \"https://ofn.gov.cz/záznam-informačního-systému-nahrazující-úředně-ověřený-podpis/draft/\",\n    thisVersion: \"https://ofn.gov.cz/záznam-informačního-systému-nahrazující-úředně-ověřený-podpis/draft/\",\n    noRecTrack: true,\n    latestVersion: \"https://ofn.gov.cz/záznam-informačního-systému-nahrazující-úředně-ověřený-podpis/\",\n    editors: [{\n      name: \"Martin Cepr\",\n      company:    \"Digitální a informační agentura\",\n      companyURL: \"https://dia.gov.cz\"\n    },{\n      name: \"Jakub Klímek\",\n      orcid: \"0000-0001-7234-3051\",\n      company:    \"Digitální a informační agentura\",\n      companyURL: \"https://dia.gov.cz\"\n    }],\n    inlineCSS: \"true\",\n    github: \"https://github.com/datagov-cz/otevrene-formalni-normy/\",\n    otherLinks: [{\n        key: \"Links\",\n        data: [{\n            value: \"Portál otevřených dat\",\n            href: \"https://data.gov.cz\"\n        },{\n            value: \"Kontaktní e-mail\",\n            href: \"mailto:otevrenadata@dia.gov.cz\"\n        }]\n    }]\n  };\n</script>\n\n<style>\n  .figure img, .sidefigure img, figure img, .figure object, .sidefigure object, figure object, img, .img {\n    max-width: 100%;\n    margin: auto;\n    height: auto;\n  }\n\n  table.simple {\n    margin: auto;\n    border-spacing: 0;\n    border-collapse: collapse;\n  }\n\n  table.simple th {\n    padding: 3px 10px;\n    text-align: left;\n  }\n\n  table.simple td {\n    border-top: 1px solid #ddd;\n    padding: 3px 10px;\n  }\n</style>",
        "specification": "{{> definitions}}\n<!DOCTYPE html>\n<html lang=\"cs\">\n  <head>\n    {{> html-head}}\n  </head>\n  <body>\n    <p class=\"copyright\"></p>\n    <section id=\"abstract\">\n      {{> abstract}}\n    </section>\n\n    <section>\n      <h2>{{#iflng \"cs\"}}Přehled{{lng}}Overview{{/iflng}}</h2>\n\n      {{> úvod}}\n\n      <!--{{#each externalArtifacts.svg}}\n        <a href=\"{{{URL}}}\">\n          <figure>\n            <img src=\"{{{URL}}}\" alt=\"{{translate ./label}}\" />\n            <figcaption>{{translate ./label}}</figcaption>\n          </figure>\n        </a>\n      {{/each}}-->\n\n    </section>\n\n    {{> attachments}}\n\n{{> příklady}}\n\n    {{#structureModels}}\n      <section>\n      <h2>Specifikace struktury pro {{translate humanLabel}}</h2>\n\n      <p>{{translate humanDescription}}</p>\n\n      {{#artifacts}}{{#getDocumentation}}{{> (useTemplate)}}{{/getDocumentation}}{{/artifacts}}\n      </section>\n    {{/structureModels}}\n\n\n    {{#if locallyDefinedSemanticEntityByTags.[https://w3id.org/dsv/class-role#main]}}\n      <section>\n        <h2>{{#iflng \"cs\"}}Hlavní profily tříd{{lng}}Main class profiles{{/iflng}}</h2>\n\n        {{#each locallyDefinedSemanticEntityByTags.[https://w3id.org/dsv/class-role#main]}}\n          {{#ifEquals type.[0] \"class-profile\"}}\n            {{> class-profile}}\n          {{/ifEquals}}\n        {{/each}}\n      </section>\n    {{/if}}\n\n    {{#if locallyDefinedSemanticEntityByTags.[https://w3id.org/dsv/class-role#supportive]}}\n      <section>\n        <h2>{{#iflng \"cs\"}}Podpůrné profily třídy{{lng}}Supportive class profiles{{/iflng}}</h2>\n\n        {{#each locallyDefinedSemanticEntityByTags.[https://w3id.org/dsv/class-role#supportive]}}\n          {{#ifEquals type.[0] \"class-profile\"}}\n            {{> class-profile}}\n          {{/ifEquals}}\n        {{/each}}\n      </section>\n    {{/if}}\n\n    {{#if (and (non-empty locallyDefinedSemanticEntityByTags.default) (non-empty semanticEntitiesByType.classProfiles))}}\n      <section>\n        {{#if (or locallyDefinedSemanticEntityByTags.[https://w3id.org/dsv/class-role#main] locallyDefinedSemanticEntityByTags.[https://w3id.org/dsv/class-role#supportive])}}\n          <h2>{{#iflng \"cs\"}}Nezařazené profily tříd{{lng}}Other class profiles{{/iflng}}</h2>\n        {{else}}\n          <h2>{{#iflng \"cs\"}}Profily tříd{{lng}}Class profiles{{/iflng}}</h2>\n        {{/if}}\n\n        {{#each locallyDefinedSemanticEntityByTags.default}}\n          {{#ifEquals type.[0] \"class-profile\"}}\n            {{> class-profile}}\n          {{/ifEquals}}\n        {{/each}}\n      </section>\n    {{/if}}\n\n    <!--\n    {{#if semanticEntitiesByType.classes}}\n      <section>\n        <h2>{{#iflng \"cs\"}}Třídy{{lng}}Classes{{/iflng}}</h2>\n\n        {{#each locallyDefinedSemanticEntity}}\n          {{#ifEquals type.[0] \"class\"}}\n            {{> semantic-model-class}}\n          {{/ifEquals}}\n        {{/each}}\n      </section>\n    {{/if}}\n\n    {{#if semanticEntitiesByType.relationships}}\n      <section>\n        <h2>{{#iflng \"cs\"}}Vlastnosti{{lng}}Properties{{/iflng}}</h2>\n        {{#each locallyDefinedSemanticEntity}}\n          {{#ifEquals type.[0] \"relationship\"}}\n            {{> semantic-model-relationship}}\n          {{/ifEquals}}\n        {{/each}}\n      </section>\n    {{/if}}-->\n\n    {{> used-prefixes}}\n\n    {{> poděkování}}\n\n  </body>\n</html>",
        "abstract": "<p>\r\n  Tento dokument obsahuje specifikaci pro Záznam informačního systému nahrazující úředně ověřený podpis dle ZoPDS (<a href=\"https://www.e-sbirka.cz/eli/cz/sb/2025/23/2025-02-08\">12/2020 Sb., o právu na digitální služby a o změně některých zákonů</a>). \r\n  Jedná se o Záznam informačního systému veřejné správy opatřený kvalifikovanou elektronickou pečetí a kvalifikovaným elektronickým časovým razítkem jeho správce o provedení elektronické identifikace podepisujícího prostřednictvím kvalifikovaného systému elektronické identifikace s úrovní záruky vysoká. \r\n</p>",
        "úvod": "<p>\r\n  Záznam obsahuje důvěryhodné zachycení osoby žadatele nebo jejího zastupování, jejich elektronickou identifikaci s úrovní záruky, identifikaci ISVS, služby, agendy a úkonu u nichž se Záznam provádí a název a otisk dokumentu nedílně spojeného se Záznamem.\r\n  Záznam musí být opatřen identifikačním číslem, datem a časem nahrazení úředně ověřeného podpisu nebo uznávaného elektronického podpisu. \r\n</p>\r\n\r\n<p>\r\n  V Záznamu jsou použity následující číselníky:\r\n  <ul>\r\n    <dt>Číselník hashovacích funkcí pro eLegalizaci</dt>\r\n    <dd>\r\n      IRI: <code>https://data.dia.gov.cz/zdroj/číselníky/hashovací-funkce-pro-elegalizaci</code>\r\n    </dd>\r\n    <dd>\r\n      <a href=\"https://data.gov.cz/datová-sada?iri=https%3A%2F%2Fdata.gov.cz%2Fzdroj%2Fdatové-sady%2F17651921%2Fb52a910797ef06b35d199e59d1ee7892\">Číselník v NKOD</a>\r\n    </dd>\r\n    <dt>Číselník úrovní záruky eIDAS</dt>\r\n    <dd>\r\n      IRI: <code>http://eidas.europa.eu/LoA</code>\r\n    </dd>\r\n    <dd>\r\n        <a href=\"https://data.gov.cz/datová-sada?iri=https%3A%2F%2Fdata.gov.cz%2Fzdroj%2Fdatové-sady%2F17651921%2F67c464ea03bd946c13c4968853f96314\">Číselník v NKOD</a>\r\n    </dd>\r\n  </ul>\r\n</p>",
        "poděkování": "<section>\r\n  <h2>Poděkování</h2>\r\n  <p>\r\n    Tato specifikace vznikla v pracovní skupině ve složení Martin Cepr, Jakub Klímek a Tomáš Šedivec.\r\n  </p>\r\n</section>",
        "příklady": "<section>\r\n  <h2>Příklady</h2>\r\n<aside class=\"example\" title=\"Příklad Záznamu informačního systému nahrazujícího úředně ověřený podpis\">\r\n  <p>\r\n      <a href=\"příklady/záznam1.xml\">XML soubor</a>, <a href=\"schémata/záznam-informačního-systému-nahrazující-úředně-ověřený-podpis.xsd\">XML Schema</a>\r\n  </p>\r\n  <pre class=\"xml\">\r\n&lt;?xml version=\"1.0\" encoding=\"UTF-8\"?&gt;\r\n&lt;záznam xmlns=\"http://dia.gov.cz/ns/zaznam-informacniho-systemu-nahrazujici-uredne-overeny-podpis\" \r\nxmlns:xsi=\"http://www.w3.org/2001/XMLSchema-instance\" \r\nxmlns:místa=\"http://dia.gov.cz/ns/spolecne-casti-elektronickych-dokumentu/mista\" \r\nxsi:schemaLocation=\"http://dia.gov.cz/ns/zaznam-informacniho-systemu-nahrazujici-uredne-overeny-podpis \r\nhttps://ofn.gov.cz/záznam-informačního-systému-nahrazující-úředně-ověřený-podpis/draft/schémata/záznam-informačního-systému-nahrazující-úředně-ověřený-podpis.xsd\"&gt;\r\n  &lt;identifikační_číslo_záznamu&gt;String&lt;/identifikační_číslo_záznamu&gt;\r\n  &lt;je_záznamem_o&gt;\r\n    &lt;datum_a_čas_nahrazení_podpisu&gt;2001-12-17T09:30:47Z&lt;/datum_a_čas_nahrazení_podpisu&gt;\r\n    &lt;úkon&gt;\r\n      &lt;kód&gt;String&lt;/kód&gt;\r\n      &lt;název xml:lang=\"cs\"&gt;String&lt;/název&gt;\r\n      &lt;služba&gt;\r\n        &lt;kód&gt;String&lt;/kód&gt;\r\n        &lt;název xml:lang=\"cs\"&gt;String&lt;/název&gt;\r\n        &lt;agenda&gt;\r\n          &lt;kód&gt;String&lt;/kód&gt;\r\n          &lt;název xml:lang=\"cs\"&gt;String&lt;/název&gt;\r\n        &lt;/agenda&gt;\r\n      &lt;/služba&gt;\r\n    &lt;/úkon&gt;\r\n    &lt;isvs&gt;\r\n      &lt;kód&gt;String&lt;/kód&gt;\r\n      &lt;název xml:lang=\"cs\"&gt;String&lt;/název&gt;\r\n    &lt;/isvs&gt;\r\n    &lt;ovm&gt;\r\n      &lt;id&gt;String&lt;/id&gt;\r\n      &lt;název xml:lang=\"cs\"&gt;String&lt;/název&gt;\r\n    &lt;/ovm&gt;\r\n    &lt;žadatel&gt;\r\n      &lt;jméno&gt;String&lt;/jméno&gt;\r\n      &lt;další_jména&gt;String&lt;/další_jména&gt;\r\n      &lt;příjmení&gt;String&lt;/příjmení&gt;\r\n      &lt;datum_narození&gt;1957-08-13&lt;/datum_narození&gt;\r\n      &lt;bydliště&gt;\r\n        &lt;místa:adresní_místo&gt;\r\n          &lt;místa:kód_adresního_místa&gt;0&lt;/místa:kód_adresního_místa&gt;\r\n        &lt;/místa:adresní_místo&gt;\r\n      &lt;/bydliště&gt;\r\n      &lt;autentizace&gt;\r\n        &lt;identifikátor&gt;String&lt;/identifikátor&gt;\r\n        &lt;datum_a_čas&gt;2001-12-17T09:30:47Z&lt;/datum_a_čas&gt;\r\n        &lt;použitý_prostředek&gt;\r\n          &lt;úroveň_záruky&gt;\r\n            &lt;iri&gt;http://eidas.europa.eu/LoA/high&lt;/iri&gt;\r\n            &lt;kód&gt;high&lt;/kód&gt;\r\n            &lt;název xml:lang=\"cs\"&gt;Vysoká&lt;/název&gt;\r\n          &lt;/úroveň_záruky&gt;\r\n        &lt;/použitý_prostředek&gt;\r\n      &lt;/autentizace&gt;\r\n    &lt;/žadatel&gt;\r\n    &lt;použité_zastupování&gt;\r\n      &lt;okz&gt;String&lt;/okz&gt;\r\n      &lt;zastoupený&gt;\r\n        &lt;jméno&gt;String&lt;/jméno&gt;\r\n        &lt;další_jména&gt;String&lt;/další_jména&gt;\r\n        &lt;příjmení&gt;String&lt;/příjmení&gt;\r\n        &lt;datum_narození&gt;1957-08-13&lt;/datum_narození&gt;\r\n        &lt;bydliště&gt;\r\n          &lt;místa:adresa_neevidovaná_v_rúian&gt;\r\n            &lt;místa:text_adresy&gt;String&lt;/místa:text_adresy&gt;\r\n          &lt;/místa:adresa_neevidovaná_v_rúian&gt;\r\n        &lt;/bydliště&gt;\r\n      &lt;/zastoupený&gt;\r\n      &lt;zástupce&gt;\r\n        &lt;jméno&gt;String&lt;/jméno&gt;\r\n        &lt;další_jména&gt;String&lt;/další_jména&gt;\r\n        &lt;příjmení&gt;String&lt;/příjmení&gt;\r\n        &lt;datum_narození&gt;1957-08-13&lt;/datum_narození&gt;\r\n        &lt;bydliště&gt;\r\n          &lt;místa:zahraniční_adresa&gt;\r\n            &lt;místa:text_adresy&gt;String&lt;/místa:text_adresy&gt;\r\n          &lt;/místa:zahraniční_adresa&gt;\r\n        &lt;/bydliště&gt;\r\n        &lt;autentizace&gt;\r\n          &lt;identifikátor&gt;String&lt;/identifikátor&gt;\r\n          &lt;datum_a_čas&gt;2001-12-17T09:30:47Z&lt;/datum_a_čas&gt;\r\n          &lt;použitý_prostředek&gt;\r\n            &lt;úroveň_záruky&gt;\r\n              &lt;iri&gt;http://eidas.europa.eu/LoA/high&lt;/iri&gt;\r\n              &lt;kód&gt;high&lt;/kód&gt;\r\n              &lt;název xml:lang=\"cs\"&gt;Vysoká&lt;/název&gt;\r\n            &lt;/úroveň_záruky&gt;\r\n          &lt;/použitý_prostředek&gt;\r\n        &lt;/autentizace&gt;\r\n      &lt;/zástupce&gt;\r\n    &lt;/použité_zastupování&gt;\r\n  &lt;/je_záznamem_o&gt;\r\n  &lt;dokument&gt;\r\n    &lt;název xml:lang=\"cs\"&gt;String&lt;/název&gt;\r\n    &lt;název_souboru&gt;String&lt;/název_souboru&gt;\r\n    &lt;má_otisk_dokumentu&gt;\r\n      &lt;hodnota_otisku&gt;String&lt;/hodnota_otisku&gt;\r\n      &lt;použitá_hashovací_funkce&gt;\r\n        &lt;iri&gt;https://data.dia.gov.cz/zdroj/číselníky/hashovací-funkce-pro-elegalizaci/položky/SHA3-256&lt;/iri&gt;\r\n        &lt;kód&gt;SHA3-256&lt;/kód&gt;\r\n        &lt;název xml:lang=\"cs\"&gt;SHA3-256&lt;/název&gt;\r\n      &lt;/použitá_hashovací_funkce&gt;\r\n    &lt;/má_otisk_dokumentu&gt;\r\n    &lt;má_otisk_dokumentu&gt;\r\n      &lt;hodnota_otisku&gt;String&lt;/hodnota_otisku&gt;\r\n      &lt;použitá_hashovací_funkce&gt;\r\n        &lt;iri&gt;https://data.dia.gov.cz/zdroj/číselníky/hashovací-funkce-pro-elegalizaci/položky/SHA-256&lt;/iri&gt;\r\n        &lt;kód&gt;SHA-256&lt;/kód&gt;\r\n        &lt;název xml:lang=\"cs\"&gt;SHA-256&lt;/název&gt;\r\n      &lt;/použitá_hashovací_funkce&gt;\r\n    &lt;/má_otisk_dokumentu&gt;\r\n  &lt;/dokument&gt;\r\n&lt;/záznam&gt;</pre>\r\n</aside>\r\n</section>"
      }
    }
  }
}