{
  "type": "http://dataspecer.com/resources/local/semantic-model",
  "modelId": "3e847baf-8816-493f-874c-30c6b18c3c96",
  "modelAlias": "Main Application Profile",
  "baseIri": "https://ofn.gov.cz/záznam-informačního-systému-nahrazující-úředně-ověřený-podpis/draft#",
  "entities": {
    "j7ciptvanmmaxxqbbk": {
      "iri": "záznam-informačního-systému-nahrazující-úředně-ověřený-podpis",
      "name": null,
      "nameFromProfiled": "https://slovník.gov.cz/legislativní/sbírka/12/2020/pojem/záznam-informačního-systému-nahrazující-úředně-ověřený-podpis",
      "description": null,
      "descriptionFromProfiled": "https://slovník.gov.cz/legislativní/sbírka/12/2020/pojem/záznam-informačního-systému-nahrazující-úředně-ověřený-podpis",
      "usageNote": null,
      "usageNoteFromProfiled": null,
      "profiling": [
        "https://slovník.gov.cz/legislativní/sbírka/12/2020/pojem/záznam-informačního-systému-nahrazující-úředně-ověřený-podpis"
      ],
      "externalDocumentationUrl": null,
      "tags": [],
      "id": "j7ciptvanmmaxxqbbk",
      "type": [
        "class-profile"
      ]
    },
    "1vh3b3swisbmaxxryn6": {
      "iri": "místo",
      "name": null,
      "nameFromProfiled": "https://slovník.gov.cz/legislativní/sbírka/89/2012/pojem/místo",
      "description": null,
      "descriptionFromProfiled": "https://slovník.gov.cz/legislativní/sbírka/89/2012/pojem/místo",
      "usageNote": null,
      "usageNoteFromProfiled": null,
      "profiling": [
        "https://slovník.gov.cz/legislativní/sbírka/89/2012/pojem/místo"
      ],
      "externalDocumentationUrl": null,
      "tags": [],
      "id": "1vh3b3swisbmaxxryn6",
      "type": [
        "class-profile"
      ]
    },
    "0lti3cqkmuymaxxtinn": {
      "ends": [
        {
          "name": null,
          "nameFromProfiled": "https://slovník.gov.cz/generický/umístění/pojem/adresa-neevidovaná-v-rúian",
          "description": null,
          "descriptionFromProfiled": "https://slovník.gov.cz/generický/umístění/pojem/adresa-neevidovaná-v-rúian",
          "iri": null,
          "cardinality": [
            0,
            null
          ],
          "usageNote": null,
          "usageNoteFromProfiled": null,
          "profiling": [],
          "externalDocumentationUrl": null,
          "tags": [],
          "concept": "1vh3b3swisbmaxxryn6"
        },
        {
          "name": null,
          "nameFromProfiled": "https://slovník.gov.cz/generický/umístění/pojem/adresa-neevidovaná-v-rúian",
          "description": null,
          "descriptionFromProfiled": "https://slovník.gov.cz/generický/umístění/pojem/adresa-neevidovaná-v-rúian",
          "iri": "adresa-neevidovaná-v-rúian",
          "cardinality": [
            1,
            1
          ],
          "usageNote": null,
          "usageNoteFromProfiled": null,
          "profiling": [
            "https://slovník.gov.cz/generický/umístění/pojem/adresa-neevidovaná-v-rúian"
          ],
          "externalDocumentationUrl": null,
          "tags": [],
          "concept": "http://www.w3.org/2001/XMLSchema#string",
          "languageStringRequiredLanguages": []
        }
      ],
      "id": "0lti3cqkmuymaxxtinn",
      "type": [
        "relationship-profile"
      ]
    },
    "atts51ddif9maxxtinn": {
      "iri": "adresa",
      "name": null,
      "nameFromProfiled": "https://slovník.gov.cz/legislativní/sbírka/111/2009/pojem/adresa",
      "description": null,
      "descriptionFromProfiled": "https://slovník.gov.cz/legislativní/sbírka/111/2009/pojem/adresa",
      "usageNote": null,
      "usageNoteFromProfiled": null,
      "profiling": [
        "https://slovník.gov.cz/legislativní/sbírka/111/2009/pojem/adresa"
      ],
      "externalDocumentationUrl": null,
      "tags": [],
      "id": "atts51ddif9maxxtinn",
      "type": [
        "class-profile"
      ]
    },
    "3t9zbqzjf6umaxxtinn": {
      "ends": [
        {
          "name": null,
          "nameFromProfiled": "https://slovník.gov.cz/generický/umístění/pojem/má-adresu",
          "description": null,
          "descriptionFromProfiled": "https://slovník.gov.cz/generický/umístění/pojem/má-adresu",
          "iri": null,
          "cardinality": [
            0,
            null
          ],
          "usageNote": null,
          "usageNoteFromProfiled": null,
          "profiling": [],
          "externalDocumentationUrl": null,
          "tags": [],
          "concept": "1vh3b3swisbmaxxryn6"
        },
        {
          "name": null,
          "nameFromProfiled": "https://slovník.gov.cz/generický/umístění/pojem/má-adresu",
          "description": null,
          "descriptionFromProfiled": "https://slovník.gov.cz/generický/umístění/pojem/má-adresu",
          "iri": "má-adresu",
          "cardinality": [
            1,
            1
          ],
          "usageNote": null,
          "usageNoteFromProfiled": null,
          "profiling": [
            "https://slovník.gov.cz/generický/umístění/pojem/má-adresu"
          ],
          "externalDocumentationUrl": null,
          "tags": [],
          "concept": "atts51ddif9maxxtinn"
        }
      ],
      "id": "3t9zbqzjf6umaxxtinn",
      "type": [
        "relationship-profile"
      ]
    },
    "9w0mtannyulmaxxtinn": {
      "iri": "zahraniční-adresa",
      "name": null,
      "nameFromProfiled": "https://slovník.gov.cz/generický/umístění/pojem/zahraniční-adresa",
      "description": null,
      "descriptionFromProfiled": "https://slovník.gov.cz/generický/umístění/pojem/zahraniční-adresa",
      "usageNote": null,
      "usageNoteFromProfiled": null,
      "profiling": [
        "https://slovník.gov.cz/generický/umístění/pojem/zahraniční-adresa"
      ],
      "externalDocumentationUrl": null,
      "tags": [],
      "id": "9w0mtannyulmaxxtinn",
      "type": [
        "class-profile"
      ]
    },
    "6gca3virlbsmaxxtinn": {
      "ends": [
        {
          "name": null,
          "nameFromProfiled": "https://slovník.gov.cz/generický/umístění/pojem/má-zahraniční-adresu",
          "description": null,
          "descriptionFromProfiled": "https://slovník.gov.cz/generický/umístění/pojem/má-zahraniční-adresu",
          "iri": null,
          "cardinality": [
            0,
            null
          ],
          "usageNote": null,
          "usageNoteFromProfiled": null,
          "profiling": [],
          "externalDocumentationUrl": null,
          "tags": [],
          "concept": "1vh3b3swisbmaxxryn6"
        },
        {
          "name": null,
          "nameFromProfiled": "https://slovník.gov.cz/generický/umístění/pojem/má-zahraniční-adresu",
          "description": null,
          "descriptionFromProfiled": "https://slovník.gov.cz/generický/umístění/pojem/má-zahraniční-adresu",
          "iri": "má-zahraniční-adresu",
          "cardinality": [
            1,
            1
          ],
          "usageNote": null,
          "usageNoteFromProfiled": null,
          "profiling": [
            "https://slovník.gov.cz/generický/umístění/pojem/má-zahraniční-adresu"
          ],
          "externalDocumentationUrl": null,
          "tags": [],
          "concept": "9w0mtannyulmaxxtinn"
        }
      ],
      "id": "6gca3virlbsmaxxtinn",
      "type": [
        "relationship-profile"
      ]
    },
    "0o4p3zoleckmaxxv74i": {
      "ends": [
        {
          "name": null,
          "nameFromProfiled": "https://slovník.gov.cz/generický/umístění/pojem/lokalizační-popis",
          "description": null,
          "descriptionFromProfiled": "https://slovník.gov.cz/generický/umístění/pojem/lokalizační-popis",
          "iri": null,
          "cardinality": [
            0,
            null
          ],
          "usageNote": null,
          "usageNoteFromProfiled": null,
          "profiling": [],
          "externalDocumentationUrl": null,
          "tags": [],
          "concept": "9w0mtannyulmaxxtinn"
        },
        {
          "name": null,
          "nameFromProfiled": "https://slovník.gov.cz/generický/umístění/pojem/lokalizační-popis",
          "description": null,
          "descriptionFromProfiled": "https://slovník.gov.cz/generický/umístění/pojem/lokalizační-popis",
          "iri": "lokalizační-popis",
          "cardinality": [
            1,
            1
          ],
          "usageNote": null,
          "usageNoteFromProfiled": null,
          "profiling": [
            "https://slovník.gov.cz/generický/umístění/pojem/lokalizační-popis"
          ],
          "externalDocumentationUrl": null,
          "tags": [],
          "concept": "http://www.w3.org/2001/XMLSchema#string",
          "languageStringRequiredLanguages": []
        }
      ],
      "id": "0o4p3zoleckmaxxv74i",
      "type": [
        "relationship-profile"
      ]
    },
    "9kl9rgn4sdmaxxwiku": {
      "iri": "adresní-místo",
      "name": null,
      "nameFromProfiled": "https://slovník.gov.cz/legislativní/sbírka/111/2009/pojem/adresní-místo",
      "description": null,
      "descriptionFromProfiled": "https://slovník.gov.cz/legislativní/sbírka/111/2009/pojem/adresní-místo",
      "usageNote": null,
      "usageNoteFromProfiled": null,
      "profiling": [
        "https://slovník.gov.cz/legislativní/sbírka/111/2009/pojem/adresní-místo"
      ],
      "externalDocumentationUrl": null,
      "tags": [],
      "id": "9kl9rgn4sdmaxxwiku",
      "type": [
        "class-profile"
      ]
    },
    "ycypmdnsc3omaxxwiku": {
      "ends": [
        {
          "name": null,
          "nameFromProfiled": "https://slovník.gov.cz/legislativní/sbírka/111/2009/pojem/má-adresu",
          "description": null,
          "descriptionFromProfiled": "https://slovník.gov.cz/legislativní/sbírka/111/2009/pojem/má-adresu",
          "iri": null,
          "cardinality": [
            1,
            1
          ],
          "usageNote": null,
          "usageNoteFromProfiled": null,
          "profiling": [],
          "externalDocumentationUrl": null,
          "tags": [],
          "concept": "9kl9rgn4sdmaxxwiku"
        },
        {
          "name": null,
          "nameFromProfiled": "https://slovník.gov.cz/legislativní/sbírka/111/2009/pojem/má-adresu",
          "description": null,
          "descriptionFromProfiled": "https://slovník.gov.cz/legislativní/sbírka/111/2009/pojem/má-adresu",
          "iri": "má-adresu",
          "cardinality": [
            0,
            null
          ],
          "usageNote": null,
          "usageNoteFromProfiled": null,
          "profiling": [
            "https://slovník.gov.cz/legislativní/sbírka/111/2009/pojem/má-adresu"
          ],
          "externalDocumentationUrl": null,
          "tags": [],
          "concept": "atts51ddif9maxxtinn"
        }
      ],
      "id": "ycypmdnsc3omaxxwiku",
      "type": [
        "relationship-profile"
      ]
    },
    "rx4vionnjcdmaxxwo00": {
      "ends": [
        {
          "name": null,
          "nameFromProfiled": "https://slovník.gov.cz/generický/adresy/pojem/kód-adresního-místa",
          "description": null,
          "descriptionFromProfiled": "https://slovník.gov.cz/generický/adresy/pojem/kód-adresního-místa",
          "iri": null,
          "cardinality": [
            0,
            null
          ],
          "usageNote": null,
          "usageNoteFromProfiled": null,
          "profiling": [],
          "externalDocumentationUrl": null,
          "tags": [],
          "concept": "9kl9rgn4sdmaxxwiku"
        },
        {
          "name": null,
          "nameFromProfiled": "https://slovník.gov.cz/generický/adresy/pojem/kód-adresního-místa",
          "description": null,
          "descriptionFromProfiled": "https://slovník.gov.cz/generický/adresy/pojem/kód-adresního-místa",
          "iri": "kód-adresního-místa",
          "cardinality": [
            1,
            1
          ],
          "usageNote": null,
          "usageNoteFromProfiled": null,
          "profiling": [
            "https://slovník.gov.cz/generický/adresy/pojem/kód-adresního-místa"
          ],
          "externalDocumentationUrl": null,
          "tags": [],
          "concept": "http://www.w3.org/2001/XMLSchema#integer",
          "languageStringRequiredLanguages": []
        }
      ],
      "id": "rx4vionnjcdmaxxwo00",
      "type": [
        "relationship-profile"
      ]
    },
    "3rf38s6l0xamaxy17yy": {
      "ends": [
        {
          "name": null,
          "nameFromProfiled": "https://slovník.gov.cz/generický/datový-slovník-záznamu-informačního-systému-nahrazujícího-úředně-ověřený-podpis/pojem/identifikační-číslo-záznamu",
          "description": null,
          "descriptionFromProfiled": "https://slovník.gov.cz/generický/datový-slovník-záznamu-informačního-systému-nahrazujícího-úředně-ověřený-podpis/pojem/identifikační-číslo-záznamu",
          "iri": null,
          "cardinality": [
            0,
            null
          ],
          "usageNote": null,
          "usageNoteFromProfiled": null,
          "profiling": [],
          "externalDocumentationUrl": null,
          "tags": [],
          "concept": "j7ciptvanmmaxxqbbk"
        },
        {
          "name": null,
          "nameFromProfiled": "https://slovník.gov.cz/generický/datový-slovník-záznamu-informačního-systému-nahrazujícího-úředně-ověřený-podpis/pojem/identifikační-číslo-záznamu",
          "description": null,
          "descriptionFromProfiled": "https://slovník.gov.cz/generický/datový-slovník-záznamu-informačního-systému-nahrazujícího-úředně-ověřený-podpis/pojem/identifikační-číslo-záznamu",
          "iri": "identifikační-číslo-záznamu",
          "cardinality": [
            1,
            1
          ],
          "usageNote": null,
          "usageNoteFromProfiled": null,
          "profiling": [
            "https://slovník.gov.cz/generický/datový-slovník-záznamu-informačního-systému-nahrazujícího-úředně-ověřený-podpis/pojem/identifikační-číslo-záznamu"
          ],
          "externalDocumentationUrl": null,
          "tags": [],
          "concept": "http://www.w3.org/2001/XMLSchema#string",
          "languageStringRequiredLanguages": []
        }
      ],
      "id": "3rf38s6l0xamaxy17yy",
      "type": [
        "relationship-profile"
      ]
    },
    "hxcwmt44kdfmaxy17yy": {
      "iri": "nahrazení-úředně-ověřeného-podpisu-nebo-uznávaného-elektronického-podpisu",
      "name": null,
      "nameFromProfiled": "https://slovník.gov.cz/legislativní/sbírka/12/2020/pojem/nahrazení-úředně-ověřeného-podpisu-nebo-uznávaného-elektronického-podpisu",
      "description": null,
      "descriptionFromProfiled": "https://slovník.gov.cz/legislativní/sbírka/12/2020/pojem/nahrazení-úředně-ověřeného-podpisu-nebo-uznávaného-elektronického-podpisu",
      "usageNote": null,
      "usageNoteFromProfiled": null,
      "profiling": [
        "https://slovník.gov.cz/legislativní/sbírka/12/2020/pojem/nahrazení-úředně-ověřeného-podpisu-nebo-uznávaného-elektronického-podpisu"
      ],
      "externalDocumentationUrl": null,
      "tags": [],
      "id": "hxcwmt44kdfmaxy17yy",
      "type": [
        "class-profile"
      ]
    },
    "ptjrb8pzdfemaxy17yy": {
      "ends": [
        {
          "name": null,
          "nameFromProfiled": "https://slovník.gov.cz/legislativní/sbírka/12/2020/pojem/je-záznamem-o",
          "description": null,
          "descriptionFromProfiled": "https://slovník.gov.cz/legislativní/sbírka/12/2020/pojem/je-záznamem-o",
          "iri": null,
          "cardinality": [
            1,
            1
          ],
          "usageNote": null,
          "usageNoteFromProfiled": null,
          "profiling": [],
          "externalDocumentationUrl": null,
          "tags": [],
          "concept": "j7ciptvanmmaxxqbbk"
        },
        {
          "name": null,
          "nameFromProfiled": "https://slovník.gov.cz/legislativní/sbírka/12/2020/pojem/je-záznamem-o",
          "description": null,
          "descriptionFromProfiled": "https://slovník.gov.cz/legislativní/sbírka/12/2020/pojem/je-záznamem-o",
          "iri": "je-záznamem-o",
          "cardinality": [
            1,
            1
          ],
          "usageNote": null,
          "usageNoteFromProfiled": null,
          "profiling": [
            "https://slovník.gov.cz/legislativní/sbírka/12/2020/pojem/je-záznamem-o"
          ],
          "externalDocumentationUrl": null,
          "tags": [],
          "concept": "hxcwmt44kdfmaxy17yy"
        }
      ],
      "id": "ptjrb8pzdfemaxy17yy",
      "type": [
        "relationship-profile"
      ]
    },
    "r6c12dzyalrmaxy17yy": {
      "iri": "dokument-nedílně-spojený-se-záznamem-isvs",
      "name": null,
      "nameFromProfiled": "https://slovník.gov.cz/legislativní/sbírka/12/2020/pojem/dokument-nedílně-spojený-se-záznamem-isvs",
      "description": null,
      "descriptionFromProfiled": "https://slovník.gov.cz/legislativní/sbírka/12/2020/pojem/dokument-nedílně-spojený-se-záznamem-isvs",
      "usageNote": null,
      "usageNoteFromProfiled": null,
      "profiling": [
        "https://slovník.gov.cz/legislativní/sbírka/12/2020/pojem/dokument-nedílně-spojený-se-záznamem-isvs"
      ],
      "externalDocumentationUrl": null,
      "tags": [],
      "id": "r6c12dzyalrmaxy17yy",
      "type": [
        "class-profile"
      ]
    },
    "vr6qy42ceuamaxy17yy": {
      "ends": [
        {
          "name": null,
          "nameFromProfiled": "https://slovník.gov.cz/legislativní/sbírka/12/2020/pojem/nedílně-spojen-s-dokumentem",
          "description": null,
          "descriptionFromProfiled": "https://slovník.gov.cz/legislativní/sbírka/12/2020/pojem/nedílně-spojen-s-dokumentem",
          "iri": null,
          "cardinality": [
            1,
            null
          ],
          "usageNote": null,
          "usageNoteFromProfiled": null,
          "profiling": [],
          "externalDocumentationUrl": null,
          "tags": [],
          "concept": "j7ciptvanmmaxxqbbk"
        },
        {
          "name": null,
          "nameFromProfiled": "https://slovník.gov.cz/legislativní/sbírka/12/2020/pojem/nedílně-spojen-s-dokumentem",
          "description": null,
          "descriptionFromProfiled": "https://slovník.gov.cz/legislativní/sbírka/12/2020/pojem/nedílně-spojen-s-dokumentem",
          "iri": "nedílně-spojen-s-dokumentem",
          "cardinality": [
            1,
            1
          ],
          "usageNote": null,
          "usageNoteFromProfiled": null,
          "profiling": [
            "https://slovník.gov.cz/legislativní/sbírka/12/2020/pojem/nedílně-spojen-s-dokumentem"
          ],
          "externalDocumentationUrl": null,
          "tags": [],
          "concept": "r6c12dzyalrmaxy17yy"
        }
      ],
      "id": "vr6qy42ceuamaxy17yy",
      "type": [
        "relationship-profile"
      ]
    },
    "cydjatbctntmaxy22wi": {
      "ends": [
        {
          "name": null,
          "nameFromProfiled": "https://slovník.gov.cz/generický/datový-slovník-záznamu-informačního-systému-nahrazujícího-úředně-ověřený-podpis/pojem/název-dokumentu",
          "description": null,
          "descriptionFromProfiled": "https://slovník.gov.cz/generický/datový-slovník-záznamu-informačního-systému-nahrazujícího-úředně-ověřený-podpis/pojem/název-dokumentu",
          "iri": null,
          "cardinality": [
            0,
            null
          ],
          "usageNote": null,
          "usageNoteFromProfiled": null,
          "profiling": [],
          "externalDocumentationUrl": null,
          "tags": [],
          "concept": "r6c12dzyalrmaxy17yy"
        },
        {
          "name": null,
          "nameFromProfiled": "https://slovník.gov.cz/generický/datový-slovník-záznamu-informačního-systému-nahrazujícího-úředně-ověřený-podpis/pojem/název-dokumentu",
          "description": null,
          "descriptionFromProfiled": "https://slovník.gov.cz/generický/datový-slovník-záznamu-informačního-systému-nahrazujícího-úředně-ověřený-podpis/pojem/název-dokumentu",
          "iri": "název-dokumentu",
          "cardinality": [
            1,
            1
          ],
          "usageNote": null,
          "usageNoteFromProfiled": null,
          "profiling": [
            "https://slovník.gov.cz/generický/datový-slovník-záznamu-informačního-systému-nahrazujícího-úředně-ověřený-podpis/pojem/název-dokumentu"
          ],
          "externalDocumentationUrl": null,
          "tags": [],
          "concept": "https://ofn.gov.cz/zdroj/základní-datové-typy/2020-07-01/text",
          "languageStringRequiredLanguages": []
        }
      ],
      "id": "cydjatbctntmaxy22wi",
      "type": [
        "relationship-profile"
      ]
    },
    "iiwdl5qgmgemaxy22wi": {
      "ends": [
        {
          "name": null,
          "nameFromProfiled": "https://slovník.gov.cz/generický/datový-slovník-záznamu-informačního-systému-nahrazujícího-úředně-ověřený-podpis/pojem/název-souboru",
          "description": null,
          "descriptionFromProfiled": "https://slovník.gov.cz/generický/datový-slovník-záznamu-informačního-systému-nahrazujícího-úředně-ověřený-podpis/pojem/název-souboru",
          "iri": null,
          "cardinality": [
            0,
            null
          ],
          "usageNote": null,
          "usageNoteFromProfiled": null,
          "profiling": [],
          "externalDocumentationUrl": null,
          "tags": [],
          "concept": "r6c12dzyalrmaxy17yy"
        },
        {
          "name": null,
          "nameFromProfiled": "https://slovník.gov.cz/generický/datový-slovník-záznamu-informačního-systému-nahrazujícího-úředně-ověřený-podpis/pojem/název-souboru",
          "description": null,
          "descriptionFromProfiled": "https://slovník.gov.cz/generický/datový-slovník-záznamu-informačního-systému-nahrazujícího-úředně-ověřený-podpis/pojem/název-souboru",
          "iri": "název-souboru",
          "cardinality": [
            1,
            1
          ],
          "usageNote": null,
          "usageNoteFromProfiled": null,
          "profiling": [
            "https://slovník.gov.cz/generický/datový-slovník-záznamu-informačního-systému-nahrazujícího-úředně-ověřený-podpis/pojem/název-souboru"
          ],
          "externalDocumentationUrl": null,
          "tags": [],
          "concept": "http://www.w3.org/2001/XMLSchema#string",
          "languageStringRequiredLanguages": []
        }
      ],
      "id": "iiwdl5qgmgemaxy22wi",
      "type": [
        "relationship-profile"
      ]
    },
    "uuk3jdux8umaxy22wj": {
      "iri": "otisk-dokumentu",
      "name": null,
      "nameFromProfiled": "https://slovník.gov.cz/generický/datový-slovník-záznamu-informačního-systému-nahrazujícího-úředně-ověřený-podpis/pojem/otisk-dokumentu",
      "description": null,
      "descriptionFromProfiled": "https://slovník.gov.cz/generický/datový-slovník-záznamu-informačního-systému-nahrazujícího-úředně-ověřený-podpis/pojem/otisk-dokumentu",
      "usageNote": null,
      "usageNoteFromProfiled": null,
      "profiling": [
        "https://slovník.gov.cz/generický/datový-slovník-záznamu-informačního-systému-nahrazujícího-úředně-ověřený-podpis/pojem/otisk-dokumentu"
      ],
      "externalDocumentationUrl": null,
      "tags": [],
      "id": "uuk3jdux8umaxy22wj",
      "type": [
        "class-profile"
      ]
    },
    "0oa8ywn8p6xhmaxy22wj": {
      "ends": [
        {
          "name": null,
          "nameFromProfiled": "https://slovník.gov.cz/generický/datový-slovník-záznamu-informačního-systému-nahrazujícího-úředně-ověřený-podpis/pojem/má-otisk-dokumentu",
          "description": null,
          "descriptionFromProfiled": "https://slovník.gov.cz/generický/datový-slovník-záznamu-informačního-systému-nahrazujícího-úředně-ověřený-podpis/pojem/má-otisk-dokumentu",
          "iri": null,
          "cardinality": [
            1,
            1
          ],
          "usageNote": null,
          "usageNoteFromProfiled": null,
          "profiling": [],
          "externalDocumentationUrl": null,
          "tags": [],
          "concept": "r6c12dzyalrmaxy17yy"
        },
        {
          "name": null,
          "nameFromProfiled": "https://slovník.gov.cz/generický/datový-slovník-záznamu-informačního-systému-nahrazujícího-úředně-ověřený-podpis/pojem/má-otisk-dokumentu",
          "description": null,
          "descriptionFromProfiled": "https://slovník.gov.cz/generický/datový-slovník-záznamu-informačního-systému-nahrazujícího-úředně-ověřený-podpis/pojem/má-otisk-dokumentu",
          "iri": "má-otisk-dokumentu",
          "cardinality": [
            1,
            null
          ],
          "usageNote": null,
          "usageNoteFromProfiled": null,
          "profiling": [
            "https://slovník.gov.cz/generický/datový-slovník-záznamu-informačního-systému-nahrazujícího-úředně-ověřený-podpis/pojem/má-otisk-dokumentu"
          ],
          "externalDocumentationUrl": null,
          "tags": [],
          "concept": "uuk3jdux8umaxy22wj"
        }
      ],
      "id": "0oa8ywn8p6xhmaxy22wj",
      "type": [
        "relationship-profile"
      ]
    },
    "77f2aisqj7kmaxy28gt": {
      "ends": [
        {
          "name": null,
          "nameFromProfiled": "https://slovník.gov.cz/generický/datový-slovník-záznamu-informačního-systému-nahrazujícího-úředně-ověřený-podpis/pojem/hodnota-otisku",
          "description": null,
          "descriptionFromProfiled": "https://slovník.gov.cz/generický/datový-slovník-záznamu-informačního-systému-nahrazujícího-úředně-ověřený-podpis/pojem/hodnota-otisku",
          "iri": null,
          "cardinality": [
            0,
            null
          ],
          "usageNote": null,
          "usageNoteFromProfiled": null,
          "profiling": [],
          "externalDocumentationUrl": null,
          "tags": [],
          "concept": "uuk3jdux8umaxy22wj"
        },
        {
          "name": null,
          "nameFromProfiled": "https://slovník.gov.cz/generický/datový-slovník-záznamu-informačního-systému-nahrazujícího-úředně-ověřený-podpis/pojem/hodnota-otisku",
          "description": null,
          "descriptionFromProfiled": "https://slovník.gov.cz/generický/datový-slovník-záznamu-informačního-systému-nahrazujícího-úředně-ověřený-podpis/pojem/hodnota-otisku",
          "iri": "hodnota-otisku",
          "cardinality": [
            1,
            1
          ],
          "usageNote": null,
          "usageNoteFromProfiled": null,
          "profiling": [
            "https://slovník.gov.cz/generický/datový-slovník-záznamu-informačního-systému-nahrazujícího-úředně-ověřený-podpis/pojem/hodnota-otisku"
          ],
          "externalDocumentationUrl": null,
          "tags": [],
          "concept": "http://www.w3.org/2001/XMLSchema#string",
          "languageStringRequiredLanguages": []
        }
      ],
      "id": "77f2aisqj7kmaxy28gt",
      "type": [
        "relationship-profile"
      ]
    },
    "8pa4h6phrrqmaxy28gu": {
      "iri": "hashovací-funkce",
      "name": null,
      "nameFromProfiled": "https://slovník.gov.cz/generický/datový-slovník-záznamu-informačního-systému-nahrazujícího-úředně-ověřený-podpis/pojem/hashovací-funkce",
      "description": null,
      "descriptionFromProfiled": "https://slovník.gov.cz/generický/datový-slovník-záznamu-informačního-systému-nahrazujícího-úředně-ověřený-podpis/pojem/hashovací-funkce",
      "usageNote": null,
      "usageNoteFromProfiled": null,
      "profiling": [
        "https://slovník.gov.cz/generický/datový-slovník-záznamu-informačního-systému-nahrazujícího-úředně-ověřený-podpis/pojem/hashovací-funkce"
      ],
      "externalDocumentationUrl": null,
      "tags": [],
      "id": "8pa4h6phrrqmaxy28gu",
      "type": [
        "class-profile"
      ],
      "example": [
        "https://data.dia.gov.cz/zdroj/číselníky/hashovací-funkce-pro-elegalizaci/položky/SHA-256",
        "https://data.dia.gov.cz/zdroj/číselníky/hashovací-funkce-pro-elegalizaci/položky/SHA3-256"
      ],
      "regex": "^https://data.dia.gov.cz/zdroj/číselníky/hashovací-funkce-pro-elegalizaci/položky/.+$"
    },
    "gmnudj8o0g8maxy28gu": {
      "ends": [
        {
          "name": null,
          "nameFromProfiled": "https://slovník.gov.cz/generický/datový-slovník-záznamu-informačního-systému-nahrazujícího-úředně-ověřený-podpis/pojem/použitá-hashovací-funkce",
          "description": null,
          "descriptionFromProfiled": "https://slovník.gov.cz/generický/datový-slovník-záznamu-informačního-systému-nahrazujícího-úředně-ověřený-podpis/pojem/použitá-hashovací-funkce",
          "iri": null,
          "cardinality": [
            0,
            null
          ],
          "usageNote": null,
          "usageNoteFromProfiled": null,
          "profiling": [],
          "externalDocumentationUrl": null,
          "tags": [],
          "concept": "uuk3jdux8umaxy22wj"
        },
        {
          "name": null,
          "nameFromProfiled": "https://slovník.gov.cz/generický/datový-slovník-záznamu-informačního-systému-nahrazujícího-úředně-ověřený-podpis/pojem/použitá-hashovací-funkce",
          "description": null,
          "descriptionFromProfiled": "https://slovník.gov.cz/generický/datový-slovník-záznamu-informačního-systému-nahrazujícího-úředně-ověřený-podpis/pojem/použitá-hashovací-funkce",
          "iri": "použitá-hashovací-funkce",
          "cardinality": [
            1,
            1
          ],
          "usageNote": null,
          "usageNoteFromProfiled": null,
          "profiling": [
            "https://slovník.gov.cz/generický/datový-slovník-záznamu-informačního-systému-nahrazujícího-úředně-ověřený-podpis/pojem/použitá-hashovací-funkce"
          ],
          "externalDocumentationUrl": null,
          "tags": [],
          "concept": "8pa4h6phrrqmaxy28gu"
        }
      ],
      "id": "gmnudj8o0g8maxy28gu",
      "type": [
        "relationship-profile"
      ]
    },
    "pb1oz123x7emaxy2f98": {
      "ends": [
        {
          "name": null,
          "nameFromProfiled": "https://slovník.gov.cz/datový/číselníky/pojem/kód-položky-číselníku",
          "description": null,
          "descriptionFromProfiled": "https://slovník.gov.cz/datový/číselníky/pojem/kód-položky-číselníku",
          "iri": null,
          "cardinality": [
            0,
            null
          ],
          "usageNote": null,
          "usageNoteFromProfiled": null,
          "profiling": [],
          "externalDocumentationUrl": null,
          "tags": [],
          "concept": "8pa4h6phrrqmaxy28gu"
        },
        {
          "name": null,
          "nameFromProfiled": "https://slovník.gov.cz/datový/číselníky/pojem/kód-položky-číselníku",
          "description": null,
          "descriptionFromProfiled": "https://slovník.gov.cz/datový/číselníky/pojem/kód-položky-číselníku",
          "iri": "kód-položky-číselníku",
          "cardinality": [
            1,
            1
          ],
          "usageNote": null,
          "usageNoteFromProfiled": null,
          "profiling": [
            "https://slovník.gov.cz/datový/číselníky/pojem/kód-položky-číselníku"
          ],
          "externalDocumentationUrl": null,
          "tags": [],
          "concept": "http://www.w3.org/2001/XMLSchema#string",
          "languageStringRequiredLanguages": [],
          "example": [
            "SHA-256",
            "SHA3-256"
          ]
        }
      ],
      "id": "pb1oz123x7emaxy2f98",
      "type": [
        "relationship-profile"
      ]
    },
    "l2i10nrficnmaxy2f98": {
      "ends": [
        {
          "name": null,
          "nameFromProfiled": "https://slovník.gov.cz/datový/číselníky/pojem/plný-název-položky-číselníku",
          "description": null,
          "descriptionFromProfiled": "https://slovník.gov.cz/datový/číselníky/pojem/plný-název-položky-číselníku",
          "iri": null,
          "cardinality": [
            0,
            null
          ],
          "usageNote": null,
          "usageNoteFromProfiled": null,
          "profiling": [],
          "externalDocumentationUrl": null,
          "tags": [],
          "concept": "8pa4h6phrrqmaxy28gu"
        },
        {
          "name": null,
          "nameFromProfiled": "https://slovník.gov.cz/datový/číselníky/pojem/plný-název-položky-číselníku",
          "description": null,
          "descriptionFromProfiled": "https://slovník.gov.cz/datový/číselníky/pojem/plný-název-položky-číselníku",
          "iri": "plný-název-položky-číselníku",
          "cardinality": [
            1,
            1
          ],
          "usageNote": null,
          "usageNoteFromProfiled": null,
          "profiling": [
            "https://slovník.gov.cz/datový/číselníky/pojem/plný-název-položky-číselníku"
          ],
          "externalDocumentationUrl": null,
          "tags": [],
          "concept": "https://ofn.gov.cz/zdroj/základní-datové-typy/2020-07-01/text",
          "languageStringRequiredLanguages": []
        }
      ],
      "id": "l2i10nrficnmaxy2f98",
      "type": [
        "relationship-profile"
      ]
    },
    "a0hodgz6l2rmaxy6lsc": {
      "ends": [
        {
          "name": null,
          "nameFromProfiled": "https://slovník.gov.cz/legislativní/sbírka/12/2020/pojem/datum-a-čas-nahrazení-úředně-ověřeného-podpisu-nebo-uznávaného-elektronického-podpisu",
          "description": null,
          "descriptionFromProfiled": "https://slovník.gov.cz/legislativní/sbírka/12/2020/pojem/datum-a-čas-nahrazení-úředně-ověřeného-podpisu-nebo-uznávaného-elektronického-podpisu",
          "iri": null,
          "cardinality": [
            0,
            null
          ],
          "usageNote": null,
          "usageNoteFromProfiled": null,
          "profiling": [],
          "externalDocumentationUrl": null,
          "tags": [],
          "concept": "hxcwmt44kdfmaxy17yy"
        },
        {
          "name": null,
          "nameFromProfiled": "https://slovník.gov.cz/legislativní/sbírka/12/2020/pojem/datum-a-čas-nahrazení-úředně-ověřeného-podpisu-nebo-uznávaného-elektronického-podpisu",
          "description": null,
          "descriptionFromProfiled": "https://slovník.gov.cz/legislativní/sbírka/12/2020/pojem/datum-a-čas-nahrazení-úředně-ověřeného-podpisu-nebo-uznávaného-elektronického-podpisu",
          "iri": "datum-a-čas-nahrazení-úředně-ověřeného-podpisu-nebo-uznávaného-elektronického-podpisu",
          "cardinality": [
            1,
            1
          ],
          "usageNote": null,
          "usageNoteFromProfiled": null,
          "profiling": [
            "https://slovník.gov.cz/legislativní/sbírka/12/2020/pojem/datum-a-čas-nahrazení-úředně-ověřeného-podpisu-nebo-uznávaného-elektronického-podpisu"
          ],
          "externalDocumentationUrl": null,
          "tags": [],
          "concept": "http://www.w3.org/2001/XMLSchema#dateTime",
          "languageStringRequiredLanguages": []
        }
      ],
      "id": "a0hodgz6l2rmaxy6lsc",
      "type": [
        "relationship-profile"
      ]
    },
    "vzdz7p9zzicmaxy6lsd": {
      "iri": "digitální-úkon",
      "name": null,
      "nameFromProfiled": "https://slovník.gov.cz/legislativní/sbírka/12/2020/pojem/digitální-úkon",
      "description": null,
      "descriptionFromProfiled": "https://slovník.gov.cz/legislativní/sbírka/12/2020/pojem/digitální-úkon",
      "usageNote": null,
      "usageNoteFromProfiled": null,
      "profiling": [
        "https://slovník.gov.cz/legislativní/sbírka/12/2020/pojem/digitální-úkon"
      ],
      "externalDocumentationUrl": null,
      "tags": [],
      "id": "vzdz7p9zzicmaxy6lsd",
      "type": [
        "class-profile"
      ]
    },
    "ua1xnhhwpcmaxy6lsd": {
      "ends": [
        {
          "name": null,
          "nameFromProfiled": "https://slovník.gov.cz/generický/datový-slovník-záznamu-informačního-systému-nahrazujícího-úředně-ověřený-podpis/pojem/nahrazení-pro-účely-úkonu",
          "description": null,
          "descriptionFromProfiled": "https://slovník.gov.cz/generický/datový-slovník-záznamu-informačního-systému-nahrazujícího-úředně-ověřený-podpis/pojem/nahrazení-pro-účely-úkonu",
          "iri": null,
          "cardinality": [
            0,
            null
          ],
          "usageNote": null,
          "usageNoteFromProfiled": null,
          "profiling": [],
          "externalDocumentationUrl": null,
          "tags": [],
          "concept": "hxcwmt44kdfmaxy17yy"
        },
        {
          "name": null,
          "nameFromProfiled": "https://slovník.gov.cz/generický/datový-slovník-záznamu-informačního-systému-nahrazujícího-úředně-ověřený-podpis/pojem/nahrazení-pro-účely-úkonu",
          "description": null,
          "descriptionFromProfiled": "https://slovník.gov.cz/generický/datový-slovník-záznamu-informačního-systému-nahrazujícího-úředně-ověřený-podpis/pojem/nahrazení-pro-účely-úkonu",
          "iri": "nahrazení-pro-účely-úkonu",
          "cardinality": [
            1,
            1
          ],
          "usageNote": null,
          "usageNoteFromProfiled": null,
          "profiling": [
            "https://slovník.gov.cz/generický/datový-slovník-záznamu-informačního-systému-nahrazujícího-úředně-ověřený-podpis/pojem/nahrazení-pro-účely-úkonu"
          ],
          "externalDocumentationUrl": null,
          "tags": [],
          "concept": "vzdz7p9zzicmaxy6lsd"
        }
      ],
      "id": "ua1xnhhwpcmaxy6lsd",
      "type": [
        "relationship-profile"
      ]
    },
    "t40aweba7cbmaxy6lsd": {
      "iri": "oprávnění-k-zastupování",
      "name": null,
      "nameFromProfiled": "https://slovník.gov.cz/generický/datový-slovník-záznamu-informačního-systému-nahrazujícího-úředně-ověřený-podpis/pojem/oprávnění-k-zastupování",
      "description": null,
      "descriptionFromProfiled": "https://slovník.gov.cz/generický/datový-slovník-záznamu-informačního-systému-nahrazujícího-úředně-ověřený-podpis/pojem/oprávnění-k-zastupování",
      "usageNote": null,
      "usageNoteFromProfiled": null,
      "profiling": [
        "https://slovník.gov.cz/generický/datový-slovník-záznamu-informačního-systému-nahrazujícího-úředně-ověřený-podpis/pojem/oprávnění-k-zastupování"
      ],
      "externalDocumentationUrl": null,
      "tags": [],
      "id": "t40aweba7cbmaxy6lsd",
      "type": [
        "class-profile"
      ]
    },
    "cqv9zs3g9dkmaxy6lsd": {
      "ends": [
        {
          "name": null,
          "nameFromProfiled": "https://slovník.gov.cz/generický/datový-slovník-záznamu-informačního-systému-nahrazujícího-úředně-ověřený-podpis/pojem/použité-oprávnění-k-zastupování",
          "description": null,
          "descriptionFromProfiled": "https://slovník.gov.cz/generický/datový-slovník-záznamu-informačního-systému-nahrazujícího-úředně-ověřený-podpis/pojem/použité-oprávnění-k-zastupování",
          "iri": null,
          "cardinality": [
            0,
            null
          ],
          "usageNote": null,
          "usageNoteFromProfiled": null,
          "profiling": [],
          "externalDocumentationUrl": null,
          "tags": [],
          "concept": "hxcwmt44kdfmaxy17yy"
        },
        {
          "name": null,
          "nameFromProfiled": "https://slovník.gov.cz/generický/datový-slovník-záznamu-informačního-systému-nahrazujícího-úředně-ověřený-podpis/pojem/použité-oprávnění-k-zastupování",
          "description": null,
          "descriptionFromProfiled": "https://slovník.gov.cz/generický/datový-slovník-záznamu-informačního-systému-nahrazujícího-úředně-ověřený-podpis/pojem/použité-oprávnění-k-zastupování",
          "iri": "použité-oprávnění-k-zastupování",
          "cardinality": [
            0,
            1
          ],
          "usageNote": null,
          "usageNoteFromProfiled": null,
          "profiling": [
            "https://slovník.gov.cz/generický/datový-slovník-záznamu-informačního-systému-nahrazujícího-úředně-ověřený-podpis/pojem/použité-oprávnění-k-zastupování"
          ],
          "externalDocumentationUrl": null,
          "tags": [],
          "concept": "t40aweba7cbmaxy6lsd"
        }
      ],
      "id": "cqv9zs3g9dkmaxy6lsd",
      "type": [
        "relationship-profile"
      ]
    },
    "qal4w1rreanmaxy6lsd": {
      "iri": "informační-systém-veřejné-správy",
      "name": null,
      "nameFromProfiled": "https://slovník.gov.cz/legislativní/sbírka/365/2000/pojem/informační-systém-veřejné-správy",
      "description": null,
      "descriptionFromProfiled": "https://slovník.gov.cz/legislativní/sbírka/365/2000/pojem/informační-systém-veřejné-správy",
      "usageNote": null,
      "usageNoteFromProfiled": null,
      "profiling": [
        "https://slovník.gov.cz/legislativní/sbírka/365/2000/pojem/informační-systém-veřejné-správy"
      ],
      "externalDocumentationUrl": null,
      "tags": [],
      "id": "qal4w1rreanmaxy6lsd",
      "type": [
        "class-profile"
      ]
    },
    "6mokunhjnmwmaxy6lsd": {
      "ends": [
        {
          "name": null,
          "nameFromProfiled": "https://slovník.gov.cz/generický/datový-slovník-záznamu-informačního-systému-nahrazujícího-úředně-ověřený-podpis/pojem/provádí-isvs",
          "description": null,
          "descriptionFromProfiled": "https://slovník.gov.cz/generický/datový-slovník-záznamu-informačního-systému-nahrazujícího-úředně-ověřený-podpis/pojem/provádí-isvs",
          "iri": null,
          "cardinality": [
            0,
            null
          ],
          "usageNote": null,
          "usageNoteFromProfiled": null,
          "profiling": [],
          "externalDocumentationUrl": null,
          "tags": [],
          "concept": "hxcwmt44kdfmaxy17yy"
        },
        {
          "name": null,
          "nameFromProfiled": "https://slovník.gov.cz/generický/datový-slovník-záznamu-informačního-systému-nahrazujícího-úředně-ověřený-podpis/pojem/provádí-isvs",
          "description": null,
          "descriptionFromProfiled": "https://slovník.gov.cz/generický/datový-slovník-záznamu-informačního-systému-nahrazujícího-úředně-ověřený-podpis/pojem/provádí-isvs",
          "iri": "provádí-isvs",
          "cardinality": [
            1,
            1
          ],
          "usageNote": null,
          "usageNoteFromProfiled": null,
          "profiling": [
            "https://slovník.gov.cz/generický/datový-slovník-záznamu-informačního-systému-nahrazujícího-úředně-ověřený-podpis/pojem/provádí-isvs"
          ],
          "externalDocumentationUrl": null,
          "tags": [],
          "concept": "qal4w1rreanmaxy6lsd"
        }
      ],
      "id": "6mokunhjnmwmaxy6lsd",
      "type": [
        "relationship-profile"
      ]
    },
    "5mvhw9mithrmaxy6lsd": {
      "iri": "orgán-veřejné-moci",
      "name": null,
      "nameFromProfiled": "https://slovník.gov.cz/legislativní/sbírka/111/2009/pojem/orgán-veřejné-moci",
      "description": null,
      "descriptionFromProfiled": "https://slovník.gov.cz/legislativní/sbírka/111/2009/pojem/orgán-veřejné-moci",
      "usageNote": null,
      "usageNoteFromProfiled": null,
      "profiling": [
        "https://slovník.gov.cz/legislativní/sbírka/111/2009/pojem/orgán-veřejné-moci"
      ],
      "externalDocumentationUrl": null,
      "tags": [],
      "id": "5mvhw9mithrmaxy6lsd",
      "type": [
        "class-profile"
      ]
    },
    "zymfdq8a20cmaxy6lsd": {
      "ends": [
        {
          "name": null,
          "nameFromProfiled": "https://slovník.gov.cz/generický/datový-slovník-záznamu-informačního-systému-nahrazujícího-úředně-ověřený-podpis/pojem/provádí-ovm",
          "description": null,
          "descriptionFromProfiled": "https://slovník.gov.cz/generický/datový-slovník-záznamu-informačního-systému-nahrazujícího-úředně-ověřený-podpis/pojem/provádí-ovm",
          "iri": null,
          "cardinality": [
            0,
            null
          ],
          "usageNote": null,
          "usageNoteFromProfiled": null,
          "profiling": [],
          "externalDocumentationUrl": null,
          "tags": [],
          "concept": "hxcwmt44kdfmaxy17yy"
        },
        {
          "name": null,
          "nameFromProfiled": "https://slovník.gov.cz/generický/datový-slovník-záznamu-informačního-systému-nahrazujícího-úředně-ověřený-podpis/pojem/provádí-ovm",
          "description": null,
          "descriptionFromProfiled": "https://slovník.gov.cz/generický/datový-slovník-záznamu-informačního-systému-nahrazujícího-úředně-ověřený-podpis/pojem/provádí-ovm",
          "iri": "provádí-ovm",
          "cardinality": [
            1,
            1
          ],
          "usageNote": null,
          "usageNoteFromProfiled": null,
          "profiling": [
            "https://slovník.gov.cz/generický/datový-slovník-záznamu-informačního-systému-nahrazujícího-úředně-ověřený-podpis/pojem/provádí-ovm"
          ],
          "externalDocumentationUrl": null,
          "tags": [],
          "concept": "5mvhw9mithrmaxy6lsd"
        }
      ],
      "id": "zymfdq8a20cmaxy6lsd",
      "type": [
        "relationship-profile"
      ]
    },
    "yf62k05878maxy6lsd": {
      "iri": "fyzická-osoba-ve-vztahu-k-nahrazení-úředně-ověřeného-podpisu-nebo-uznávaného-elektronického-podpisu",
      "name": null,
      "nameFromProfiled": "https://slovník.gov.cz/generický/datový-slovník-záznamu-informačního-systému-nahrazujícího-úředně-ověřený-podpis/pojem/fyzická-osoba-ve-vztahu-k-nahrazení-úředně-ověřeného-podpisu-nebo-uznávaného-elektronického-podpisu",
      "description": null,
      "descriptionFromProfiled": "https://slovník.gov.cz/generický/datový-slovník-záznamu-informačního-systému-nahrazujícího-úředně-ověřený-podpis/pojem/fyzická-osoba-ve-vztahu-k-nahrazení-úředně-ověřeného-podpisu-nebo-uznávaného-elektronického-podpisu",
      "usageNote": null,
      "usageNoteFromProfiled": null,
      "profiling": [
        "https://slovník.gov.cz/generický/datový-slovník-záznamu-informačního-systému-nahrazujícího-úředně-ověřený-podpis/pojem/fyzická-osoba-ve-vztahu-k-nahrazení-úředně-ověřeného-podpisu-nebo-uznávaného-elektronického-podpisu"
      ],
      "externalDocumentationUrl": null,
      "tags": [],
      "id": "yf62k05878maxy6lsd",
      "type": [
        "class-profile"
      ]
    },
    "v6h0puolgj8maxy6lsd": {
      "ends": [
        {
          "name": null,
          "nameFromProfiled": "https://slovník.gov.cz/generický/datový-slovník-záznamu-informačního-systému-nahrazujícího-úředně-ověřený-podpis/pojem/žadatel",
          "description": null,
          "descriptionFromProfiled": "https://slovník.gov.cz/generický/datový-slovník-záznamu-informačního-systému-nahrazujícího-úředně-ověřený-podpis/pojem/žadatel",
          "iri": null,
          "cardinality": [
            0,
            null
          ],
          "usageNote": null,
          "usageNoteFromProfiled": null,
          "profiling": [],
          "externalDocumentationUrl": null,
          "tags": [],
          "concept": "hxcwmt44kdfmaxy17yy"
        },
        {
          "name": null,
          "nameFromProfiled": "https://slovník.gov.cz/generický/datový-slovník-záznamu-informačního-systému-nahrazujícího-úředně-ověřený-podpis/pojem/žadatel",
          "description": null,
          "descriptionFromProfiled": "https://slovník.gov.cz/generický/datový-slovník-záznamu-informačního-systému-nahrazujícího-úředně-ověřený-podpis/pojem/žadatel",
          "iri": "žadatel",
          "cardinality": [
            1,
            1
          ],
          "usageNote": null,
          "usageNoteFromProfiled": null,
          "profiling": [
            "https://slovník.gov.cz/generický/datový-slovník-záznamu-informačního-systému-nahrazujícího-úředně-ověřený-podpis/pojem/žadatel"
          ],
          "externalDocumentationUrl": null,
          "tags": [],
          "concept": "yf62k05878maxy6lsd"
        }
      ],
      "id": "v6h0puolgj8maxy6lsd",
      "type": [
        "relationship-profile"
      ]
    },
    "oqfz4cf175jmaxy81in": {
      "ends": [
        {
          "name": null,
          "nameFromProfiled": "https://slovník.gov.cz/agendový/104/pojem/má-identifikátor-úkonu-služby",
          "description": null,
          "descriptionFromProfiled": "https://slovník.gov.cz/agendový/104/pojem/má-identifikátor-úkonu-služby",
          "iri": null,
          "cardinality": [
            0,
            null
          ],
          "usageNote": null,
          "usageNoteFromProfiled": null,
          "profiling": [],
          "externalDocumentationUrl": null,
          "tags": [],
          "concept": "vzdz7p9zzicmaxy6lsd"
        },
        {
          "name": null,
          "nameFromProfiled": "https://slovník.gov.cz/agendový/104/pojem/má-identifikátor-úkonu-služby",
          "description": null,
          "descriptionFromProfiled": "https://slovník.gov.cz/agendový/104/pojem/má-identifikátor-úkonu-služby",
          "iri": "má-identifikátor-úkonu-služby",
          "cardinality": [
            1,
            1
          ],
          "usageNote": null,
          "usageNoteFromProfiled": null,
          "profiling": [
            "https://slovník.gov.cz/agendový/104/pojem/má-identifikátor-úkonu-služby"
          ],
          "externalDocumentationUrl": null,
          "tags": [],
          "concept": "http://www.w3.org/2001/XMLSchema#string",
          "languageStringRequiredLanguages": [],
          "regex": "U\\d{1,8}"
        }
      ],
      "id": "oqfz4cf175jmaxy81in",
      "type": [
        "relationship-profile"
      ]
    },
    "hommtm1zlfnmaxy81in": {
      "ends": [
        {
          "name": null,
          "nameFromProfiled": "https://slovník.gov.cz/agendový/104/pojem/má-název-úkonu-služby",
          "description": null,
          "descriptionFromProfiled": "https://slovník.gov.cz/agendový/104/pojem/má-název-úkonu-služby",
          "iri": null,
          "cardinality": [
            0,
            null
          ],
          "usageNote": null,
          "usageNoteFromProfiled": null,
          "profiling": [],
          "externalDocumentationUrl": null,
          "tags": [],
          "concept": "vzdz7p9zzicmaxy6lsd"
        },
        {
          "name": null,
          "nameFromProfiled": "https://slovník.gov.cz/agendový/104/pojem/má-název-úkonu-služby",
          "description": null,
          "descriptionFromProfiled": "https://slovník.gov.cz/agendový/104/pojem/má-název-úkonu-služby",
          "iri": "má-název-úkonu-služby",
          "cardinality": [
            1,
            1
          ],
          "usageNote": null,
          "usageNoteFromProfiled": null,
          "profiling": [
            "https://slovník.gov.cz/agendový/104/pojem/má-název-úkonu-služby"
          ],
          "externalDocumentationUrl": null,
          "tags": [],
          "concept": "https://ofn.gov.cz/zdroj/základní-datové-typy/2020-07-01/text",
          "languageStringRequiredLanguages": []
        }
      ],
      "id": "hommtm1zlfnmaxy81in",
      "type": [
        "relationship-profile"
      ]
    },
    "2zbo8ftjy8wmaxy81in": {
      "iri": "služba-veřejné-správy",
      "name": null,
      "nameFromProfiled": "https://slovník.gov.cz/legislativní/sbírka/111/2009/pojem/služba-veřejné-správy",
      "description": null,
      "descriptionFromProfiled": "https://slovník.gov.cz/legislativní/sbírka/111/2009/pojem/služba-veřejné-správy",
      "usageNote": null,
      "usageNoteFromProfiled": null,
      "profiling": [
        "https://slovník.gov.cz/legislativní/sbírka/111/2009/pojem/služba-veřejné-správy"
      ],
      "externalDocumentationUrl": null,
      "tags": [],
      "id": "2zbo8ftjy8wmaxy81in",
      "type": [
        "class-profile"
      ]
    },
    "m8lgui0qmfmaxy81in": {
      "ends": [
        {
          "name": null,
          "nameFromProfiled": "https://slovník.gov.cz/agendový/104/pojem/skládá-se-z-úkonu",
          "description": null,
          "descriptionFromProfiled": "https://slovník.gov.cz/agendový/104/pojem/skládá-se-z-úkonu",
          "iri": null,
          "cardinality": [
            1,
            1
          ],
          "usageNote": null,
          "usageNoteFromProfiled": null,
          "profiling": [],
          "externalDocumentationUrl": null,
          "tags": [],
          "concept": "2zbo8ftjy8wmaxy81in"
        },
        {
          "name": null,
          "nameFromProfiled": "https://slovník.gov.cz/agendový/104/pojem/skládá-se-z-úkonu",
          "description": null,
          "descriptionFromProfiled": "https://slovník.gov.cz/agendový/104/pojem/skládá-se-z-úkonu",
          "iri": "skládá-se-z-úkonu",
          "cardinality": [
            0,
            null
          ],
          "usageNote": null,
          "usageNoteFromProfiled": null,
          "profiling": [
            "https://slovník.gov.cz/agendový/104/pojem/skládá-se-z-úkonu"
          ],
          "externalDocumentationUrl": null,
          "tags": [],
          "concept": "vzdz7p9zzicmaxy6lsd"
        }
      ],
      "id": "m8lgui0qmfmaxy81in",
      "type": [
        "relationship-profile"
      ]
    },
    "vwtg1i2ilbhmaxy9qq6": {
      "ends": [
        {
          "name": null,
          "nameFromProfiled": "https://slovník.gov.cz/agendový/104/pojem/má-identifikátor-služby",
          "description": null,
          "descriptionFromProfiled": "https://slovník.gov.cz/agendový/104/pojem/má-identifikátor-služby",
          "iri": null,
          "cardinality": [
            0,
            null
          ],
          "usageNote": null,
          "usageNoteFromProfiled": null,
          "profiling": [],
          "externalDocumentationUrl": null,
          "tags": [],
          "concept": "2zbo8ftjy8wmaxy81in"
        },
        {
          "name": null,
          "nameFromProfiled": "https://slovník.gov.cz/agendový/104/pojem/má-identifikátor-služby",
          "description": null,
          "descriptionFromProfiled": "https://slovník.gov.cz/agendový/104/pojem/má-identifikátor-služby",
          "iri": "má-identifikátor-služby",
          "cardinality": [
            1,
            1
          ],
          "usageNote": null,
          "usageNoteFromProfiled": null,
          "profiling": [
            "https://slovník.gov.cz/agendový/104/pojem/má-identifikátor-služby"
          ],
          "externalDocumentationUrl": null,
          "tags": [],
          "concept": "http://www.w3.org/2001/XMLSchema#string",
          "languageStringRequiredLanguages": [],
          "regex": "S\\d{1,8}"
        }
      ],
      "id": "vwtg1i2ilbhmaxy9qq6",
      "type": [
        "relationship-profile"
      ]
    },
    "q84tji5bq7maxy9qq6": {
      "ends": [
        {
          "name": null,
          "nameFromProfiled": "https://slovník.gov.cz/agendový/104/pojem/má-název-služby",
          "description": null,
          "descriptionFromProfiled": "https://slovník.gov.cz/agendový/104/pojem/má-název-služby",
          "iri": null,
          "cardinality": [
            0,
            null
          ],
          "usageNote": null,
          "usageNoteFromProfiled": null,
          "profiling": [],
          "externalDocumentationUrl": null,
          "tags": [],
          "concept": "2zbo8ftjy8wmaxy81in"
        },
        {
          "name": null,
          "nameFromProfiled": "https://slovník.gov.cz/agendový/104/pojem/má-název-služby",
          "description": null,
          "descriptionFromProfiled": "https://slovník.gov.cz/agendový/104/pojem/má-název-služby",
          "iri": "má-název-služby",
          "cardinality": [
            1,
            1
          ],
          "usageNote": null,
          "usageNoteFromProfiled": null,
          "profiling": [
            "https://slovník.gov.cz/agendový/104/pojem/má-název-služby"
          ],
          "externalDocumentationUrl": null,
          "tags": [],
          "concept": "https://ofn.gov.cz/zdroj/základní-datové-typy/2020-07-01/text",
          "languageStringRequiredLanguages": []
        }
      ],
      "id": "q84tji5bq7maxy9qq6",
      "type": [
        "relationship-profile"
      ]
    },
    "8d5b2nomoq7maxy9qq6": {
      "iri": "agenda",
      "name": null,
      "nameFromProfiled": "https://slovník.gov.cz/legislativní/sbírka/111/2009/pojem/agenda",
      "description": null,
      "descriptionFromProfiled": "https://slovník.gov.cz/legislativní/sbírka/111/2009/pojem/agenda",
      "usageNote": null,
      "usageNoteFromProfiled": null,
      "profiling": [
        "https://slovník.gov.cz/legislativní/sbírka/111/2009/pojem/agenda"
      ],
      "externalDocumentationUrl": null,
      "tags": [],
      "id": "8d5b2nomoq7maxy9qq6",
      "type": [
        "class-profile"
      ]
    },
    "fet7d95lecgmaxy9qq6": {
      "ends": [
        {
          "name": null,
          "nameFromProfiled": "https://slovník.gov.cz/agendový/104/pojem/je-poskytována-v-rámci-agendy",
          "description": null,
          "descriptionFromProfiled": "https://slovník.gov.cz/agendový/104/pojem/je-poskytována-v-rámci-agendy",
          "iri": null,
          "cardinality": [
            0,
            null
          ],
          "usageNote": null,
          "usageNoteFromProfiled": null,
          "profiling": [],
          "externalDocumentationUrl": null,
          "tags": [],
          "concept": "2zbo8ftjy8wmaxy81in"
        },
        {
          "name": null,
          "nameFromProfiled": "https://slovník.gov.cz/agendový/104/pojem/je-poskytována-v-rámci-agendy",
          "description": null,
          "descriptionFromProfiled": "https://slovník.gov.cz/agendový/104/pojem/je-poskytována-v-rámci-agendy",
          "iri": "je-poskytována-v-rámci-agendy",
          "cardinality": [
            1,
            1
          ],
          "usageNote": null,
          "usageNoteFromProfiled": null,
          "profiling": [
            "https://slovník.gov.cz/agendový/104/pojem/je-poskytována-v-rámci-agendy"
          ],
          "externalDocumentationUrl": null,
          "tags": [],
          "concept": "8d5b2nomoq7maxy9qq6"
        }
      ],
      "id": "fet7d95lecgmaxy9qq6",
      "type": [
        "relationship-profile"
      ]
    },
    "3vhosepmuo1maxybsq4": {
      "ends": [
        {
          "name": null,
          "nameFromProfiled": "https://slovník.gov.cz/legislativní/sbírka/111/2009/pojem/má-kód-agendy",
          "description": null,
          "descriptionFromProfiled": "https://slovník.gov.cz/legislativní/sbírka/111/2009/pojem/má-kód-agendy",
          "iri": null,
          "cardinality": [
            0,
            null
          ],
          "usageNote": null,
          "usageNoteFromProfiled": null,
          "profiling": [],
          "externalDocumentationUrl": null,
          "tags": [],
          "concept": "8d5b2nomoq7maxy9qq6"
        },
        {
          "name": null,
          "nameFromProfiled": "https://slovník.gov.cz/legislativní/sbírka/111/2009/pojem/má-kód-agendy",
          "description": null,
          "descriptionFromProfiled": "https://slovník.gov.cz/legislativní/sbírka/111/2009/pojem/má-kód-agendy",
          "iri": "má-kód-agendy",
          "cardinality": [
            1,
            1
          ],
          "usageNote": null,
          "usageNoteFromProfiled": null,
          "profiling": [
            "https://slovník.gov.cz/legislativní/sbírka/111/2009/pojem/má-kód-agendy"
          ],
          "externalDocumentationUrl": null,
          "tags": [],
          "concept": "http://www.w3.org/2001/XMLSchema#string",
          "languageStringRequiredLanguages": [],
          "regex": "A\\d{1,6}"
        }
      ],
      "id": "3vhosepmuo1maxybsq4",
      "type": [
        "relationship-profile"
      ]
    },
    "o29ejlrps6maxybsq4": {
      "ends": [
        {
          "name": null,
          "nameFromProfiled": "https://slovník.gov.cz/legislativní/sbírka/111/2009/pojem/má-název-agendy",
          "description": null,
          "descriptionFromProfiled": "https://slovník.gov.cz/legislativní/sbírka/111/2009/pojem/má-název-agendy",
          "iri": null,
          "cardinality": [
            0,
            null
          ],
          "usageNote": null,
          "usageNoteFromProfiled": null,
          "profiling": [],
          "externalDocumentationUrl": null,
          "tags": [],
          "concept": "8d5b2nomoq7maxy9qq6"
        },
        {
          "name": null,
          "nameFromProfiled": "https://slovník.gov.cz/legislativní/sbírka/111/2009/pojem/má-název-agendy",
          "description": null,
          "descriptionFromProfiled": "https://slovník.gov.cz/legislativní/sbírka/111/2009/pojem/má-název-agendy",
          "iri": "má-název-agendy",
          "cardinality": [
            1,
            1
          ],
          "usageNote": null,
          "usageNoteFromProfiled": null,
          "profiling": [
            "https://slovník.gov.cz/legislativní/sbírka/111/2009/pojem/má-název-agendy"
          ],
          "externalDocumentationUrl": null,
          "tags": [],
          "concept": "https://ofn.gov.cz/zdroj/základní-datové-typy/2020-07-01/text",
          "languageStringRequiredLanguages": []
        }
      ],
      "id": "o29ejlrps6maxybsq4",
      "type": [
        "relationship-profile"
      ]
    },
    "z002cwutbyjmaxycunj": {
      "ends": [
        {
          "name": null,
          "nameFromProfiled": "https://slovník.gov.cz/agendový/104/pojem/má-identifikátor-isvs",
          "description": null,
          "descriptionFromProfiled": "https://slovník.gov.cz/agendový/104/pojem/má-identifikátor-isvs",
          "iri": null,
          "cardinality": [
            0,
            null
          ],
          "usageNote": null,
          "usageNoteFromProfiled": null,
          "profiling": [],
          "externalDocumentationUrl": null,
          "tags": [],
          "concept": "qal4w1rreanmaxy6lsd"
        },
        {
          "name": null,
          "nameFromProfiled": "https://slovník.gov.cz/agendový/104/pojem/má-identifikátor-isvs",
          "description": null,
          "descriptionFromProfiled": "https://slovník.gov.cz/agendový/104/pojem/má-identifikátor-isvs",
          "iri": "má-identifikátor-isvs",
          "cardinality": [
            1,
            1
          ],
          "usageNote": null,
          "usageNoteFromProfiled": null,
          "profiling": [
            "https://slovník.gov.cz/agendový/104/pojem/má-identifikátor-isvs"
          ],
          "externalDocumentationUrl": null,
          "tags": [],
          "concept": "http://www.w3.org/2001/XMLSchema#string",
          "languageStringRequiredLanguages": [],
          "regex": "\\d{1,6}"
        }
      ],
      "id": "z002cwutbyjmaxycunj",
      "type": [
        "relationship-profile"
      ]
    },
    "2qvpivb3xeemaxycunj": {
      "ends": [
        {
          "name": null,
          "nameFromProfiled": "https://slovník.gov.cz/legislativní/sbírka/329/2020/pojem/název-isvs",
          "description": null,
          "descriptionFromProfiled": "https://slovník.gov.cz/legislativní/sbírka/329/2020/pojem/název-isvs",
          "iri": null,
          "cardinality": [
            0,
            null
          ],
          "usageNote": null,
          "usageNoteFromProfiled": null,
          "profiling": [],
          "externalDocumentationUrl": null,
          "tags": [],
          "concept": "qal4w1rreanmaxy6lsd"
        },
        {
          "name": null,
          "nameFromProfiled": "https://slovník.gov.cz/legislativní/sbírka/329/2020/pojem/název-isvs",
          "description": null,
          "descriptionFromProfiled": "https://slovník.gov.cz/legislativní/sbírka/329/2020/pojem/název-isvs",
          "iri": "název-isvs",
          "cardinality": [
            1,
            1
          ],
          "usageNote": null,
          "usageNoteFromProfiled": null,
          "profiling": [
            "https://slovník.gov.cz/legislativní/sbírka/329/2020/pojem/název-isvs"
          ],
          "externalDocumentationUrl": null,
          "tags": [],
          "concept": "https://ofn.gov.cz/zdroj/základní-datové-typy/2020-07-01/text",
          "languageStringRequiredLanguages": []
        }
      ],
      "id": "2qvpivb3xeemaxycunj",
      "type": [
        "relationship-profile"
      ]
    },
    "glyzclry1h4maxye5j1": {
      "ends": [
        {
          "name": null,
          "nameFromProfiled": "https://slovník.gov.cz/legislativní/sbírka/111/2009/pojem/má-identifikátor-orgánu-veřejné-moci",
          "description": null,
          "descriptionFromProfiled": "https://slovník.gov.cz/legislativní/sbírka/111/2009/pojem/má-identifikátor-orgánu-veřejné-moci",
          "iri": null,
          "cardinality": [
            0,
            null
          ],
          "usageNote": null,
          "usageNoteFromProfiled": null,
          "profiling": [],
          "externalDocumentationUrl": null,
          "tags": [],
          "concept": "5mvhw9mithrmaxy6lsd"
        },
        {
          "name": null,
          "nameFromProfiled": "https://slovník.gov.cz/legislativní/sbírka/111/2009/pojem/má-identifikátor-orgánu-veřejné-moci",
          "description": null,
          "descriptionFromProfiled": "https://slovník.gov.cz/legislativní/sbírka/111/2009/pojem/má-identifikátor-orgánu-veřejné-moci",
          "iri": "má-identifikátor-orgánu-veřejné-moci",
          "cardinality": [
            1,
            1
          ],
          "usageNote": null,
          "usageNoteFromProfiled": null,
          "profiling": [
            "https://slovník.gov.cz/legislativní/sbírka/111/2009/pojem/má-identifikátor-orgánu-veřejné-moci"
          ],
          "externalDocumentationUrl": null,
          "tags": [],
          "concept": "http://www.w3.org/2001/XMLSchema#string",
          "languageStringRequiredLanguages": []
        }
      ],
      "id": "glyzclry1h4maxye5j1",
      "type": [
        "relationship-profile"
      ]
    },
    "8ahiaxdmt1kmaxye5j1": {
      "ends": [
        {
          "name": null,
          "nameFromProfiled": "https://slovník.gov.cz/legislativní/sbírka/111/2009/pojem/má-název-orgánu-veřejné-moci",
          "description": null,
          "descriptionFromProfiled": "https://slovník.gov.cz/legislativní/sbírka/111/2009/pojem/má-název-orgánu-veřejné-moci",
          "iri": null,
          "cardinality": [
            0,
            null
          ],
          "usageNote": null,
          "usageNoteFromProfiled": null,
          "profiling": [],
          "externalDocumentationUrl": null,
          "tags": [],
          "concept": "5mvhw9mithrmaxy6lsd"
        },
        {
          "name": null,
          "nameFromProfiled": "https://slovník.gov.cz/legislativní/sbírka/111/2009/pojem/má-název-orgánu-veřejné-moci",
          "description": null,
          "descriptionFromProfiled": "https://slovník.gov.cz/legislativní/sbírka/111/2009/pojem/má-název-orgánu-veřejné-moci",
          "iri": "má-název-orgánu-veřejné-moci",
          "cardinality": [
            1,
            1
          ],
          "usageNote": null,
          "usageNoteFromProfiled": null,
          "profiling": [
            "https://slovník.gov.cz/legislativní/sbírka/111/2009/pojem/má-název-orgánu-veřejné-moci"
          ],
          "externalDocumentationUrl": null,
          "tags": [],
          "concept": "https://ofn.gov.cz/zdroj/základní-datové-typy/2020-07-01/text",
          "languageStringRequiredLanguages": []
        }
      ],
      "id": "8ahiaxdmt1kmaxye5j1",
      "type": [
        "relationship-profile"
      ]
    },
    "8f2az1pffb9maxygo98": {
      "ends": [
        {
          "name": null,
          "nameFromProfiled": "https://slovník.gov.cz/legislativní/sbírka/89/2012/pojem/jméno-fyzické-osoby",
          "description": null,
          "descriptionFromProfiled": "https://slovník.gov.cz/legislativní/sbírka/89/2012/pojem/jméno-fyzické-osoby",
          "iri": null,
          "cardinality": [
            0,
            null
          ],
          "usageNote": null,
          "usageNoteFromProfiled": null,
          "profiling": [],
          "externalDocumentationUrl": null,
          "tags": [],
          "concept": "yf62k05878maxy6lsd"
        },
        {
          "name": null,
          "nameFromProfiled": "https://slovník.gov.cz/legislativní/sbírka/89/2012/pojem/jméno-fyzické-osoby",
          "description": null,
          "descriptionFromProfiled": "https://slovník.gov.cz/legislativní/sbírka/89/2012/pojem/jméno-fyzické-osoby",
          "iri": "jméno-fyzické-osoby",
          "cardinality": [
            1,
            1
          ],
          "usageNote": null,
          "usageNoteFromProfiled": null,
          "profiling": [
            "https://slovník.gov.cz/legislativní/sbírka/89/2012/pojem/jméno-fyzické-osoby"
          ],
          "externalDocumentationUrl": null,
          "tags": [],
          "concept": "http://www.w3.org/2001/XMLSchema#string",
          "languageStringRequiredLanguages": []
        }
      ],
      "id": "8f2az1pffb9maxygo98",
      "type": [
        "relationship-profile"
      ]
    },
    "ymdpqdasdynmaxygo98": {
      "ends": [
        {
          "name": null,
          "nameFromProfiled": "https://slovník.gov.cz/legislativní/sbírka/89/2012/pojem/další-jméno-fyzické-osoby",
          "description": null,
          "descriptionFromProfiled": "https://slovník.gov.cz/legislativní/sbírka/89/2012/pojem/další-jméno-fyzické-osoby",
          "iri": null,
          "cardinality": [
            0,
            null
          ],
          "usageNote": null,
          "usageNoteFromProfiled": null,
          "profiling": [],
          "externalDocumentationUrl": null,
          "tags": [],
          "concept": "yf62k05878maxy6lsd"
        },
        {
          "name": null,
          "nameFromProfiled": "https://slovník.gov.cz/legislativní/sbírka/89/2012/pojem/další-jméno-fyzické-osoby",
          "description": null,
          "descriptionFromProfiled": "https://slovník.gov.cz/legislativní/sbírka/89/2012/pojem/další-jméno-fyzické-osoby",
          "iri": "další-jméno-fyzické-osoby",
          "cardinality": [
            0,
            1
          ],
          "usageNote": null,
          "usageNoteFromProfiled": null,
          "profiling": [
            "https://slovník.gov.cz/legislativní/sbírka/89/2012/pojem/další-jméno-fyzické-osoby"
          ],
          "externalDocumentationUrl": null,
          "tags": [],
          "concept": "http://www.w3.org/2001/XMLSchema#string",
          "languageStringRequiredLanguages": []
        }
      ],
      "id": "ymdpqdasdynmaxygo98",
      "type": [
        "relationship-profile"
      ]
    },
    "rhemnkmsl2omaxygo99": {
      "ends": [
        {
          "name": null,
          "nameFromProfiled": "https://slovník.gov.cz/legislativní/sbírka/89/2012/pojem/příjmení-fyzické-osoby",
          "description": null,
          "descriptionFromProfiled": "https://slovník.gov.cz/legislativní/sbírka/89/2012/pojem/příjmení-fyzické-osoby",
          "iri": null,
          "cardinality": [
            0,
            null
          ],
          "usageNote": null,
          "usageNoteFromProfiled": null,
          "profiling": [],
          "externalDocumentationUrl": null,
          "tags": [],
          "concept": "yf62k05878maxy6lsd"
        },
        {
          "name": null,
          "nameFromProfiled": "https://slovník.gov.cz/legislativní/sbírka/89/2012/pojem/příjmení-fyzické-osoby",
          "description": null,
          "descriptionFromProfiled": "https://slovník.gov.cz/legislativní/sbírka/89/2012/pojem/příjmení-fyzické-osoby",
          "iri": "příjmení-fyzické-osoby",
          "cardinality": [
            1,
            1
          ],
          "usageNote": null,
          "usageNoteFromProfiled": null,
          "profiling": [
            "https://slovník.gov.cz/legislativní/sbírka/89/2012/pojem/příjmení-fyzické-osoby"
          ],
          "externalDocumentationUrl": null,
          "tags": [],
          "concept": "http://www.w3.org/2001/XMLSchema#string",
          "languageStringRequiredLanguages": []
        }
      ],
      "id": "rhemnkmsl2omaxygo99",
      "type": [
        "relationship-profile"
      ]
    },
    "qann9mnksaomaxygo99": {
      "ends": [
        {
          "name": null,
          "nameFromProfiled": "https://slovník.gov.cz/generický/eu-1501-2015-e-idas-prováděcí/pojem/datum-narození",
          "description": null,
          "descriptionFromProfiled": "https://slovník.gov.cz/generický/eu-1501-2015-e-idas-prováděcí/pojem/datum-narození",
          "iri": null,
          "cardinality": [
            0,
            null
          ],
          "usageNote": null,
          "usageNoteFromProfiled": null,
          "profiling": [],
          "externalDocumentationUrl": null,
          "tags": [],
          "concept": "yf62k05878maxy6lsd"
        },
        {
          "name": null,
          "nameFromProfiled": "https://slovník.gov.cz/generický/eu-1501-2015-e-idas-prováděcí/pojem/datum-narození",
          "description": null,
          "descriptionFromProfiled": "https://slovník.gov.cz/generický/eu-1501-2015-e-idas-prováděcí/pojem/datum-narození",
          "iri": "datum-narození",
          "cardinality": [
            1,
            1
          ],
          "usageNote": null,
          "usageNoteFromProfiled": null,
          "profiling": [
            "https://slovník.gov.cz/generický/eu-1501-2015-e-idas-prováděcí/pojem/datum-narození"
          ],
          "externalDocumentationUrl": null,
          "tags": [],
          "concept": "http://www.w3.org/2001/XMLSchema#date",
          "languageStringRequiredLanguages": []
        }
      ],
      "id": "qann9mnksaomaxygo99",
      "type": [
        "relationship-profile"
      ]
    },
    "iydj1pl6mdjmaxygo99": {
      "iri": "bydliště-fyzické-osoby",
      "name": null,
      "nameFromProfiled": "https://slovník.gov.cz/legislativní/sbírka/89/2012/pojem/bydliště-fyzické-osoby",
      "description": null,
      "descriptionFromProfiled": "https://slovník.gov.cz/legislativní/sbírka/89/2012/pojem/bydliště-fyzické-osoby",
      "usageNote": null,
      "usageNoteFromProfiled": null,
      "profiling": [
        "https://slovník.gov.cz/legislativní/sbírka/89/2012/pojem/bydliště-fyzické-osoby"
      ],
      "externalDocumentationUrl": null,
      "tags": [],
      "id": "iydj1pl6mdjmaxygo99",
      "type": [
        "class-profile"
      ]
    },
    "ephsn5cb2llmaxygo99": {
      "ends": [
        {
          "name": null,
          "nameFromProfiled": "https://slovník.gov.cz/legislativní/sbírka/89/2012/pojem/má-bydliště-fyzické-osoby",
          "description": null,
          "descriptionFromProfiled": "https://slovník.gov.cz/legislativní/sbírka/89/2012/pojem/má-bydliště-fyzické-osoby",
          "iri": null,
          "cardinality": [
            1,
            null
          ],
          "usageNote": null,
          "usageNoteFromProfiled": null,
          "profiling": [],
          "externalDocumentationUrl": null,
          "tags": [],
          "concept": "yf62k05878maxy6lsd"
        },
        {
          "name": null,
          "nameFromProfiled": "https://slovník.gov.cz/legislativní/sbírka/89/2012/pojem/má-bydliště-fyzické-osoby",
          "description": null,
          "descriptionFromProfiled": "https://slovník.gov.cz/legislativní/sbírka/89/2012/pojem/má-bydliště-fyzické-osoby",
          "iri": "má-bydliště-fyzické-osoby",
          "cardinality": [
            0,
            1
          ],
          "usageNote": null,
          "usageNoteFromProfiled": null,
          "profiling": [
            "https://slovník.gov.cz/legislativní/sbírka/89/2012/pojem/má-bydliště-fyzické-osoby"
          ],
          "externalDocumentationUrl": null,
          "tags": [],
          "concept": "iydj1pl6mdjmaxygo99"
        }
      ],
      "id": "ephsn5cb2llmaxygo99",
      "type": [
        "relationship-profile"
      ]
    },
    "6gzuiyrdxp4maxygo9a": {
      "iri": "elektronická-identifikace",
      "name": null,
      "nameFromProfiled": "https://slovník.gov.cz/legislativní/sbírka/12/2020/pojem/elektronická-identifikace",
      "description": null,
      "descriptionFromProfiled": "https://slovník.gov.cz/legislativní/sbírka/12/2020/pojem/elektronická-identifikace",
      "usageNote": null,
      "usageNoteFromProfiled": null,
      "profiling": [
        "https://slovník.gov.cz/legislativní/sbírka/12/2020/pojem/elektronická-identifikace"
      ],
      "externalDocumentationUrl": null,
      "tags": [],
      "id": "6gzuiyrdxp4maxygo9a",
      "type": [
        "class-profile"
      ]
    },
    "cgcjl4vlw34maxygo9a": {
      "ends": [
        {
          "name": null,
          "nameFromProfiled": "https://slovník.gov.cz/generický/datový-slovník-záznamu-informačního-systému-nahrazujícího-úředně-ověřený-podpis/pojem/je-autentizována",
          "description": null,
          "descriptionFromProfiled": "https://slovník.gov.cz/generický/datový-slovník-záznamu-informačního-systému-nahrazujícího-úředně-ověřený-podpis/pojem/je-autentizována",
          "iri": null,
          "cardinality": [
            0,
            null
          ],
          "usageNote": null,
          "usageNoteFromProfiled": null,
          "profiling": [],
          "externalDocumentationUrl": null,
          "tags": [],
          "concept": "yf62k05878maxy6lsd"
        },
        {
          "name": null,
          "nameFromProfiled": "https://slovník.gov.cz/generický/datový-slovník-záznamu-informačního-systému-nahrazujícího-úředně-ověřený-podpis/pojem/je-autentizována",
          "description": null,
          "descriptionFromProfiled": "https://slovník.gov.cz/generický/datový-slovník-záznamu-informačního-systému-nahrazujícího-úředně-ověřený-podpis/pojem/je-autentizována",
          "iri": "je-autentizována",
          "cardinality": [
            0,
            1
          ],
          "usageNote": null,
          "usageNoteFromProfiled": null,
          "profiling": [
            "https://slovník.gov.cz/generický/datový-slovník-záznamu-informačního-systému-nahrazujícího-úředně-ověřený-podpis/pojem/je-autentizována"
          ],
          "externalDocumentationUrl": null,
          "tags": [],
          "concept": "6gzuiyrdxp4maxygo9a"
        }
      ],
      "id": "cgcjl4vlw34maxygo9a",
      "type": [
        "relationship-profile"
      ]
    },
    "mz9h1sbailcmaxyi0zg": {
      "ends": [
        {
          "name": null,
          "nameFromProfiled": "https://slovník.gov.cz/legislativní/sbírka/89/2012/pojem/má-místo-bydliště",
          "description": null,
          "descriptionFromProfiled": "https://slovník.gov.cz/legislativní/sbírka/89/2012/pojem/má-místo-bydliště",
          "iri": null,
          "cardinality": [
            0,
            null
          ],
          "usageNote": null,
          "usageNoteFromProfiled": null,
          "profiling": [],
          "externalDocumentationUrl": null,
          "tags": [],
          "concept": "iydj1pl6mdjmaxygo99"
        },
        {
          "name": null,
          "nameFromProfiled": "https://slovník.gov.cz/legislativní/sbírka/89/2012/pojem/má-místo-bydliště",
          "description": null,
          "descriptionFromProfiled": "https://slovník.gov.cz/legislativní/sbírka/89/2012/pojem/má-místo-bydliště",
          "iri": "má-místo-bydliště",
          "cardinality": [
            1,
            1
          ],
          "usageNote": null,
          "usageNoteFromProfiled": null,
          "profiling": [
            "https://slovník.gov.cz/legislativní/sbírka/89/2012/pojem/má-místo-bydliště"
          ],
          "externalDocumentationUrl": null,
          "tags": [],
          "concept": "1vh3b3swisbmaxxryn6"
        }
      ],
      "id": "mz9h1sbailcmaxyi0zg",
      "type": [
        "relationship-profile"
      ]
    },
    "3tliazb5dkmmaxyjc4b": {
      "ends": [
        {
          "name": null,
          "nameFromProfiled": "https://slovník.gov.cz/legislativní/sbírka/12/2020/pojem/datum-a-čas-elektronické-identifikace",
          "description": null,
          "descriptionFromProfiled": "https://slovník.gov.cz/legislativní/sbírka/12/2020/pojem/datum-a-čas-elektronické-identifikace",
          "iri": null,
          "cardinality": [
            0,
            null
          ],
          "usageNote": null,
          "usageNoteFromProfiled": null,
          "profiling": [],
          "externalDocumentationUrl": null,
          "tags": [],
          "concept": "6gzuiyrdxp4maxygo9a"
        },
        {
          "name": null,
          "nameFromProfiled": "https://slovník.gov.cz/legislativní/sbírka/12/2020/pojem/datum-a-čas-elektronické-identifikace",
          "description": null,
          "descriptionFromProfiled": "https://slovník.gov.cz/legislativní/sbírka/12/2020/pojem/datum-a-čas-elektronické-identifikace",
          "iri": "datum-a-čas-elektronické-identifikace",
          "cardinality": [
            1,
            1
          ],
          "usageNote": null,
          "usageNoteFromProfiled": null,
          "profiling": [
            "https://slovník.gov.cz/legislativní/sbírka/12/2020/pojem/datum-a-čas-elektronické-identifikace"
          ],
          "externalDocumentationUrl": null,
          "tags": [],
          "concept": "http://www.w3.org/2001/XMLSchema#dateTime",
          "languageStringRequiredLanguages": []
        }
      ],
      "id": "3tliazb5dkmmaxyjc4b",
      "type": [
        "relationship-profile"
      ]
    },
    "c65z8x1le1amaxyjc4c": {
      "ends": [
        {
          "name": null,
          "nameFromProfiled": "https://slovník.gov.cz/legislativní/sbírka/12/2020/pojem/identifikátor-elektronické-identifikace",
          "description": null,
          "descriptionFromProfiled": "https://slovník.gov.cz/legislativní/sbírka/12/2020/pojem/identifikátor-elektronické-identifikace",
          "iri": null,
          "cardinality": [
            0,
            null
          ],
          "usageNote": null,
          "usageNoteFromProfiled": null,
          "profiling": [],
          "externalDocumentationUrl": null,
          "tags": [],
          "concept": "6gzuiyrdxp4maxygo9a"
        },
        {
          "name": null,
          "nameFromProfiled": "https://slovník.gov.cz/legislativní/sbírka/12/2020/pojem/identifikátor-elektronické-identifikace",
          "description": null,
          "descriptionFromProfiled": "https://slovník.gov.cz/legislativní/sbírka/12/2020/pojem/identifikátor-elektronické-identifikace",
          "iri": "identifikátor-elektronické-identifikace",
          "cardinality": [
            1,
            1
          ],
          "usageNote": null,
          "usageNoteFromProfiled": null,
          "profiling": [
            "https://slovník.gov.cz/legislativní/sbírka/12/2020/pojem/identifikátor-elektronické-identifikace"
          ],
          "externalDocumentationUrl": null,
          "tags": [],
          "concept": "http://www.w3.org/2001/XMLSchema#string",
          "languageStringRequiredLanguages": []
        }
      ],
      "id": "c65z8x1le1amaxyjc4c",
      "type": [
        "relationship-profile"
      ]
    },
    "zhhror979cimaxyjc4c": {
      "iri": "prostředek-pro-elektronickou-identifikaci",
      "name": null,
      "nameFromProfiled": "https://slovník.gov.cz/generický/eu-910-2014-e-idas/pojem/prostředek-pro-elektronickou-identifikaci",
      "description": null,
      "descriptionFromProfiled": "https://slovník.gov.cz/generický/eu-910-2014-e-idas/pojem/prostředek-pro-elektronickou-identifikaci",
      "usageNote": null,
      "usageNoteFromProfiled": null,
      "profiling": [
        "https://slovník.gov.cz/generický/eu-910-2014-e-idas/pojem/prostředek-pro-elektronickou-identifikaci"
      ],
      "externalDocumentationUrl": null,
      "tags": [],
      "id": "zhhror979cimaxyjc4c",
      "type": [
        "class-profile"
      ]
    },
    "x134de2dhvmaxyjc4c": {
      "ends": [
        {
          "name": null,
          "nameFromProfiled": "https://slovník.gov.cz/generický/eu-910-2014-e-idas/pojem/probíhá-pomocí-prostředku-pro-elektronickou-identifikaci",
          "description": null,
          "descriptionFromProfiled": "https://slovník.gov.cz/generický/eu-910-2014-e-idas/pojem/probíhá-pomocí-prostředku-pro-elektronickou-identifikaci",
          "iri": null,
          "cardinality": [
            0,
            null
          ],
          "usageNote": null,
          "usageNoteFromProfiled": null,
          "profiling": [],
          "externalDocumentationUrl": null,
          "tags": [],
          "concept": "6gzuiyrdxp4maxygo9a"
        },
        {
          "name": null,
          "nameFromProfiled": "https://slovník.gov.cz/generický/eu-910-2014-e-idas/pojem/probíhá-pomocí-prostředku-pro-elektronickou-identifikaci",
          "description": null,
          "descriptionFromProfiled": "https://slovník.gov.cz/generický/eu-910-2014-e-idas/pojem/probíhá-pomocí-prostředku-pro-elektronickou-identifikaci",
          "iri": "probíhá-pomocí-prostředku-pro-elektronickou-identifikaci",
          "cardinality": [
            1,
            1
          ],
          "usageNote": null,
          "usageNoteFromProfiled": null,
          "profiling": [
            "https://slovník.gov.cz/generický/eu-910-2014-e-idas/pojem/probíhá-pomocí-prostředku-pro-elektronickou-identifikaci"
          ],
          "externalDocumentationUrl": null,
          "tags": [],
          "concept": "zhhror979cimaxyjc4c"
        }
      ],
      "id": "x134de2dhvmaxyjc4c",
      "type": [
        "relationship-profile"
      ]
    },
    "vm2ncu6leemaxyk9fn": {
      "iri": "úroveň-záruky",
      "name": null,
      "nameFromProfiled": "https://slovník.gov.cz/generický/eu-910-2014-e-idas/pojem/úroveň-záruky",
      "description": null,
      "descriptionFromProfiled": "https://slovník.gov.cz/generický/eu-910-2014-e-idas/pojem/úroveň-záruky",
      "usageNote": null,
      "usageNoteFromProfiled": null,
      "profiling": [
        "https://slovník.gov.cz/generický/eu-910-2014-e-idas/pojem/úroveň-záruky"
      ],
      "externalDocumentationUrl": null,
      "tags": [],
      "id": "vm2ncu6leemaxyk9fn",
      "type": [
        "class-profile"
      ],
      "regex": "^http://eidas.europa.eu/LoA/.+$",
      "example": [
        "http://eidas.europa.eu/LoA/high"
      ]
    },
    "2q9x8b78lunmaxyk9fn": {
      "ends": [
        {
          "name": null,
          "nameFromProfiled": "https://slovník.gov.cz/generický/eu-910-2014-e-idas/pojem/má-úroveň-záruky",
          "description": null,
          "descriptionFromProfiled": "https://slovník.gov.cz/generický/eu-910-2014-e-idas/pojem/má-úroveň-záruky",
          "iri": null,
          "cardinality": [
            0,
            null
          ],
          "usageNote": null,
          "usageNoteFromProfiled": null,
          "profiling": [],
          "externalDocumentationUrl": null,
          "tags": [],
          "concept": "zhhror979cimaxyjc4c"
        },
        {
          "name": null,
          "nameFromProfiled": "https://slovník.gov.cz/generický/eu-910-2014-e-idas/pojem/má-úroveň-záruky",
          "description": null,
          "descriptionFromProfiled": "https://slovník.gov.cz/generický/eu-910-2014-e-idas/pojem/má-úroveň-záruky",
          "iri": "má-úroveň-záruky",
          "cardinality": [
            1,
            1
          ],
          "usageNote": null,
          "usageNoteFromProfiled": null,
          "profiling": [
            "https://slovník.gov.cz/generický/eu-910-2014-e-idas/pojem/má-úroveň-záruky"
          ],
          "externalDocumentationUrl": null,
          "tags": [],
          "concept": "vm2ncu6leemaxyk9fn"
        }
      ],
      "id": "2q9x8b78lunmaxyk9fn",
      "type": [
        "relationship-profile"
      ]
    },
    "sbtl70f3j1lmaxyklbz": {
      "ends": [
        {
          "name": null,
          "nameFromProfiled": "https://slovník.gov.cz/datový/číselníky/pojem/kód-položky-číselníku",
          "description": null,
          "descriptionFromProfiled": "https://slovník.gov.cz/datový/číselníky/pojem/kód-položky-číselníku",
          "iri": null,
          "cardinality": [
            0,
            null
          ],
          "usageNote": null,
          "usageNoteFromProfiled": null,
          "profiling": [],
          "externalDocumentationUrl": null,
          "tags": [],
          "concept": "vm2ncu6leemaxyk9fn"
        },
        {
          "name": null,
          "nameFromProfiled": "https://slovník.gov.cz/datový/číselníky/pojem/kód-položky-číselníku",
          "description": null,
          "descriptionFromProfiled": "https://slovník.gov.cz/datový/číselníky/pojem/kód-položky-číselníku",
          "iri": "kód-položky-číselníku",
          "cardinality": [
            1,
            1
          ],
          "usageNote": null,
          "usageNoteFromProfiled": null,
          "profiling": [
            "https://slovník.gov.cz/datový/číselníky/pojem/kód-položky-číselníku"
          ],
          "externalDocumentationUrl": null,
          "tags": [],
          "concept": "http://www.w3.org/2001/XMLSchema#string",
          "languageStringRequiredLanguages": []
        }
      ],
      "id": "sbtl70f3j1lmaxyklbz",
      "type": [
        "relationship-profile"
      ]
    },
    "mb3kkbojasmaxyklbz": {
      "ends": [
        {
          "name": null,
          "nameFromProfiled": "https://slovník.gov.cz/datový/číselníky/pojem/plný-název-položky-číselníku",
          "description": null,
          "descriptionFromProfiled": "https://slovník.gov.cz/datový/číselníky/pojem/plný-název-položky-číselníku",
          "iri": null,
          "cardinality": [
            0,
            null
          ],
          "usageNote": null,
          "usageNoteFromProfiled": null,
          "profiling": [],
          "externalDocumentationUrl": null,
          "tags": [],
          "concept": "vm2ncu6leemaxyk9fn"
        },
        {
          "name": null,
          "nameFromProfiled": "https://slovník.gov.cz/datový/číselníky/pojem/plný-název-položky-číselníku",
          "description": null,
          "descriptionFromProfiled": "https://slovník.gov.cz/datový/číselníky/pojem/plný-název-položky-číselníku",
          "iri": "plný-název-položky-číselníku",
          "cardinality": [
            1,
            1
          ],
          "usageNote": null,
          "usageNoteFromProfiled": null,
          "profiling": [
            "https://slovník.gov.cz/datový/číselníky/pojem/plný-název-položky-číselníku"
          ],
          "externalDocumentationUrl": null,
          "tags": [],
          "concept": "https://ofn.gov.cz/zdroj/základní-datové-typy/2020-07-01/text",
          "languageStringRequiredLanguages": []
        }
      ],
      "id": "mb3kkbojasmaxyklbz",
      "type": [
        "relationship-profile"
      ]
    },
    "chqgmd53hvimaxym427": {
      "ends": [
        {
          "name": null,
          "nameFromProfiled": "https://slovník.gov.cz/generický/datový-slovník-záznamu-informačního-systému-nahrazujícího-úředně-ověřený-podpis/pojem/zastoupený",
          "description": null,
          "descriptionFromProfiled": "https://slovník.gov.cz/generický/datový-slovník-záznamu-informačního-systému-nahrazujícího-úředně-ověřený-podpis/pojem/zastoupený",
          "iri": null,
          "cardinality": [
            0,
            null
          ],
          "usageNote": null,
          "usageNoteFromProfiled": null,
          "profiling": [],
          "externalDocumentationUrl": null,
          "tags": [],
          "concept": "t40aweba7cbmaxy6lsd"
        },
        {
          "name": null,
          "nameFromProfiled": "https://slovník.gov.cz/generický/datový-slovník-záznamu-informačního-systému-nahrazujícího-úředně-ověřený-podpis/pojem/zastoupený",
          "description": null,
          "descriptionFromProfiled": "https://slovník.gov.cz/generický/datový-slovník-záznamu-informačního-systému-nahrazujícího-úředně-ověřený-podpis/pojem/zastoupený",
          "iri": "zastoupený",
          "cardinality": [
            1,
            1
          ],
          "usageNote": null,
          "usageNoteFromProfiled": null,
          "profiling": [
            "https://slovník.gov.cz/generický/datový-slovník-záznamu-informačního-systému-nahrazujícího-úředně-ověřený-podpis/pojem/zastoupený"
          ],
          "externalDocumentationUrl": null,
          "tags": [],
          "concept": "yf62k05878maxy6lsd"
        }
      ],
      "id": "chqgmd53hvimaxym427",
      "type": [
        "relationship-profile"
      ]
    },
    "zfpwhvypmxmaxym427": {
      "ends": [
        {
          "name": null,
          "nameFromProfiled": "https://slovník.gov.cz/generický/datový-slovník-záznamu-informačního-systému-nahrazujícího-úředně-ověřený-podpis/pojem/zástupce",
          "description": null,
          "descriptionFromProfiled": "https://slovník.gov.cz/generický/datový-slovník-záznamu-informačního-systému-nahrazujícího-úředně-ověřený-podpis/pojem/zástupce",
          "iri": null,
          "cardinality": [
            0,
            null
          ],
          "usageNote": null,
          "usageNoteFromProfiled": null,
          "profiling": [],
          "externalDocumentationUrl": null,
          "tags": [],
          "concept": "t40aweba7cbmaxy6lsd"
        },
        {
          "name": null,
          "nameFromProfiled": "https://slovník.gov.cz/generický/datový-slovník-záznamu-informačního-systému-nahrazujícího-úředně-ověřený-podpis/pojem/zástupce",
          "description": null,
          "descriptionFromProfiled": "https://slovník.gov.cz/generický/datový-slovník-záznamu-informačního-systému-nahrazujícího-úředně-ověřený-podpis/pojem/zástupce",
          "iri": "zástupce",
          "cardinality": [
            1,
            1
          ],
          "usageNote": null,
          "usageNoteFromProfiled": null,
          "profiling": [
            "https://slovník.gov.cz/generický/datový-slovník-záznamu-informačního-systému-nahrazujícího-úředně-ověřený-podpis/pojem/zástupce"
          ],
          "externalDocumentationUrl": null,
          "tags": [],
          "concept": "yf62k05878maxy6lsd"
        }
      ],
      "id": "zfpwhvypmxmaxym427",
      "type": [
        "relationship-profile"
      ]
    },
    "qta0sq2n6x9maxym427": {
      "ends": [
        {
          "name": null,
          "nameFromProfiled": "https://slovník.gov.cz/legislativní/sbírka/111/2009/pojem/identifikátor-oprávnění-k-zastupování",
          "description": null,
          "descriptionFromProfiled": "https://slovník.gov.cz/legislativní/sbírka/111/2009/pojem/identifikátor-oprávnění-k-zastupování",
          "iri": null,
          "cardinality": [
            0,
            null
          ],
          "usageNote": null,
          "usageNoteFromProfiled": null,
          "profiling": [],
          "externalDocumentationUrl": null,
          "tags": [],
          "concept": "t40aweba7cbmaxy6lsd"
        },
        {
          "name": null,
          "nameFromProfiled": "https://slovník.gov.cz/legislativní/sbírka/111/2009/pojem/identifikátor-oprávnění-k-zastupování",
          "description": null,
          "descriptionFromProfiled": "https://slovník.gov.cz/legislativní/sbírka/111/2009/pojem/identifikátor-oprávnění-k-zastupování",
          "iri": "identifikátor-oprávnění-k-zastupování",
          "cardinality": [
            1,
            1
          ],
          "usageNote": null,
          "usageNoteFromProfiled": null,
          "profiling": [
            "https://slovník.gov.cz/legislativní/sbírka/111/2009/pojem/identifikátor-oprávnění-k-zastupování"
          ],
          "externalDocumentationUrl": null,
          "tags": [],
          "concept": "http://www.w3.org/2001/XMLSchema#string",
          "languageStringRequiredLanguages": []
        }
      ],
      "id": "qta0sq2n6x9maxym427",
      "type": [
        "relationship-profile"
      ]
    }
  }
}