{
  "iri": "6c2612fd-8773-4646-84fa-566478ed474e",
  "types": [
    "http://dataspecer.com/resources/v1/psm"
  ],
  "userMetadata": {
    "label": {
      "en": "Záznam informačního systému nahrazující úředně ověřený podpis",
      "cs": "Záznam informačního systému nahrazující úředně ověřený podpis"
    },
    "description": {
      "en": "Data structure for Záznam informačního systému nahrazující úředně ověřený podpis. Záznam informačního systému veřejné správy opatřený kvalifikovanou elektronickou pečetí a kvalifikovaným elektronickým časovým razítkem jeho správce o provedení elektronické identifikace podepisujícího prostřednictvím kvalifikovaného systému elektronické identifikace s úrovní záruky vysoká",
      "cs": "Datová struktura pro Záznam informačního systému nahrazující úředně ověřený podpis. Záznam informačního systému veřejné správy opatřený kvalifikovanou elektronickou pečetí a kvalifikovaným elektronickým časovým razítkem jeho správce o provedení elektronické identifikace podepisujícího prostřednictvím kvalifikovaného systému elektronické identifikace s úrovní záruky vysoká"
    }
  },
  "metadata": {
    "creationDate": "2025-05-21T12:44:23.554Z",
    "modificationDate": "2025-05-21T15:07:19.749Z"
  },
  "_version": 1,
  "_exportVersion": 1,
  "_exportedAt": "2025-05-21T15:12:38.226Z",
  "_exportedBy": "http://localhost:3100"
}