{
  "identifier": "9njco",
  "version": 1,
  "type": "http://dataspecer.com/resources/local/visual-model",
  "entities": [
    {
      "identifier": "9njco-model-metadata-entity",
      "type": [
        "entity-model-type"
      ],
      "label": {
        "en": "Default"
      }
    },
    {
      "type": [
        "http://dataspecer.com/resources/local/visual-model"
      ],
      "representedModel": "3e847baf-8816-493f-874c-30c6b18c3c96",
      "color": "#fc440f",
      "identifier": "ikcjv"
    },
    {
      "type": [
        "http://dataspecer.com/resources/local/visual-model"
      ],
      "representedModel": "cacfed33-b68c-4663-8e33-b0aa41112ba3",
      "color": "#8da266",
      "identifier": "y64oq"
    }
  ]
}