{
  "operations": [
    {
      "types": [
        "core-operation",
        "https://ofn.gov.cz/slovník/psm/CreateClass"
      ],
      "iri": "https://ofn.gov.cz/operation/1747831549226-5317-3dd8-a73b",
      "parent": null,
      "dataPsmNewIri": null,
      "dataPsmInterpretation": "1vh3b3swisbmaxxryn6",
      "dataPsmTechnicalLabel": "místo",
      "dataPsmHumanLabel": null,
      "dataPsmHumanDescription": null,
      "dataPsmExtends": [],
      "dataPsmIsClosed": null
    },
    {
      "types": [
        "core-operation",
        "https://ofn.gov.cz/slovník/psm/SetRoots"
      ],
      "iri": "https://ofn.gov.cz/operation/1747831549249-e316-0666-96b7",
      "parent": "https://ofn.gov.cz/operation/1747831549226-5317-3dd8-a73b",
      "dataPsmRoots": [
        "https://ofn.gov.cz/class/1747831549226-6aa7-64bc-9cd4"
      ]
    },
    {
      "types": [
        "core-operation",
        "https://ofn.gov.cz/slovník/psm/SetHumanLabel"
      ],
      "iri": "https://ofn.gov.cz/operation/1747831549270-b9da-0900-bee2",
      "parent": "https://ofn.gov.cz/operation/1747831549249-e316-0666-96b7",
      "dataPsmResource": "b9dac3cf-a90a-4654-ac54-4d242f79fe2e",
      "dataPsmHumanLabel": {
        "en": "Místo",
        "cs": "Místo"
      }
    },
    {
      "types": [
        "core-operation",
        "https://ofn.gov.cz/slovník/psm/SetHumanDescription"
      ],
      "iri": "https://ofn.gov.cz/operation/1747831549293-f148-286c-b691",
      "parent": "https://ofn.gov.cz/operation/1747831549270-b9da-0900-bee2",
      "dataPsmResource": "b9dac3cf-a90a-4654-ac54-4d242f79fe2e",
      "dataPsmHumanDescription": {
        "en": "Data structure for Místo. ",
        "cs": "Datová struktura pro Místo. "
      }
    },
    {
      "types": [
        "core-operation",
        "https://ofn.gov.cz/slovník/psm/extensions/xml/setNamespace"
      ],
      "iri": "https://ofn.gov.cz/operation/1747831576389-5dba-64ab-9d55",
      "parent": "https://ofn.gov.cz/operation/1747831549293-f148-286c-b691",
      "dataPsmSchema": "b9dac3cf-a90a-4654-ac54-4d242f79fe2e",
      "namespace": "http://dia.gov.cz/ns/spolecne-casti-elektronickych-dokumentu/mista",
      "namespacePrefix": "místa"
    },
    {
      "types": [
        "core-operation",
        "https://ofn.gov.cz/slovník/psm/SetJsonEnforceContext"
      ],
      "iri": "https://ofn.gov.cz/operation/1747831576405-646e-8d9d-a7af",
      "parent": "https://ofn.gov.cz/operation/1747831576389-5dba-64ab-9d55",
      "dataPsmEntity": "b9dac3cf-a90a-4654-ac54-4d242f79fe2e",
      "jsonEnforceContext": "no"
    },
    {
      "types": [
        "core-operation",
        "https://ofn.gov.cz/slovník/psm/CreateContainer"
      ],
      "iri": "https://ofn.gov.cz/operation/1747831585122-5533-e60d-9d58",
      "parent": "https://ofn.gov.cz/operation/1747831576405-646e-8d9d-a7af",
      "dataPsmNewIri": null,
      "dataPsmInterpretation": null,
      "dataPsmTechnicalLabel": null,
      "dataPsmHumanLabel": null,
      "dataPsmHumanDescription": null,
      "dataPsmOwner": "https://ofn.gov.cz/class/1747831549226-6aa7-64bc-9cd4",
      "dataPsmContainerType": "choice"
    },
    {
      "types": [
        "core-operation",
        "https://ofn.gov.cz/slovník/psm/SetCardinality"
      ],
      "iri": "https://ofn.gov.cz/operation/1747831585148-a4ca-0e64-ace0",
      "parent": "https://ofn.gov.cz/operation/1747831585122-5533-e60d-9d58",
      "entityId": "https://ofn.gov.cz/Container/1747831585122-d2f1-63fe-8a62",
      "dataPsmCardinality": [
        1,
        1
      ]
    },
    {
      "types": [
        "core-operation",
        "https://ofn.gov.cz/slovník/psm/CreateAttribute"
      ],
      "iri": "https://ofn.gov.cz/operation/1747831621815-e9b1-70c4-af81",
      "parent": "https://ofn.gov.cz/operation/1747831585148-a4ca-0e64-ace0",
      "dataPsmNewIri": null,
      "dataPsmInterpretation": "0lti3cqkmuymaxxtinn",
      "dataPsmTechnicalLabel": "adresa_neevidovaná_v_rúian",
      "dataPsmHumanLabel": null,
      "dataPsmHumanDescription": null,
      "dataPsmOwner": "https://ofn.gov.cz/Container/1747831585122-d2f1-63fe-8a62",
      "dataPsmDatatype": "http://www.w3.org/2000/01/rdf-schema#Literal"
    },
    {
      "types": [
        "core-operation",
        "https://ofn.gov.cz/slovník/psm/CreateClass"
      ],
      "iri": "https://ofn.gov.cz/operation/1747831621832-e098-a44a-8d49",
      "parent": "https://ofn.gov.cz/operation/1747831621815-e9b1-70c4-af81",
      "dataPsmNewIri": null,
      "dataPsmInterpretation": "atts51ddif9maxxtinn",
      "dataPsmTechnicalLabel": "adresa",
      "dataPsmHumanLabel": null,
      "dataPsmHumanDescription": null,
      "dataPsmExtends": [],
      "dataPsmIsClosed": null
    },
    {
      "types": [
        "core-operation",
        "https://ofn.gov.cz/slovník/psm/CreateAssociationEnd"
      ],
      "iri": "https://ofn.gov.cz/operation/1747831621847-0f45-ca39-b9c1",
      "parent": "https://ofn.gov.cz/operation/1747831621832-e098-a44a-8d49",
      "dataPsmNewIri": null,
      "dataPsmInterpretation": "3t9zbqzjf6umaxxtinn",
      "dataPsmTechnicalLabel": "má_adresu",
      "dataPsmHumanLabel": null,
      "dataPsmHumanDescription": null,
      "dataPsmOwner": "https://ofn.gov.cz/Container/1747831585122-d2f1-63fe-8a62",
      "dataPsmPart": "https://ofn.gov.cz/class/1747831621831-f5cb-d542-8c70",
      "dataPsmIsReverse": false,
      "dataPsmIsDematerialize": null
    },
    {
      "types": [
        "core-operation",
        "https://ofn.gov.cz/slovník/psm/CreateClass"
      ],
      "iri": "https://ofn.gov.cz/operation/1747831621864-d6ba-8769-a087",
      "parent": "https://ofn.gov.cz/operation/1747831621847-0f45-ca39-b9c1",
      "dataPsmNewIri": null,
      "dataPsmInterpretation": "9w0mtannyulmaxxtinn",
      "dataPsmTechnicalLabel": "zahraniční_adresa",
      "dataPsmHumanLabel": null,
      "dataPsmHumanDescription": null,
      "dataPsmExtends": [],
      "dataPsmIsClosed": null
    },
    {
      "types": [
        "core-operation",
        "https://ofn.gov.cz/slovník/psm/CreateAssociationEnd"
      ],
      "iri": "https://ofn.gov.cz/operation/1747831621880-14fd-0071-8fdb",
      "parent": "https://ofn.gov.cz/operation/1747831621864-d6ba-8769-a087",
      "dataPsmNewIri": null,
      "dataPsmInterpretation": "6gca3virlbsmaxxtinn",
      "dataPsmTechnicalLabel": "má_zahraniční_adresu",
      "dataPsmHumanLabel": null,
      "dataPsmHumanDescription": null,
      "dataPsmOwner": "https://ofn.gov.cz/Container/1747831585122-d2f1-63fe-8a62",
      "dataPsmPart": "https://ofn.gov.cz/class/1747831621864-4d8b-96dc-8285",
      "dataPsmIsReverse": false,
      "dataPsmIsDematerialize": null
    },
    {
      "types": [
        "core-operation",
        "https://ofn.gov.cz/slovník/psm/SetOrder"
      ],
      "iri": "https://ofn.gov.cz/operation/1747831629280-e992-4840-8c70",
      "parent": "https://ofn.gov.cz/operation/1747831621880-14fd-0071-8fdb",
      "dataPsmOwnerClass": "https://ofn.gov.cz/Container/1747831585122-d2f1-63fe-8a62",
      "dataPsmResourceToMove": "https://ofn.gov.cz/attribute/1747831621815-eda8-59fa-a28d",
      "dataPsmMoveAfter": "https://ofn.gov.cz/association/1747831621880-3787-4282-a27d"
    },
    {
      "types": [
        "core-operation",
        "https://ofn.gov.cz/slovník/psm/CreateClass"
      ],
      "iri": "https://ofn.gov.cz/operation/1747831633770-f9ba-3bc0-80a3",
      "parent": "https://ofn.gov.cz/operation/1747831629280-e992-4840-8c70",
      "dataPsmNewIri": null,
      "dataPsmInterpretation": null,
      "dataPsmTechnicalLabel": "class",
      "dataPsmHumanLabel": null,
      "dataPsmHumanDescription": null,
      "dataPsmExtends": [],
      "dataPsmIsClosed": null
    },
    {
      "types": [
        "core-operation",
        "https://ofn.gov.cz/slovník/psm/CreateAssociationEnd"
      ],
      "iri": "https://ofn.gov.cz/operation/1747831633792-409a-5d53-ba51",
      "parent": "https://ofn.gov.cz/operation/1747831633770-f9ba-3bc0-80a3",
      "dataPsmNewIri": null,
      "dataPsmInterpretation": null,
      "dataPsmTechnicalLabel": "association",
      "dataPsmHumanLabel": null,
      "dataPsmHumanDescription": null,
      "dataPsmOwner": "https://ofn.gov.cz/Container/1747831585122-d2f1-63fe-8a62",
      "dataPsmPart": "https://ofn.gov.cz/class/1747831633770-346a-be09-9bc9",
      "dataPsmIsReverse": null,
      "dataPsmIsDematerialize": null
    },
    {
      "types": [
        "core-operation",
        "https://ofn.gov.cz/slovník/psm/MoveProperty"
      ],
      "iri": "https://ofn.gov.cz/operation/1747831635979-0c5d-b0e6-8b30",
      "parent": "https://ofn.gov.cz/operation/1747831633792-409a-5d53-ba51",
      "dataPsmSourceContainer": "https://ofn.gov.cz/Container/1747831585122-d2f1-63fe-8a62",
      "dataPsmProperty": "https://ofn.gov.cz/attribute/1747831621815-eda8-59fa-a28d",
      "dataPsmTargetContainer": "https://ofn.gov.cz/class/1747831633770-346a-be09-9bc9",
      "dataPsmMoveAfter": null
    },
    {
      "types": [
        "core-operation",
        "https://ofn.gov.cz/slovník/psm/SetTechnicalLabel"
      ],
      "iri": "https://ofn.gov.cz/operation/1747831647839-8769-5c8c-a49e",
      "parent": "https://ofn.gov.cz/operation/1747831635979-0c5d-b0e6-8b30",
      "dataPsmResource": "https://ofn.gov.cz/association/1747831633792-b5be-82d6-ad84",
      "dataPsmTechnicalLabel": "adresa_neevidovaná_v_rúian"
    },
    {
      "types": [
        "core-operation",
        "https://ofn.gov.cz/slovník/psm/SetCardinality"
      ],
      "iri": "https://ofn.gov.cz/operation/1747831647843-2218-3a9b-aa95",
      "parent": "https://ofn.gov.cz/operation/1747831647839-8769-5c8c-a49e",
      "entityId": "https://ofn.gov.cz/association/1747831633792-b5be-82d6-ad84",
      "dataPsmCardinality": [
        1,
        1
      ]
    },
    {
      "types": [
        "core-operation",
        "https://ofn.gov.cz/slovník/psm/SetTechnicalLabel"
      ],
      "iri": "https://ofn.gov.cz/operation/1747831655396-46bc-0cc2-bcf7",
      "parent": "https://ofn.gov.cz/operation/1747831647843-2218-3a9b-aa95",
      "dataPsmResource": "https://ofn.gov.cz/class/1747831633770-346a-be09-9bc9",
      "dataPsmTechnicalLabel": "adresa_neevidovaná_v_rúian"
    },
    {
      "types": [
        "core-operation",
        "https://ofn.gov.cz/slovník/psm/SetTechnicalLabel"
      ],
      "iri": "https://ofn.gov.cz/operation/1747831685273-1316-2bcb-b5d3",
      "parent": "https://ofn.gov.cz/operation/1747831655396-46bc-0cc2-bcf7",
      "dataPsmResource": "https://ofn.gov.cz/attribute/1747831621815-eda8-59fa-a28d",
      "dataPsmTechnicalLabel": "text_adresy"
    },
    {
      "types": [
        "core-operation",
        "https://ofn.gov.cz/slovník/psm/SetDataType"
      ],
      "iri": "https://ofn.gov.cz/operation/1747831685275-6ca5-1fa9-a393",
      "parent": "https://ofn.gov.cz/operation/1747831685273-1316-2bcb-b5d3",
      "dataPsmAttribute": "https://ofn.gov.cz/attribute/1747831621815-eda8-59fa-a28d",
      "dataPsmDatatype": "http://www.w3.org/2001/XMLSchema#string"
    },
    {
      "types": [
        "core-operation",
        "https://ofn.gov.cz/slovník/psm/SetOrder"
      ],
      "iri": "https://ofn.gov.cz/operation/1747831691486-4853-625a-820e",
      "parent": "https://ofn.gov.cz/operation/1747831685275-6ca5-1fa9-a393",
      "dataPsmOwnerClass": "https://ofn.gov.cz/Container/1747831585122-d2f1-63fe-8a62",
      "dataPsmResourceToMove": "https://ofn.gov.cz/association/1747831621880-3787-4282-a27d",
      "dataPsmMoveAfter": null
    },
    {
      "types": [
        "core-operation",
        "https://ofn.gov.cz/slovník/psm/CreateAttribute"
      ],
      "iri": "https://ofn.gov.cz/operation/1747831700181-f09a-f78b-ba04",
      "parent": "https://ofn.gov.cz/operation/1747831691486-4853-625a-820e",
      "dataPsmNewIri": null,
      "dataPsmInterpretation": "0o4p3zoleckmaxxv74i",
      "dataPsmTechnicalLabel": "lokalizační_popis",
      "dataPsmHumanLabel": null,
      "dataPsmHumanDescription": null,
      "dataPsmOwner": "https://ofn.gov.cz/class/1747831621864-4d8b-96dc-8285",
      "dataPsmDatatype": "http://www.w3.org/2000/01/rdf-schema#Literal"
    },
    {
      "types": [
        "core-operation",
        "https://ofn.gov.cz/slovník/psm/SetTechnicalLabel"
      ],
      "iri": "https://ofn.gov.cz/operation/1747831717001-2f1f-1558-8313",
      "parent": "https://ofn.gov.cz/operation/1747831700181-f09a-f78b-ba04",
      "dataPsmResource": "https://ofn.gov.cz/attribute/1747831700181-f6b8-0169-abab",
      "dataPsmTechnicalLabel": "text_adresy"
    },
    {
      "types": [
        "core-operation",
        "https://ofn.gov.cz/slovník/psm/SetDataType"
      ],
      "iri": "https://ofn.gov.cz/operation/1747831717003-b8f0-ce9d-b986",
      "parent": "https://ofn.gov.cz/operation/1747831717001-2f1f-1558-8313",
      "dataPsmAttribute": "https://ofn.gov.cz/attribute/1747831700181-f6b8-0169-abab",
      "dataPsmDatatype": "http://www.w3.org/2001/XMLSchema#string"
    },
    {
      "types": [
        "core-operation",
        "https://ofn.gov.cz/slovník/psm/SetTechnicalLabel"
      ],
      "iri": "https://ofn.gov.cz/operation/1747831728630-763f-67ac-b0d9",
      "parent": "https://ofn.gov.cz/operation/1747831717003-b8f0-ce9d-b986",
      "dataPsmResource": "https://ofn.gov.cz/association/1747831621880-3787-4282-a27d",
      "dataPsmTechnicalLabel": "zahraniční_adresa"
    },
    {
      "types": [
        "core-operation",
        "https://ofn.gov.cz/slovník/psm/CreateClass"
      ],
      "iri": "https://ofn.gov.cz/operation/1747831761683-cbc2-5be5-b5f9",
      "parent": "https://ofn.gov.cz/operation/1747831728630-763f-67ac-b0d9",
      "dataPsmNewIri": null,
      "dataPsmInterpretation": "9kl9rgn4sdmaxxwiku",
      "dataPsmTechnicalLabel": "adresní_místo",
      "dataPsmHumanLabel": null,
      "dataPsmHumanDescription": null,
      "dataPsmExtends": [],
      "dataPsmIsClosed": null
    },
    {
      "types": [
        "core-operation",
        "https://ofn.gov.cz/slovník/psm/CreateAssociationEnd"
      ],
      "iri": "https://ofn.gov.cz/operation/1747831761702-fb97-42a7-b041",
      "parent": "https://ofn.gov.cz/operation/1747831761683-cbc2-5be5-b5f9",
      "dataPsmNewIri": null,
      "dataPsmInterpretation": "ycypmdnsc3omaxxwiku",
      "dataPsmTechnicalLabel": "má_adresu",
      "dataPsmHumanLabel": null,
      "dataPsmHumanDescription": null,
      "dataPsmOwner": "https://ofn.gov.cz/class/1747831621831-f5cb-d542-8c70",
      "dataPsmPart": "https://ofn.gov.cz/class/1747831761682-7295-8151-9dcc",
      "dataPsmIsReverse": true,
      "dataPsmIsDematerialize": null
    },
    {
      "types": [
        "core-operation",
        "https://ofn.gov.cz/slovník/psm/CreateAttribute"
      ],
      "iri": "https://ofn.gov.cz/operation/1747831768707-d621-dcec-ae50",
      "parent": "https://ofn.gov.cz/operation/1747831761702-fb97-42a7-b041",
      "dataPsmNewIri": null,
      "dataPsmInterpretation": "rx4vionnjcdmaxxwo00",
      "dataPsmTechnicalLabel": "kód_adresního_místa",
      "dataPsmHumanLabel": null,
      "dataPsmHumanDescription": null,
      "dataPsmOwner": "https://ofn.gov.cz/class/1747831761682-7295-8151-9dcc",
      "dataPsmDatatype": "http://www.w3.org/2000/01/rdf-schema#Literal"
    },
    {
      "types": [
        "core-operation",
        "https://ofn.gov.cz/slovník/psm/SetMaterialized"
      ],
      "iri": "https://ofn.gov.cz/operation/1747831777559-8baf-8f1a-a711",
      "parent": "https://ofn.gov.cz/operation/1747831768707-d621-dcec-ae50",
      "dataPsmAssociationEnd": "https://ofn.gov.cz/association/1747831621847-45c4-c1c3-b69a",
      "dataPsmIsDematerialized": true
    },
    {
      "types": [
        "core-operation",
        "https://ofn.gov.cz/slovník/psm/SetTechnicalLabel"
      ],
      "iri": "https://ofn.gov.cz/operation/1747831813653-3bf8-6dab-9654",
      "parent": "https://ofn.gov.cz/operation/1747831777559-8baf-8f1a-a711",
      "dataPsmResource": "https://ofn.gov.cz/association/1747831761702-c7e8-62f7-915b",
      "dataPsmTechnicalLabel": "adresní_místo"
    },
    {
      "types": [
        "core-operation",
        "https://ofn.gov.cz/slovník/psm/SetDataType"
      ],
      "iri": "https://ofn.gov.cz/operation/1747831820991-fa19-28fb-a883",
      "parent": "https://ofn.gov.cz/operation/1747831813653-3bf8-6dab-9654",
      "dataPsmAttribute": "https://ofn.gov.cz/attribute/1747831768707-7b73-0b1e-b3cc",
      "dataPsmDatatype": "http://www.w3.org/2001/XMLSchema#integer"
    }
  ],
  "resources": {
    "b9dac3cf-a90a-4654-ac54-4d242f79fe2e": {
      "types": [
        "https://ofn.gov.cz/slovník/psm/Schema"
      ],
      "iri": "b9dac3cf-a90a-4654-ac54-4d242f79fe2e",
      "dataPsmHumanLabel": {
        "en": "Místo",
        "cs": "Místo"
      },
      "dataPsmHumanDescription": {
        "en": "Data structure for Místo. ",
        "cs": "Datová struktura pro Místo. "
      },
      "dataPsmTechnicalLabel": null,
      "dataPsmRoots": [
        "https://ofn.gov.cz/class/1747831549226-6aa7-64bc-9cd4"
      ],
      "dataPsmParts": [
        "https://ofn.gov.cz/class/1747831549226-6aa7-64bc-9cd4",
        "https://ofn.gov.cz/Container/1747831585122-d2f1-63fe-8a62",
        "https://ofn.gov.cz/attribute/1747831621815-eda8-59fa-a28d",
        "https://ofn.gov.cz/class/1747831621831-f5cb-d542-8c70",
        "https://ofn.gov.cz/association/1747831621847-45c4-c1c3-b69a",
        "https://ofn.gov.cz/class/1747831621864-4d8b-96dc-8285",
        "https://ofn.gov.cz/association/1747831621880-3787-4282-a27d",
        "https://ofn.gov.cz/class/1747831633770-346a-be09-9bc9",
        "https://ofn.gov.cz/association/1747831633792-b5be-82d6-ad84",
        "https://ofn.gov.cz/attribute/1747831700181-f6b8-0169-abab",
        "https://ofn.gov.cz/class/1747831761682-7295-8151-9dcc",
        "https://ofn.gov.cz/association/1747831761702-c7e8-62f7-915b",
        "https://ofn.gov.cz/attribute/1747831768707-7b73-0b1e-b3cc"
      ],
      "extensions": {
        "https://ofn.gov.cz/slovník/psm/extensions/xml": {
          "namespace": "http://dia.gov.cz/ns/spolecne-casti-elektronickych-dokumentu/mista",
          "namespacePrefix": "místa"
        }
      },
      "jsonEnforceContext": "no"
    },
    "https://ofn.gov.cz/class/1747831549226-6aa7-64bc-9cd4": {
      "types": [
        "https://ofn.gov.cz/slovník/psm/Class"
      ],
      "iri": "https://ofn.gov.cz/class/1747831549226-6aa7-64bc-9cd4",
      "dataPsmHumanLabel": null,
      "dataPsmHumanDescription": null,
      "dataPsmTechnicalLabel": "místo",
      "dataPsmInterpretation": "1vh3b3swisbmaxxryn6",
      "dataPsmExtends": [],
      "dataPsmParts": [
        "https://ofn.gov.cz/Container/1747831585122-d2f1-63fe-8a62"
      ],
      "dataPsmIsClosed": null
    },
    "https://ofn.gov.cz/Container/1747831585122-d2f1-63fe-8a62": {
      "types": [
        "https://ofn.gov.cz/slovník/psm/Container"
      ],
      "iri": "https://ofn.gov.cz/Container/1747831585122-d2f1-63fe-8a62",
      "dataPsmHumanLabel": null,
      "dataPsmHumanDescription": null,
      "dataPsmTechnicalLabel": null,
      "dataPsmInterpretation": null,
      "dataPsmParts": [
        "https://ofn.gov.cz/association/1747831621880-3787-4282-a27d",
        "https://ofn.gov.cz/association/1747831621847-45c4-c1c3-b69a",
        "https://ofn.gov.cz/association/1747831633792-b5be-82d6-ad84"
      ],
      "dataPsmContainerType": "choice",
      "dataPsmCardinality": [
        1,
        1
      ]
    },
    "https://ofn.gov.cz/attribute/1747831621815-eda8-59fa-a28d": {
      "types": [
        "https://ofn.gov.cz/slovník/psm/Attribute"
      ],
      "iri": "https://ofn.gov.cz/attribute/1747831621815-eda8-59fa-a28d",
      "dataPsmHumanLabel": null,
      "dataPsmHumanDescription": null,
      "dataPsmTechnicalLabel": "text_adresy",
      "dataPsmInterpretation": "0lti3cqkmuymaxxtinn",
      "dataPsmDatatype": "http://www.w3.org/2001/XMLSchema#string"
    },
    "https://ofn.gov.cz/class/1747831621831-f5cb-d542-8c70": {
      "types": [
        "https://ofn.gov.cz/slovník/psm/Class"
      ],
      "iri": "https://ofn.gov.cz/class/1747831621831-f5cb-d542-8c70",
      "dataPsmHumanLabel": null,
      "dataPsmHumanDescription": null,
      "dataPsmTechnicalLabel": "adresa",
      "dataPsmInterpretation": "atts51ddif9maxxtinn",
      "dataPsmExtends": [],
      "dataPsmParts": [
        "https://ofn.gov.cz/association/1747831761702-c7e8-62f7-915b"
      ],
      "dataPsmIsClosed": null
    },
    "https://ofn.gov.cz/association/1747831621847-45c4-c1c3-b69a": {
      "types": [
        "https://ofn.gov.cz/slovník/psm/AssociationEnd"
      ],
      "iri": "https://ofn.gov.cz/association/1747831621847-45c4-c1c3-b69a",
      "dataPsmHumanLabel": null,
      "dataPsmHumanDescription": null,
      "dataPsmTechnicalLabel": "má_adresu",
      "dataPsmInterpretation": "3t9zbqzjf6umaxxtinn",
      "dataPsmPart": "https://ofn.gov.cz/class/1747831621831-f5cb-d542-8c70",
      "dataPsmIsReverse": false,
      "dataPsmIsDematerialize": true
    },
    "https://ofn.gov.cz/class/1747831621864-4d8b-96dc-8285": {
      "types": [
        "https://ofn.gov.cz/slovník/psm/Class"
      ],
      "iri": "https://ofn.gov.cz/class/1747831621864-4d8b-96dc-8285",
      "dataPsmHumanLabel": null,
      "dataPsmHumanDescription": null,
      "dataPsmTechnicalLabel": "zahraniční_adresa",
      "dataPsmInterpretation": "9w0mtannyulmaxxtinn",
      "dataPsmExtends": [],
      "dataPsmParts": [
        "https://ofn.gov.cz/attribute/1747831700181-f6b8-0169-abab"
      ],
      "dataPsmIsClosed": null
    },
    "https://ofn.gov.cz/association/1747831621880-3787-4282-a27d": {
      "types": [
        "https://ofn.gov.cz/slovník/psm/AssociationEnd"
      ],
      "iri": "https://ofn.gov.cz/association/1747831621880-3787-4282-a27d",
      "dataPsmHumanLabel": null,
      "dataPsmHumanDescription": null,
      "dataPsmTechnicalLabel": "zahraniční_adresa",
      "dataPsmInterpretation": "6gca3virlbsmaxxtinn",
      "dataPsmPart": "https://ofn.gov.cz/class/1747831621864-4d8b-96dc-8285",
      "dataPsmIsReverse": false,
      "dataPsmIsDematerialize": null
    },
    "https://ofn.gov.cz/class/1747831633770-346a-be09-9bc9": {
      "types": [
        "https://ofn.gov.cz/slovník/psm/Class"
      ],
      "iri": "https://ofn.gov.cz/class/1747831633770-346a-be09-9bc9",
      "dataPsmHumanLabel": null,
      "dataPsmHumanDescription": null,
      "dataPsmTechnicalLabel": "adresa_neevidovaná_v_rúian",
      "dataPsmInterpretation": null,
      "dataPsmExtends": [],
      "dataPsmParts": [
        "https://ofn.gov.cz/attribute/1747831621815-eda8-59fa-a28d"
      ],
      "dataPsmIsClosed": null
    },
    "https://ofn.gov.cz/association/1747831633792-b5be-82d6-ad84": {
      "types": [
        "https://ofn.gov.cz/slovník/psm/AssociationEnd"
      ],
      "iri": "https://ofn.gov.cz/association/1747831633792-b5be-82d6-ad84",
      "dataPsmHumanLabel": null,
      "dataPsmHumanDescription": null,
      "dataPsmTechnicalLabel": "adresa_neevidovaná_v_rúian",
      "dataPsmInterpretation": null,
      "dataPsmPart": "https://ofn.gov.cz/class/1747831633770-346a-be09-9bc9",
      "dataPsmIsReverse": null,
      "dataPsmIsDematerialize": null,
      "dataPsmCardinality": [
        1,
        1
      ]
    },
    "https://ofn.gov.cz/attribute/1747831700181-f6b8-0169-abab": {
      "types": [
        "https://ofn.gov.cz/slovník/psm/Attribute"
      ],
      "iri": "https://ofn.gov.cz/attribute/1747831700181-f6b8-0169-abab",
      "dataPsmHumanLabel": null,
      "dataPsmHumanDescription": null,
      "dataPsmTechnicalLabel": "text_adresy",
      "dataPsmInterpretation": "0o4p3zoleckmaxxv74i",
      "dataPsmDatatype": "http://www.w3.org/2001/XMLSchema#string"
    },
    "https://ofn.gov.cz/class/1747831761682-7295-8151-9dcc": {
      "types": [
        "https://ofn.gov.cz/slovník/psm/Class"
      ],
      "iri": "https://ofn.gov.cz/class/1747831761682-7295-8151-9dcc",
      "dataPsmHumanLabel": null,
      "dataPsmHumanDescription": null,
      "dataPsmTechnicalLabel": "adresní_místo",
      "dataPsmInterpretation": "9kl9rgn4sdmaxxwiku",
      "dataPsmExtends": [],
      "dataPsmParts": [
        "https://ofn.gov.cz/attribute/1747831768707-7b73-0b1e-b3cc"
      ],
      "dataPsmIsClosed": null
    },
    "https://ofn.gov.cz/association/1747831761702-c7e8-62f7-915b": {
      "types": [
        "https://ofn.gov.cz/slovník/psm/AssociationEnd"
      ],
      "iri": "https://ofn.gov.cz/association/1747831761702-c7e8-62f7-915b",
      "dataPsmHumanLabel": null,
      "dataPsmHumanDescription": null,
      "dataPsmTechnicalLabel": "adresní_místo",
      "dataPsmInterpretation": "ycypmdnsc3omaxxwiku",
      "dataPsmPart": "https://ofn.gov.cz/class/1747831761682-7295-8151-9dcc",
      "dataPsmIsReverse": true,
      "dataPsmIsDematerialize": null
    },
    "https://ofn.gov.cz/attribute/1747831768707-7b73-0b1e-b3cc": {
      "types": [
        "https://ofn.gov.cz/slovník/psm/Attribute"
      ],
      "iri": "https://ofn.gov.cz/attribute/1747831768707-7b73-0b1e-b3cc",
      "dataPsmHumanLabel": null,
      "dataPsmHumanDescription": null,
      "dataPsmTechnicalLabel": "kód_adresního_místa",
      "dataPsmInterpretation": "rx4vionnjcdmaxxwo00",
      "dataPsmDatatype": "http://www.w3.org/2001/XMLSchema#integer"
    }
  }
}