{
  "iri": "b9dac3cf-a90a-4654-ac54-4d242f79fe2e",
  "types": [
    "http://dataspecer.com/resources/v1/psm"
  ],
  "userMetadata": {
    "label": {
      "en": "Místo",
      "cs": "Místo"
    },
    "description": {
      "en": "Data structure for Místo. ",
      "cs": "Datová struktura pro Místo. "
    }
  },
  "metadata": {
    "creationDate": "2025-05-21T12:45:16.272Z",
    "modificationDate": "2025-05-21T15:07:19.737Z"
  },
  "_version": 1,
  "_exportVersion": 1,
  "_exportedAt": "2025-05-21T15:12:38.233Z",
  "_exportedBy": "http://localhost:3100"
}