{
  "type": "http://dataspecer.com/resources/local/semantic-model",
  "caches": [
    "https://dataspecer.com/adapters/sgov"
  ],
  "modelId": "cacfed33-b68c-4663-8e33-b0aa41112ba3",
  "modelAlias": "SGOV cache",
  "baseIri": "",
  "entities": {
    "https://slovník.gov.cz/legislativní/sbírka/12/2020/pojem/záznam-informačního-systému-nahrazující-úředně-ověřený-podpis": {
      "id": "https://slovník.gov.cz/legislativní/sbírka/12/2020/pojem/záznam-informačního-systému-nahrazující-úředně-ověřený-podpis",
      "iri": "https://slovník.gov.cz/legislativní/sbírka/12/2020/pojem/záznam-informačního-systému-nahrazující-úředně-ověřený-podpis",
      "name": {
        "cs": "Záznam informačního systému nahrazující úředně ověřený podpis"
      },
      "description": {
        "cs": "Záznam informačního systému veřejné správy opatřený kvalifikovanou elektronickou pečetí a kvalifikovaným elektronickým časovým razítkem jeho správce o provedení elektronické identifikace podepisujícího prostřednictvím kvalifikovaného systému elektronické identifikace s úrovní záruky vysoká"
      },
      "type": [
        "class"
      ],
      "externalDocumentationUrl": null
    },
    "https://slovník.gov.cz/legislativní/sbírka/89/2012/pojem/místo": {
      "id": "https://slovník.gov.cz/legislativní/sbírka/89/2012/pojem/místo",
      "iri": "https://slovník.gov.cz/legislativní/sbírka/89/2012/pojem/místo",
      "name": {
        "cs": "Místo"
      },
      "description": {},
      "type": [
        "class"
      ],
      "externalDocumentationUrl": null
    },
    "https://slovník.gov.cz/generický/umístění/pojem/místo": {
      "id": "https://slovník.gov.cz/generický/umístění/pojem/místo",
      "iri": "https://slovník.gov.cz/generický/umístění/pojem/místo",
      "name": {
        "cs": "Místo",
        "en": "Place"
      },
      "description": {
        "cs": "Objekt, který je geografický umístěn.",
        "en": "An object that is geographically located."
      },
      "type": [
        "class"
      ],
      "externalDocumentationUrl": null
    },
    "https://dataspecer.com/semantic-models/generalizationfromIri=https%3A%2F%2Fslovn%C3%ADk.gov.cz%2Flegislativn%C3%AD%2Fsb%C3%ADrka%2F89%2F2012%2Fpojem%2Fm%C3%ADsto&toIri=https%3A%2F%2Fslovn%C3%ADk.gov.cz%2Fgenerick%C3%BD%2Fum%C3%ADst%C4%9Bn%C3%AD%2Fpojem%2Fm%C3%ADsto": {
      "id": "https://dataspecer.com/semantic-models/generalizationfromIri=https%3A%2F%2Fslovn%C3%ADk.gov.cz%2Flegislativn%C3%AD%2Fsb%C3%ADrka%2F89%2F2012%2Fpojem%2Fm%C3%ADsto&toIri=https%3A%2F%2Fslovn%C3%ADk.gov.cz%2Fgenerick%C3%BD%2Fum%C3%ADst%C4%9Bn%C3%AD%2Fpojem%2Fm%C3%ADsto",
      "iri": null,
      "child": "https://slovník.gov.cz/legislativní/sbírka/89/2012/pojem/místo",
      "parent": "https://slovník.gov.cz/generický/umístění/pojem/místo",
      "type": [
        "generalization"
      ]
    },
    "https://slovník.gov.cz/generický/umístění/pojem/adresa-neevidovaná-v-rúian": {
      "id": "https://slovník.gov.cz/generický/umístění/pojem/adresa-neevidovaná-v-rúian",
      "iri": null,
      "type": [
        "relationship"
      ],
      "name": {},
      "description": {},
      "ends": [
        {
          "cardinality": [
            0,
            null
          ],
          "name": {},
          "description": {},
          "concept": "https://slovník.gov.cz/generický/umístění/pojem/místo",
          "iri": null,
          "externalDocumentationUrl": null
        },
        {
          "cardinality": [
            0,
            null
          ],
          "name": {
            "cs": "adresa neevidovaná v RÚIAN"
          },
          "description": {},
          "concept": "http://www.w3.org/2000/01/rdf-schema#Literal",
          "iri": "https://slovník.gov.cz/generický/umístění/pojem/adresa-neevidovaná-v-rúian",
          "externalDocumentationUrl": null
        }
      ]
    },
    "https://slovník.gov.cz/legislativní/sbírka/111/2009/pojem/adresa": {
      "id": "https://slovník.gov.cz/legislativní/sbírka/111/2009/pojem/adresa",
      "iri": "https://slovník.gov.cz/legislativní/sbírka/111/2009/pojem/adresa",
      "name": {
        "cs": "adresa"
      },
      "description": {
        "cs": "Adresou se rozumí kombinace názvu okresu, názvu obce nebo vojenského újezdu, názvu části obce nebo v případě hlavního města Prahy názvu katastrálního území a názvu městského obvodu, čísla popisného nebo evidenčního, názvu ulice a čísla orientačního a dále zvláštních údajů pro doručování prostřednictvím poštovních služeb, která jednoznačně určuje adresní místo."
      },
      "type": [
        "class"
      ],
      "externalDocumentationUrl": null
    },
    "https://slovník.gov.cz/generický/umístění/pojem/má-adresu": {
      "id": "https://slovník.gov.cz/generický/umístění/pojem/má-adresu",
      "iri": null,
      "type": [
        "relationship"
      ],
      "name": {
        "cs": "má adresu"
      },
      "description": {},
      "ends": [
        {
          "cardinality": null,
          "name": {},
          "description": {},
          "concept": "https://slovník.gov.cz/generický/umístění/pojem/místo",
          "iri": null,
          "externalDocumentationUrl": null
        },
        {
          "cardinality": [
            0,
            null
          ],
          "name": {
            "cs": "má adresu"
          },
          "description": {},
          "concept": "https://slovník.gov.cz/legislativní/sbírka/111/2009/pojem/adresa",
          "iri": "https://slovník.gov.cz/generický/umístění/pojem/má-adresu",
          "externalDocumentationUrl": null
        }
      ]
    },
    "https://slovník.gov.cz/generický/umístění/pojem/zahraniční-adresa": {
      "id": "https://slovník.gov.cz/generický/umístění/pojem/zahraniční-adresa",
      "iri": "https://slovník.gov.cz/generický/umístění/pojem/zahraniční-adresa",
      "name": {
        "en": "Foreign address",
        "cs": "Zahraniční adresa"
      },
      "description": {
        "cs": "Zahraniční adresa textem. Adresy v zahraničí se řídí místními pravidly."
      },
      "type": [
        "class"
      ],
      "externalDocumentationUrl": null
    },
    "https://slovník.gov.cz/generický/umístění/pojem/má-zahraniční-adresu": {
      "id": "https://slovník.gov.cz/generický/umístění/pojem/má-zahraniční-adresu",
      "iri": null,
      "type": [
        "relationship"
      ],
      "name": {
        "en": "has foreign address",
        "cs": "má zahraniční adresu"
      },
      "description": {
        "cs": "Určení zahraniční adresy objektu."
      },
      "ends": [
        {
          "cardinality": null,
          "name": {},
          "description": {},
          "concept": "https://slovník.gov.cz/generický/umístění/pojem/místo",
          "iri": null,
          "externalDocumentationUrl": null
        },
        {
          "cardinality": [
            0,
            null
          ],
          "name": {
            "en": "has foreign address",
            "cs": "má zahraniční adresu"
          },
          "description": {
            "cs": "Určení zahraniční adresy objektu."
          },
          "concept": "https://slovník.gov.cz/generický/umístění/pojem/zahraniční-adresa",
          "iri": "https://slovník.gov.cz/generický/umístění/pojem/má-zahraniční-adresu",
          "externalDocumentationUrl": null
        }
      ]
    },
    "https://slovník.gov.cz/veřejný-sektor/pojem/lokalizace-popisem": {
      "id": "https://slovník.gov.cz/veřejný-sektor/pojem/lokalizace-popisem",
      "iri": "https://slovník.gov.cz/veřejný-sektor/pojem/lokalizace-popisem",
      "name": {
        "cs": "Lokalizace popisem"
      },
      "description": {},
      "type": [
        "class"
      ],
      "externalDocumentationUrl": null
    },
    "https://dataspecer.com/semantic-models/generalizationfromIri=https%3A%2F%2Fslovn%C3%ADk.gov.cz%2Fgenerick%C3%BD%2Fum%C3%ADst%C4%9Bn%C3%AD%2Fpojem%2Fzahrani%C4%8Dn%C3%AD-adresa&toIri=https%3A%2F%2Fslovn%C3%ADk.gov.cz%2Fve%C5%99ejn%C3%BD-sektor%2Fpojem%2Flokalizace-popisem": {
      "id": "https://dataspecer.com/semantic-models/generalizationfromIri=https%3A%2F%2Fslovn%C3%ADk.gov.cz%2Fgenerick%C3%BD%2Fum%C3%ADst%C4%9Bn%C3%AD%2Fpojem%2Fzahrani%C4%8Dn%C3%AD-adresa&toIri=https%3A%2F%2Fslovn%C3%ADk.gov.cz%2Fve%C5%99ejn%C3%BD-sektor%2Fpojem%2Flokalizace-popisem",
      "iri": null,
      "child": "https://slovník.gov.cz/generický/umístění/pojem/zahraniční-adresa",
      "parent": "https://slovník.gov.cz/veřejný-sektor/pojem/lokalizace-popisem",
      "type": [
        "generalization"
      ]
    },
    "https://slovník.gov.cz/generický/umístění/pojem/lokalizační-popis": {
      "id": "https://slovník.gov.cz/generický/umístění/pojem/lokalizační-popis",
      "iri": null,
      "type": [
        "relationship"
      ],
      "name": {},
      "description": {},
      "ends": [
        {
          "cardinality": [
            0,
            null
          ],
          "name": {},
          "description": {},
          "concept": "https://slovník.gov.cz/veřejný-sektor/pojem/lokalizace-popisem",
          "iri": null,
          "externalDocumentationUrl": null
        },
        {
          "cardinality": [
            0,
            null
          ],
          "name": {
            "cs": "lokalizační popis"
          },
          "description": {},
          "concept": "http://www.w3.org/2000/01/rdf-schema#Literal",
          "iri": "https://slovník.gov.cz/generický/umístění/pojem/lokalizační-popis",
          "externalDocumentationUrl": null
        }
      ]
    },
    "https://slovník.gov.cz/legislativní/sbírka/111/2009/pojem/adresní-místo": {
      "id": "https://slovník.gov.cz/legislativní/sbírka/111/2009/pojem/adresní-místo",
      "iri": "https://slovník.gov.cz/legislativní/sbírka/111/2009/pojem/adresní-místo",
      "name": {
        "cs": "adresní místo"
      },
      "description": {
        "cs": "Adresním místem se rozumí takové místo v terénu, kterému lze ve vztahu ke stavebnímu objektu jednoznačně přiřadit adresu."
      },
      "type": [
        "class"
      ],
      "externalDocumentationUrl": null
    },
    "https://slovník.gov.cz/legislativní/sbírka/111/2009/pojem/má-adresu": {
      "id": "https://slovník.gov.cz/legislativní/sbírka/111/2009/pojem/má-adresu",
      "iri": null,
      "type": [
        "relationship"
      ],
      "name": {
        "cs": "má adresu"
      },
      "description": {},
      "ends": [
        {
          "cardinality": null,
          "name": {},
          "description": {},
          "concept": "https://slovník.gov.cz/legislativní/sbírka/111/2009/pojem/adresní-místo",
          "iri": null,
          "externalDocumentationUrl": null
        },
        {
          "cardinality": [
            0,
            null
          ],
          "name": {
            "cs": "má adresu"
          },
          "description": {},
          "concept": "https://slovník.gov.cz/legislativní/sbírka/111/2009/pojem/adresa",
          "iri": "https://slovník.gov.cz/legislativní/sbírka/111/2009/pojem/má-adresu",
          "externalDocumentationUrl": null
        }
      ]
    },
    "https://slovník.gov.cz/generický/adresy/pojem/kód-adresního-místa": {
      "id": "https://slovník.gov.cz/generický/adresy/pojem/kód-adresního-místa",
      "iri": null,
      "type": [
        "relationship"
      ],
      "name": {},
      "description": {},
      "ends": [
        {
          "cardinality": [
            0,
            null
          ],
          "name": {},
          "description": {},
          "concept": "https://slovník.gov.cz/legislativní/sbírka/111/2009/pojem/adresní-místo",
          "iri": null,
          "externalDocumentationUrl": null
        },
        {
          "cardinality": [
            0,
            null
          ],
          "name": {
            "cs": "kód adresního místa"
          },
          "description": {},
          "concept": "http://www.w3.org/2000/01/rdf-schema#Literal",
          "iri": "https://slovník.gov.cz/generický/adresy/pojem/kód-adresního-místa",
          "externalDocumentationUrl": null
        }
      ]
    },
    "https://slovník.gov.cz/generický/datový-slovník-záznamu-informačního-systému-nahrazujícího-úředně-ověřený-podpis/pojem/identifikační-číslo-záznamu": {
      "id": "https://slovník.gov.cz/generický/datový-slovník-záznamu-informačního-systému-nahrazujícího-úředně-ověřený-podpis/pojem/identifikační-číslo-záznamu",
      "iri": null,
      "type": [
        "relationship"
      ],
      "name": {},
      "description": {},
      "ends": [
        {
          "cardinality": [
            0,
            null
          ],
          "name": {},
          "description": {},
          "concept": "https://slovník.gov.cz/legislativní/sbírka/12/2020/pojem/záznam-informačního-systému-nahrazující-úředně-ověřený-podpis",
          "iri": null,
          "externalDocumentationUrl": null
        },
        {
          "cardinality": [
            0,
            null
          ],
          "name": {
            "cs": "identifikační číslo záznamu"
          },
          "description": {},
          "concept": "http://www.w3.org/2000/01/rdf-schema#Literal",
          "iri": "https://slovník.gov.cz/generický/datový-slovník-záznamu-informačního-systému-nahrazujícího-úředně-ověřený-podpis/pojem/identifikační-číslo-záznamu",
          "externalDocumentationUrl": null
        }
      ]
    },
    "https://slovník.gov.cz/legislativní/sbírka/12/2020/pojem/nahrazení-úředně-ověřeného-podpisu-nebo-uznávaného-elektronického-podpisu": {
      "id": "https://slovník.gov.cz/legislativní/sbírka/12/2020/pojem/nahrazení-úředně-ověřeného-podpisu-nebo-uznávaného-elektronického-podpisu",
      "iri": "https://slovník.gov.cz/legislativní/sbírka/12/2020/pojem/nahrazení-úředně-ověřeného-podpisu-nebo-uznávaného-elektronického-podpisu",
      "name": {
        "cs": "Nahrazení úředně ověřeného podpisu nebo uznávaného elektronického podpisu"
      },
      "description": {},
      "type": [
        "class"
      ],
      "externalDocumentationUrl": null
    },
    "https://slovník.gov.cz/legislativní/sbírka/12/2020/pojem/je-záznamem-o": {
      "id": "https://slovník.gov.cz/legislativní/sbírka/12/2020/pojem/je-záznamem-o",
      "iri": null,
      "type": [
        "relationship"
      ],
      "name": {
        "cs": "je záznamem o"
      },
      "description": {
        "cs": "Záznam informačního systému veřejné správy opatřený kvalifikovanou elektronickou pečetí a kvalifikovaným elektronickým časovým razítkem jeho správce o provedení elektronické identifikace podepisujícího prostřednictvím kvalifikovaného systému elektronické identifikace s úrovní záruky vysoká"
      },
      "ends": [
        {
          "cardinality": [
            1,
            1
          ],
          "name": {},
          "description": {},
          "concept": "https://slovník.gov.cz/legislativní/sbírka/12/2020/pojem/záznam-informačního-systému-nahrazující-úředně-ověřený-podpis",
          "iri": null,
          "externalDocumentationUrl": null
        },
        {
          "cardinality": [
            1,
            1
          ],
          "name": {
            "cs": "je záznamem o"
          },
          "description": {
            "cs": "Záznam informačního systému veřejné správy opatřený kvalifikovanou elektronickou pečetí a kvalifikovaným elektronickým časovým razítkem jeho správce o provedení elektronické identifikace podepisujícího prostřednictvím kvalifikovaného systému elektronické identifikace s úrovní záruky vysoká"
          },
          "concept": "https://slovník.gov.cz/legislativní/sbírka/12/2020/pojem/nahrazení-úředně-ověřeného-podpisu-nebo-uznávaného-elektronického-podpisu",
          "iri": "https://slovník.gov.cz/legislativní/sbírka/12/2020/pojem/je-záznamem-o",
          "externalDocumentationUrl": null
        }
      ]
    },
    "https://slovník.gov.cz/legislativní/sbírka/12/2020/pojem/dokument-nedílně-spojený-se-záznamem-isvs": {
      "id": "https://slovník.gov.cz/legislativní/sbírka/12/2020/pojem/dokument-nedílně-spojený-se-záznamem-isvs",
      "iri": "https://slovník.gov.cz/legislativní/sbírka/12/2020/pojem/dokument-nedílně-spojený-se-záznamem-isvs",
      "name": {
        "cs": "Dokument nedílně spojený se Záznamem ISVS"
      },
      "description": {
        "cs": "Stanoví-li právní předpis požadavek úředního ověření vlastnoručního podpisu nebo uznávaného elektronického podpisu, považuje se za splněný využitím elektronického podpisu na dokumentu nedílně spojeném se záznamem informačního systému veřejné správy opatřeným kvalifikovanou elektronickou pečetí a kvalifikovaným elektronickým časovým razítkem jeho správce o provedení elektronické identifikace podepisujícího prostřednictvím kvalifikovaného systému elektronické identifikace s úrovní záruky vysoká."
      },
      "type": [
        "class"
      ],
      "externalDocumentationUrl": null
    },
    "https://slovník.gov.cz/legislativní/sbírka/12/2020/pojem/nedílně-spojen-s-dokumentem": {
      "id": "https://slovník.gov.cz/legislativní/sbírka/12/2020/pojem/nedílně-spojen-s-dokumentem",
      "iri": null,
      "type": [
        "relationship"
      ],
      "name": {
        "cs": "nedílně spojen s dokumentem"
      },
      "description": {
        "cs": "Stanoví-li právní předpis požadavek úředního ověření vlastnoručního podpisu nebo uznávaného elektronického podpisu, považuje se za splněný využitím elektronického podpisu na dokumentu nedílně spojeném se záznamem informačního systému veřejné správy opatřeným kvalifikovanou elektronickou pečetí a kvalifikovaným elektronickým časovým razítkem jeho správce o provedení elektronické identifikace podepisujícího prostřednictvím kvalifikovaného systému elektronické identifikace s úrovní záruky vysoká."
      },
      "ends": [
        {
          "cardinality": [
            1,
            null
          ],
          "name": {},
          "description": {},
          "concept": "https://slovník.gov.cz/legislativní/sbírka/12/2020/pojem/záznam-informačního-systému-nahrazující-úředně-ověřený-podpis",
          "iri": null,
          "externalDocumentationUrl": null
        },
        {
          "cardinality": [
            1,
            1
          ],
          "name": {
            "cs": "nedílně spojen s dokumentem"
          },
          "description": {
            "cs": "Stanoví-li právní předpis požadavek úředního ověření vlastnoručního podpisu nebo uznávaného elektronického podpisu, považuje se za splněný využitím elektronického podpisu na dokumentu nedílně spojeném se záznamem informačního systému veřejné správy opatřeným kvalifikovanou elektronickou pečetí a kvalifikovaným elektronickým časovým razítkem jeho správce o provedení elektronické identifikace podepisujícího prostřednictvím kvalifikovaného systému elektronické identifikace s úrovní záruky vysoká."
          },
          "concept": "https://slovník.gov.cz/legislativní/sbírka/12/2020/pojem/dokument-nedílně-spojený-se-záznamem-isvs",
          "iri": "https://slovník.gov.cz/legislativní/sbírka/12/2020/pojem/nedílně-spojen-s-dokumentem",
          "externalDocumentationUrl": null
        }
      ]
    },
    "https://slovník.gov.cz/generický/datový-slovník-záznamu-informačního-systému-nahrazujícího-úředně-ověřený-podpis/pojem/název-dokumentu": {
      "id": "https://slovník.gov.cz/generický/datový-slovník-záznamu-informačního-systému-nahrazujícího-úředně-ověřený-podpis/pojem/název-dokumentu",
      "iri": null,
      "type": [
        "relationship"
      ],
      "name": {},
      "description": {},
      "ends": [
        {
          "cardinality": [
            0,
            null
          ],
          "name": {},
          "description": {},
          "concept": "https://slovník.gov.cz/legislativní/sbírka/12/2020/pojem/dokument-nedílně-spojený-se-záznamem-isvs",
          "iri": null,
          "externalDocumentationUrl": null
        },
        {
          "cardinality": [
            0,
            null
          ],
          "name": {
            "cs": "název dokumentu"
          },
          "description": {},
          "concept": "http://www.w3.org/2000/01/rdf-schema#Literal",
          "iri": "https://slovník.gov.cz/generický/datový-slovník-záznamu-informačního-systému-nahrazujícího-úředně-ověřený-podpis/pojem/název-dokumentu",
          "externalDocumentationUrl": null
        }
      ]
    },
    "https://slovník.gov.cz/generický/datový-slovník-záznamu-informačního-systému-nahrazujícího-úředně-ověřený-podpis/pojem/název-souboru": {
      "id": "https://slovník.gov.cz/generický/datový-slovník-záznamu-informačního-systému-nahrazujícího-úředně-ověřený-podpis/pojem/název-souboru",
      "iri": null,
      "type": [
        "relationship"
      ],
      "name": {},
      "description": {},
      "ends": [
        {
          "cardinality": [
            0,
            null
          ],
          "name": {},
          "description": {},
          "concept": "https://slovník.gov.cz/legislativní/sbírka/12/2020/pojem/dokument-nedílně-spojený-se-záznamem-isvs",
          "iri": null,
          "externalDocumentationUrl": null
        },
        {
          "cardinality": [
            0,
            null
          ],
          "name": {
            "cs": "název souboru"
          },
          "description": {},
          "concept": "http://www.w3.org/2000/01/rdf-schema#Literal",
          "iri": "https://slovník.gov.cz/generický/datový-slovník-záznamu-informačního-systému-nahrazujícího-úředně-ověřený-podpis/pojem/název-souboru",
          "externalDocumentationUrl": null
        }
      ]
    },
    "https://slovník.gov.cz/generický/datový-slovník-záznamu-informačního-systému-nahrazujícího-úředně-ověřený-podpis/pojem/otisk-dokumentu": {
      "id": "https://slovník.gov.cz/generický/datový-slovník-záznamu-informačního-systému-nahrazujícího-úředně-ověřený-podpis/pojem/otisk-dokumentu",
      "iri": "https://slovník.gov.cz/generický/datový-slovník-záznamu-informačního-systému-nahrazujícího-úředně-ověřený-podpis/pojem/otisk-dokumentu",
      "name": {
        "cs": "Otisk dokumentu"
      },
      "description": {},
      "type": [
        "class"
      ],
      "externalDocumentationUrl": null
    },
    "https://slovník.gov.cz/generický/datový-slovník-záznamu-informačního-systému-nahrazujícího-úředně-ověřený-podpis/pojem/má-otisk-dokumentu": {
      "id": "https://slovník.gov.cz/generický/datový-slovník-záznamu-informačního-systému-nahrazujícího-úředně-ověřený-podpis/pojem/má-otisk-dokumentu",
      "iri": null,
      "type": [
        "relationship"
      ],
      "name": {
        "cs": "má otisk dokumentu"
      },
      "description": {},
      "ends": [
        {
          "cardinality": [
            1,
            1
          ],
          "name": {},
          "description": {},
          "concept": "https://slovník.gov.cz/legislativní/sbírka/12/2020/pojem/dokument-nedílně-spojený-se-záznamem-isvs",
          "iri": null,
          "externalDocumentationUrl": null
        },
        {
          "cardinality": [
            0,
            null
          ],
          "name": {
            "cs": "má otisk dokumentu"
          },
          "description": {},
          "concept": "https://slovník.gov.cz/generický/datový-slovník-záznamu-informačního-systému-nahrazujícího-úředně-ověřený-podpis/pojem/otisk-dokumentu",
          "iri": "https://slovník.gov.cz/generický/datový-slovník-záznamu-informačního-systému-nahrazujícího-úředně-ověřený-podpis/pojem/má-otisk-dokumentu",
          "externalDocumentationUrl": null
        }
      ]
    },
    "https://slovník.gov.cz/generický/datový-slovník-záznamu-informačního-systému-nahrazujícího-úředně-ověřený-podpis/pojem/hodnota-otisku": {
      "id": "https://slovník.gov.cz/generický/datový-slovník-záznamu-informačního-systému-nahrazujícího-úředně-ověřený-podpis/pojem/hodnota-otisku",
      "iri": null,
      "type": [
        "relationship"
      ],
      "name": {},
      "description": {},
      "ends": [
        {
          "cardinality": [
            0,
            null
          ],
          "name": {},
          "description": {},
          "concept": "https://slovník.gov.cz/generický/datový-slovník-záznamu-informačního-systému-nahrazujícího-úředně-ověřený-podpis/pojem/otisk-dokumentu",
          "iri": null,
          "externalDocumentationUrl": null
        },
        {
          "cardinality": [
            0,
            null
          ],
          "name": {
            "cs": "hodnota otisku"
          },
          "description": {},
          "concept": "http://www.w3.org/2000/01/rdf-schema#Literal",
          "iri": "https://slovník.gov.cz/generický/datový-slovník-záznamu-informačního-systému-nahrazujícího-úředně-ověřený-podpis/pojem/hodnota-otisku",
          "externalDocumentationUrl": null
        }
      ]
    },
    "https://slovník.gov.cz/generický/datový-slovník-záznamu-informačního-systému-nahrazujícího-úředně-ověřený-podpis/pojem/hashovací-funkce": {
      "id": "https://slovník.gov.cz/generický/datový-slovník-záznamu-informačního-systému-nahrazujícího-úředně-ověřený-podpis/pojem/hashovací-funkce",
      "iri": "https://slovník.gov.cz/generický/datový-slovník-záznamu-informačního-systému-nahrazujícího-úředně-ověřený-podpis/pojem/hashovací-funkce",
      "name": {
        "cs": "Hashovací funkce"
      },
      "description": {},
      "type": [
        "class"
      ],
      "isCodelist": true,
      "codelistUrl": [],
      "externalDocumentationUrl": null
    },
    "https://slovník.gov.cz/generický/datový-slovník-záznamu-informačního-systému-nahrazujícího-úředně-ověřený-podpis/pojem/použitá-hashovací-funkce": {
      "id": "https://slovník.gov.cz/generický/datový-slovník-záznamu-informačního-systému-nahrazujícího-úředně-ověřený-podpis/pojem/použitá-hashovací-funkce",
      "iri": null,
      "type": [
        "relationship"
      ],
      "name": {
        "cs": "použitá hashovací funkce"
      },
      "description": {},
      "ends": [
        {
          "cardinality": null,
          "name": {},
          "description": {},
          "concept": "https://slovník.gov.cz/generický/datový-slovník-záznamu-informačního-systému-nahrazujícího-úředně-ověřený-podpis/pojem/otisk-dokumentu",
          "iri": null,
          "externalDocumentationUrl": null
        },
        {
          "cardinality": [
            1,
            1
          ],
          "name": {
            "cs": "použitá hashovací funkce"
          },
          "description": {},
          "concept": "https://slovník.gov.cz/generický/datový-slovník-záznamu-informačního-systému-nahrazujícího-úředně-ověřený-podpis/pojem/hashovací-funkce",
          "iri": "https://slovník.gov.cz/generický/datový-slovník-záznamu-informačního-systému-nahrazujícího-úředně-ověřený-podpis/pojem/použitá-hashovací-funkce",
          "externalDocumentationUrl": null
        }
      ]
    },
    "https://slovník.gov.cz/datový/číselníky/pojem/položka-číselníku": {
      "id": "https://slovník.gov.cz/datový/číselníky/pojem/položka-číselníku",
      "iri": "https://slovník.gov.cz/datový/číselníky/pojem/položka-číselníku",
      "name": {
        "cs": "Položka číselníku"
      },
      "description": {
        "cs": "Položka číselníku reprezentuje jednu přípustnou hodnotu datového prvku z množiny všech přípustných hodnot, které jsou kódovány číselníkem, do kterého položka patří."
      },
      "type": [
        "class"
      ],
      "externalDocumentationUrl": null
    },
    "https://dataspecer.com/semantic-models/generalizationfromIri=https%3A%2F%2Fslovn%C3%ADk.gov.cz%2Fgenerick%C3%BD%2Fdatov%C3%BD-slovn%C3%ADk-z%C3%A1znamu-informa%C4%8Dn%C3%ADho-syst%C3%A9mu-nahrazuj%C3%ADc%C3%ADho-%C3%BA%C5%99edn%C4%9B-ov%C4%9B%C5%99en%C3%BD-podpis%2Fpojem%2Fhashovac%C3%AD-funkce&toIri=https%3A%2F%2Fslovn%C3%ADk.gov.cz%2Fdatov%C3%BD%2F%C4%8D%C3%ADseln%C3%ADky%2Fpojem%2Fpolo%C5%BEka-%C4%8D%C3%ADseln%C3%ADku": {
      "id": "https://dataspecer.com/semantic-models/generalizationfromIri=https%3A%2F%2Fslovn%C3%ADk.gov.cz%2Fgenerick%C3%BD%2Fdatov%C3%BD-slovn%C3%ADk-z%C3%A1znamu-informa%C4%8Dn%C3%ADho-syst%C3%A9mu-nahrazuj%C3%ADc%C3%ADho-%C3%BA%C5%99edn%C4%9B-ov%C4%9B%C5%99en%C3%BD-podpis%2Fpojem%2Fhashovac%C3%AD-funkce&toIri=https%3A%2F%2Fslovn%C3%ADk.gov.cz%2Fdatov%C3%BD%2F%C4%8D%C3%ADseln%C3%ADky%2Fpojem%2Fpolo%C5%BEka-%C4%8D%C3%ADseln%C3%ADku",
      "iri": null,
      "child": "https://slovník.gov.cz/generický/datový-slovník-záznamu-informačního-systému-nahrazujícího-úředně-ověřený-podpis/pojem/hashovací-funkce",
      "parent": "https://slovník.gov.cz/datový/číselníky/pojem/položka-číselníku",
      "type": [
        "generalization"
      ]
    },
    "https://slovník.gov.cz/datový/číselníky/pojem/kód-položky-číselníku": {
      "id": "https://slovník.gov.cz/datový/číselníky/pojem/kód-položky-číselníku",
      "iri": null,
      "type": [
        "relationship"
      ],
      "name": {},
      "description": {},
      "ends": [
        {
          "cardinality": [
            0,
            null
          ],
          "name": {},
          "description": {},
          "concept": "https://slovník.gov.cz/datový/číselníky/pojem/položka-číselníku",
          "iri": null,
          "externalDocumentationUrl": null
        },
        {
          "cardinality": [
            1,
            1
          ],
          "name": {
            "cs": "kód položky číselníku"
          },
          "description": {
            "cs": "Unikátní kód položky číselníku v rámci číselníku, do kterého položka patří."
          },
          "concept": "http://www.w3.org/2000/01/rdf-schema#Literal",
          "iri": "https://slovník.gov.cz/datový/číselníky/pojem/kód-položky-číselníku",
          "externalDocumentationUrl": null
        }
      ]
    },
    "https://slovník.gov.cz/datový/číselníky/pojem/plný-název-položky-číselníku": {
      "id": "https://slovník.gov.cz/datový/číselníky/pojem/plný-název-položky-číselníku",
      "iri": null,
      "type": [
        "relationship"
      ],
      "name": {},
      "description": {},
      "ends": [
        {
          "cardinality": [
            0,
            null
          ],
          "name": {},
          "description": {},
          "concept": "https://slovník.gov.cz/datový/číselníky/pojem/položka-číselníku",
          "iri": null,
          "externalDocumentationUrl": null
        },
        {
          "cardinality": [
            0,
            null
          ],
          "name": {
            "cs": "plný název položky číselníku"
          },
          "description": {
            "cs": "Plný (tj. úplný) název (hodnota) položky číselníku."
          },
          "concept": "http://www.w3.org/2000/01/rdf-schema#Literal",
          "iri": "https://slovník.gov.cz/datový/číselníky/pojem/plný-název-položky-číselníku",
          "externalDocumentationUrl": null
        }
      ]
    },
    "https://slovník.gov.cz/legislativní/sbírka/12/2020/pojem/datum-a-čas-nahrazení-úředně-ověřeného-podpisu-nebo-uznávaného-elektronického-podpisu": {
      "id": "https://slovník.gov.cz/legislativní/sbírka/12/2020/pojem/datum-a-čas-nahrazení-úředně-ověřeného-podpisu-nebo-uznávaného-elektronického-podpisu",
      "iri": null,
      "type": [
        "relationship"
      ],
      "name": {},
      "description": {},
      "ends": [
        {
          "cardinality": [
            0,
            null
          ],
          "name": {},
          "description": {},
          "concept": "https://slovník.gov.cz/legislativní/sbírka/12/2020/pojem/nahrazení-úředně-ověřeného-podpisu-nebo-uznávaného-elektronického-podpisu",
          "iri": null,
          "externalDocumentationUrl": null
        },
        {
          "cardinality": [
            0,
            null
          ],
          "name": {
            "cs": "datum a čas nahrazení úředně ověřeného podpisu nebo uznávaného elektronického podpisu"
          },
          "description": {},
          "concept": "http://www.w3.org/2000/01/rdf-schema#Literal",
          "iri": "https://slovník.gov.cz/legislativní/sbírka/12/2020/pojem/datum-a-čas-nahrazení-úředně-ověřeného-podpisu-nebo-uznávaného-elektronického-podpisu",
          "externalDocumentationUrl": null
        }
      ]
    },
    "https://slovník.gov.cz/legislativní/sbírka/12/2020/pojem/digitální-úkon": {
      "id": "https://slovník.gov.cz/legislativní/sbírka/12/2020/pojem/digitální-úkon",
      "iri": "https://slovník.gov.cz/legislativní/sbírka/12/2020/pojem/digitální-úkon",
      "name": {
        "cs": "Digitální úkon"
      },
      "description": {
        "cs": "Digitálním úkonem je úkon vykonávaný uživatelem služby vůči orgánu veřejné moci v rámci agendy a vedený v katalogu služeb jako úkon v elektronické podobě."
      },
      "type": [
        "class"
      ],
      "externalDocumentationUrl": null
    },
    "https://slovník.gov.cz/generický/datový-slovník-záznamu-informačního-systému-nahrazujícího-úředně-ověřený-podpis/pojem/nahrazení-pro-účely-úkonu": {
      "id": "https://slovník.gov.cz/generický/datový-slovník-záznamu-informačního-systému-nahrazujícího-úředně-ověřený-podpis/pojem/nahrazení-pro-účely-úkonu",
      "iri": null,
      "type": [
        "relationship"
      ],
      "name": {
        "cs": "nahrazení pro účely úkonu"
      },
      "description": {},
      "ends": [
        {
          "cardinality": null,
          "name": {},
          "description": {},
          "concept": "https://slovník.gov.cz/legislativní/sbírka/12/2020/pojem/nahrazení-úředně-ověřeného-podpisu-nebo-uznávaného-elektronického-podpisu",
          "iri": null,
          "externalDocumentationUrl": null
        },
        {
          "cardinality": [
            1,
            1
          ],
          "name": {
            "cs": "nahrazení pro účely úkonu"
          },
          "description": {},
          "concept": "https://slovník.gov.cz/legislativní/sbírka/12/2020/pojem/digitální-úkon",
          "iri": "https://slovník.gov.cz/generický/datový-slovník-záznamu-informačního-systému-nahrazujícího-úředně-ověřený-podpis/pojem/nahrazení-pro-účely-úkonu",
          "externalDocumentationUrl": null
        }
      ]
    },
    "https://slovník.gov.cz/generický/datový-slovník-záznamu-informačního-systému-nahrazujícího-úředně-ověřený-podpis/pojem/oprávnění-k-zastupování": {
      "id": "https://slovník.gov.cz/generický/datový-slovník-záznamu-informačního-systému-nahrazujícího-úředně-ověřený-podpis/pojem/oprávnění-k-zastupování",
      "iri": "https://slovník.gov.cz/generický/datový-slovník-záznamu-informačního-systému-nahrazujícího-úředně-ověřený-podpis/pojem/oprávnění-k-zastupování",
      "name": {
        "cs": "Oprávnění k zastupování"
      },
      "description": {},
      "type": [
        "class"
      ],
      "externalDocumentationUrl": null
    },
    "https://slovník.gov.cz/generický/datový-slovník-záznamu-informačního-systému-nahrazujícího-úředně-ověřený-podpis/pojem/použité-oprávnění-k-zastupování": {
      "id": "https://slovník.gov.cz/generický/datový-slovník-záznamu-informačního-systému-nahrazujícího-úředně-ověřený-podpis/pojem/použité-oprávnění-k-zastupování",
      "iri": null,
      "type": [
        "relationship"
      ],
      "name": {
        "cs": "použité oprávnění k zastupování"
      },
      "description": {},
      "ends": [
        {
          "cardinality": null,
          "name": {},
          "description": {},
          "concept": "https://slovník.gov.cz/legislativní/sbírka/12/2020/pojem/nahrazení-úředně-ověřeného-podpisu-nebo-uznávaného-elektronického-podpisu",
          "iri": null,
          "externalDocumentationUrl": null
        },
        {
          "cardinality": [
            0,
            1
          ],
          "name": {
            "cs": "použité oprávnění k zastupování"
          },
          "description": {},
          "concept": "https://slovník.gov.cz/generický/datový-slovník-záznamu-informačního-systému-nahrazujícího-úředně-ověřený-podpis/pojem/oprávnění-k-zastupování",
          "iri": "https://slovník.gov.cz/generický/datový-slovník-záznamu-informačního-systému-nahrazujícího-úředně-ověřený-podpis/pojem/použité-oprávnění-k-zastupování",
          "externalDocumentationUrl": null
        }
      ]
    },
    "https://slovník.gov.cz/legislativní/sbírka/365/2000/pojem/informační-systém-veřejné-správy": {
      "id": "https://slovník.gov.cz/legislativní/sbírka/365/2000/pojem/informační-systém-veřejné-správy",
      "iri": "https://slovník.gov.cz/legislativní/sbírka/365/2000/pojem/informační-systém-veřejné-správy",
      "name": {
        "cs": "Informační systém veřejné správy"
      },
      "description": {
        "cs": "Informačním systémem veřejné správy funkční celek nebo jeho část zabezpečující cílevědomou a systematickou informační činnost pro účely výkonu veřejné správy nebo plnění jiných funkcí státu anebo dalších veřejnoprávních korporací. Každý informační systém veřejné správy zahrnuje data, která jsou uspořádána tak, aby bylo možné jejich zpracování a zpřístupnění, provozní údaje a dále technické a programové prostředky, případně jiné nástroje umožňující výkon informačních činností"
      },
      "type": [
        "class"
      ],
      "externalDocumentationUrl": null
    },
    "https://slovník.gov.cz/generický/datový-slovník-záznamu-informačního-systému-nahrazujícího-úředně-ověřený-podpis/pojem/provádí-isvs": {
      "id": "https://slovník.gov.cz/generický/datový-slovník-záznamu-informačního-systému-nahrazujícího-úředně-ověřený-podpis/pojem/provádí-isvs",
      "iri": null,
      "type": [
        "relationship"
      ],
      "name": {
        "cs": "provádí ISVS"
      },
      "description": {},
      "ends": [
        {
          "cardinality": null,
          "name": {},
          "description": {},
          "concept": "https://slovník.gov.cz/legislativní/sbírka/12/2020/pojem/nahrazení-úředně-ověřeného-podpisu-nebo-uznávaného-elektronického-podpisu",
          "iri": null,
          "externalDocumentationUrl": null
        },
        {
          "cardinality": [
            1,
            1
          ],
          "name": {
            "cs": "provádí ISVS"
          },
          "description": {},
          "concept": "https://slovník.gov.cz/legislativní/sbírka/365/2000/pojem/informační-systém-veřejné-správy",
          "iri": "https://slovník.gov.cz/generický/datový-slovník-záznamu-informačního-systému-nahrazujícího-úředně-ověřený-podpis/pojem/provádí-isvs",
          "externalDocumentationUrl": null
        }
      ]
    },
    "https://slovník.gov.cz/legislativní/sbírka/111/2009/pojem/orgán-veřejné-moci": {
      "id": "https://slovník.gov.cz/legislativní/sbírka/111/2009/pojem/orgán-veřejné-moci",
      "iri": "https://slovník.gov.cz/legislativní/sbírka/111/2009/pojem/orgán-veřejné-moci",
      "name": {
        "cs": "Orgán veřejné moci"
      },
      "description": {
        "cs": "Orgánem veřejné moci se rozumí státní orgán, územní samosprávný celek a fyzická nebo právnická osoba, byla-li jí svěřena působnost v oblasti veřejné správy."
      },
      "type": [
        "class"
      ],
      "externalDocumentationUrl": null
    },
    "https://slovník.gov.cz/generický/datový-slovník-záznamu-informačního-systému-nahrazujícího-úředně-ověřený-podpis/pojem/provádí-ovm": {
      "id": "https://slovník.gov.cz/generický/datový-slovník-záznamu-informačního-systému-nahrazujícího-úředně-ověřený-podpis/pojem/provádí-ovm",
      "iri": null,
      "type": [
        "relationship"
      ],
      "name": {
        "cs": "provádí OVM"
      },
      "description": {},
      "ends": [
        {
          "cardinality": null,
          "name": {},
          "description": {},
          "concept": "https://slovník.gov.cz/legislativní/sbírka/12/2020/pojem/nahrazení-úředně-ověřeného-podpisu-nebo-uznávaného-elektronického-podpisu",
          "iri": null,
          "externalDocumentationUrl": null
        },
        {
          "cardinality": [
            1,
            1
          ],
          "name": {
            "cs": "provádí OVM"
          },
          "description": {},
          "concept": "https://slovník.gov.cz/legislativní/sbírka/111/2009/pojem/orgán-veřejné-moci",
          "iri": "https://slovník.gov.cz/generický/datový-slovník-záznamu-informačního-systému-nahrazujícího-úředně-ověřený-podpis/pojem/provádí-ovm",
          "externalDocumentationUrl": null
        }
      ]
    },
    "https://slovník.gov.cz/generický/datový-slovník-záznamu-informačního-systému-nahrazujícího-úředně-ověřený-podpis/pojem/fyzická-osoba-ve-vztahu-k-nahrazení-úředně-ověřeného-podpisu-nebo-uznávaného-elektronického-podpisu": {
      "id": "https://slovník.gov.cz/generický/datový-slovník-záznamu-informačního-systému-nahrazujícího-úředně-ověřený-podpis/pojem/fyzická-osoba-ve-vztahu-k-nahrazení-úředně-ověřeného-podpisu-nebo-uznávaného-elektronického-podpisu",
      "iri": "https://slovník.gov.cz/generický/datový-slovník-záznamu-informačního-systému-nahrazujícího-úředně-ověřený-podpis/pojem/fyzická-osoba-ve-vztahu-k-nahrazení-úředně-ověřeného-podpisu-nebo-uznávaného-elektronického-podpisu",
      "name": {
        "cs": "Fyzická osoba ve vztahu k nahrazení úředně ověřeného podpisu nebo uznávaného elektronického podpisu"
      },
      "description": {},
      "type": [
        "class"
      ],
      "externalDocumentationUrl": null
    },
    "https://slovník.gov.cz/generický/datový-slovník-záznamu-informačního-systému-nahrazujícího-úředně-ověřený-podpis/pojem/žadatel": {
      "id": "https://slovník.gov.cz/generický/datový-slovník-záznamu-informačního-systému-nahrazujícího-úředně-ověřený-podpis/pojem/žadatel",
      "iri": null,
      "type": [
        "relationship"
      ],
      "name": {
        "cs": "žadatel"
      },
      "description": {},
      "ends": [
        {
          "cardinality": null,
          "name": {},
          "description": {},
          "concept": "https://slovník.gov.cz/legislativní/sbírka/12/2020/pojem/nahrazení-úředně-ověřeného-podpisu-nebo-uznávaného-elektronického-podpisu",
          "iri": null,
          "externalDocumentationUrl": null
        },
        {
          "cardinality": [
            1,
            1
          ],
          "name": {
            "cs": "žadatel"
          },
          "description": {},
          "concept": "https://slovník.gov.cz/generický/datový-slovník-záznamu-informačního-systému-nahrazujícího-úředně-ověřený-podpis/pojem/fyzická-osoba-ve-vztahu-k-nahrazení-úředně-ověřeného-podpisu-nebo-uznávaného-elektronického-podpisu",
          "iri": "https://slovník.gov.cz/generický/datový-slovník-záznamu-informačního-systému-nahrazujícího-úředně-ověřený-podpis/pojem/žadatel",
          "externalDocumentationUrl": null
        }
      ]
    },
    "https://slovník.gov.cz/agendový/104/pojem/úkon-služby-veřejné-správy": {
      "id": "https://slovník.gov.cz/agendový/104/pojem/úkon-služby-veřejné-správy",
      "iri": "https://slovník.gov.cz/agendový/104/pojem/úkon-služby-veřejné-správy",
      "name": {
        "cs": "Úkon služby veřejné správy"
      },
      "description": {
        "cs": "Úkon představuje jednotnou a ucelenou interakci mezi klientem a OVM (úředníkem), která je realizována určeným obslužným kanálem na jednom OVM a která má právní následky. Pomocí úkonu či série úkonů klient usiluje o dosažení výstupu dané služby VS."
      },
      "type": [
        "class"
      ],
      "externalDocumentationUrl": null
    },
    "https://dataspecer.com/semantic-models/generalizationfromIri=https%3A%2F%2Fslovn%C3%ADk.gov.cz%2Flegislativn%C3%AD%2Fsb%C3%ADrka%2F12%2F2020%2Fpojem%2Fdigit%C3%A1ln%C3%AD-%C3%BAkon&toIri=https%3A%2F%2Fslovn%C3%ADk.gov.cz%2Fagendov%C3%BD%2F104%2Fpojem%2F%C3%BAkon-slu%C5%BEby-ve%C5%99ejn%C3%A9-spr%C3%A1vy": {
      "id": "https://dataspecer.com/semantic-models/generalizationfromIri=https%3A%2F%2Fslovn%C3%ADk.gov.cz%2Flegislativn%C3%AD%2Fsb%C3%ADrka%2F12%2F2020%2Fpojem%2Fdigit%C3%A1ln%C3%AD-%C3%BAkon&toIri=https%3A%2F%2Fslovn%C3%ADk.gov.cz%2Fagendov%C3%BD%2F104%2Fpojem%2F%C3%BAkon-slu%C5%BEby-ve%C5%99ejn%C3%A9-spr%C3%A1vy",
      "iri": null,
      "child": "https://slovník.gov.cz/legislativní/sbírka/12/2020/pojem/digitální-úkon",
      "parent": "https://slovník.gov.cz/agendový/104/pojem/úkon-služby-veřejné-správy",
      "type": [
        "generalization"
      ]
    },
    "https://slovník.gov.cz/agendový/104/pojem/má-identifikátor-úkonu-služby": {
      "id": "https://slovník.gov.cz/agendový/104/pojem/má-identifikátor-úkonu-služby",
      "iri": null,
      "type": [
        "relationship"
      ],
      "name": {},
      "description": {},
      "ends": [
        {
          "cardinality": [
            0,
            null
          ],
          "name": {},
          "description": {},
          "concept": "https://slovník.gov.cz/agendový/104/pojem/úkon-služby-veřejné-správy",
          "iri": null,
          "externalDocumentationUrl": null
        },
        {
          "cardinality": [
            0,
            null
          ],
          "name": {
            "cs": "Má identifikátor úkonu služby"
          },
          "description": {
            "cs": "Automaticky (stejně jako v případě služby VS) generovaný kód sloužící pro databázové zpracování údajů."
          },
          "concept": "http://www.w3.org/2000/01/rdf-schema#Literal",
          "iri": "https://slovník.gov.cz/agendový/104/pojem/má-identifikátor-úkonu-služby",
          "externalDocumentationUrl": null
        }
      ]
    },
    "https://slovník.gov.cz/agendový/104/pojem/má-název-úkonu-služby": {
      "id": "https://slovník.gov.cz/agendový/104/pojem/má-název-úkonu-služby",
      "iri": null,
      "type": [
        "relationship"
      ],
      "name": {},
      "description": {},
      "ends": [
        {
          "cardinality": [
            0,
            null
          ],
          "name": {},
          "description": {},
          "concept": "https://slovník.gov.cz/agendový/104/pojem/úkon-služby-veřejné-správy",
          "iri": null,
          "externalDocumentationUrl": null
        },
        {
          "cardinality": [
            0,
            null
          ],
          "name": {
            "cs": "Má název úkonu služby"
          },
          "description": {
            "cs": "Podobně jako u služby se jedná o srozumitelný a výstižný název úkonu, aby bylo klientovi jasné, co je účelem úkonu. Název úkonu by měl výstižně popsat konkrétní krok (např. podání žádosti, výzva k doložení/doplnění žádosti, atd.)."
          },
          "concept": "http://www.w3.org/2000/01/rdf-schema#Literal",
          "iri": "https://slovník.gov.cz/agendový/104/pojem/má-název-úkonu-služby",
          "externalDocumentationUrl": null
        }
      ]
    },
    "https://slovník.gov.cz/legislativní/sbírka/111/2009/pojem/služba-veřejné-správy": {
      "id": "https://slovník.gov.cz/legislativní/sbírka/111/2009/pojem/služba-veřejné-správy",
      "iri": "https://slovník.gov.cz/legislativní/sbírka/111/2009/pojem/služba-veřejné-správy",
      "name": {
        "cs": "Služba veřejné správy"
      },
      "description": {
        "cs": "Služba veřejné správy představuje funkci (činnost) úřadu, která je vědomě poskytnuta konkrétním OVM konkrétnímu příjemci služby podle příslušného právního předpisu tak, že přináší příjemci vnímanou hodnotu, ať už v podobě benefitu nebo splnění zákonné povinnosti. Evidují se pouze takové služby VS, během nichž dochází k interakci mezi OVM a klientem či naopak, nikoli k interakci mezi OVM a OVM. Na službu VS lze také pohlížet jako na dosažení práva či naplnění povinnosti klienta, které nelze splnit jinak než interakcí či sérií interakcí mezi klientem a OVM. Služba se dělí podle toho, zdali je iniciována klientem nebo vykonávaná z moci úřední. Každá služba se skládá z nejméně jednoho úkonu."
      },
      "type": [
        "class"
      ],
      "externalDocumentationUrl": null
    },
    "https://slovník.gov.cz/agendový/104/pojem/skládá-se-z-úkonu": {
      "id": "https://slovník.gov.cz/agendový/104/pojem/skládá-se-z-úkonu",
      "iri": null,
      "type": [
        "relationship"
      ],
      "name": {
        "cs": "Skládá se z úkonu"
      },
      "description": {
        "cs": "Každá služba se skládá z nejméně jednoho úkonu."
      },
      "ends": [
        {
          "cardinality": null,
          "name": {},
          "description": {},
          "concept": "https://slovník.gov.cz/legislativní/sbírka/111/2009/pojem/služba-veřejné-správy",
          "iri": null,
          "externalDocumentationUrl": null
        },
        {
          "cardinality": [
            0,
            null
          ],
          "name": {
            "cs": "Skládá se z úkonu"
          },
          "description": {
            "cs": "Každá služba se skládá z nejméně jednoho úkonu."
          },
          "concept": "https://slovník.gov.cz/agendový/104/pojem/úkon-služby-veřejné-správy",
          "iri": "https://slovník.gov.cz/agendový/104/pojem/skládá-se-z-úkonu",
          "externalDocumentationUrl": null
        }
      ]
    },
    "https://slovník.gov.cz/agendový/104/pojem/má-identifikátor-služby": {
      "id": "https://slovník.gov.cz/agendový/104/pojem/má-identifikátor-služby",
      "iri": null,
      "type": [
        "relationship"
      ],
      "name": {},
      "description": {},
      "ends": [
        {
          "cardinality": [
            0,
            null
          ],
          "name": {},
          "description": {},
          "concept": "https://slovník.gov.cz/legislativní/sbírka/111/2009/pojem/služba-veřejné-správy",
          "iri": null,
          "externalDocumentationUrl": null
        },
        {
          "cardinality": [
            0,
            null
          ],
          "name": {
            "cs": "Má identifikátor služby"
          },
          "description": {
            "cs": "Automaticky (stejně jako v případě agendy nebo činnosti) generovaný kód sloužící pro databázové zpracování údajů."
          },
          "concept": "http://www.w3.org/2000/01/rdf-schema#Literal",
          "iri": "https://slovník.gov.cz/agendový/104/pojem/má-identifikátor-služby",
          "externalDocumentationUrl": null
        }
      ]
    },
    "https://slovník.gov.cz/agendový/104/pojem/má-název-služby": {
      "id": "https://slovník.gov.cz/agendový/104/pojem/má-název-služby",
      "iri": null,
      "type": [
        "relationship"
      ],
      "name": {},
      "description": {},
      "ends": [
        {
          "cardinality": [
            0,
            null
          ],
          "name": {},
          "description": {},
          "concept": "https://slovník.gov.cz/legislativní/sbírka/111/2009/pojem/služba-veřejné-správy",
          "iri": null,
          "externalDocumentationUrl": null
        },
        {
          "cardinality": [
            0,
            null
          ],
          "name": {
            "cs": "Má název služby"
          },
          "description": {
            "cs": "Název by měl klientovi stručně a jasně vystihnout, o jakou službu se jedná. Důležité je, aby byl nezaměnitelný s jinou službou, ale stále velmi jednoduchý, srozumitelný a zapamatovatelný. Měřítkem je, že název služby je používaný (bude používán) v běžném hovoru lidí."
          },
          "concept": "http://www.w3.org/2000/01/rdf-schema#Literal",
          "iri": "https://slovník.gov.cz/agendový/104/pojem/má-název-služby",
          "externalDocumentationUrl": null
        }
      ]
    },
    "https://slovník.gov.cz/legislativní/sbírka/111/2009/pojem/agenda": {
      "id": "https://slovník.gov.cz/legislativní/sbírka/111/2009/pojem/agenda",
      "iri": "https://slovník.gov.cz/legislativní/sbírka/111/2009/pojem/agenda",
      "name": {
        "cs": "Agenda"
      },
      "description": {
        "cs": "Ucelená oblast působnosti orgánu veřejné moci nebo ucelená oblast působení soukromoprávního uživatele údajů."
      },
      "type": [
        "class"
      ],
      "externalDocumentationUrl": null
    },
    "https://slovník.gov.cz/agendový/104/pojem/je-poskytována-v-rámci-agendy": {
      "id": "https://slovník.gov.cz/agendový/104/pojem/je-poskytována-v-rámci-agendy",
      "iri": null,
      "type": [
        "relationship"
      ],
      "name": {
        "cs": "Je poskytována v rámci agendy"
      },
      "description": {
        "cs": "Přiřazuje úkon do agendy, v rámci které je vykonáván. Úkon je vždy vykonáván v právě jedné agendě. V jedné agendě může být vykonáváno více úkonů."
      },
      "ends": [
        {
          "cardinality": null,
          "name": {},
          "description": {},
          "concept": "https://slovník.gov.cz/legislativní/sbírka/111/2009/pojem/služba-veřejné-správy",
          "iri": null,
          "externalDocumentationUrl": null
        },
        {
          "cardinality": [
            0,
            null
          ],
          "name": {
            "cs": "Je poskytována v rámci agendy"
          },
          "description": {
            "cs": "Přiřazuje úkon do agendy, v rámci které je vykonáván. Úkon je vždy vykonáván v právě jedné agendě. V jedné agendě může být vykonáváno více úkonů."
          },
          "concept": "https://slovník.gov.cz/legislativní/sbírka/111/2009/pojem/agenda",
          "iri": "https://slovník.gov.cz/agendový/104/pojem/je-poskytována-v-rámci-agendy",
          "externalDocumentationUrl": null
        }
      ]
    },
    "https://slovník.gov.cz/legislativní/sbírka/111/2009/pojem/má-kód-agendy": {
      "id": "https://slovník.gov.cz/legislativní/sbírka/111/2009/pojem/má-kód-agendy",
      "iri": null,
      "type": [
        "relationship"
      ],
      "name": {},
      "description": {},
      "ends": [
        {
          "cardinality": [
            0,
            null
          ],
          "name": {},
          "description": {},
          "concept": "https://slovník.gov.cz/legislativní/sbírka/111/2009/pojem/agenda",
          "iri": null,
          "externalDocumentationUrl": null
        },
        {
          "cardinality": [
            0,
            null
          ],
          "name": {
            "cs": "Má kód agendy"
          },
          "description": {
            "cs": "Kód agendy je veřejným identifikátorem, který je jednoznačně přiřazen záznamu o agendě v číselníku agend v registru práv a povinností."
          },
          "concept": "http://www.w3.org/2000/01/rdf-schema#Literal",
          "iri": "https://slovník.gov.cz/legislativní/sbírka/111/2009/pojem/má-kód-agendy",
          "externalDocumentationUrl": null
        }
      ]
    },
    "https://slovník.gov.cz/legislativní/sbírka/111/2009/pojem/má-název-agendy": {
      "id": "https://slovník.gov.cz/legislativní/sbírka/111/2009/pojem/má-název-agendy",
      "iri": null,
      "type": [
        "relationship"
      ],
      "name": {},
      "description": {},
      "ends": [
        {
          "cardinality": [
            0,
            null
          ],
          "name": {},
          "description": {},
          "concept": "https://slovník.gov.cz/legislativní/sbírka/111/2009/pojem/agenda",
          "iri": null,
          "externalDocumentationUrl": null
        },
        {
          "cardinality": [
            0,
            null
          ],
          "name": {
            "cs": "Má název agendy"
          },
          "description": {
            "cs": "Název agendy je referenčním údajem o agendě vedený v Registru práv a povinností"
          },
          "concept": "http://www.w3.org/2000/01/rdf-schema#Literal",
          "iri": "https://slovník.gov.cz/legislativní/sbírka/111/2009/pojem/má-název-agendy",
          "externalDocumentationUrl": null
        }
      ]
    },
    "https://slovník.gov.cz/agendový/104/pojem/má-identifikátor-isvs": {
      "id": "https://slovník.gov.cz/agendový/104/pojem/má-identifikátor-isvs",
      "iri": null,
      "type": [
        "relationship"
      ],
      "name": {},
      "description": {},
      "ends": [
        {
          "cardinality": [
            0,
            null
          ],
          "name": {},
          "description": {},
          "concept": "https://slovník.gov.cz/legislativní/sbírka/365/2000/pojem/informační-systém-veřejné-správy",
          "iri": null,
          "externalDocumentationUrl": null
        },
        {
          "cardinality": [
            0,
            null
          ],
          "name": {
            "cs": "Má identifikátor ISVS"
          },
          "description": {
            "cs": "Jednoznačná identifikace ISVS v rámci RPP."
          },
          "concept": "http://www.w3.org/2000/01/rdf-schema#Literal",
          "iri": "https://slovník.gov.cz/agendový/104/pojem/má-identifikátor-isvs",
          "externalDocumentationUrl": null
        }
      ]
    },
    "https://slovník.gov.cz/legislativní/sbírka/329/2020/pojem/název-isvs": {
      "id": "https://slovník.gov.cz/legislativní/sbírka/329/2020/pojem/název-isvs",
      "iri": null,
      "type": [
        "relationship"
      ],
      "name": {},
      "description": {},
      "ends": [
        {
          "cardinality": [
            0,
            null
          ],
          "name": {},
          "description": {},
          "concept": "https://slovník.gov.cz/legislativní/sbírka/365/2000/pojem/informační-systém-veřejné-správy",
          "iri": null,
          "externalDocumentationUrl": null
        },
        {
          "cardinality": [
            0,
            null
          ],
          "name": {
            "cs": "název ISVS"
          },
          "description": {
            "cs": "Název ISVS, který používá správce ISVS."
          },
          "concept": "http://www.w3.org/2000/01/rdf-schema#Literal",
          "iri": "https://slovník.gov.cz/legislativní/sbírka/329/2020/pojem/název-isvs",
          "externalDocumentationUrl": null
        }
      ]
    },
    "https://slovník.gov.cz/legislativní/sbírka/111/2009/pojem/má-identifikátor-orgánu-veřejné-moci": {
      "id": "https://slovník.gov.cz/legislativní/sbírka/111/2009/pojem/má-identifikátor-orgánu-veřejné-moci",
      "iri": null,
      "type": [
        "relationship"
      ],
      "name": {},
      "description": {},
      "ends": [
        {
          "cardinality": [
            0,
            null
          ],
          "name": {},
          "description": {},
          "concept": "https://slovník.gov.cz/legislativní/sbírka/111/2009/pojem/orgán-veřejné-moci",
          "iri": null,
          "externalDocumentationUrl": null
        },
        {
          "cardinality": [
            0,
            null
          ],
          "name": {
            "cs": "Má identifikátor orgánu veřejné moci"
          },
          "description": {
            "cs": "Jednoznačný identifikátor orgánu veřejné moci v rámci všech orgánů veřejné moci. Identifikátor je referenčním údajem."
          },
          "concept": "http://www.w3.org/2000/01/rdf-schema#Literal",
          "iri": "https://slovník.gov.cz/legislativní/sbírka/111/2009/pojem/má-identifikátor-orgánu-veřejné-moci",
          "externalDocumentationUrl": null
        }
      ]
    },
    "https://slovník.gov.cz/legislativní/sbírka/111/2009/pojem/má-název-orgánu-veřejné-moci": {
      "id": "https://slovník.gov.cz/legislativní/sbírka/111/2009/pojem/má-název-orgánu-veřejné-moci",
      "iri": null,
      "type": [
        "relationship"
      ],
      "name": {},
      "description": {},
      "ends": [
        {
          "cardinality": [
            0,
            null
          ],
          "name": {},
          "description": {},
          "concept": "https://slovník.gov.cz/legislativní/sbírka/111/2009/pojem/orgán-veřejné-moci",
          "iri": null,
          "externalDocumentationUrl": null
        },
        {
          "cardinality": [
            0,
            null
          ],
          "name": {
            "cs": "Má název orgánu veřejné moci"
          },
          "description": {
            "cs": "Pojmenovává orgán veřejné moci názvem, který je oficiálním názvem orgánu veřejné moci. Název je referenčním údajem převzatým z registru obyvatel nebo z registru osob."
          },
          "concept": "http://www.w3.org/2000/01/rdf-schema#Literal",
          "iri": "https://slovník.gov.cz/legislativní/sbírka/111/2009/pojem/má-název-orgánu-veřejné-moci",
          "externalDocumentationUrl": null
        }
      ]
    },
    "https://slovník.gov.cz/legislativní/sbírka/89/2012/pojem/fyzická-osoba": {
      "id": "https://slovník.gov.cz/legislativní/sbírka/89/2012/pojem/fyzická-osoba",
      "iri": "https://slovník.gov.cz/legislativní/sbírka/89/2012/pojem/fyzická-osoba",
      "name": {
        "cs": "Fyzická osoba"
      },
      "description": {
        "cs": "Každý člověk má vrozená, již samotným rozumem a citem poznatelná přirozená práva, a tudíž se považuje za osobu. Zákon stanoví jen meze uplatňování přirozených práv člověka a způsob jejich ochrany. Člověk má právní osobnost od narození až do smrti."
      },
      "type": [
        "class"
      ],
      "externalDocumentationUrl": null
    },
    "https://slovník.gov.cz/legislativní/sbírka/304/2013/pojem/fyzická-osoba": {
      "id": "https://slovník.gov.cz/legislativní/sbírka/304/2013/pojem/fyzická-osoba",
      "iri": "https://slovník.gov.cz/legislativní/sbírka/304/2013/pojem/fyzická-osoba",
      "name": {
        "cs": "Fyzická osoba"
      },
      "description": {
        "cs": "Fyzické osoby, 1. které jsou podnikateli, mají bydliště v České republice a požádají o zápis, a 2. uvedené v § 43, které podnikají na území České republiky, a požádají o zápis  Fyzickou osobou se pro potřeby § 42 rozumí a) státní občan členského státu Evropské unie, jiného státu tvořícího Evropský hospodářský prostor nebo Švýcarské konfederace, b) rodinný příslušník osoby uvedené v písmeni a) oprávněný pobývat na území České republiky, c) státní občan třetího státu, kterému bylo v členském státě Evropské unie přiznáno právní postavení dlouhodobě pobývajícího rezidenta, d) rodinný příslušník osoby uvedené v písmeni c), kterému bylo na území České republiky vydáno povolení k dlouhodobému pobytu, a e) další fyzická osoba, které vzniklo právo podnikat podle živnostenského zákona nebo jiného zákona."
      },
      "type": [
        "class"
      ],
      "externalDocumentationUrl": null
    },
    "https://dataspecer.com/semantic-models/generalizationfromIri=https%3A%2F%2Fslovn%C3%ADk.gov.cz%2Flegislativn%C3%AD%2Fsb%C3%ADrka%2F304%2F2013%2Fpojem%2Ffyzick%C3%A1-osoba&toIri=https%3A%2F%2Fslovn%C3%ADk.gov.cz%2Flegislativn%C3%AD%2Fsb%C3%ADrka%2F89%2F2012%2Fpojem%2Ffyzick%C3%A1-osoba": {
      "id": "https://dataspecer.com/semantic-models/generalizationfromIri=https%3A%2F%2Fslovn%C3%ADk.gov.cz%2Flegislativn%C3%AD%2Fsb%C3%ADrka%2F304%2F2013%2Fpojem%2Ffyzick%C3%A1-osoba&toIri=https%3A%2F%2Fslovn%C3%ADk.gov.cz%2Flegislativn%C3%AD%2Fsb%C3%ADrka%2F89%2F2012%2Fpojem%2Ffyzick%C3%A1-osoba",
      "iri": null,
      "child": "https://slovník.gov.cz/legislativní/sbírka/304/2013/pojem/fyzická-osoba",
      "parent": "https://slovník.gov.cz/legislativní/sbírka/89/2012/pojem/fyzická-osoba",
      "type": [
        "generalization"
      ]
    },
    "https://slovník.gov.cz/legislativní/sbírka/111/2009/pojem/fyzická-osoba": {
      "id": "https://slovník.gov.cz/legislativní/sbírka/111/2009/pojem/fyzická-osoba",
      "iri": "https://slovník.gov.cz/legislativní/sbírka/111/2009/pojem/fyzická-osoba",
      "name": {
        "cs": "Fyzická osoba"
      },
      "description": {},
      "type": [
        "class"
      ],
      "externalDocumentationUrl": null
    },
    "https://dataspecer.com/semantic-models/generalizationfromIri=https%3A%2F%2Fslovn%C3%ADk.gov.cz%2Flegislativn%C3%AD%2Fsb%C3%ADrka%2F111%2F2009%2Fpojem%2Ffyzick%C3%A1-osoba&toIri=https%3A%2F%2Fslovn%C3%ADk.gov.cz%2Flegislativn%C3%AD%2Fsb%C3%ADrka%2F304%2F2013%2Fpojem%2Ffyzick%C3%A1-osoba": {
      "id": "https://dataspecer.com/semantic-models/generalizationfromIri=https%3A%2F%2Fslovn%C3%ADk.gov.cz%2Flegislativn%C3%AD%2Fsb%C3%ADrka%2F111%2F2009%2Fpojem%2Ffyzick%C3%A1-osoba&toIri=https%3A%2F%2Fslovn%C3%ADk.gov.cz%2Flegislativn%C3%AD%2Fsb%C3%ADrka%2F304%2F2013%2Fpojem%2Ffyzick%C3%A1-osoba",
      "iri": null,
      "child": "https://slovník.gov.cz/legislativní/sbírka/111/2009/pojem/fyzická-osoba",
      "parent": "https://slovník.gov.cz/legislativní/sbírka/304/2013/pojem/fyzická-osoba",
      "type": [
        "generalization"
      ]
    },
    "https://dataspecer.com/semantic-models/generalizationfromIri=https%3A%2F%2Fslovn%C3%ADk.gov.cz%2Fgenerick%C3%BD%2Fdatov%C3%BD-slovn%C3%ADk-z%C3%A1znamu-informa%C4%8Dn%C3%ADho-syst%C3%A9mu-nahrazuj%C3%ADc%C3%ADho-%C3%BA%C5%99edn%C4%9B-ov%C4%9B%C5%99en%C3%BD-podpis%2Fpojem%2Ffyzick%C3%A1-osoba-ve-vztahu-k-nahrazen%C3%AD-%C3%BA%C5%99edn%C4%9B-ov%C4%9B%C5%99en%C3%A9ho-podpisu-nebo-uzn%C3%A1van%C3%A9ho-elektronick%C3%A9ho-podpisu&toIri=https%3A%2F%2Fslovn%C3%ADk.gov.cz%2Flegislativn%C3%AD%2Fsb%C3%ADrka%2F111%2F2009%2Fpojem%2Ffyzick%C3%A1-osoba": {
      "id": "https://dataspecer.com/semantic-models/generalizationfromIri=https%3A%2F%2Fslovn%C3%ADk.gov.cz%2Fgenerick%C3%BD%2Fdatov%C3%BD-slovn%C3%ADk-z%C3%A1znamu-informa%C4%8Dn%C3%ADho-syst%C3%A9mu-nahrazuj%C3%ADc%C3%ADho-%C3%BA%C5%99edn%C4%9B-ov%C4%9B%C5%99en%C3%BD-podpis%2Fpojem%2Ffyzick%C3%A1-osoba-ve-vztahu-k-nahrazen%C3%AD-%C3%BA%C5%99edn%C4%9B-ov%C4%9B%C5%99en%C3%A9ho-podpisu-nebo-uzn%C3%A1van%C3%A9ho-elektronick%C3%A9ho-podpisu&toIri=https%3A%2F%2Fslovn%C3%ADk.gov.cz%2Flegislativn%C3%AD%2Fsb%C3%ADrka%2F111%2F2009%2Fpojem%2Ffyzick%C3%A1-osoba",
      "iri": null,
      "child": "https://slovník.gov.cz/generický/datový-slovník-záznamu-informačního-systému-nahrazujícího-úředně-ověřený-podpis/pojem/fyzická-osoba-ve-vztahu-k-nahrazení-úředně-ověřeného-podpisu-nebo-uznávaného-elektronického-podpisu",
      "parent": "https://slovník.gov.cz/legislativní/sbírka/111/2009/pojem/fyzická-osoba",
      "type": [
        "generalization"
      ]
    },
    "https://slovník.gov.cz/legislativní/sbírka/89/2012/pojem/jméno-fyzické-osoby": {
      "id": "https://slovník.gov.cz/legislativní/sbírka/89/2012/pojem/jméno-fyzické-osoby",
      "iri": null,
      "type": [
        "relationship"
      ],
      "name": {},
      "description": {},
      "ends": [
        {
          "cardinality": [
            0,
            null
          ],
          "name": {},
          "description": {},
          "concept": "https://slovník.gov.cz/legislativní/sbírka/89/2012/pojem/fyzická-osoba",
          "iri": null,
          "externalDocumentationUrl": null
        },
        {
          "cardinality": [
            1,
            1
          ],
          "name": {
            "cs": "jméno fyzické osoby"
          },
          "description": {
            "cs": "Jméno člověka je jeho osobní jméno a příjmení, popřípadě jeho další jména a rodné příjmení, která mu podle zákona náležejí. Každý člověk má právo užívat své jméno v právním styku, stejně jako právo na ochranu svého jména a na úctu k němu."
          },
          "concept": "http://www.w3.org/2000/01/rdf-schema#Literal",
          "iri": "https://slovník.gov.cz/legislativní/sbírka/89/2012/pojem/jméno-fyzické-osoby",
          "externalDocumentationUrl": null
        }
      ]
    },
    "https://slovník.gov.cz/legislativní/sbírka/89/2012/pojem/další-jméno-fyzické-osoby": {
      "id": "https://slovník.gov.cz/legislativní/sbírka/89/2012/pojem/další-jméno-fyzické-osoby",
      "iri": null,
      "type": [
        "relationship"
      ],
      "name": {},
      "description": {},
      "ends": [
        {
          "cardinality": [
            0,
            null
          ],
          "name": {},
          "description": {},
          "concept": "https://slovník.gov.cz/legislativní/sbírka/89/2012/pojem/fyzická-osoba",
          "iri": null,
          "externalDocumentationUrl": null
        },
        {
          "cardinality": [
            0,
            null
          ],
          "name": {
            "cs": "další jméno fyzické osoby"
          },
          "description": {},
          "concept": "http://www.w3.org/2000/01/rdf-schema#Literal",
          "iri": "https://slovník.gov.cz/legislativní/sbírka/89/2012/pojem/další-jméno-fyzické-osoby",
          "externalDocumentationUrl": null
        }
      ]
    },
    "https://slovník.gov.cz/legislativní/sbírka/89/2012/pojem/příjmení-fyzické-osoby": {
      "id": "https://slovník.gov.cz/legislativní/sbírka/89/2012/pojem/příjmení-fyzické-osoby",
      "iri": null,
      "type": [
        "relationship"
      ],
      "name": {},
      "description": {},
      "ends": [
        {
          "cardinality": [
            0,
            null
          ],
          "name": {},
          "description": {},
          "concept": "https://slovník.gov.cz/legislativní/sbírka/89/2012/pojem/fyzická-osoba",
          "iri": null,
          "externalDocumentationUrl": null
        },
        {
          "cardinality": [
            1,
            1
          ],
          "name": {
            "cs": "příjmení fyzické osoby"
          },
          "description": {},
          "concept": "http://www.w3.org/2000/01/rdf-schema#Literal",
          "iri": "https://slovník.gov.cz/legislativní/sbírka/89/2012/pojem/příjmení-fyzické-osoby",
          "externalDocumentationUrl": null
        }
      ]
    },
    "https://slovník.gov.cz/generický/eu-1501-2015-e-idas-prováděcí/pojem/fyzická-osoba": {
      "id": "https://slovník.gov.cz/generický/eu-1501-2015-e-idas-prováděcí/pojem/fyzická-osoba",
      "iri": "https://slovník.gov.cz/generický/eu-1501-2015-e-idas-prováděcí/pojem/fyzická-osoba",
      "name": {
        "cs": "Fyzická osoba"
      },
      "description": {},
      "type": [
        "class"
      ],
      "externalDocumentationUrl": null
    },
    "https://dataspecer.com/semantic-models/generalizationfromIri=https%3A%2F%2Fslovn%C3%ADk.gov.cz%2Flegislativn%C3%AD%2Fsb%C3%ADrka%2F111%2F2009%2Fpojem%2Ffyzick%C3%A1-osoba&toIri=https%3A%2F%2Fslovn%C3%ADk.gov.cz%2Fgenerick%C3%BD%2Feu-1501-2015-e-idas-prov%C3%A1d%C4%9Bc%C3%AD%2Fpojem%2Ffyzick%C3%A1-osoba": {
      "id": "https://dataspecer.com/semantic-models/generalizationfromIri=https%3A%2F%2Fslovn%C3%ADk.gov.cz%2Flegislativn%C3%AD%2Fsb%C3%ADrka%2F111%2F2009%2Fpojem%2Ffyzick%C3%A1-osoba&toIri=https%3A%2F%2Fslovn%C3%ADk.gov.cz%2Fgenerick%C3%BD%2Feu-1501-2015-e-idas-prov%C3%A1d%C4%9Bc%C3%AD%2Fpojem%2Ffyzick%C3%A1-osoba",
      "iri": null,
      "child": "https://slovník.gov.cz/legislativní/sbírka/111/2009/pojem/fyzická-osoba",
      "parent": "https://slovník.gov.cz/generický/eu-1501-2015-e-idas-prováděcí/pojem/fyzická-osoba",
      "type": [
        "generalization"
      ]
    },
    "https://slovník.gov.cz/generický/eu-1501-2015-e-idas-prováděcí/pojem/datum-narození": {
      "id": "https://slovník.gov.cz/generický/eu-1501-2015-e-idas-prováděcí/pojem/datum-narození",
      "iri": null,
      "type": [
        "relationship"
      ],
      "name": {},
      "description": {},
      "ends": [
        {
          "cardinality": [
            0,
            null
          ],
          "name": {},
          "description": {},
          "concept": "https://slovník.gov.cz/generický/eu-1501-2015-e-idas-prováděcí/pojem/fyzická-osoba",
          "iri": null,
          "externalDocumentationUrl": null
        },
        {
          "cardinality": [
            0,
            null
          ],
          "name": {
            "cs": "datum narození"
          },
          "description": {
            "cs": ""
          },
          "concept": "http://www.w3.org/2000/01/rdf-schema#Literal",
          "iri": "https://slovník.gov.cz/generický/eu-1501-2015-e-idas-prováděcí/pojem/datum-narození",
          "externalDocumentationUrl": null
        }
      ]
    },
    "https://slovník.gov.cz/legislativní/sbírka/89/2012/pojem/bydliště-fyzické-osoby": {
      "id": "https://slovník.gov.cz/legislativní/sbírka/89/2012/pojem/bydliště-fyzické-osoby",
      "iri": "https://slovník.gov.cz/legislativní/sbírka/89/2012/pojem/bydliště-fyzické-osoby",
      "name": {
        "cs": "Bydliště fyzické osoby"
      },
      "description": {},
      "type": [
        "class"
      ],
      "externalDocumentationUrl": null
    },
    "https://slovník.gov.cz/legislativní/sbírka/89/2012/pojem/má-bydliště-fyzické-osoby": {
      "id": "https://slovník.gov.cz/legislativní/sbírka/89/2012/pojem/má-bydliště-fyzické-osoby",
      "iri": null,
      "type": [
        "relationship"
      ],
      "name": {
        "cs": "má bydliště fyzické osoby"
      },
      "description": {
        "cs": "Člověk má bydliště v místě, kde se zdržuje s úmyslem žít tam s výhradou změny okolností trvale; takový úmysl může vyplývat z jeho prohlášení nebo z okolností případu. Uvádí-li člověk jako své bydliště jiné místo než své skutečné bydliště, může se každý dovolat i jeho skutečného bydliště. Proti tomu, kdo se v dobré víře dovolá uvedeného místa, nemůže člověk namítat, že má své skutečné bydliště v jiném místě."
      },
      "ends": [
        {
          "cardinality": [
            1,
            null
          ],
          "name": {},
          "description": {},
          "concept": "https://slovník.gov.cz/legislativní/sbírka/89/2012/pojem/fyzická-osoba",
          "iri": null,
          "externalDocumentationUrl": null
        },
        {
          "cardinality": [
            0,
            null
          ],
          "name": {
            "cs": "má bydliště fyzické osoby"
          },
          "description": {
            "cs": "Člověk má bydliště v místě, kde se zdržuje s úmyslem žít tam s výhradou změny okolností trvale; takový úmysl může vyplývat z jeho prohlášení nebo z okolností případu. Uvádí-li člověk jako své bydliště jiné místo než své skutečné bydliště, může se každý dovolat i jeho skutečného bydliště. Proti tomu, kdo se v dobré víře dovolá uvedeného místa, nemůže člověk namítat, že má své skutečné bydliště v jiném místě."
          },
          "concept": "https://slovník.gov.cz/legislativní/sbírka/89/2012/pojem/bydliště-fyzické-osoby",
          "iri": "https://slovník.gov.cz/legislativní/sbírka/89/2012/pojem/má-bydliště-fyzické-osoby",
          "externalDocumentationUrl": null
        }
      ]
    },
    "https://slovník.gov.cz/legislativní/sbírka/12/2020/pojem/elektronická-identifikace": {
      "id": "https://slovník.gov.cz/legislativní/sbírka/12/2020/pojem/elektronická-identifikace",
      "iri": "https://slovník.gov.cz/legislativní/sbírka/12/2020/pojem/elektronická-identifikace",
      "name": {
        "cs": "Elektronická identifikace"
      },
      "description": {},
      "type": [
        "class"
      ],
      "externalDocumentationUrl": null
    },
    "https://slovník.gov.cz/generický/datový-slovník-záznamu-informačního-systému-nahrazujícího-úředně-ověřený-podpis/pojem/je-autentizována": {
      "id": "https://slovník.gov.cz/generický/datový-slovník-záznamu-informačního-systému-nahrazujícího-úředně-ověřený-podpis/pojem/je-autentizována",
      "iri": null,
      "type": [
        "relationship"
      ],
      "name": {
        "cs": "je autentizována"
      },
      "description": {},
      "ends": [
        {
          "cardinality": null,
          "name": {},
          "description": {},
          "concept": "https://slovník.gov.cz/generický/datový-slovník-záznamu-informačního-systému-nahrazujícího-úředně-ověřený-podpis/pojem/fyzická-osoba-ve-vztahu-k-nahrazení-úředně-ověřeného-podpisu-nebo-uznávaného-elektronického-podpisu",
          "iri": null,
          "externalDocumentationUrl": null
        },
        {
          "cardinality": [
            0,
            null
          ],
          "name": {
            "cs": "je autentizována"
          },
          "description": {},
          "concept": "https://slovník.gov.cz/legislativní/sbírka/12/2020/pojem/elektronická-identifikace",
          "iri": "https://slovník.gov.cz/generický/datový-slovník-záznamu-informačního-systému-nahrazujícího-úředně-ověřený-podpis/pojem/je-autentizována",
          "externalDocumentationUrl": null
        }
      ]
    },
    "https://slovník.gov.cz/legislativní/sbírka/89/2012/pojem/má-místo-bydliště": {
      "id": "https://slovník.gov.cz/legislativní/sbírka/89/2012/pojem/má-místo-bydliště",
      "iri": null,
      "type": [
        "relationship"
      ],
      "name": {
        "cs": "má místo bydliště"
      },
      "description": {},
      "ends": [
        {
          "cardinality": null,
          "name": {},
          "description": {},
          "concept": "https://slovník.gov.cz/legislativní/sbírka/89/2012/pojem/bydliště-fyzické-osoby",
          "iri": null,
          "externalDocumentationUrl": null
        },
        {
          "cardinality": [
            0,
            null
          ],
          "name": {
            "cs": "má místo bydliště"
          },
          "description": {},
          "concept": "https://slovník.gov.cz/legislativní/sbírka/89/2012/pojem/místo",
          "iri": "https://slovník.gov.cz/legislativní/sbírka/89/2012/pojem/má-místo-bydliště",
          "externalDocumentationUrl": null
        }
      ]
    },
    "https://slovník.gov.cz/legislativní/sbírka/12/2020/pojem/datum-a-čas-elektronické-identifikace": {
      "id": "https://slovník.gov.cz/legislativní/sbírka/12/2020/pojem/datum-a-čas-elektronické-identifikace",
      "iri": null,
      "type": [
        "relationship"
      ],
      "name": {},
      "description": {},
      "ends": [
        {
          "cardinality": [
            0,
            null
          ],
          "name": {},
          "description": {},
          "concept": "https://slovník.gov.cz/legislativní/sbírka/12/2020/pojem/elektronická-identifikace",
          "iri": null,
          "externalDocumentationUrl": null
        },
        {
          "cardinality": [
            0,
            null
          ],
          "name": {
            "cs": "datum a čas elektronické identifikace"
          },
          "description": {},
          "concept": "http://www.w3.org/2000/01/rdf-schema#Literal",
          "iri": "https://slovník.gov.cz/legislativní/sbírka/12/2020/pojem/datum-a-čas-elektronické-identifikace",
          "externalDocumentationUrl": null
        }
      ]
    },
    "https://slovník.gov.cz/legislativní/sbírka/12/2020/pojem/identifikátor-elektronické-identifikace": {
      "id": "https://slovník.gov.cz/legislativní/sbírka/12/2020/pojem/identifikátor-elektronické-identifikace",
      "iri": null,
      "type": [
        "relationship"
      ],
      "name": {},
      "description": {},
      "ends": [
        {
          "cardinality": [
            0,
            null
          ],
          "name": {},
          "description": {},
          "concept": "https://slovník.gov.cz/legislativní/sbírka/12/2020/pojem/elektronická-identifikace",
          "iri": null,
          "externalDocumentationUrl": null
        },
        {
          "cardinality": [
            0,
            null
          ],
          "name": {
            "cs": "identifikátor elektronické identifikace"
          },
          "description": {},
          "concept": "http://www.w3.org/2000/01/rdf-schema#Literal",
          "iri": "https://slovník.gov.cz/legislativní/sbírka/12/2020/pojem/identifikátor-elektronické-identifikace",
          "externalDocumentationUrl": null
        }
      ]
    },
    "https://slovník.gov.cz/generický/eu-910-2014-e-idas/pojem/autentizace": {
      "id": "https://slovník.gov.cz/generický/eu-910-2014-e-idas/pojem/autentizace",
      "iri": "https://slovník.gov.cz/generický/eu-910-2014-e-idas/pojem/autentizace",
      "name": {
        "cs": "Autentizace"
      },
      "description": {
        "cs": "elektronický postup, který umožňuje potvrdit elektronickou identifikaci fyzické či právnické osoby nebo původ a integritu dat v elektronické podobě"
      },
      "type": [
        "class"
      ],
      "externalDocumentationUrl": null
    },
    "https://dataspecer.com/semantic-models/generalizationfromIri=https%3A%2F%2Fslovn%C3%ADk.gov.cz%2Flegislativn%C3%AD%2Fsb%C3%ADrka%2F12%2F2020%2Fpojem%2Felektronick%C3%A1-identifikace&toIri=https%3A%2F%2Fslovn%C3%ADk.gov.cz%2Fgenerick%C3%BD%2Feu-910-2014-e-idas%2Fpojem%2Fautentizace": {
      "id": "https://dataspecer.com/semantic-models/generalizationfromIri=https%3A%2F%2Fslovn%C3%ADk.gov.cz%2Flegislativn%C3%AD%2Fsb%C3%ADrka%2F12%2F2020%2Fpojem%2Felektronick%C3%A1-identifikace&toIri=https%3A%2F%2Fslovn%C3%ADk.gov.cz%2Fgenerick%C3%BD%2Feu-910-2014-e-idas%2Fpojem%2Fautentizace",
      "iri": null,
      "child": "https://slovník.gov.cz/legislativní/sbírka/12/2020/pojem/elektronická-identifikace",
      "parent": "https://slovník.gov.cz/generický/eu-910-2014-e-idas/pojem/autentizace",
      "type": [
        "generalization"
      ]
    },
    "https://slovník.gov.cz/generický/eu-910-2014-e-idas/pojem/prostředek-pro-elektronickou-identifikaci": {
      "id": "https://slovník.gov.cz/generický/eu-910-2014-e-idas/pojem/prostředek-pro-elektronickou-identifikaci",
      "iri": "https://slovník.gov.cz/generický/eu-910-2014-e-idas/pojem/prostředek-pro-elektronickou-identifikaci",
      "name": {
        "cs": "Prostředek pro elektronickou identifikaci"
      },
      "description": {
        "cs": "hmotná či nehmotná jednotka obsahující osobní identifikační údaje, která se používá k autentizaci pro účely on-line služby"
      },
      "type": [
        "class"
      ],
      "externalDocumentationUrl": null
    },
    "https://slovník.gov.cz/generický/eu-910-2014-e-idas/pojem/probíhá-pomocí-prostředku-pro-elektronickou-identifikaci": {
      "id": "https://slovník.gov.cz/generický/eu-910-2014-e-idas/pojem/probíhá-pomocí-prostředku-pro-elektronickou-identifikaci",
      "iri": null,
      "type": [
        "relationship"
      ],
      "name": {
        "cs": "probíhá pomocí prostředku pro elektronickou identifikaci"
      },
      "description": {},
      "ends": [
        {
          "cardinality": null,
          "name": {},
          "description": {},
          "concept": "https://slovník.gov.cz/generický/eu-910-2014-e-idas/pojem/autentizace",
          "iri": null,
          "externalDocumentationUrl": null
        },
        {
          "cardinality": [
            0,
            null
          ],
          "name": {
            "cs": "probíhá pomocí prostředku pro elektronickou identifikaci"
          },
          "description": {},
          "concept": "https://slovník.gov.cz/generický/eu-910-2014-e-idas/pojem/prostředek-pro-elektronickou-identifikaci",
          "iri": "https://slovník.gov.cz/generický/eu-910-2014-e-idas/pojem/probíhá-pomocí-prostředku-pro-elektronickou-identifikaci",
          "externalDocumentationUrl": null
        }
      ]
    },
    "https://slovník.gov.cz/generický/eu-910-2014-e-idas/pojem/úroveň-záruky": {
      "id": "https://slovník.gov.cz/generický/eu-910-2014-e-idas/pojem/úroveň-záruky",
      "iri": "https://slovník.gov.cz/generický/eu-910-2014-e-idas/pojem/úroveň-záruky",
      "name": {
        "cs": "Úroveň záruky"
      },
      "description": {
        "cs": "Systém elektronické identifikace oznámený podle čl. 9 odst. 1 uvádí nízkou, značnou nebo vysokou úroveň záruky pro prostředky pro elektronickou identifikaci vydávané v rámci tohoto systému."
      },
      "type": [
        "class"
      ],
      "isCodelist": true,
      "codelistUrl": [],
      "externalDocumentationUrl": null
    },
    "https://slovník.gov.cz/generický/eu-910-2014-e-idas/pojem/má-úroveň-záruky": {
      "id": "https://slovník.gov.cz/generický/eu-910-2014-e-idas/pojem/má-úroveň-záruky",
      "iri": null,
      "type": [
        "relationship"
      ],
      "name": {
        "cs": "má úroveň záruky"
      },
      "description": {},
      "ends": [
        {
          "cardinality": null,
          "name": {},
          "description": {},
          "concept": "https://slovník.gov.cz/generický/eu-910-2014-e-idas/pojem/prostředek-pro-elektronickou-identifikaci",
          "iri": null,
          "externalDocumentationUrl": null
        },
        {
          "cardinality": [
            1,
            1
          ],
          "name": {
            "cs": "má úroveň záruky"
          },
          "description": {},
          "concept": "https://slovník.gov.cz/generický/eu-910-2014-e-idas/pojem/úroveň-záruky",
          "iri": "https://slovník.gov.cz/generický/eu-910-2014-e-idas/pojem/má-úroveň-záruky",
          "externalDocumentationUrl": null
        }
      ]
    },
    "https://dataspecer.com/semantic-models/generalizationfromIri=https%3A%2F%2Fslovn%C3%ADk.gov.cz%2Fgenerick%C3%BD%2Feu-910-2014-e-idas%2Fpojem%2F%C3%BArove%C5%88-z%C3%A1ruky&toIri=https%3A%2F%2Fslovn%C3%ADk.gov.cz%2Fdatov%C3%BD%2F%C4%8D%C3%ADseln%C3%ADky%2Fpojem%2Fpolo%C5%BEka-%C4%8D%C3%ADseln%C3%ADku": {
      "id": "https://dataspecer.com/semantic-models/generalizationfromIri=https%3A%2F%2Fslovn%C3%ADk.gov.cz%2Fgenerick%C3%BD%2Feu-910-2014-e-idas%2Fpojem%2F%C3%BArove%C5%88-z%C3%A1ruky&toIri=https%3A%2F%2Fslovn%C3%ADk.gov.cz%2Fdatov%C3%BD%2F%C4%8D%C3%ADseln%C3%ADky%2Fpojem%2Fpolo%C5%BEka-%C4%8D%C3%ADseln%C3%ADku",
      "iri": null,
      "child": "https://slovník.gov.cz/generický/eu-910-2014-e-idas/pojem/úroveň-záruky",
      "parent": "https://slovník.gov.cz/datový/číselníky/pojem/položka-číselníku",
      "type": [
        "generalization"
      ]
    },
    "https://slovník.gov.cz/generický/datový-slovník-záznamu-informačního-systému-nahrazujícího-úředně-ověřený-podpis/pojem/zastoupený": {
      "id": "https://slovník.gov.cz/generický/datový-slovník-záznamu-informačního-systému-nahrazujícího-úředně-ověřený-podpis/pojem/zastoupený",
      "iri": null,
      "type": [
        "relationship"
      ],
      "name": {
        "cs": "zastoupený"
      },
      "description": {},
      "ends": [
        {
          "cardinality": null,
          "name": {},
          "description": {},
          "concept": "https://slovník.gov.cz/generický/datový-slovník-záznamu-informačního-systému-nahrazujícího-úředně-ověřený-podpis/pojem/oprávnění-k-zastupování",
          "iri": null,
          "externalDocumentationUrl": null
        },
        {
          "cardinality": [
            1,
            1
          ],
          "name": {
            "cs": "zastoupený"
          },
          "description": {},
          "concept": "https://slovník.gov.cz/generický/datový-slovník-záznamu-informačního-systému-nahrazujícího-úředně-ověřený-podpis/pojem/fyzická-osoba-ve-vztahu-k-nahrazení-úředně-ověřeného-podpisu-nebo-uznávaného-elektronického-podpisu",
          "iri": "https://slovník.gov.cz/generický/datový-slovník-záznamu-informačního-systému-nahrazujícího-úředně-ověřený-podpis/pojem/zastoupený",
          "externalDocumentationUrl": null
        }
      ]
    },
    "https://slovník.gov.cz/generický/datový-slovník-záznamu-informačního-systému-nahrazujícího-úředně-ověřený-podpis/pojem/zástupce": {
      "id": "https://slovník.gov.cz/generický/datový-slovník-záznamu-informačního-systému-nahrazujícího-úředně-ověřený-podpis/pojem/zástupce",
      "iri": null,
      "type": [
        "relationship"
      ],
      "name": {
        "cs": "zástupce"
      },
      "description": {},
      "ends": [
        {
          "cardinality": null,
          "name": {},
          "description": {},
          "concept": "https://slovník.gov.cz/generický/datový-slovník-záznamu-informačního-systému-nahrazujícího-úředně-ověřený-podpis/pojem/oprávnění-k-zastupování",
          "iri": null,
          "externalDocumentationUrl": null
        },
        {
          "cardinality": [
            1,
            1
          ],
          "name": {
            "cs": "zástupce"
          },
          "description": {},
          "concept": "https://slovník.gov.cz/generický/datový-slovník-záznamu-informačního-systému-nahrazujícího-úředně-ověřený-podpis/pojem/fyzická-osoba-ve-vztahu-k-nahrazení-úředně-ověřeného-podpisu-nebo-uznávaného-elektronického-podpisu",
          "iri": "https://slovník.gov.cz/generický/datový-slovník-záznamu-informačního-systému-nahrazujícího-úředně-ověřený-podpis/pojem/zástupce",
          "externalDocumentationUrl": null
        }
      ]
    },
    "https://slovník.gov.cz/legislativní/sbírka/111/2009/pojem/oprávnění-k-zastupování": {
      "id": "https://slovník.gov.cz/legislativní/sbírka/111/2009/pojem/oprávnění-k-zastupování",
      "iri": "https://slovník.gov.cz/legislativní/sbírka/111/2009/pojem/oprávnění-k-zastupování",
      "name": {
        "cs": "Oprávnění k zastupování"
      },
      "description": {
        "cs": "Referenčními údaji o právech a povinnostech osob jsou dále údaje o některých právech fyzických a právnických osob k zastupování jiných fyzických a právnických osob v rámci agendy orgánu veřejné moci (dále jen „oprávnění k zastupování“)"
      },
      "type": [
        "class"
      ],
      "externalDocumentationUrl": null
    },
    "https://dataspecer.com/semantic-models/generalizationfromIri=https%3A%2F%2Fslovn%C3%ADk.gov.cz%2Fgenerick%C3%BD%2Fdatov%C3%BD-slovn%C3%ADk-z%C3%A1znamu-informa%C4%8Dn%C3%ADho-syst%C3%A9mu-nahrazuj%C3%ADc%C3%ADho-%C3%BA%C5%99edn%C4%9B-ov%C4%9B%C5%99en%C3%BD-podpis%2Fpojem%2Fopr%C3%A1vn%C4%9Bn%C3%AD-k-zastupov%C3%A1n%C3%AD&toIri=https%3A%2F%2Fslovn%C3%ADk.gov.cz%2Flegislativn%C3%AD%2Fsb%C3%ADrka%2F111%2F2009%2Fpojem%2Fopr%C3%A1vn%C4%9Bn%C3%AD-k-zastupov%C3%A1n%C3%AD": {
      "id": "https://dataspecer.com/semantic-models/generalizationfromIri=https%3A%2F%2Fslovn%C3%ADk.gov.cz%2Fgenerick%C3%BD%2Fdatov%C3%BD-slovn%C3%ADk-z%C3%A1znamu-informa%C4%8Dn%C3%ADho-syst%C3%A9mu-nahrazuj%C3%ADc%C3%ADho-%C3%BA%C5%99edn%C4%9B-ov%C4%9B%C5%99en%C3%BD-podpis%2Fpojem%2Fopr%C3%A1vn%C4%9Bn%C3%AD-k-zastupov%C3%A1n%C3%AD&toIri=https%3A%2F%2Fslovn%C3%ADk.gov.cz%2Flegislativn%C3%AD%2Fsb%C3%ADrka%2F111%2F2009%2Fpojem%2Fopr%C3%A1vn%C4%9Bn%C3%AD-k-zastupov%C3%A1n%C3%AD",
      "iri": null,
      "child": "https://slovník.gov.cz/generický/datový-slovník-záznamu-informačního-systému-nahrazujícího-úředně-ověřený-podpis/pojem/oprávnění-k-zastupování",
      "parent": "https://slovník.gov.cz/legislativní/sbírka/111/2009/pojem/oprávnění-k-zastupování",
      "type": [
        "generalization"
      ]
    },
    "https://slovník.gov.cz/legislativní/sbírka/111/2009/pojem/identifikátor-oprávnění-k-zastupování": {
      "id": "https://slovník.gov.cz/legislativní/sbírka/111/2009/pojem/identifikátor-oprávnění-k-zastupování",
      "iri": null,
      "type": [
        "relationship"
      ],
      "name": {},
      "description": {},
      "ends": [
        {
          "cardinality": [
            0,
            null
          ],
          "name": {},
          "description": {},
          "concept": "https://slovník.gov.cz/legislativní/sbírka/111/2009/pojem/oprávnění-k-zastupování",
          "iri": null,
          "externalDocumentationUrl": null
        },
        {
          "cardinality": [
            0,
            null
          ],
          "name": {
            "cs": "identifikátor oprávnění k zastupování"
          },
          "description": {},
          "concept": "http://www.w3.org/2000/01/rdf-schema#Literal",
          "iri": "https://slovník.gov.cz/legislativní/sbírka/111/2009/pojem/identifikátor-oprávnění-k-zastupování",
          "externalDocumentationUrl": null
        }
      ]
    }
  }
}