{
  "iri": "31c15e62-6f46-4c53-ad4d-cf900421feb6/d39d0a25-871d-4422-94cd-fed1a7588a77/profile",
  "types": [
    "http://dataspecer.com/resources/local/semantic-model"
  ],
  "userMetadata": {
    "label": {
      "en": "DCAT-AP 3.0.0 based on DCAT 3 DAP"
    },
    "documentBaseUrl": "https://mff-uk.github.io/specifications/dcat-ap/"
  },
  "metadata": {
    "creationDate": "2025-05-13T11:52:35.014Z",
    "modificationDate": "2025-05-13T11:52:35.038Z"
  },
  "_version": 1,
  "_exportVersion": 1,
  "_exportedAt": "2025-05-13T11:53:23.699Z",
  "_exportedBy": "http://localhost:3100"
}