{
  "modelCompositionConfiguration": {
    "modelType": "application-profile",
    "model": "815a5011-4023-4b81-a601-3b8c58d91652",
    "canAddEntities": false,
    "canModify": true,
    "profiles": {
      "modelType": "merge",
      "models": null
    }
  },
  "configuration": {
    "http://dataspecer.com/resources/local/layout-configuration": {
      "main": {
        "none": {
          "layout_alg": "none",
          "run_layered_after": false,
          "run_node_overlap_removal_after": false,
          "interactive": false
        },
        "elk_stress": {
          "layout_alg": "elk_stress",
          "stress_edge_len": 800,
          "number_of_new_algorithm_runs": 10,
          "advanced_settings": {},
          "run_layered_after": false,
          "run_node_overlap_removal_after": true,
          "interactive": false
        },
        "elk_layered": {
          "layout_alg": "elk_layered",
          "alg_direction": "UP",
          "layer_gap": 200,
          "in_layer_gap": 100,
          "edge_routing": "ORTHOGONAL",
          "advanced_settings": {},
          "run_layered_after": false,
          "run_node_overlap_removal_after": false,
          "interactive": false
        },
        "elk_force": {
          "layout_alg": "elk_force",
          "min_distance_between_nodes": 400,
          "force_alg_type": "FRUCHTERMAN_REINGOLD",
          "number_of_new_algorithm_runs": 10,
          "advanced_settings": {},
          "run_layered_after": false,
          "run_node_overlap_removal_after": true,
          "interactive": false
        },
        "random": {
          "layout_alg": "random",
          "advanced_settings": {},
          "run_layered_after": false,
          "run_node_overlap_removal_after": true,
          "interactive": false
        },
        "elk_radial": {
          "layout_alg": "elk_radial",
          "min_distance_between_nodes": 500,
          "advanced_settings": {},
          "run_layered_after": false,
          "run_node_overlap_removal_after": false,
          "interactive": false
        },
        "elk_overlapRemoval": {
          "layout_alg": "elk_overlapRemoval",
          "min_distance_between_nodes": 200,
          "advanced_settings": {},
          "run_layered_after": false,
          "run_node_overlap_removal_after": false,
          "interactive": true
        },
        "elk_stress_advanced_using_clusters": {
          "layout_alg": "elk_stress_advanced_using_clusters",
          "stress_edge_len": 800,
          "number_of_new_algorithm_runs": 10,
          "advanced_settings": {},
          "run_layered_after": false,
          "run_node_overlap_removal_after": true,
          "interactive": false
        },
        "elk_stress_profile": {
          "layout_alg": "elk_stress_profile",
          "profileEdgeLength": 400,
          "preferredProfileDirection": "UP",
          "stress_edge_len": 800,
          "number_of_new_algorithm_runs": 10,
          "advanced_settings": {},
          "run_layered_after": false,
          "run_node_overlap_removal_after": true,
          "interactive": false
        },
        "automatic": {
          "layout_alg": "automatic",
          "min_distance_between_nodes": 500,
          "number_of_new_algorithm_runs": 1,
          "advanced_settings": {},
          "run_layered_after": false,
          "run_node_overlap_removal_after": false,
          "interactive": false
        }
      },
      "general": {
        "none": {
          "layout_alg": "none",
          "run_layered_after": false,
          "run_node_overlap_removal_after": false,
          "interactive": false
        },
        "elk_stress": {
          "layout_alg": "elk_stress",
          "stress_edge_len": 800,
          "number_of_new_algorithm_runs": 10,
          "advanced_settings": {},
          "run_layered_after": false,
          "run_node_overlap_removal_after": true,
          "interactive": false
        },
        "elk_layered": {
          "layout_alg": "elk_layered",
          "alg_direction": "UP",
          "layer_gap": 200,
          "in_layer_gap": 100,
          "edge_routing": "ORTHOGONAL",
          "advanced_settings": {},
          "run_layered_after": false,
          "run_node_overlap_removal_after": false,
          "interactive": false
        },
        "elk_force": {
          "layout_alg": "elk_force",
          "min_distance_between_nodes": 400,
          "force_alg_type": "FRUCHTERMAN_REINGOLD",
          "number_of_new_algorithm_runs": 10,
          "advanced_settings": {},
          "run_layered_after": false,
          "run_node_overlap_removal_after": true,
          "interactive": false
        },
        "random": {
          "layout_alg": "random",
          "advanced_settings": {},
          "run_layered_after": false,
          "run_node_overlap_removal_after": true,
          "interactive": false
        },
        "elk_radial": {
          "layout_alg": "elk_radial",
          "min_distance_between_nodes": 500,
          "advanced_settings": {},
          "run_layered_after": false,
          "run_node_overlap_removal_after": false,
          "interactive": false
        },
        "elk_overlapRemoval": {
          "layout_alg": "elk_overlapRemoval",
          "min_distance_between_nodes": 200,
          "advanced_settings": {},
          "run_layered_after": false,
          "run_node_overlap_removal_after": false,
          "interactive": true
        },
        "elk_stress_advanced_using_clusters": {
          "layout_alg": "elk_stress_advanced_using_clusters",
          "stress_edge_len": 800,
          "number_of_new_algorithm_runs": 10,
          "advanced_settings": {},
          "run_layered_after": false,
          "run_node_overlap_removal_after": true,
          "interactive": false
        },
        "elk_stress_profile": {
          "layout_alg": "elk_stress_profile",
          "profileEdgeLength": 400,
          "preferredProfileDirection": "UP",
          "stress_edge_len": 800,
          "number_of_new_algorithm_runs": 10,
          "advanced_settings": {},
          "run_layered_after": false,
          "run_node_overlap_removal_after": true,
          "interactive": false
        },
        "automatic": {
          "layout_alg": "automatic",
          "min_distance_between_nodes": 500,
          "number_of_new_algorithm_runs": 1,
          "advanced_settings": {},
          "run_layered_after": false,
          "run_node_overlap_removal_after": false,
          "interactive": false
        }
      },
      "chosenMainAlgorithm": "elk_layered",
      "chosenGeneralAlgorithm": "none",
      "additionalSteps": {}
    },
    "https://schemas.dataspecer.com/documentation-generator-config/": {
      "partials": {
        "specification": "{{> definitions}}\n<!DOCTYPE html>\n<html {{#iflng \"cs\"}}lang=\"cs\"{{lng}}lang=\"en\"{{/iflng}}>\n  <head>\n    {{> html-head}}\n  </head>\n  <body>\n    <p class=\"copyright\"></p>\n    <section id=\"abstract\">\n        {{> abstract-cs}}\n      </section>\n\n{{> introduction-cs}}\n\n<!--    <section>\n      <h2>{{#iflng \"cs\"}}Přehled{{lng}}Overview{{/iflng}}</h2>\n\n      {{#each externalArtifacts.svg}}\n        <a href=\"{{{URL}}}\">\n          <figure>\n            <img src=\"{{{URL}}}\" alt=\"{{translate ./label}}\" />\n            <figcaption>{{translate ./label}}</figcaption>\n          </figure>\n        </a>\n      {{/each}}\n    </section>-->\n\n    {{#if classProfilesByTags.[https://w3id.org/dsv/class-role#main]}}\n      <section>\n        <h2>{{#iflng \"cs\"}}Hlavní profily tříd{{lng}}Main class profiles{{/iflng}}</h2>\n\n        {{#each classProfilesByTags.[https://w3id.org/dsv/class-role#main]}}\n          {{> class-profile}}\n        {{/each}}\n      </section>\n    {{/if}}\n\n    {{#if classProfilesByTags.[https://w3id.org/dsv/class-role#supportive]}}\n      <section>\n        <h2>{{#iflng \"cs\"}}Podpůrné profily třídy{{lng}}Supportive class profiles{{/iflng}}</h2>\n\n        {{#each classProfilesByTags.[https://w3id.org/dsv/class-role#supportive]}}\n          {{> class-profile}}\n        {{/each}}\n      </section>\n    {{/if}}\n\n    {{#if (non-empty classProfilesByTags.default)}}\n      <section>\n        {{#if (or classProfilesByTags.[https://w3id.org/dsv/class-role#main] classProfilesByTags.[https://w3id.org/dsv/class-role#supportive])}}\n          <h2>{{#iflng \"cs\"}}Nezařazené profily tříd{{lng}}Other class profiles{{/iflng}}</h2>\n        {{else}}\n          <h2>{{#iflng \"cs\"}}Profily tříd{{lng}}Class profiles{{/iflng}}</h2>\n        {{/if}}\n\n        {{#each classProfilesByTags.default}}\n          {{> class-profile}}\n        {{/each}}\n      </section>\n    {{/if}}\n\n    {{#if semanticEntitiesByType.classes}}\n      <section>\n        <h2>{{#iflng \"cs\"}}Třídy{{lng}}Classes{{/iflng}}</h2>\n\n        {{#each locallyDefinedSemanticEntity}}\n          {{#ifEquals type.[0] \"class\"}}\n            {{> semantic-model-class}}\n          {{/ifEquals}}\n        {{/each}}\n      </section>\n    {{/if}}\n\n    {{#if semanticEntitiesByType.relationships}}\n      <section>\n        <h2>{{#iflng \"cs\"}}Vlastnosti{{lng}}Properties{{/iflng}}</h2>\n        {{#each locallyDefinedSemanticEntity}}\n          {{#ifEquals type.[0] \"relationship\"}}\n            {{> semantic-model-relationship}}\n          {{/ifEquals}}\n        {{/each}}\n      </section>\n    {{/if}}\n\n    {{#structureModels}}\n      <section>\n      <h2>\n        {{#iflng \"cs\"}}Specifikace struktury pro{{lng}}Data structure specification for{{/iflng}}\n        {{translate humanLabel}}\n      </h2>\n      <p>{{translate humanDescription}}</p>\n\n      {{#artifacts}}{{#getDocumentation}}{{> (useTemplate)}}{{/getDocumentation}}{{/artifacts}}\n      </section>\n    {{/structureModels}}\n\n    {{> used-prefixes}}\n\n    {{> attachments}}\n\n    {{> metadata}}\n\n    {{> acks}}\n  </body>\n</html>",
        "abstract-cs": "<p>\r\n    Cílem této otevřené formální normy je specifikovat strukturu pro výměnu slovníků pro popis dat. Nejedná se o metodiku pro tvorbu slovníků samotných.\r\n</p>",
        "introduction-cs": "<section>\r\n<h2>Úvod</h2>\r\n<p>\r\n  Cílem této otevřené formální normy (OFN) je specifikovat strukturu pro výměnu slovníků pro popis dat.\r\n  Nejedná se tedy o metodiku pro tvorbu slovníků samotných.\r\n  Cílovou skupinou jsou techničtí pracovníci implementující publikaci či konzumaci slovníků, nikoliv tvůrci slovníků.\r\n  Specifikace popisuje 3 úrovně komplexity slovníku a několik rozšíření.\r\n</p>\r\n\r\n<p>\r\n  Předpokladem pro alespoň základní aplikaci této OFN je znalost minimálně <a href=\"../../../propojená-data/draft/#pravidla-pro-tvorbu-IRI\">Pravidel pro tvorbu IRI</a>, syntaxe JSON [[JSON]] a validace pomocí JSON Schema [[JSON-SCHEMA-2020-12]].\r\n  Pro hlubší porozumění je však také potřebná znalost problematiky propojených dat, konkrétně specifikací RDF [[RDF11-CONCEPTS]], RDF Turtle 1.1 [[TURTLE]], JSON-LD 1.1 [[JSON-LD11]], SKOS [[SKOS-REFERENCE]], RDF Schema [[RDF11-SCHEMA]], OWL2 [[OWL2-RDF-BASED-SEMANTICS]] a znalost metodiky pro tvorbu sémantických slovníků pojmů.\r\n</p>\r\n\r\n<p>\r\n  Obsah OFN postupně představíme na příkladech spolu s odkazy na schémata a kontexty.\r\n  Detailní celková specifikace je pak v dalších částech dokumentu.\r\n</p>\r\n\r\n<section id=\"slovník\">\r\n  <h3>Slovník</h3>\r\n  <p>\r\n    Nejprve je třeba popsat samotný slovník. Je třeba pro něj zvolit vhodné a perzistentní IRI, nazvat ho a popsat ho.\r\n  </p>\r\n\r\n  <a href=\"./ehoy1.svg\">\r\n    <figure>\r\n      <img src=\"./ehoy1.svg\">\r\n      <figcaption>Slovník</figcaption>\r\n    </figure>\r\n  </a>\r\n\r\n  <aside class=\"example\" title=\"Slovník v JSON-LD\">\r\n                    <p>\r\n                        <a href=\"../příklady/slovník.jsonld\">JSON-LD</a>, <a href=\"../kompletní/kontext.jsonld\">JSON-LD kontext</a>, <a href=\"../slovník/schéma.json\">JSON Schéma</a>\r\n                    </p>\r\n                    <pre class=\"json\">\r\n{\r\n    \"@context\": \"https://ofn.gov.cz/slovníky/draft2/kompletní/kontext.jsonld\",\r\n    \"iri\": \"https://slovník.gov.cz/datový/turistické-cíle\",\r\n    \"typ\": [\"Slovník\"],\r\n    \"název\": {\r\n        \"cs\": \"Slovník turistických cílů\",\r\n        \"en\": \"Vocabulary of tourist points of interest\"\r\n    },\r\n    \"popis\": {\r\n        \"cs\": \"Slovník turistických cílů slouží v rámci příkladu pro OFN Slovníky\",\r\n        \"en\": \"Vocabulary of tourist points of interest serves as an example in the formal open standard for vocabularies\"\r\n    },\r\n    \"vytvořeno\": {\r\n        \"typ\": \"Časový okamžik\",\r\n        \"datum\": \"2024-01-01\"\r\n    },\r\n    \"aktualizováno\": {\r\n        \"typ\": \"Časový okamžik\",\r\n        \"datum_a_čas\": \"2024-01-15T04:53:21+02:00\"\r\n    }\r\n}</pre></aside>\r\n</section>\r\n\r\n<section id=\"tezaurus\">\r\n  <h3>Tezaurus</h3>\r\n  <p>\r\n    Nejjednodušším typem slovníku je tezaurus obsahující pojmy, které se v datech vyskytují.\r\n    O každém pojmu je třeba uvést alespoň jeho identifikátor a název, volitelně pak popis, definici, definující a související ustanovení či nadřazené a ekvivalentní pojmy.\r\n  </p>\r\n\r\n  <a href=\"./aa3vh.svg\">\r\n    <figure>\r\n      <img src=\"./aa3vh.svg\">\r\n      <figcaption>Tezaurus</figcaption>\r\n    </figure>\r\n  </a>\r\n\r\n  <aside class=\"example\" title=\"Tezaurus v JSON-LD\">\r\n                    <p>\r\n                        <a href=\"../příklady/tezaurus.jsonld\">JSON-LD</a>, <a href=\"../kompletní/kontext.jsonld\">JSON-LD kontext</a>, <a href=\"../tezaurus/schéma.json\">JSON Schéma</a>\r\n                    </p>\r\n                    <pre class=\"json\">\r\n{\r\n    \"@context\": \"https://ofn.gov.cz/slovníky/draft2/kompletní/kontext.jsonld\",\r\n    \"iri\": \"https://slovník.gov.cz/datový/turistické-cíle\",\r\n    \"typ\": [\r\n        \"Slovník\",\r\n        \"Tezaurus\"\r\n    ],\r\n    \"název\": {\r\n        \"cs\": \"Slovník turistických cílů\",\r\n        \"en\": \"Vocabulary of tourist points of interest\"\r\n    },\r\n    \"popis\": {\r\n        \"cs\": \"Slovník turistických cílů slouží v rámci příkladu pro OFN Slovníky\",\r\n        \"en\": \"Vocabulary of tourist points of interest serves as an example in the formal open standard for vocabularies\"\r\n    },\r\n    \"vytvořeno\": {\r\n        \"typ\": \"Časový okamžik\",\r\n        \"datum\": \"2024-01-01\"\r\n    },\r\n    \"aktualizováno\": {\r\n        \"typ\": \"Časový okamžik\",\r\n        \"datum_a_čas\": \"2024-01-15T04:53:21+02:00\"\r\n    },\r\n    \"pojmy\": [\r\n        {\r\n            \"iri\": \"https://slovník.gov.cz/datový/turistické-cíle/pojem/turistický-cíl\",\r\n            \"typ\": [\r\n                \"Pojem\",\r\n                \"Koncept\"\r\n            ],\r\n            \"název\": {\r\n                \"cs\": \"Turistický cíl\",\r\n                \"en\": \"Tourist point of interest\"\r\n            },\r\n            \"definice\": {\r\n                \"cs\": \"Samostatný turistický cíl.\",\r\n                \"en\": \"Tourist point of interest\"\r\n            },\r\n            \"související-ustanovení-právního-předpisu\": [\r\n                \"https://opendata.eselpoint.cz/esel-esb/eli/cz/sb/1992/114/2024-01-01/dokument/norma/cast_1/par_3/odst_1/pism_q\"\r\n            ],\r\n            \"nadřazený-pojem\": [\r\n                \"https://slovník.gov.cz/generický/veřejná-místa/pojem/veřejné-místo\"\r\n            ],\r\n            \"ekvivalentní-pojem\": [\r\n                \"https://schema.org/TouristAttraction\"\r\n            ]\r\n        },\r\n        {\r\n            \"iri\": \"https://slovník.gov.cz/datový/turistické-cíle/pojem/typ-turistického-cíle\",\r\n            \"typ\": [\r\n                \"Pojem\",\r\n                \"Koncept\"\r\n            ],\r\n            \"název\": {\r\n                \"cs\": \"Typ turistického cíle\",\r\n                \"en\": \"Type of the tourist point of interest\"\r\n            },\r\n            \"definice\": {\r\n                \"cs\": \"Typ turistického cíle (např. přírodní nebo kulturní) reprezentovaný jako položka číselníku typů turistických cílů.\"\r\n            }\r\n        },\r\n        {\r\n            \"iri\": \"https://slovník.gov.cz/datový/turistické-cíle/pojem/má-typ-turistického-cíle\",\r\n            \"typ\": [\r\n                \"Pojem\",\r\n                \"Koncept\"\r\n            ],\r\n            \"název\": {\r\n                \"cs\": \"má typ turistického cíle\",\r\n                \"en\": \"has type of tourist point of interest\"\r\n            },\r\n            \"popis\": {\r\n                \"cs\": \"vazba propojuje turistický cíl a jeho typ\"\r\n            },\r\n            \"definice\": {\r\n                \"cs\": \"Určuje, zda se jedná o přírodní nebo kulturní turistický cíl.\"\r\n            }\r\n        },\r\n        {\r\n            \"iri\": \"https://slovník.gov.cz/datový/turistické-cíle/pojem/kouření-povoleno\",\r\n            \"typ\": [\r\n                \"Pojem\",\r\n                \"Koncept\"\r\n            ],\r\n            \"název\": {\r\n                \"cs\": \"kouření povoleno\",\r\n                \"en\": \"smoking allowed\"\r\n            },\r\n            \"definice\": {\r\n                \"cs\": \"Určuje, zda je možné v turistickém cíli kouření tabákových výrobků.\"\r\n            }\r\n        }\r\n    ]\r\n}</pre></aside>\r\n\r\n</section>\r\n\r\n<section id=\"konceptuální-model\">\r\n  <h3>Konceptuální model</h3>\r\n  <p>\r\n    Na této úrovni rozlišujeme pojmy, které reprezentují\r\n    <ul>\r\n      <li>třídy reprezentující typy subjektů a objektů práva,</li>\r\n      <li>vztahy mezi dvěma subjekty či objekty práva,</li>\r\n      <li>vlastnosti subjektů a objektů práva.</li>\r\n    </ul>\r\n  </p>\r\n\r\n  <a href=\"./is13y.svg\">\r\n    <figure>\r\n      <img src=\"./is13y.svg\">\r\n      <figcaption>Konceptuální model</figcaption>\r\n    </figure>\r\n  </a>\r\n\r\n  <p>\r\n    Příkladem je slovník s IRI <code>https://slovník.gov.cz/datový/turistické-cíle</code> obsahující pojmy.\r\n    Dále každému pojmu přiděluje jeho typ z hlediska modelu, tj. zda se jedná o třídu, vztah či vlastnost.\r\n    V závislosti na typu pojmu je pak daný pojem dále popsán.\r\n    U vztahu <code>má typ turistického cíle</code> je ukázáno použití <a href=\"#Vztah.nadřazenýVztah\">nadřazeného vztahu</a>.\r\n  </p>\r\n\r\n  <aside class=\"example\" title=\"Konceptuální model v JSON-LD\">\r\n                    <p>\r\n                        <a href=\"../příklady/konceptuální-model.jsonld\">JSON-LD</a>, <a href=\"../kompletní/kontext.jsonld\">JSON-LD kontext</a>, <a href=\"../konceptuální-model/schéma.json\">JSON Schéma</a>\r\n                    </p>\r\n                    <pre class=\"json\">\r\n{\r\n  \"@context\": \"https://ofn.gov.cz/slovníky/draft2/kompletní/kontext.jsonld\",\r\n  \"iri\": \"https://slovník.gov.cz/datový/turistické-cíle\",\r\n  \"typ\": [\"Slovník\", \"Tezaurus\", \"Konceptuální model\"],\r\n  \"název\": {\r\n      \"cs\": \"Slovník turistických cílů\",\r\n      \"en\": \"Vocabulary of tourist points of interest\"\r\n  },\r\n  \"popis\": {\r\n      \"cs\": \"Slovník turistických cílů slouží v rámci příkladu pro OFN Slovníky\",\r\n      \"en\": \"Vocabulary of tourist points of interest serves as an example in the formal open standard for vocabularies\"\r\n  },\r\n  \"pojmy\": [\r\n      {\r\n          \"iri\": \"https://slovník.gov.cz/datový/turistické-cíle/pojem/turistický-cíl\",\r\n          \"typ\": [\"Koncept\", \"Pojem\", \"Třída\"],\r\n          \"název\": {\r\n              \"cs\": \"Turistický cíl\",\r\n              \"en\": \"Tourist point of interest\"\r\n          },\r\n          \"definice\": {\r\n              \"cs\": \"Samostatný turistický cíl.\",\r\n              \"en\": \"Tourist point of interest\"\r\n          },\r\n          \"související-ustanovení-právního-předpisu\": [\r\n              \"https://opendata.eselpoint.cz/esel-esb/eli/cz/sb/1992/114/2024-01-01/dokument/norma/cast_1/par_3/odst_1/pism_q\"\r\n          ],\r\n          \"nadřazená-třída\": [\r\n              \"https://slovník.gov.cz/generický/veřejná-místa/pojem/veřejné-místo\",\r\n              \"https://slovník.gov.cz/veřejný-sektor/pojem/objekt-práva\"\r\n          ]\r\n      },\r\n      {\r\n          \"iri\": \"https://slovník.gov.cz/datový/turistické-cíle/pojem/typ-turistického-cíle\",\r\n          \"typ\": [\"Koncept\", \"Pojem\", \"Třída\"],\r\n          \"název\": {\r\n              \"cs\": \"Typ turistického cíle\",\r\n              \"en\": \"Type of the tourist point of interest\"\r\n          },\r\n          \"definice\": {\r\n              \"cs\": \"Typ turistického cíle (např. přírodní nebo kulturní) reprezentovaný jako položka číselníku typů turistických cílů.\"\r\n          },\r\n          \"instance-definovány-číselníkem\": {\r\n              \"iri\": \"https://data.mvcr.gov.cz/zdroj/číselníky/typy-turistických-cílů\",\r\n              \"typ\": \"Číselník\",\r\n              \"datová-sada-v-nkod\": \"https://data.gov.cz/zdroj/datové-sady/17651921/ff931872553062c9890157ce8615af03\"\r\n          }\r\n      },\r\n      {\r\n          \"iri\": \"https://slovník.gov.cz/datový/turistické-cíle/pojem/má-typ-turistického-cíle\",\r\n          \"typ\": [\"Koncept\", \"Pojem\", \"Vztah\"],\r\n          \"název\": {\r\n              \"cs\": \"má typ turistického cíle\",\r\n              \"en\": \"has type of tourist point of interest\"\r\n          },\r\n          \"definice\": {\r\n              \"cs\": \"Určuje, zda se jedná o přírodní nebo kulturní turistický cíl.\"\r\n          },\r\n          \"definiční-obor\": \"https://slovník.gov.cz/datový/turistické-cíle/pojem/turistický-cíl\",\r\n          \"obor-hodnot\": \"https://slovník.gov.cz/datový/turistické-cíle/pojem/typ-turistického-cíle\",\r\n          \"nadřazený-vztah\": [\r\n              \"https://slovník.gov.cz/datový/číselníky/pojem/má-přiřazenu-položku-číselníku\"\r\n          ]\r\n      },\r\n      {\r\n          \"iri\": \"https://slovník.gov.cz/datový/turistické-cíle/pojem/kouření-povoleno\",\r\n          \"typ\": [\"Koncept\", \"Pojem\", \"Vlastnost\"],\r\n          \"název\": {\r\n              \"cs\": \"kouření povoleno\",\r\n              \"en\": \"smoking allowed\"\r\n          },\r\n          \"definice\": {\r\n              \"cs\": \"Určuje, zda je možné v turistickém cíli kouření tabákových výrobků.\"\r\n          },\r\n          \"definiční-obor\": \"https://slovník.gov.cz/datový/turistické-cíle/pojem/turistický-cíl\",\r\n          \"obor-hodnot\": \"xsd:boolean\"\r\n      }\r\n  ]\r\n}</pre></aside>\r\n\r\n</section>\r\n\r\n<section id=\"rozšíření\">\r\n  <h3>Rozšířená specifikace typů</h3>\r\n  <p>\r\n    Na této úrovni rozlišujeme Typ subjektu práva a Typ objektu práva.\r\n    Případné budoucí verze mohou toto rozlišení dále prohlubovat přidáváním dalších typů.\r\n    Toto rozšíření lze aplikovat jak na <a href=\"#tezaurus\">Tezaurus</a>, tak na <a href=\"#konceptuální-model\">Konceptuální model</a>.\r\n  </p>\r\n\r\n  <a href=\"./abi2vl.svg\">\r\n    <figure>\r\n      <img src=\"./abi2vl.svg\">\r\n      <figcaption>Rozšířená specifikace typů</figcaption>\r\n    </figure>\r\n  </a>\r\n\r\n  <p>\r\n    Příkladem je slovník <em>Slovník zákona č. 56/2001 Sb. o podmínkách provozu vozidel na pozemních komunikacích a o změně zákona č. 168/1999 Sb., o pojištění odpovědnosti za škodu způsobenou provozem vozidla a o změně některých souvisejících zákonů (zákon o pojištění odpovědnosti z provozu vozidla), ve znění zákona č. 307/1999 Sb.</em> s IRI <code>https://slovník.gov.cz/legislativní/sbírka/56/2001</code>.\r\n    Tak jako v základním modelu obsahuje pojmy a jejich typy z hlediska modelu, tj. zda se jedná o třídu, vztah či vlastnost a v závislosti na typu pojmu je pak daný pojem dále popsán.\r\n    Navíc však u tříd specifikujeme, zda se jedná o Typ subjektu práva nebo Typ objektu práva.\r\n  </p>\r\n\r\n<aside class=\"example\" title=\"Rozšíření v JSON-LD\">\r\n                    <p>\r\n                        <a href=\"../příklady/rozšíření.jsonld\">JSON-LD</a>, <a href=\"../kompletní/kontext.jsonld\">JSON-LD kontext</a>, <a href=\"../rozšíření/schéma.json\">JSON Schéma</a>\r\n                    </p>\r\n                    <pre class=\"json\">\r\n{\r\n  \"@context\": \"https://ofn.gov.cz/slovníky/draft2/kompletní/kontext.jsonld\",\r\n  \"iri\": \"https://slovník.gov.cz/legislativní/sbírka/56/2001\",\r\n  \"typ\": [\"Slovník\", \"Tezaurus\", \"Konceptuální model\"],\r\n  \"název\": {\r\n      \"cs\": \"Slovník zákona č. 56/2001 Sb. o podmínkách provozu vozidel na pozemních komunikacích a o změně zákona č. 168/1999 Sb., o pojištění odpovědnosti za škodu způsobenou provozem vozidla a o změně některých souvisejících zákonů (zákon o pojištění odpovědnosti z provozu vozidla), ve znění zákona č. 307/1999 Sb.\"\r\n  },\r\n  \"popis\": {\r\n      \"cs\": \"Slovník slouží v rámci příkladu pro OFN Slovníky\"\r\n  },\r\n  \"pojmy\": [\r\n      {\r\n          \"iri\": \"https://slovník.gov.cz/legislativní/sbírka/56/2001/pojem/silniční-vozidlo\",\r\n          \"typ\": [\"Koncept\", \"Pojem\", \"Třída\", \"Typ objektu práva\"],\r\n          \"název\": {\r\n              \"cs\": \"Silniční vozidlo\",\r\n              \"en\": \"Road vehicle\"\r\n          },\r\n          \"definice\": {\r\n              \"cs\": \"Silniční vozidlo je motorové nebo nemotorové vozidlo, které je vyrobené za účelem provozu na pozemních komunikacích pro přepravu osob, zvířat nebo věcí.\"\r\n          },\r\n          \"související-ustanovení-právního-předpisu\": [\r\n              \"https://opendata.eselpoint.cz/esel-esb/eli/cz/sb/2001/56/2024-01-01/dokument/norma/cast_1/par_2/odst_1\"\r\n          ],\r\n          \"nadřazená-třída\": [\r\n              \"https://slovník.gov.cz/legislativní/sbírka/361/2000/pojem/vozidlo\"\r\n          ]\r\n      },\r\n      {\r\n          \"iri\": \"https://slovník.gov.cz/legislativní/sbírka/56/2001/pojem/vlastník-vozidla\",\r\n          \"typ\": [\"Koncept\", \"Pojem\", \"Třída\", \"Typ subjektu práva\"],\r\n          \"název\": {\r\n              \"cs\": \"Vlastník vozidla\",\r\n              \"en\": \"Vehicle owner\"\r\n          },\r\n          \"definice\": {\r\n              \"cs\": \"Vlastník vozidla\"\r\n          },\r\n          \"související-ustanovení-právního-předpisu\": [\r\n              \"https://opendata.eselpoint.cz/esel-esb/eli/cz/sb/2001/56/2024-01-01/dokument/norma/cast_2/par_4/odst_1/pism_a\"\r\n          ]\r\n      },\r\n      {\r\n          \"iri\": \"https://slovník.gov.cz/legislativní/sbírka/56/2001/pojem/má-vlastníka-vozidla\",\r\n          \"typ\": [\"Koncept\", \"Pojem\", \"Vztah\"],\r\n          \"název\": {\r\n              \"cs\": \"má vlastníka vozidla\"\r\n          },\r\n          \"definice\": {\r\n              \"cs\": \"má vlastníka vozidla\"\r\n          },\r\n          \"související-ustanovení-právního-předpisu\": [\r\n              \"https://opendata.eselpoint.cz/esel-esb/eli/cz/sb/2001/56/2024-01-01/dokument/norma/cast_2/par_4/odst_1/pism_a\"\r\n          ],\r\n          \"definiční-obor\": \"https://slovník.gov.cz/legislativní/sbírka/56/2001/pojem/silniční-vozidlo\",\r\n          \"obor-hodnot\": \"https://slovník.gov.cz/legislativní/sbírka/56/2001/pojem/vlastník-vozidla\"\r\n      },\r\n      {\r\n          \"iri\": \"https://slovník.gov.cz/legislativní/sbírka/56/2001/pojem/vlastnictví-vozidla\",\r\n          \"typ\": [\"Koncept\", \"Pojem\", \"Třída\"],\r\n          \"název\": {\r\n              \"cs\": \"Vlastnictví vozidla\"\r\n          },\r\n          \"definice\": {\r\n              \"cs\": \"Vlastnictví vozidla\"\r\n          },\r\n          \"související-ustanovení-právního-předpisu\": [\r\n              \"https://opendata.eselpoint.cz/esel-esb/eli/cz/sb/2001/56/2024-01-01/dokument/norma/cast_2/par_4/odst_2/pism_a\"\r\n          ]\r\n      },\r\n      {\r\n          \"iri\": \"https://slovník.gov.cz/legislativní/sbírka/56/2001/pojem/registrační-značka\",\r\n          \"typ\": [\"Koncept\", \"Pojem\", \"Vlastnost\", \"Typ objektu práva\"],\r\n          \"název\": {\r\n              \"cs\": \"registrační značka\"\r\n          },\r\n          \"definice\": {\r\n              \"cs\": \"Registrační značkou je státní poznávací značka přidělená silničnímu vozidlu. Registrační značka je tvořena kombinací velkých písmen latinské abecedy a arabských číslic.\"\r\n          },\r\n          \"definiční-obor\": \"https://slovník.gov.cz/legislativní/sbírka/56/2001/pojem/tabulka-s-přidělenou-registrační-značkou\",\r\n          \"obor-hodnot\": \"xsd:string\"\r\n      },\r\n      {\r\n          \"iri\": \"https://slovník.gov.cz/legislativní/sbírka/56/2001/pojem/havárie-silničního-vozidla\",\r\n          \"typ\": [\"Koncept\", \"Pojem\", \"Třída\", \"Typ objektu práva\"],\r\n          \"název\": {\r\n              \"cs\": \"Havárie silničního vozidla\"\r\n          },\r\n          \"definice\": {\r\n              \"cs\": \"Havárie silničního vozidla\"\r\n          }\r\n      },\r\n      {\r\n          \"iri\": \"https://slovník.gov.cz/legislativní/sbírka/56/2001/pojem/zničené-silniční-vozidlo\",\r\n          \"typ\": [\"Koncept\", \"Pojem\", \"Třída\", \"Typ objektu práva\"],\r\n          \"název\": {\r\n              \"cs\": \"Zničené silniční vozidlo\"\r\n          },\r\n          \"definice\": {\r\n              \"cs\": \"Zničené silniční vozidlo\"\r\n          }\r\n      }\r\n  ]\r\n}</pre></aside>\r\n</section>\r\n\r\n<section id=\"rpp\">\r\n  <h3>Anotace pro registr práv a povinností</h3>\r\n  <p>\r\n    Pokud popisujeme subjekty a objekty práva pro jejich následnou reprezentaci v Registru práv a povinností (RPP), je třeba je popsat detailněji.\r\n    Vyžaduje použití rozlišení na Typ subjektů práva a Typ objektů práva z <a href=\"#rozšíření\">Rozšířené specifikace typů</a>.\r\n  </p>\r\n\r\n  <a href=\"./afvuvi.svg\">\r\n    <figure>\r\n      <img src=\"./afvuvi.svg\">\r\n      <figcaption>Anotace pro registr práv a povinností</figcaption>\r\n    </figure>\r\n  </a>\r\n\r\n  <p class=\"issue\">\r\nMaNe: Do description bychom ale měli vysvětlit, co to znamená, když někdo označí celou třídu jako sdílenou přes PPDF. To znamená, že se sdílí všechny vztahy a vlastnosti, které mají třídu jako domain asi? A může si pak pro třídu označenou jako sdílenou označit konkrétní vlastnost jako nesdílenou (tj. nastavit false?)\r\n  </p>\r\n\r\n<aside class=\"example\" title=\"Anoteace pro RPP v JSON-LD\">\r\n                    <p>\r\n                        <a href=\"../příklady/rpp.jsonld\">JSON-LD</a>, <a href=\"../kompletní/kontext.jsonld\">JSON-LD kontext</a>, <a href=\"../rpp/schéma.json\">JSON Schéma</a>\r\n                    </p>\r\n                    <pre class=\"json\">\r\n{\r\n  \"@context\": \"https://ofn.gov.cz/slovníky/draft2/kompletní/kontext.jsonld\",\r\n  \"iri\": \"https://slovník.gov.cz/legislativní/sbírka/56/2001\",\r\n  \"typ\": [\"Slovník\", \"Tezaurus\", \"Konceptuální model\"],\r\n  \"název\": {\r\n      \"cs\": \"Slovník zákona č. 56/2001 Sb. o podmínkách provozu vozidel na pozemních komunikacích a o změně zákona č. 168/1999 Sb., o pojištění odpovědnosti za škodu způsobenou provozem vozidla a o změně některých souvisejících zákonů (zákon o pojištění odpovědnosti z provozu vozidla), ve znění zákona č. 307/1999 Sb.\"\r\n  },\r\n  \"popis\": {\r\n      \"cs\": \"Slovník slouží v rámci příkladu pro OFN Slovníky\"\r\n  },\r\n  \"pojmy\": [\r\n      {\r\n          \"iri\": \"https://slovník.gov.cz/legislativní/sbírka/56/2001/pojem/silniční-vozidlo\",\r\n          \"typ\": [\"Koncept\", \"Pojem\", \"Třída\", \"Typ objektu práva\"],\r\n          \"název\": {\r\n              \"cs\": \"Silniční vozidlo\",\r\n              \"en\": \"Road vehicle\"\r\n          },\r\n          \"definice\": {\r\n              \"cs\": \"Silniční vozidlo je motorové nebo nemotorové vozidlo, které je vyrobené za účelem provozu na pozemních komunikacích pro přepravu osob, zvířat nebo věcí.\"\r\n          },\r\n          \"související-ustanovení-právního-předpisu\": [\r\n              \"https://opendata.eselpoint.cz/esel-esb/eli/cz/sb/2001/56/2024-01-01/dokument/norma/cast_1/par_2/odst_1\"\r\n          ],\r\n          \"nadřazená-třída\": [\r\n              \"https://slovník.gov.cz/legislativní/sbírka/361/2000/pojem/vozidlo\"\r\n          ]\r\n      },\r\n      {\r\n          \"iri\": \"https://slovník.gov.cz/legislativní/sbírka/56/2001/pojem/vlastník-vozidla\",\r\n          \"typ\": [\"Koncept\", \"Pojem\", \"Třída\", \"Typ subjektu práva\"],\r\n          \"název\": {\r\n              \"cs\": \"Vlastník vozidla\",\r\n              \"en\": \"Vehicle owner\"\r\n          },\r\n          \"definice\": {\r\n              \"cs\": \"Vlastník vozidla\"\r\n          },\r\n          \"související-ustanovení-právního-předpisu\": [\r\n              \"https://opendata.eselpoint.cz/esel-esb/eli/cz/sb/2001/56/2024-01-01/dokument/norma/cast_2/par_4/odst_1/pism_a\"\r\n          ],\r\n          \"je-sdílen-v-ppdf\": true,\r\n          \"agendový-informační-systém\": \"https://rpp-opendata.egon.gov.cz/odrpp/zdroj/isvs/123456\",\r\n          \"agenda\": \"https://rpp-opendata.egon.gov.cz/odrpp/zdroj/agenda/A1021\"\r\n      },\r\n      {\r\n          \"iri\": \"https://slovník.gov.cz/legislativní/sbírka/56/2001/pojem/má-vlastníka-vozidla\",\r\n          \"typ\": [\"Koncept\", \"Pojem\", \"Vztah\", \"Neveřejný údaj\"],\r\n          \"název\": {\r\n              \"cs\": \"má vlastníka vozidla\"\r\n          },\r\n          \"definice\": {\r\n              \"cs\": \"má vlastníka vozidla\"\r\n          },\r\n          \"související-ustanovení-právního-předpisu\": [\r\n              \"https://opendata.eselpoint.cz/esel-esb/eli/cz/sb/2001/56/2024-01-01/dokument/norma/cast_2/par_4/odst_1/pism_a\"\r\n          ],\r\n          \"definiční-obor\": \"https://slovník.gov.cz/legislativní/sbírka/56/2001/pojem/silniční-vozidlo\",\r\n          \"obor-hodnot\": \"https://slovník.gov.cz/legislativní/sbírka/56/2001/pojem/vlastník-vozidla\",\r\n          \"je-sdílen-v-ppdf\": true,\r\n          \"ustanovení-dokládající-neveřejnost-údaje\": [\r\n              \"https://opendata.eselpoint.cz/esel-esb/eli/cz/sb/2001/56/2024-01-01/dokument/norma/cast_2/par_4/odst_1/pism_a\"\r\n          ]\r\n      },\r\n      {\r\n          \"iri\": \"https://slovník.gov.cz/legislativní/sbírka/56/2001/pojem/vlastnictví-vozidla\",\r\n          \"typ\": [\"Koncept\", \"Pojem\", \"Třída\", \"Veřejný údaj\"],\r\n          \"název\": {\r\n              \"cs\": \"Vlastnictví vozidla\"\r\n          },\r\n          \"definice\": {\r\n              \"cs\": \"Vlastnictví vozidla\"\r\n          },\r\n          \"související-ustanovení-právního-předpisu\": [\r\n              \"https://opendata.eselpoint.cz/esel-esb/eli/cz/sb/2001/56/2024-01-01/dokument/norma/cast_2/par_4/odst_2/pism_a\"\r\n          ]\r\n      },\r\n      {\r\n          \"iri\": \"https://slovník.gov.cz/legislativní/sbírka/56/2001/pojem/registrační-značka\",\r\n          \"typ\": [\"Koncept\", \"Pojem\", \"Vlastnost\", \"Typ objektu práva\"],\r\n          \"název\": {\r\n              \"cs\": \"registrační značka\"\r\n          },\r\n          \"definice\": {\r\n              \"cs\": \"Registrační značkou je státní poznávací značka přidělená silničnímu vozidlu. Registrační značka je tvořena kombinací velkých písmen latinské abecedy a arabských číslic.\"\r\n          },\r\n          \"definiční-obor\": \"https://slovník.gov.cz/legislativní/sbírka/56/2001/pojem/tabulka-s-přidělenou-registrační-značkou\",\r\n          \"obor-hodnot\": \"xsd:string\",\r\n          \"je-sdílen-v-ppdf\": false,\r\n          \"agendový-informační-systém\": \"https://rpp-opendata.egon.gov.cz/odrpp/zdroj/isvs/123456\",\r\n          \"agenda\": \"https://rpp-opendata.egon.gov.cz/odrpp/zdroj/agenda/A1021\"\r\n      },\r\n      {\r\n          \"iri\": \"https://slovník.gov.cz/legislativní/sbírka/56/2001/pojem/havárie-silničního-vozidla\",\r\n          \"typ\": [\"Koncept\", \"Pojem\", \"Třída\", \"Typ objektu práva\"],\r\n          \"název\": {\r\n              \"cs\": \"Havárie silničního vozidla\"\r\n          },\r\n          \"definice\": {\r\n              \"cs\": \"Havárie silničního vozidla\"\r\n          }\r\n      },\r\n      {\r\n          \"iri\": \"https://slovník.gov.cz/legislativní/sbírka/56/2001/pojem/zničené-silniční-vozidlo\",\r\n          \"typ\": [\"Koncept\", \"Pojem\", \"Třída\", \"Typ objektu práva\"],\r\n          \"název\": {\r\n              \"cs\": \"Zničené silniční vozidlo\"\r\n          },\r\n          \"definice\": {\r\n              \"cs\": \"Zničené silniční vozidlo\"\r\n          }\r\n      }\r\n  ]\r\n}</pre></aside>\r\n</section>\r\n\r\n<section id=\"360-2023\">\r\n  <h3>Anotace pro § 23 vyhlášky 360/2023 Sb.</h3>\r\n  <p>\r\n    Pokud popisujeme údaje pro jejich kategorizaci dle <a href=\"https://www.e-sbirka.cz/eli/cz/sb/2023/360/2024-07-01/dokument/norma/cast_2/hlava_6/par_23\">§ 23 vyhlášky 360/2023 Sb.</a>, je třeba je popsat detailněji.\r\n  </p>\r\n\r\n  <p>\r\n    Jednotlivé pojmy v datových slovnících budou mít přiřazeny kategorie dle <a href=\"https://www.e-sbirka.cz/eli/cz/sb/2023/360/2024-07-01/dokument/norma/cast_2/hlava_6/par_23\">§ 23 vyhlášky č. 360/2023 Sb., o dlouhodobém řízení informačních systémů veřejné správy</a>.\r\n    Uplatněním všech tří způsobů kategorizace, tj. kategorií podle odst. 1 (způsob získání), odst. 2 (způsob sdílení) a odst. 3 (obsah) na úrovni pojmů v datovém slovníku bude definován předpokládaný či požadovaný stav dat, tj. „jak by to mělo být“ - „de iure“. Pojem tedy bude kategorizován jako údaj ze základních registrů (1a), pokud je ze základních registrů získatelný (zatím bez ohledu na to, zda je z nich reálně získáván).\r\n    Analogicky bude pojem kategorizován jako údaj veřejně přístupný (2a), pokud není konkrétním legislativním ustanovením označen za neveřejný.\r\n    Jako poskytovaný na žádost (2b) nebo zpřístupňovaný pro výkon jiné agendy přes ISSS (2c) bude pojem kategorizován, pokud existuje (je známý) požadavek na poskytnutí či zpřístupnění daného údaje nebo takový požadavek vyplývá z textu nějakého zákona.\r\n  </p>\r\n  <p>\r\n    Pojem může mít přiřazenu právě jednu kategorii podle odst. 1 (způsob získání) a odst. 3 (obsah), ale může mít přiřazenu více než jednu kategorii podle odst. 2 (způsob sdílení), tzn. může být zároveň např. veřejný (2a) a zpřístupňovaný pro výkon jiné agendy (2c).  \r\n  </p>\r\n\r\n  <a href=\"./cn8es.svg\">\r\n    <figure>\r\n      <img src=\"./cn8es.svg\">\r\n      <figcaption>Anotace pro § 23 vyhlášky 360/2023 Sb.</figcaption>\r\n    </figure>\r\n  </a>\r\n\r\n<aside class=\"example\" title=\"Anotace pro § 23 vyhlášky 360/2023 Sb. v JSON-LD\">\r\n                    <p>\r\n                        <a href=\"../příklady/360-2023.jsonld\">JSON-LD</a>, <a href=\"../kompletní/kontext.jsonld\">JSON-LD kontext</a>, <a href=\"../360-2023/schéma.json\">JSON Schéma</a>\r\n                    </p>\r\n                    <pre class=\"json\">\r\n{\r\n  \"@context\": \"https://ofn.gov.cz/slovníky/draft2/kompletní/kontext.jsonld\",\r\n  \"iri\": \"https://slovník.gov.cz/legislativní/sbírka/56/2001\",\r\n  \"typ\": [\"Slovník\", \"Tezaurus\"],\r\n  \"název\": {\r\n      \"cs\": \"Slovník agendy A1046: Agenda řidičů\"\r\n  },\r\n  \"popis\": {\r\n      \"cs\": \"Slovník slouží v rámci příkladu kategorizace pojmů pro OFN Slovníky, § 23 vyhlášky 360/2023 Sb.\"\r\n  },\r\n  \"pojmy\": [\r\n      {\r\n          \"iri\": \"https://slovník.gov.cz/legislativní/sbírka/361/2000/pojem/skupina-vozidel\",\r\n          \"typ\": [\"Koncept\", \"Pojem\", \"Typ objektu práva\"],\r\n          \"název\": {\r\n              \"cs\": \"Skupina vozidel\"\r\n          },\r\n          \"definice\": {\r\n              \"cs\": \"Skupina vozidel\"\r\n          },\r\n          \"způsob-získání-údaje\": \"způsoby-získání:vlastní\",\r\n          \"způsoby-sdílení-údaje\": [\r\n              \"způsoby-sdílení:veřejně-přístupné\",\r\n              \"způsoby-sdílení:zpřístupňované-pro-výkon-agendy\"\r\n          ],\r\n          \"typ-obsahu-údaje\": \"typy-obsahu:evidenční\"\r\n      },\r\n      {\r\n          \"iri\": \"https://slovník.gov.cz/legislativní/sbírka/361/2000/pojem/řidič-evidovaný-v-registru-řidičů\",\r\n          \"typ\": [\"Koncept\", \"Pojem\", \"Typ subjektu práva\"],\r\n          \"název\": {\r\n              \"cs\": \"Řidič evidovaný v Centrálním registru řidičů\"\r\n          },\r\n          \"definice\": {\r\n              \"cs\": \"Řidič evidovaný v Centrálním registru řidičů\"\r\n          },\r\n          \"související-ustanovení-právního-předpisu\": [\r\n              \"https://opendata.eselpoint.cz/esel-esb/eli/cz/sb/2001/56/2024-01-01/dokument/norma/cast_2/par_4/odst_1/pism_a\"\r\n          ],\r\n          \"je-sdílen-v-ppdf\": true,\r\n          \"agendový-informační-systém\": \"https://rpp-opendata.egon.gov.cz/odrpp/zdroj/isvs/123456\",\r\n          \"agenda\": \"https://rpp-opendata.egon.gov.cz/odrpp/zdroj/agenda/A1046\",\r\n          \"způsob-získání-údaje\": \"způsoby-získání:vlastní\",\r\n          \"způsoby-sdílení-údaje\": [\r\n              \"způsoby-sdílení:zpřístupňované-pro-výkon-agendy\"\r\n          ],\r\n          \"typ-obsahu-údaje\": \"typy-obsahu:identifikační\"\r\n      }\r\n  ]\r\n}</pre></aside>\r\n\r\n</section>\r\n\r\n</section>",
        "html-head": "<meta charset=\"utf-8\" />\n<title>{{translate label}}</title>\n<meta name=\"color-scheme\" content=\"light dark\">\n<script type=\"application/ld+json\">\n  {{{json dsv}}}\n</script>\n<script\n  src=\"https://ofn.gov.cz/static/js/respec-odcz.js\"\n  class=\"remove\"\n  defer\n></script>\n<script class=\"remove\">\n  // All config options at https://respec.org/docs/\n  var respecConfig = {\n    specStatus: \"ED\",\n    shortName: \"slovníky\",               \n    showPreviousVersion: false,\n    prevVersion: \"https://ofn.gov.cz/slovníky/draft2/\",\n    thisVersion: \"https://ofn.gov.cz/slovníky/draft2/\",\n    noRecTrack: true,\n    maxTocLevel: 2,\n    latestVersion: \"https://ofn.gov.cz/slovníky/\",\n    editors: [{\n      name: \"Jakub Klímek\",\n      orcid: \"0000-0001-7234-3051\",\n      company:    \"Digitální a informační agentura\",\n      companyURL: \"https://dia.gov.cz\"\n    }],\n    inlineCSS: \"true\",\n    github: \"https://github.com/datagov-cz/otevrene-formalni-normy/\",\n    otherLinks: [{\n        key: \"Links\",\n        data: [{\n            value: \"Portál otevřených dat\",\n            href: \"https://data.gov.cz\"\n        },{\n            value: \"Kontaktní e-mail\",\n            href: \"mailto:otevrenadata@dia.gov.cz\"\n        }]\n    }]\n  };\n</script>\n\n<style>\n  .figure img, .sidefigure img, figure img, .figure object, .sidefigure object, figure object, img, .img {\n    max-width: 100%;\n    margin: auto;\n    height: auto;\n  }\n\n  table.simple {\n    margin: auto;\n    border-spacing: 0;\n    border-collapse: collapse;\n  }\n\n  table.simple th {\n    padding: 3px 10px;\n    text-align: left;\n  }\n\n  table.simple td {\n    border-top: 1px solid #ddd;\n    padding: 3px 10px;\n  }\n</style>",
        "acks": "<section id=\"poděkování\">\r\n  <h2>Poděkování</h2>\r\n  <p>\r\n    Na tvorbě této OFN se podíleli: Alice Binderová, Petr Křemen, Martin Nečaský\r\n  </p>",
        "metadata": "<section id=\"předpřipravená-metadata\">\r\n\r\n<h2>Předpřipravená metadata</h2>\r\n\r\n<p>\r\n  Tato sekce obsahuje odkaz na <a href=\"../metadata/slovník.jsonld\">vzorový metadatový záznam datové sady</a> použitelný pro  <a href=\"https://data.gov.cz/formulář/registrace-datové-sady\">registraci datové sady</a> do \r\n  <a href=\"https://data.gov.cz\">Národního katalogu otevřených dat</a>.\r\n  <a href=\"https://data.gov.cz/formulář/registrace-datové-sady?file=https%3A%2F%2Fofn.gov.cz%2Fslovníky%2Fdraft2%2Fmetadata%2Fslovník.jsonld\">Registrace pomocí tohoto předpřipraveného záznamu</a> umožní vyhledávat podobné datové sady publikované dle této otevřené formální normy.\r\n</p>\r\n\r\n</section>"
      }
    }
  },
  "userPreferences": {
    "client": {
      "technicalLabelCasingConvention": "kebab-case"
    }
  }
}