{
  "iri": "1d139bc3-9cde-40fb-9307-f7b0391c5b80",
  "types": [
    "http://dataspecer.com/resources/v1/psm"
  ],
  "userMetadata": {
    "label": {
      "en": "Concept Scheme",
      "cs": "Anotace pro § 23 vyhlášky 360/2023 Sb."
    },
    "description": {
      "en": "Data structure for Concept Scheme. Tezaurus je nejjednodušším typem slovníku.",
      "cs": "Anotace pro § 23 vyhlášky 360/2023 Sb."
    }
  },
  "metadata": {
    "creationDate": "2025-05-27T13:00:07.337Z",
    "modificationDate": "2025-07-22T08:14:00.071Z"
  },
  "_version": 1,
  "_exportVersion": 1,
  "_exportedAt": "2025-07-22T08:30:11.266Z",
  "_exportedBy": "http://localhost:3100"
}