{
  "operations": [
    {
      "types": [
        "core-operation",
        "https://ofn.gov.cz/slovník/psm/CreateClass"
      ],
      "iri": "https://ofn.gov.cz/operation/1748349983453-ac94-9e58-940c",
      "parent": null,
      "dataPsmNewIri": null,
      "dataPsmInterpretation": "h31s6hbky1im9ibc54o",
      "dataPsmTechnicalLabel": "tezaurus",
      "dataPsmHumanLabel": null,
      "dataPsmHumanDescription": null,
      "dataPsmExtends": [],
      "dataPsmIsClosed": null
    },
    {
      "types": [
        "core-operation",
        "https://ofn.gov.cz/slovník/psm/SetRoots"
      ],
      "iri": "https://ofn.gov.cz/operation/1748349983490-cefa-752b-907c",
      "parent": "https://ofn.gov.cz/operation/1748349983453-ac94-9e58-940c",
      "dataPsmRoots": [
        "https://ofn.gov.cz/class/1748349983453-c121-a72d-bfd6"
      ]
    },
    {
      "types": [
        "core-operation",
        "https://ofn.gov.cz/slovník/psm/SetHumanLabel"
      ],
      "iri": "https://ofn.gov.cz/operation/1748349983528-7523-2a28-9114",
      "parent": "https://ofn.gov.cz/operation/1748349983490-cefa-752b-907c",
      "dataPsmResource": "28e4766c-d4ae-484e-ac08-b3d3cff30e2a",
      "dataPsmHumanLabel": {
        "en": "Concept Scheme",
        "cs": "Tezaurus"
      }
    },
    {
      "types": [
        "core-operation",
        "https://ofn.gov.cz/slovník/psm/SetHumanDescription"
      ],
      "iri": "https://ofn.gov.cz/operation/1748349983562-7caa-8ac1-a99e",
      "parent": "https://ofn.gov.cz/operation/1748349983528-7523-2a28-9114",
      "dataPsmResource": "28e4766c-d4ae-484e-ac08-b3d3cff30e2a",
      "dataPsmHumanDescription": {
        "en": "Data structure for Concept Scheme. Tezaurus je nejjednodušším typem slovníku.",
        "cs": "Datová struktura pro Tezaurus. Tezaurus je nejjednodušším typem slovníku."
      }
    },
    {
      "types": [
        "core-operation",
        "https://ofn.gov.cz/slovník/psm/SetHumanLabel"
      ],
      "iri": "https://ofn.gov.cz/operation/1748349999464-1acc-9654-8e88",
      "parent": "https://ofn.gov.cz/operation/1748349983562-7caa-8ac1-a99e",
      "dataPsmResource": "28e4766c-d4ae-484e-ac08-b3d3cff30e2a",
      "dataPsmHumanLabel": {
        "en": "Concept Scheme",
        "cs": "Rozšířená specifikace typů"
      }
    },
    {
      "types": [
        "core-operation",
        "https://ofn.gov.cz/slovník/psm/SetHumanDescription"
      ],
      "iri": "https://ofn.gov.cz/operation/1748349999518-e34c-814c-a873",
      "parent": "https://ofn.gov.cz/operation/1748349999464-1acc-9654-8e88",
      "dataPsmResource": "28e4766c-d4ae-484e-ac08-b3d3cff30e2a",
      "dataPsmHumanDescription": {
        "en": "Data structure for Concept Scheme. Tezaurus je nejjednodušším typem slovníku.",
        "cs": "Datová struktura pro Tezaurus s Rozšířenou specifikací typů. Tezaurus je nejjednodušším typem slovníku."
      }
    },
    {
      "types": [
        "core-operation",
        "https://ofn.gov.cz/slovník/psm/SetJsonLdDefinedPrefixes"
      ],
      "iri": "https://ofn.gov.cz/operation/1748350080600-aba1-915f-91ac",
      "parent": "https://ofn.gov.cz/operation/1748349999518-e34c-814c-a873",
      "dataPsmEntity": "28e4766c-d4ae-484e-ac08-b3d3cff30e2a",
      "jsonLdDefinedPrefixes": {
        "111-2009": "https://slovník.gov.cz/legislativní/sbírka/111/2009/pojem/",
        "a104": "https://slovník.gov.cz/agendový/104/pojem/",
        "čas": "\t https://slovník.gov.cz/generický/čas/pojem/",
        "dcterms": "http://purl.org/dc/terms/",
        "skos": "http://www.w3.org/2004/02/skos/core#",
        "slovníky": "https://slovník.gov.cz/generický/datový-slovník-ofn-slovníků/pojem/",
        "vsgov": "https://slovník.gov.cz/veřejný-sektor/pojem/"
      }
    },
    {
      "types": [
        "core-operation",
        "https://ofn.gov.cz/slovník/psm/SetJsonLdDefinedTypeMapping"
      ],
      "iri": "https://ofn.gov.cz/operation/1748350080639-1ffa-8569-8fd0",
      "parent": "https://ofn.gov.cz/operation/1748350080600-aba1-915f-91ac",
      "dataPsmEntity": "28e4766c-d4ae-484e-ac08-b3d3cff30e2a",
      "jsonLdDefinedTypeMapping": {
        "http://www.w3.org/2004/02/skos/core#Concept": "Koncept",
        "http://www.w3.org/2004/02/skos/core#ConceptScheme": "Tezaurus"
      }
    },
    {
      "types": [
        "core-operation",
        "https://ofn.gov.cz/slovník/psm/SetJsonEnforceContext"
      ],
      "iri": "https://ofn.gov.cz/operation/1748350080674-52fd-4df7-8677",
      "parent": "https://ofn.gov.cz/operation/1748350080639-1ffa-8569-8fd0",
      "dataPsmEntity": "28e4766c-d4ae-484e-ac08-b3d3cff30e2a",
      "jsonEnforceContext": "with-extensions"
    },
    {
      "types": [
        "core-operation",
        "https://ofn.gov.cz/slovník/psm/CreateClass"
      ],
      "iri": "https://ofn.gov.cz/operation/1748350094969-5500-3d3f-8e70",
      "parent": "https://ofn.gov.cz/operation/1748350080674-52fd-4df7-8677",
      "dataPsmNewIri": null,
      "dataPsmInterpretation": "102gw4osjd3rm9ibdkxp",
      "dataPsmTechnicalLabel": "pojem",
      "dataPsmHumanLabel": null,
      "dataPsmHumanDescription": null,
      "dataPsmExtends": [],
      "dataPsmIsClosed": null
    },
    {
      "types": [
        "core-operation",
        "https://ofn.gov.cz/slovník/psm/CreateAssociationEnd"
      ],
      "iri": "https://ofn.gov.cz/operation/1748350094999-5b13-2af1-a445",
      "parent": "https://ofn.gov.cz/operation/1748350094969-5500-3d3f-8e70",
      "dataPsmNewIri": null,
      "dataPsmInterpretation": "pg2qpy5ymmdm9ibfrd6",
      "dataPsmTechnicalLabel": "je-v-tezauru",
      "dataPsmHumanLabel": null,
      "dataPsmHumanDescription": null,
      "dataPsmOwner": "https://ofn.gov.cz/class/1748349983453-c121-a72d-bfd6",
      "dataPsmPart": "https://ofn.gov.cz/class/1748350094968-b709-ef52-8496",
      "dataPsmIsReverse": true,
      "dataPsmIsDematerialize": null
    },
    {
      "types": [
        "core-operation",
        "https://ofn.gov.cz/slovník/psm/CreateAttribute"
      ],
      "iri": "https://ofn.gov.cz/operation/1748350095034-6d56-c2d2-ba66",
      "parent": "https://ofn.gov.cz/operation/1748350094999-5b13-2af1-a445",
      "dataPsmNewIri": null,
      "dataPsmInterpretation": "18iz808lfd9m9ib6nnk",
      "dataPsmTechnicalLabel": "popis",
      "dataPsmHumanLabel": null,
      "dataPsmHumanDescription": null,
      "dataPsmOwner": "https://ofn.gov.cz/class/1748349983453-c121-a72d-bfd6",
      "dataPsmDatatype": "https://ofn.gov.cz/zdroj/základní-datové-typy/2020-07-01/text"
    },
    {
      "types": [
        "core-operation",
        "https://ofn.gov.cz/slovník/psm/CreateAttribute"
      ],
      "iri": "https://ofn.gov.cz/operation/1748350095070-9df1-8863-b03b",
      "parent": "https://ofn.gov.cz/operation/1748350095034-6d56-c2d2-ba66",
      "dataPsmNewIri": null,
      "dataPsmInterpretation": "2ynzqcmfszmm9ib60al",
      "dataPsmTechnicalLabel": "název",
      "dataPsmHumanLabel": null,
      "dataPsmHumanDescription": null,
      "dataPsmOwner": "https://ofn.gov.cz/class/1748349983453-c121-a72d-bfd6",
      "dataPsmDatatype": "https://ofn.gov.cz/zdroj/základní-datové-typy/2020-07-01/text"
    },
    {
      "types": [
        "core-operation",
        "https://ofn.gov.cz/slovník/psm/CreateClass"
      ],
      "iri": "https://ofn.gov.cz/operation/1748350095108-a49c-faec-af54",
      "parent": "https://ofn.gov.cz/operation/1748350095070-9df1-8863-b03b",
      "dataPsmNewIri": null,
      "dataPsmInterpretation": "rug4doxs6wfm9jxqxsy",
      "dataPsmTechnicalLabel": "časový-okamžik",
      "dataPsmHumanLabel": null,
      "dataPsmHumanDescription": null,
      "dataPsmExtends": [],
      "dataPsmIsClosed": null
    },
    {
      "types": [
        "core-operation",
        "https://ofn.gov.cz/slovník/psm/CreateAssociationEnd"
      ],
      "iri": "https://ofn.gov.cz/operation/1748350095140-2f60-4012-b0cc",
      "parent": "https://ofn.gov.cz/operation/1748350095108-a49c-faec-af54",
      "dataPsmNewIri": null,
      "dataPsmInterpretation": "jjbalad349m9l9rmka",
      "dataPsmTechnicalLabel": "okamžik-vytvoření",
      "dataPsmHumanLabel": null,
      "dataPsmHumanDescription": null,
      "dataPsmOwner": "https://ofn.gov.cz/class/1748349983453-c121-a72d-bfd6",
      "dataPsmPart": "https://ofn.gov.cz/class/1748350095108-1ddd-5ca6-aa25",
      "dataPsmIsReverse": false,
      "dataPsmIsDematerialize": null
    },
    {
      "types": [
        "core-operation",
        "https://ofn.gov.cz/slovník/psm/CreateClass"
      ],
      "iri": "https://ofn.gov.cz/operation/1748350095180-d402-6096-866a",
      "parent": "https://ofn.gov.cz/operation/1748350095140-2f60-4012-b0cc",
      "dataPsmNewIri": null,
      "dataPsmInterpretation": "rug4doxs6wfm9jxqxsy",
      "dataPsmTechnicalLabel": "časový-okamžik",
      "dataPsmHumanLabel": null,
      "dataPsmHumanDescription": null,
      "dataPsmExtends": [],
      "dataPsmIsClosed": null
    },
    {
      "types": [
        "core-operation",
        "https://ofn.gov.cz/slovník/psm/CreateAssociationEnd"
      ],
      "iri": "https://ofn.gov.cz/operation/1748350095213-ba60-3d20-b876",
      "parent": "https://ofn.gov.cz/operation/1748350095180-d402-6096-866a",
      "dataPsmNewIri": null,
      "dataPsmInterpretation": "ngmfpqclzobm9l9relu",
      "dataPsmTechnicalLabel": "okamžik-poslední-změny",
      "dataPsmHumanLabel": null,
      "dataPsmHumanDescription": null,
      "dataPsmOwner": "https://ofn.gov.cz/class/1748349983453-c121-a72d-bfd6",
      "dataPsmPart": "https://ofn.gov.cz/class/1748350095179-6140-abb2-9b74",
      "dataPsmIsReverse": false,
      "dataPsmIsDematerialize": null
    },
    {
      "types": [
        "core-operation",
        "https://ofn.gov.cz/slovník/psm/SetOrder"
      ],
      "iri": "https://ofn.gov.cz/operation/1748350098685-03de-4420-91ff",
      "parent": "https://ofn.gov.cz/operation/1748350095213-ba60-3d20-b876",
      "dataPsmOwnerClass": "https://ofn.gov.cz/class/1748349983453-c121-a72d-bfd6",
      "dataPsmResourceToMove": "https://ofn.gov.cz/association/1748350094999-0c77-e56d-94b5",
      "dataPsmMoveAfter": "https://ofn.gov.cz/association/1748350095213-3ca5-3e99-8dc7"
    },
    {
      "types": [
        "core-operation",
        "https://ofn.gov.cz/slovník/psm/SetOrder"
      ],
      "iri": "https://ofn.gov.cz/operation/1748350101650-ef4a-0dcd-b751",
      "parent": "https://ofn.gov.cz/operation/1748350098685-03de-4420-91ff",
      "dataPsmOwnerClass": "https://ofn.gov.cz/class/1748349983453-c121-a72d-bfd6",
      "dataPsmResourceToMove": "https://ofn.gov.cz/attribute/1748350095070-5067-2bb4-bfc4",
      "dataPsmMoveAfter": null
    },
    {
      "types": [
        "core-operation",
        "https://ofn.gov.cz/slovník/psm/SetTechnicalLabel"
      ],
      "iri": "https://ofn.gov.cz/operation/1748350106693-6f09-32ad-847c",
      "parent": "https://ofn.gov.cz/operation/1748350101650-ef4a-0dcd-b751",
      "dataPsmResource": "https://ofn.gov.cz/association/1748350095140-0c7b-3ca3-afaa",
      "dataPsmTechnicalLabel": "vytvořeno"
    },
    {
      "types": [
        "core-operation",
        "https://ofn.gov.cz/slovník/psm/SetTechnicalLabel"
      ],
      "iri": "https://ofn.gov.cz/operation/1748350112678-f443-82ec-9aca",
      "parent": "https://ofn.gov.cz/operation/1748350106693-6f09-32ad-847c",
      "dataPsmResource": "https://ofn.gov.cz/association/1748350095213-3ca5-3e99-8dc7",
      "dataPsmTechnicalLabel": "aktualizováno"
    },
    {
      "types": [
        "core-operation",
        "https://ofn.gov.cz/slovník/psm/CreateAttribute"
      ],
      "iri": "https://ofn.gov.cz/operation/1748350116751-8fb5-98ee-a5c8",
      "parent": "https://ofn.gov.cz/operation/1748350112678-f443-82ec-9aca",
      "dataPsmNewIri": null,
      "dataPsmInterpretation": "6fp4bg315jom9jxs2i9",
      "dataPsmTechnicalLabel": "je-nespecifikovaný",
      "dataPsmHumanLabel": null,
      "dataPsmHumanDescription": null,
      "dataPsmOwner": "https://ofn.gov.cz/class/1748350095108-1ddd-5ca6-aa25",
      "dataPsmDatatype": "http://www.w3.org/2001/XMLSchema#boolean"
    },
    {
      "types": [
        "core-operation",
        "https://ofn.gov.cz/slovník/psm/CreateAttribute"
      ],
      "iri": "https://ofn.gov.cz/operation/1748350116786-41ba-4869-af26",
      "parent": "https://ofn.gov.cz/operation/1748350116751-8fb5-98ee-a5c8",
      "dataPsmNewIri": null,
      "dataPsmInterpretation": "0fls5k4qesp5m9jxrrl6",
      "dataPsmTechnicalLabel": "datum-a-čas",
      "dataPsmHumanLabel": null,
      "dataPsmHumanDescription": null,
      "dataPsmOwner": "https://ofn.gov.cz/class/1748350095108-1ddd-5ca6-aa25",
      "dataPsmDatatype": "http://www.w3.org/2001/XMLSchema#dateTimeStamp"
    },
    {
      "types": [
        "core-operation",
        "https://ofn.gov.cz/slovník/psm/CreateAttribute"
      ],
      "iri": "https://ofn.gov.cz/operation/1748350116823-982d-d4a3-91b9",
      "parent": "https://ofn.gov.cz/operation/1748350116786-41ba-4869-af26",
      "dataPsmNewIri": null,
      "dataPsmInterpretation": "4ee912iphv7m9jxrjjm",
      "dataPsmTechnicalLabel": "datum",
      "dataPsmHumanLabel": null,
      "dataPsmHumanDescription": null,
      "dataPsmOwner": "https://ofn.gov.cz/class/1748350095108-1ddd-5ca6-aa25",
      "dataPsmDatatype": "http://www.w3.org/2001/XMLSchema#date"
    },
    {
      "types": [
        "core-operation",
        "https://ofn.gov.cz/slovník/psm/CreateAttribute"
      ],
      "iri": "https://ofn.gov.cz/operation/1748350120423-54c6-7aaa-bb7f",
      "parent": "https://ofn.gov.cz/operation/1748350116823-982d-d4a3-91b9",
      "dataPsmNewIri": null,
      "dataPsmInterpretation": "6fp4bg315jom9jxs2i9",
      "dataPsmTechnicalLabel": "je-nespecifikovaný",
      "dataPsmHumanLabel": null,
      "dataPsmHumanDescription": null,
      "dataPsmOwner": "https://ofn.gov.cz/class/1748350095179-6140-abb2-9b74",
      "dataPsmDatatype": "http://www.w3.org/2001/XMLSchema#boolean"
    },
    {
      "types": [
        "core-operation",
        "https://ofn.gov.cz/slovník/psm/CreateAttribute"
      ],
      "iri": "https://ofn.gov.cz/operation/1748350120462-ff39-c6f4-909b",
      "parent": "https://ofn.gov.cz/operation/1748350120423-54c6-7aaa-bb7f",
      "dataPsmNewIri": null,
      "dataPsmInterpretation": "0fls5k4qesp5m9jxrrl6",
      "dataPsmTechnicalLabel": "datum-a-čas",
      "dataPsmHumanLabel": null,
      "dataPsmHumanDescription": null,
      "dataPsmOwner": "https://ofn.gov.cz/class/1748350095179-6140-abb2-9b74",
      "dataPsmDatatype": "http://www.w3.org/2001/XMLSchema#dateTimeStamp"
    },
    {
      "types": [
        "core-operation",
        "https://ofn.gov.cz/slovník/psm/CreateAttribute"
      ],
      "iri": "https://ofn.gov.cz/operation/1748350120501-54ea-8e89-b9e4",
      "parent": "https://ofn.gov.cz/operation/1748350120462-ff39-c6f4-909b",
      "dataPsmNewIri": null,
      "dataPsmInterpretation": "4ee912iphv7m9jxrjjm",
      "dataPsmTechnicalLabel": "datum",
      "dataPsmHumanLabel": null,
      "dataPsmHumanDescription": null,
      "dataPsmOwner": "https://ofn.gov.cz/class/1748350095179-6140-abb2-9b74",
      "dataPsmDatatype": "http://www.w3.org/2001/XMLSchema#date"
    },
    {
      "types": [
        "core-operation",
        "https://ofn.gov.cz/slovník/psm/SetTechnicalLabel"
      ],
      "iri": "https://ofn.gov.cz/operation/1748350129568-baa5-84cc-a1f4",
      "parent": "https://ofn.gov.cz/operation/1748350120501-54ea-8e89-b9e4",
      "dataPsmResource": "https://ofn.gov.cz/association/1748350094999-0c77-e56d-94b5",
      "dataPsmTechnicalLabel": "pojmy"
    },
    {
      "types": [
        "core-operation",
        "https://ofn.gov.cz/slovník/psm/WrapWithOr"
      ],
      "iri": "https://ofn.gov.cz/operation/1748350134005-3e6d-5178-b92f",
      "parent": "https://ofn.gov.cz/operation/1748350129568-baa5-84cc-a1f4",
      "dataPsmNewIri": null,
      "dataPsmChild": "https://ofn.gov.cz/class/1748350094968-b709-ef52-8496"
    },
    {
      "types": [
        "core-operation",
        "https://ofn.gov.cz/slovník/psm/CreateClass"
      ],
      "iri": "https://ofn.gov.cz/operation/1748350134046-33ae-12db-82df",
      "parent": "https://ofn.gov.cz/operation/1748350134005-3e6d-5178-b92f",
      "dataPsmNewIri": null,
      "dataPsmInterpretation": "oy6u6q2hkzjm9jq3ieg",
      "dataPsmTechnicalLabel": "typ-objektu-práva",
      "dataPsmHumanLabel": null,
      "dataPsmHumanDescription": null,
      "dataPsmExtends": [],
      "dataPsmIsClosed": null
    },
    {
      "types": [
        "core-operation",
        "https://ofn.gov.cz/slovník/psm/SetChoice"
      ],
      "iri": "https://ofn.gov.cz/operation/1748350134089-33af-6e39-a78c",
      "parent": "https://ofn.gov.cz/operation/1748350134046-33ae-12db-82df",
      "dataPsmOr": "https://ofn.gov.cz/or/1748350134005-6a65-9e45-a5fa",
      "dataPsmChoice": "https://ofn.gov.cz/class/1748350134046-0555-6eb2-ad14"
    },
    {
      "types": [
        "core-operation",
        "https://ofn.gov.cz/slovník/psm/CreateInclude"
      ],
      "iri": "https://ofn.gov.cz/operation/1748350134094-8e4f-653d-9396",
      "parent": "https://ofn.gov.cz/operation/1748350134089-33af-6e39-a78c",
      "dataPsmNewIri": null,
      "dataPsmOwner": "https://ofn.gov.cz/class/1748350134046-0555-6eb2-ad14",
      "dataPsmIncludes": "https://ofn.gov.cz/class/1748350094968-b709-ef52-8496"
    },
    {
      "types": [
        "core-operation",
        "https://ofn.gov.cz/slovník/psm/CreateClass"
      ],
      "iri": "https://ofn.gov.cz/operation/1748350138774-d71a-0191-8208",
      "parent": "https://ofn.gov.cz/operation/1748350134094-8e4f-653d-9396",
      "dataPsmNewIri": null,
      "dataPsmInterpretation": "l26s5lks6mam9jq39oa",
      "dataPsmTechnicalLabel": "typ-subjektu-práva",
      "dataPsmHumanLabel": null,
      "dataPsmHumanDescription": null,
      "dataPsmExtends": [],
      "dataPsmIsClosed": null
    },
    {
      "types": [
        "core-operation",
        "https://ofn.gov.cz/slovník/psm/SetChoice"
      ],
      "iri": "https://ofn.gov.cz/operation/1748350138814-005a-1630-b8d2",
      "parent": "https://ofn.gov.cz/operation/1748350138774-d71a-0191-8208",
      "dataPsmOr": "https://ofn.gov.cz/or/1748350134005-6a65-9e45-a5fa",
      "dataPsmChoice": "https://ofn.gov.cz/class/1748350138774-41ea-0b1e-9566"
    },
    {
      "types": [
        "core-operation",
        "https://ofn.gov.cz/slovník/psm/CreateInclude"
      ],
      "iri": "https://ofn.gov.cz/operation/1748350138816-ff2a-359b-a9f3",
      "parent": "https://ofn.gov.cz/operation/1748350138814-005a-1630-b8d2",
      "dataPsmNewIri": null,
      "dataPsmOwner": "https://ofn.gov.cz/class/1748350138774-41ea-0b1e-9566",
      "dataPsmIncludes": "https://ofn.gov.cz/class/1748350094968-b709-ef52-8496"
    },
    {
      "types": [
        "core-operation",
        "https://ofn.gov.cz/slovník/psm/CreateAttribute"
      ],
      "iri": "https://ofn.gov.cz/operation/1748350144343-9869-95ef-8ac0",
      "parent": "https://ofn.gov.cz/operation/1748350138816-ff2a-359b-a9f3",
      "dataPsmNewIri": null,
      "dataPsmInterpretation": "z9q9byb7wjim9ibmksb",
      "dataPsmTechnicalLabel": "název",
      "dataPsmHumanLabel": null,
      "dataPsmHumanDescription": null,
      "dataPsmOwner": "https://ofn.gov.cz/class/1748350094968-b709-ef52-8496",
      "dataPsmDatatype": "https://ofn.gov.cz/zdroj/základní-datové-typy/2020-07-01/text"
    },
    {
      "types": [
        "core-operation",
        "https://ofn.gov.cz/slovník/psm/CreateAttribute"
      ],
      "iri": "https://ofn.gov.cz/operation/1748350144384-839f-8711-bfb7",
      "parent": "https://ofn.gov.cz/operation/1748350144343-9869-95ef-8ac0",
      "dataPsmNewIri": null,
      "dataPsmInterpretation": "lbvcpjryvzim9ibnir9",
      "dataPsmTechnicalLabel": "popis",
      "dataPsmHumanLabel": null,
      "dataPsmHumanDescription": null,
      "dataPsmOwner": "https://ofn.gov.cz/class/1748350094968-b709-ef52-8496",
      "dataPsmDatatype": "https://ofn.gov.cz/zdroj/základní-datové-typy/2020-07-01/text"
    },
    {
      "types": [
        "core-operation",
        "https://ofn.gov.cz/slovník/psm/CreateAttribute"
      ],
      "iri": "https://ofn.gov.cz/operation/1748350144423-359b-ce0b-b2a3",
      "parent": "https://ofn.gov.cz/operation/1748350144384-839f-8711-bfb7",
      "dataPsmNewIri": null,
      "dataPsmInterpretation": "c54rm58496mm9iboguy",
      "dataPsmTechnicalLabel": "definice",
      "dataPsmHumanLabel": null,
      "dataPsmHumanDescription": null,
      "dataPsmOwner": "https://ofn.gov.cz/class/1748350094968-b709-ef52-8496",
      "dataPsmDatatype": "https://ofn.gov.cz/zdroj/základní-datové-typy/2020-07-01/text"
    },
    {
      "types": [
        "core-operation",
        "https://ofn.gov.cz/slovník/psm/UnsetChoice"
      ],
      "iri": "https://ofn.gov.cz/operation/1748350163688-09c5-cab5-8852",
      "parent": "https://ofn.gov.cz/operation/1748350144423-359b-ce0b-b2a3",
      "dataPsmOr": "https://ofn.gov.cz/or/1748350134005-6a65-9e45-a5fa",
      "dataPsmChoice": "https://ofn.gov.cz/class/1748350094968-b709-ef52-8496"
    },
    {
      "types": [
        "core-operation",
        "https://ofn.gov.cz/slovník/psm/DeleteAttribute"
      ],
      "iri": "https://ofn.gov.cz/operation/1748350165671-3d9d-5d67-b159",
      "parent": "https://ofn.gov.cz/operation/1748350163688-09c5-cab5-8852",
      "dataPsmOwner": "https://ofn.gov.cz/class/1748350094968-b709-ef52-8496",
      "dataPsmAttribute": "https://ofn.gov.cz/attribute/1748350144343-353d-e088-a32d"
    },
    {
      "types": [
        "core-operation",
        "https://ofn.gov.cz/slovník/psm/DeleteAttribute"
      ],
      "iri": "https://ofn.gov.cz/operation/1748350166361-7627-79f1-9276",
      "parent": "https://ofn.gov.cz/operation/1748350165671-3d9d-5d67-b159",
      "dataPsmOwner": "https://ofn.gov.cz/class/1748350094968-b709-ef52-8496",
      "dataPsmAttribute": "https://ofn.gov.cz/attribute/1748350144383-2cbb-982d-a46f"
    },
    {
      "types": [
        "core-operation",
        "https://ofn.gov.cz/slovník/psm/DeleteAttribute"
      ],
      "iri": "https://ofn.gov.cz/operation/1748350167193-275c-78ef-aef9",
      "parent": "https://ofn.gov.cz/operation/1748350166361-7627-79f1-9276",
      "dataPsmOwner": "https://ofn.gov.cz/class/1748350094968-b709-ef52-8496",
      "dataPsmAttribute": "https://ofn.gov.cz/attribute/1748350144423-55b6-d6b9-804e"
    },
    {
      "types": [
        "core-operation",
        "https://ofn.gov.cz/slovník/psm/CreateAttribute"
      ],
      "iri": "https://ofn.gov.cz/operation/1748350184018-3238-c6ac-89c9",
      "parent": "https://ofn.gov.cz/operation/1748350167193-275c-78ef-aef9",
      "dataPsmNewIri": null,
      "dataPsmInterpretation": "z9q9byb7wjim9ibmksb",
      "dataPsmTechnicalLabel": "název",
      "dataPsmHumanLabel": null,
      "dataPsmHumanDescription": null,
      "dataPsmOwner": "https://ofn.gov.cz/class/1748350094968-b709-ef52-8496",
      "dataPsmDatatype": "https://ofn.gov.cz/zdroj/základní-datové-typy/2020-07-01/text"
    },
    {
      "types": [
        "core-operation",
        "https://ofn.gov.cz/slovník/psm/SetInstancesHaveIdentity"
      ],
      "iri": "https://ofn.gov.cz/operation/1748350224787-cb05-0d03-9259",
      "parent": "https://ofn.gov.cz/operation/1748350184018-3238-c6ac-89c9",
      "dataPsmClass": "https://ofn.gov.cz/class/1748350095108-1ddd-5ca6-aa25",
      "instancesHaveIdentity": "OPTIONAL"
    },
    {
      "types": [
        "core-operation",
        "https://ofn.gov.cz/slovník/psm/SetInstancesHaveIdentity"
      ],
      "iri": "https://ofn.gov.cz/operation/1748350229725-a363-d7d6-bfce",
      "parent": "https://ofn.gov.cz/operation/1748350224787-cb05-0d03-9259",
      "dataPsmClass": "https://ofn.gov.cz/class/1748350095179-6140-abb2-9b74",
      "instancesHaveIdentity": "OPTIONAL"
    },
    {
      "types": [
        "core-operation",
        "https://ofn.gov.cz/slovník/psm/SetJsonLdDefinedPrefixes"
      ],
      "iri": "https://ofn.gov.cz/operation/1748350329847-50bd-91f9-84f6",
      "parent": "https://ofn.gov.cz/operation/1748350229725-a363-d7d6-bfce",
      "dataPsmEntity": "28e4766c-d4ae-484e-ac08-b3d3cff30e2a",
      "jsonLdDefinedPrefixes": {
        "111-2009": "https://slovník.gov.cz/legislativní/sbírka/111/2009/pojem/",
        "a104": "https://slovník.gov.cz/agendový/104/pojem/",
        "dcterms": "http://purl.org/dc/terms/",
        "skos": "http://www.w3.org/2004/02/skos/core#",
        "slovníky": "https://slovník.gov.cz/generický/datový-slovník-ofn-slovníků/pojem/",
        "vsgov": "https://slovník.gov.cz/veřejný-sektor/pojem/",
        "čas": " https://slovník.gov.cz/generický/čas/pojem/"
      }
    },
    {
      "types": [
        "core-operation",
        "https://ofn.gov.cz/slovník/psm/SetChoice"
      ],
      "iri": "https://ofn.gov.cz/operation/1748350479418-4560-dce8-9367",
      "parent": "https://ofn.gov.cz/operation/1748350329847-50bd-91f9-84f6",
      "dataPsmOr": "https://ofn.gov.cz/or/1748350134005-6a65-9e45-a5fa",
      "dataPsmChoice": "https://ofn.gov.cz/class/1748350094968-b709-ef52-8496"
    },
    {
      "types": [
        "core-operation",
        "https://ofn.gov.cz/slovník/psm/SetTechnicalLabel"
      ],
      "iri": "https://ofn.gov.cz/operation/1748351538143-a738-0d53-9bf8",
      "parent": "https://ofn.gov.cz/operation/1748350479418-4560-dce8-9367",
      "dataPsmResource": "https://ofn.gov.cz/attribute/1748350120462-ec41-24c6-914b",
      "dataPsmTechnicalLabel": "datum_a_čas"
    },
    {
      "types": [
        "core-operation",
        "https://ofn.gov.cz/slovník/psm/SetTechnicalLabel"
      ],
      "iri": "https://ofn.gov.cz/operation/1748351545350-a1ab-61f1-9b25",
      "parent": "https://ofn.gov.cz/operation/1748351538143-a738-0d53-9bf8",
      "dataPsmResource": "https://ofn.gov.cz/attribute/1748350116786-77ab-6ca0-b2b1",
      "dataPsmTechnicalLabel": "datum_a_čas"
    },
    {
      "types": [
        "core-operation",
        "https://ofn.gov.cz/slovník/psm/SetTechnicalLabel"
      ],
      "iri": "https://ofn.gov.cz/operation/1748351549767-f52d-8ed6-831c",
      "parent": "https://ofn.gov.cz/operation/1748351545350-a1ab-61f1-9b25",
      "dataPsmResource": "https://ofn.gov.cz/attribute/1748350120423-1cc1-8325-b309",
      "dataPsmTechnicalLabel": "je_nespecifikovaný"
    },
    {
      "types": [
        "core-operation",
        "https://ofn.gov.cz/slovník/psm/SetTechnicalLabel"
      ],
      "iri": "https://ofn.gov.cz/operation/1748351554238-9e2d-49dd-aff6",
      "parent": "https://ofn.gov.cz/operation/1748351549767-f52d-8ed6-831c",
      "dataPsmResource": "https://ofn.gov.cz/attribute/1748350116750-adc8-c8dc-a0ae",
      "dataPsmTechnicalLabel": "je_nespecifikovaný"
    },
    {
      "types": [
        "core-operation",
        "https://ofn.gov.cz/slovník/psm/SetIsClosed"
      ],
      "iri": "https://ofn.gov.cz/operation/1748352574536-6b80-1609-842d",
      "parent": "https://ofn.gov.cz/operation/1748351554238-9e2d-49dd-aff6",
      "dataPsmClass": "https://ofn.gov.cz/class/1748350095108-1ddd-5ca6-aa25",
      "dataPsmIsClosed": true
    },
    {
      "types": [
        "core-operation",
        "https://ofn.gov.cz/slovník/psm/SetIsClosed"
      ],
      "iri": "https://ofn.gov.cz/operation/1748352578255-d667-8340-9eb5",
      "parent": "https://ofn.gov.cz/operation/1748352574536-6b80-1609-842d",
      "dataPsmClass": "https://ofn.gov.cz/class/1748350095179-6140-abb2-9b74",
      "dataPsmIsClosed": true
    },
    {
      "types": [
        "core-operation",
        "https://ofn.gov.cz/slovník/psm/SetTechnicalLabel"
      ],
      "iri": "https://ofn.gov.cz/operation/1752759252937-c079-d16a-8463",
      "parent": "https://ofn.gov.cz/operation/1748352578255-d667-8340-9eb5",
      "dataPsmResource": "28e4766c-d4ae-484e-ac08-b3d3cff30e2a",
      "dataPsmTechnicalLabel": "rozšířené-typy"
    }
  ],
  "resources": {
    "28e4766c-d4ae-484e-ac08-b3d3cff30e2a": {
      "types": [
        "https://ofn.gov.cz/slovník/psm/Schema"
      ],
      "iri": "28e4766c-d4ae-484e-ac08-b3d3cff30e2a",
      "dataPsmHumanLabel": {
        "en": "Concept Scheme",
        "cs": "Rozšířená specifikace typů"
      },
      "dataPsmHumanDescription": {
        "en": "Data structure for Concept Scheme. Tezaurus je nejjednodušším typem slovníku.",
        "cs": "Datová struktura pro Tezaurus s Rozšířenou specifikací typů. Tezaurus je nejjednodušším typem slovníku."
      },
      "dataPsmTechnicalLabel": "rozšířené-typy",
      "dataPsmRoots": [
        "https://ofn.gov.cz/class/1748349983453-c121-a72d-bfd6"
      ],
      "dataPsmParts": [
        "https://ofn.gov.cz/class/1748349983453-c121-a72d-bfd6",
        "https://ofn.gov.cz/class/1748350094968-b709-ef52-8496",
        "https://ofn.gov.cz/association/1748350094999-0c77-e56d-94b5",
        "https://ofn.gov.cz/attribute/1748350095034-dda4-7aa0-98d3",
        "https://ofn.gov.cz/attribute/1748350095070-5067-2bb4-bfc4",
        "https://ofn.gov.cz/class/1748350095108-1ddd-5ca6-aa25",
        "https://ofn.gov.cz/association/1748350095140-0c7b-3ca3-afaa",
        "https://ofn.gov.cz/class/1748350095179-6140-abb2-9b74",
        "https://ofn.gov.cz/association/1748350095213-3ca5-3e99-8dc7",
        "https://ofn.gov.cz/attribute/1748350116750-adc8-c8dc-a0ae",
        "https://ofn.gov.cz/attribute/1748350116786-77ab-6ca0-b2b1",
        "https://ofn.gov.cz/attribute/1748350116823-10fe-004a-af9a",
        "https://ofn.gov.cz/attribute/1748350120423-1cc1-8325-b309",
        "https://ofn.gov.cz/attribute/1748350120462-ec41-24c6-914b",
        "https://ofn.gov.cz/attribute/1748350120501-8ce7-d0ed-b5d5",
        "https://ofn.gov.cz/or/1748350134005-6a65-9e45-a5fa",
        "https://ofn.gov.cz/class/1748350134046-0555-6eb2-ad14",
        "https://ofn.gov.cz/include/1748350134094-2ced-93b4-9d27",
        "https://ofn.gov.cz/class/1748350138774-41ea-0b1e-9566",
        "https://ofn.gov.cz/include/1748350138816-e065-f4e0-997b",
        "https://ofn.gov.cz/attribute/1748350184018-6a80-ad43-a58b"
      ],
      "jsonLdDefinedPrefixes": {
        "111-2009": "https://slovník.gov.cz/legislativní/sbírka/111/2009/pojem/",
        "a104": "https://slovník.gov.cz/agendový/104/pojem/",
        "dcterms": "http://purl.org/dc/terms/",
        "skos": "http://www.w3.org/2004/02/skos/core#",
        "slovníky": "https://slovník.gov.cz/generický/datový-slovník-ofn-slovníků/pojem/",
        "vsgov": "https://slovník.gov.cz/veřejný-sektor/pojem/",
        "čas": " https://slovník.gov.cz/generický/čas/pojem/"
      },
      "jsonLdDefinedTypeMapping": {
        "http://www.w3.org/2004/02/skos/core#Concept": "Koncept",
        "http://www.w3.org/2004/02/skos/core#ConceptScheme": "Tezaurus"
      },
      "jsonEnforceContext": "with-extensions"
    },
    "https://ofn.gov.cz/class/1748349983453-c121-a72d-bfd6": {
      "types": [
        "https://ofn.gov.cz/slovník/psm/Class"
      ],
      "iri": "https://ofn.gov.cz/class/1748349983453-c121-a72d-bfd6",
      "dataPsmHumanLabel": null,
      "dataPsmHumanDescription": null,
      "dataPsmTechnicalLabel": "tezaurus",
      "dataPsmInterpretation": "h31s6hbky1im9ibc54o",
      "dataPsmExtends": [],
      "dataPsmParts": [
        "https://ofn.gov.cz/attribute/1748350095070-5067-2bb4-bfc4",
        "https://ofn.gov.cz/attribute/1748350095034-dda4-7aa0-98d3",
        "https://ofn.gov.cz/association/1748350095140-0c7b-3ca3-afaa",
        "https://ofn.gov.cz/association/1748350095213-3ca5-3e99-8dc7",
        "https://ofn.gov.cz/association/1748350094999-0c77-e56d-94b5"
      ],
      "dataPsmIsClosed": null
    },
    "https://ofn.gov.cz/class/1748350094968-b709-ef52-8496": {
      "types": [
        "https://ofn.gov.cz/slovník/psm/Class"
      ],
      "iri": "https://ofn.gov.cz/class/1748350094968-b709-ef52-8496",
      "dataPsmHumanLabel": null,
      "dataPsmHumanDescription": null,
      "dataPsmTechnicalLabel": "pojem",
      "dataPsmInterpretation": "102gw4osjd3rm9ibdkxp",
      "dataPsmExtends": [],
      "dataPsmParts": [
        "https://ofn.gov.cz/attribute/1748350184018-6a80-ad43-a58b"
      ],
      "dataPsmIsClosed": null
    },
    "https://ofn.gov.cz/association/1748350094999-0c77-e56d-94b5": {
      "types": [
        "https://ofn.gov.cz/slovník/psm/AssociationEnd"
      ],
      "iri": "https://ofn.gov.cz/association/1748350094999-0c77-e56d-94b5",
      "dataPsmHumanLabel": null,
      "dataPsmHumanDescription": null,
      "dataPsmTechnicalLabel": "pojmy",
      "dataPsmInterpretation": "pg2qpy5ymmdm9ibfrd6",
      "dataPsmPart": "https://ofn.gov.cz/or/1748350134005-6a65-9e45-a5fa",
      "dataPsmIsReverse": true,
      "dataPsmIsDematerialize": null
    },
    "https://ofn.gov.cz/attribute/1748350095034-dda4-7aa0-98d3": {
      "types": [
        "https://ofn.gov.cz/slovník/psm/Attribute"
      ],
      "iri": "https://ofn.gov.cz/attribute/1748350095034-dda4-7aa0-98d3",
      "dataPsmHumanLabel": null,
      "dataPsmHumanDescription": null,
      "dataPsmTechnicalLabel": "popis",
      "dataPsmInterpretation": "18iz808lfd9m9ib6nnk",
      "dataPsmDatatype": "https://ofn.gov.cz/zdroj/základní-datové-typy/2020-07-01/text"
    },
    "https://ofn.gov.cz/attribute/1748350095070-5067-2bb4-bfc4": {
      "types": [
        "https://ofn.gov.cz/slovník/psm/Attribute"
      ],
      "iri": "https://ofn.gov.cz/attribute/1748350095070-5067-2bb4-bfc4",
      "dataPsmHumanLabel": null,
      "dataPsmHumanDescription": null,
      "dataPsmTechnicalLabel": "název",
      "dataPsmInterpretation": "2ynzqcmfszmm9ib60al",
      "dataPsmDatatype": "https://ofn.gov.cz/zdroj/základní-datové-typy/2020-07-01/text"
    },
    "https://ofn.gov.cz/class/1748350095108-1ddd-5ca6-aa25": {
      "types": [
        "https://ofn.gov.cz/slovník/psm/Class"
      ],
      "iri": "https://ofn.gov.cz/class/1748350095108-1ddd-5ca6-aa25",
      "dataPsmHumanLabel": null,
      "dataPsmHumanDescription": null,
      "dataPsmTechnicalLabel": "časový-okamžik",
      "dataPsmInterpretation": "rug4doxs6wfm9jxqxsy",
      "dataPsmExtends": [],
      "dataPsmParts": [
        "https://ofn.gov.cz/attribute/1748350116750-adc8-c8dc-a0ae",
        "https://ofn.gov.cz/attribute/1748350116786-77ab-6ca0-b2b1",
        "https://ofn.gov.cz/attribute/1748350116823-10fe-004a-af9a"
      ],
      "dataPsmIsClosed": true,
      "instancesHaveIdentity": "OPTIONAL"
    },
    "https://ofn.gov.cz/association/1748350095140-0c7b-3ca3-afaa": {
      "types": [
        "https://ofn.gov.cz/slovník/psm/AssociationEnd"
      ],
      "iri": "https://ofn.gov.cz/association/1748350095140-0c7b-3ca3-afaa",
      "dataPsmHumanLabel": null,
      "dataPsmHumanDescription": null,
      "dataPsmTechnicalLabel": "vytvořeno",
      "dataPsmInterpretation": "jjbalad349m9l9rmka",
      "dataPsmPart": "https://ofn.gov.cz/class/1748350095108-1ddd-5ca6-aa25",
      "dataPsmIsReverse": false,
      "dataPsmIsDematerialize": null
    },
    "https://ofn.gov.cz/class/1748350095179-6140-abb2-9b74": {
      "types": [
        "https://ofn.gov.cz/slovník/psm/Class"
      ],
      "iri": "https://ofn.gov.cz/class/1748350095179-6140-abb2-9b74",
      "dataPsmHumanLabel": null,
      "dataPsmHumanDescription": null,
      "dataPsmTechnicalLabel": "časový-okamžik",
      "dataPsmInterpretation": "rug4doxs6wfm9jxqxsy",
      "dataPsmExtends": [],
      "dataPsmParts": [
        "https://ofn.gov.cz/attribute/1748350120423-1cc1-8325-b309",
        "https://ofn.gov.cz/attribute/1748350120462-ec41-24c6-914b",
        "https://ofn.gov.cz/attribute/1748350120501-8ce7-d0ed-b5d5"
      ],
      "dataPsmIsClosed": true,
      "instancesHaveIdentity": "OPTIONAL"
    },
    "https://ofn.gov.cz/association/1748350095213-3ca5-3e99-8dc7": {
      "types": [
        "https://ofn.gov.cz/slovník/psm/AssociationEnd"
      ],
      "iri": "https://ofn.gov.cz/association/1748350095213-3ca5-3e99-8dc7",
      "dataPsmHumanLabel": null,
      "dataPsmHumanDescription": null,
      "dataPsmTechnicalLabel": "aktualizováno",
      "dataPsmInterpretation": "ngmfpqclzobm9l9relu",
      "dataPsmPart": "https://ofn.gov.cz/class/1748350095179-6140-abb2-9b74",
      "dataPsmIsReverse": false,
      "dataPsmIsDematerialize": null
    },
    "https://ofn.gov.cz/attribute/1748350116750-adc8-c8dc-a0ae": {
      "types": [
        "https://ofn.gov.cz/slovník/psm/Attribute"
      ],
      "iri": "https://ofn.gov.cz/attribute/1748350116750-adc8-c8dc-a0ae",
      "dataPsmHumanLabel": null,
      "dataPsmHumanDescription": null,
      "dataPsmTechnicalLabel": "je_nespecifikovaný",
      "dataPsmInterpretation": "6fp4bg315jom9jxs2i9",
      "dataPsmDatatype": "http://www.w3.org/2001/XMLSchema#boolean"
    },
    "https://ofn.gov.cz/attribute/1748350116786-77ab-6ca0-b2b1": {
      "types": [
        "https://ofn.gov.cz/slovník/psm/Attribute"
      ],
      "iri": "https://ofn.gov.cz/attribute/1748350116786-77ab-6ca0-b2b1",
      "dataPsmHumanLabel": null,
      "dataPsmHumanDescription": null,
      "dataPsmTechnicalLabel": "datum_a_čas",
      "dataPsmInterpretation": "0fls5k4qesp5m9jxrrl6",
      "dataPsmDatatype": "http://www.w3.org/2001/XMLSchema#dateTimeStamp"
    },
    "https://ofn.gov.cz/attribute/1748350116823-10fe-004a-af9a": {
      "types": [
        "https://ofn.gov.cz/slovník/psm/Attribute"
      ],
      "iri": "https://ofn.gov.cz/attribute/1748350116823-10fe-004a-af9a",
      "dataPsmHumanLabel": null,
      "dataPsmHumanDescription": null,
      "dataPsmTechnicalLabel": "datum",
      "dataPsmInterpretation": "4ee912iphv7m9jxrjjm",
      "dataPsmDatatype": "http://www.w3.org/2001/XMLSchema#date"
    },
    "https://ofn.gov.cz/attribute/1748350120423-1cc1-8325-b309": {
      "types": [
        "https://ofn.gov.cz/slovník/psm/Attribute"
      ],
      "iri": "https://ofn.gov.cz/attribute/1748350120423-1cc1-8325-b309",
      "dataPsmHumanLabel": null,
      "dataPsmHumanDescription": null,
      "dataPsmTechnicalLabel": "je_nespecifikovaný",
      "dataPsmInterpretation": "6fp4bg315jom9jxs2i9",
      "dataPsmDatatype": "http://www.w3.org/2001/XMLSchema#boolean"
    },
    "https://ofn.gov.cz/attribute/1748350120462-ec41-24c6-914b": {
      "types": [
        "https://ofn.gov.cz/slovník/psm/Attribute"
      ],
      "iri": "https://ofn.gov.cz/attribute/1748350120462-ec41-24c6-914b",
      "dataPsmHumanLabel": null,
      "dataPsmHumanDescription": null,
      "dataPsmTechnicalLabel": "datum_a_čas",
      "dataPsmInterpretation": "0fls5k4qesp5m9jxrrl6",
      "dataPsmDatatype": "http://www.w3.org/2001/XMLSchema#dateTimeStamp"
    },
    "https://ofn.gov.cz/attribute/1748350120501-8ce7-d0ed-b5d5": {
      "types": [
        "https://ofn.gov.cz/slovník/psm/Attribute"
      ],
      "iri": "https://ofn.gov.cz/attribute/1748350120501-8ce7-d0ed-b5d5",
      "dataPsmHumanLabel": null,
      "dataPsmHumanDescription": null,
      "dataPsmTechnicalLabel": "datum",
      "dataPsmInterpretation": "4ee912iphv7m9jxrjjm",
      "dataPsmDatatype": "http://www.w3.org/2001/XMLSchema#date"
    },
    "https://ofn.gov.cz/or/1748350134005-6a65-9e45-a5fa": {
      "types": [
        "https://ofn.gov.cz/slovník/psm/Or"
      ],
      "iri": "https://ofn.gov.cz/or/1748350134005-6a65-9e45-a5fa",
      "dataPsmHumanLabel": null,
      "dataPsmHumanDescription": null,
      "dataPsmTechnicalLabel": null,
      "dataPsmInterpretation": null,
      "dataPsmChoices": [
        "https://ofn.gov.cz/class/1748350134046-0555-6eb2-ad14",
        "https://ofn.gov.cz/class/1748350138774-41ea-0b1e-9566",
        "https://ofn.gov.cz/class/1748350094968-b709-ef52-8496"
      ]
    },
    "https://ofn.gov.cz/class/1748350134046-0555-6eb2-ad14": {
      "types": [
        "https://ofn.gov.cz/slovník/psm/Class"
      ],
      "iri": "https://ofn.gov.cz/class/1748350134046-0555-6eb2-ad14",
      "dataPsmHumanLabel": null,
      "dataPsmHumanDescription": null,
      "dataPsmTechnicalLabel": "typ-objektu-práva",
      "dataPsmInterpretation": "oy6u6q2hkzjm9jq3ieg",
      "dataPsmExtends": [],
      "dataPsmParts": [
        "https://ofn.gov.cz/include/1748350134094-2ced-93b4-9d27"
      ],
      "dataPsmIsClosed": null
    },
    "https://ofn.gov.cz/include/1748350134094-2ced-93b4-9d27": {
      "types": [
        "https://ofn.gov.cz/slovník/psm/Include"
      ],
      "iri": "https://ofn.gov.cz/include/1748350134094-2ced-93b4-9d27",
      "dataPsmIncludes": "https://ofn.gov.cz/class/1748350094968-b709-ef52-8496"
    },
    "https://ofn.gov.cz/class/1748350138774-41ea-0b1e-9566": {
      "types": [
        "https://ofn.gov.cz/slovník/psm/Class"
      ],
      "iri": "https://ofn.gov.cz/class/1748350138774-41ea-0b1e-9566",
      "dataPsmHumanLabel": null,
      "dataPsmHumanDescription": null,
      "dataPsmTechnicalLabel": "typ-subjektu-práva",
      "dataPsmInterpretation": "l26s5lks6mam9jq39oa",
      "dataPsmExtends": [],
      "dataPsmParts": [
        "https://ofn.gov.cz/include/1748350138816-e065-f4e0-997b"
      ],
      "dataPsmIsClosed": null
    },
    "https://ofn.gov.cz/include/1748350138816-e065-f4e0-997b": {
      "types": [
        "https://ofn.gov.cz/slovník/psm/Include"
      ],
      "iri": "https://ofn.gov.cz/include/1748350138816-e065-f4e0-997b",
      "dataPsmIncludes": "https://ofn.gov.cz/class/1748350094968-b709-ef52-8496"
    },
    "https://ofn.gov.cz/attribute/1748350184018-6a80-ad43-a58b": {
      "types": [
        "https://ofn.gov.cz/slovník/psm/Attribute"
      ],
      "iri": "https://ofn.gov.cz/attribute/1748350184018-6a80-ad43-a58b",
      "dataPsmHumanLabel": null,
      "dataPsmHumanDescription": null,
      "dataPsmTechnicalLabel": "název",
      "dataPsmInterpretation": "z9q9byb7wjim9ibmksb",
      "dataPsmDatatype": "https://ofn.gov.cz/zdroj/základní-datové-typy/2020-07-01/text"
    }
  }
}