{
  "iri": "28e4766c-d4ae-484e-ac08-b3d3cff30e2a",
  "types": [
    "http://dataspecer.com/resources/v1/psm"
  ],
  "userMetadata": {
    "label": {
      "en": "Concept Scheme",
      "cs": "Rozšířená specifikace typů"
    },
    "description": {
      "en": "Data structure for Concept Scheme. Tezaurus je nejjednodušším typem slovníku.",
      "cs": "Datová struktura pro Tezaurus s Rozšířenou specifikací typů. Tezaurus je nejjednodušším typem slovníku."
    }
  },
  "metadata": {
    "creationDate": "2025-05-27T12:46:16.653Z",
    "modificationDate": "2025-07-22T08:14:00.030Z"
  },
  "_version": 1,
  "_exportVersion": 1,
  "_exportedAt": "2025-07-22T08:30:11.265Z",
  "_exportedBy": "http://localhost:3100"
}