{
  "iri": "815a5011-4023-4b81-a601-3b8c58d91652",
  "types": [
    "http://dataspecer.com/resources/local/semantic-model"
  ],
  "userMetadata": {
    "label": {
      "en": "Slovníky"
    },
    "description": {
      "en": "Semantic model for the vocabulary"
    }
  },
  "metadata": {
    "creationDate": "2025-04-15T09:33:24.766Z",
    "modificationDate": "2025-07-17T14:49:31.320Z"
  },
  "_version": 1,
  "_exportVersion": 1,
  "_exportedAt": "2025-07-17T14:56:52.844Z",
  "_exportedBy": "http://localhost:3100"
}