{
  "operations": [
    {
      "types": [
        "core-operation",
        "https://ofn.gov.cz/slovník/psm/CreateClass"
      ],
      "iri": "https://ofn.gov.cz/operation/1748347892466-7939-1eac-9c7f",
      "parent": null,
      "dataPsmNewIri": null,
      "dataPsmInterpretation": "h31s6hbky1im9ibc54o",
      "dataPsmTechnicalLabel": "tezaurus",
      "dataPsmHumanLabel": null,
      "dataPsmHumanDescription": null,
      "dataPsmExtends": [],
      "dataPsmIsClosed": null
    },
    {
      "types": [
        "core-operation",
        "https://ofn.gov.cz/slovník/psm/SetRoots"
      ],
      "iri": "https://ofn.gov.cz/operation/1748347892512-80dd-5aad-b613",
      "parent": "https://ofn.gov.cz/operation/1748347892466-7939-1eac-9c7f",
      "dataPsmRoots": [
        "https://ofn.gov.cz/class/1748347892466-10c5-7195-9d2f"
      ]
    },
    {
      "types": [
        "core-operation",
        "https://ofn.gov.cz/slovník/psm/SetHumanLabel"
      ],
      "iri": "https://ofn.gov.cz/operation/1748347892556-450e-53d9-8ac5",
      "parent": "https://ofn.gov.cz/operation/1748347892512-80dd-5aad-b613",
      "dataPsmResource": "90937dfe-9d78-4dc9-b71c-de81f1ffa240",
      "dataPsmHumanLabel": {
        "en": "Concept Scheme",
        "cs": "Tezaurus"
      }
    },
    {
      "types": [
        "core-operation",
        "https://ofn.gov.cz/slovník/psm/SetHumanDescription"
      ],
      "iri": "https://ofn.gov.cz/operation/1748347892593-296a-2ad1-8ed7",
      "parent": "https://ofn.gov.cz/operation/1748347892556-450e-53d9-8ac5",
      "dataPsmResource": "90937dfe-9d78-4dc9-b71c-de81f1ffa240",
      "dataPsmHumanDescription": {
        "en": "Data structure for Concept Scheme. Tezaurus je nejjednodušším typem slovníku.",
        "cs": "Datová struktura pro Tezaurus. Tezaurus je nejjednodušším typem slovníku."
      }
    },
    {
      "types": [
        "core-operation",
        "https://ofn.gov.cz/slovník/psm/CreateAttribute"
      ],
      "iri": "https://ofn.gov.cz/operation/1748347898928-bb8e-5111-ae1f",
      "parent": "https://ofn.gov.cz/operation/1748347892593-296a-2ad1-8ed7",
      "dataPsmNewIri": null,
      "dataPsmInterpretation": "18iz808lfd9m9ib6nnk",
      "dataPsmTechnicalLabel": "popis",
      "dataPsmHumanLabel": null,
      "dataPsmHumanDescription": null,
      "dataPsmOwner": "https://ofn.gov.cz/class/1748347892466-10c5-7195-9d2f",
      "dataPsmDatatype": "https://ofn.gov.cz/zdroj/základní-datové-typy/2020-07-01/text"
    },
    {
      "types": [
        "core-operation",
        "https://ofn.gov.cz/slovník/psm/CreateAttribute"
      ],
      "iri": "https://ofn.gov.cz/operation/1748347898965-f2d7-07ba-9ae3",
      "parent": "https://ofn.gov.cz/operation/1748347898928-bb8e-5111-ae1f",
      "dataPsmNewIri": null,
      "dataPsmInterpretation": "2ynzqcmfszmm9ib60al",
      "dataPsmTechnicalLabel": "název",
      "dataPsmHumanLabel": null,
      "dataPsmHumanDescription": null,
      "dataPsmOwner": "https://ofn.gov.cz/class/1748347892466-10c5-7195-9d2f",
      "dataPsmDatatype": "https://ofn.gov.cz/zdroj/základní-datové-typy/2020-07-01/text"
    },
    {
      "types": [
        "core-operation",
        "https://ofn.gov.cz/slovník/psm/CreateClass"
      ],
      "iri": "https://ofn.gov.cz/operation/1748347899001-06b2-16e4-a276",
      "parent": "https://ofn.gov.cz/operation/1748347898965-f2d7-07ba-9ae3",
      "dataPsmNewIri": null,
      "dataPsmInterpretation": "rug4doxs6wfm9jxqxsy",
      "dataPsmTechnicalLabel": "časový-okamžik",
      "dataPsmHumanLabel": null,
      "dataPsmHumanDescription": null,
      "dataPsmExtends": [],
      "dataPsmIsClosed": null
    },
    {
      "types": [
        "core-operation",
        "https://ofn.gov.cz/slovník/psm/CreateAssociationEnd"
      ],
      "iri": "https://ofn.gov.cz/operation/1748347899035-1c91-693d-afe8",
      "parent": "https://ofn.gov.cz/operation/1748347899001-06b2-16e4-a276",
      "dataPsmNewIri": null,
      "dataPsmInterpretation": "jjbalad349m9l9rmka",
      "dataPsmTechnicalLabel": "okamžik-vytvoření",
      "dataPsmHumanLabel": null,
      "dataPsmHumanDescription": null,
      "dataPsmOwner": "https://ofn.gov.cz/class/1748347892466-10c5-7195-9d2f",
      "dataPsmPart": "https://ofn.gov.cz/class/1748347899001-0316-6897-aa63",
      "dataPsmIsReverse": false,
      "dataPsmIsDematerialize": null
    },
    {
      "types": [
        "core-operation",
        "https://ofn.gov.cz/slovník/psm/CreateClass"
      ],
      "iri": "https://ofn.gov.cz/operation/1748347899073-df58-7ca7-a4fc",
      "parent": "https://ofn.gov.cz/operation/1748347899035-1c91-693d-afe8",
      "dataPsmNewIri": null,
      "dataPsmInterpretation": "rug4doxs6wfm9jxqxsy",
      "dataPsmTechnicalLabel": "časový-okamžik",
      "dataPsmHumanLabel": null,
      "dataPsmHumanDescription": null,
      "dataPsmExtends": [],
      "dataPsmIsClosed": null
    },
    {
      "types": [
        "core-operation",
        "https://ofn.gov.cz/slovník/psm/CreateAssociationEnd"
      ],
      "iri": "https://ofn.gov.cz/operation/1748347899107-a932-a261-b20c",
      "parent": "https://ofn.gov.cz/operation/1748347899073-df58-7ca7-a4fc",
      "dataPsmNewIri": null,
      "dataPsmInterpretation": "ngmfpqclzobm9l9relu",
      "dataPsmTechnicalLabel": "okamžik-poslední-změny",
      "dataPsmHumanLabel": null,
      "dataPsmHumanDescription": null,
      "dataPsmOwner": "https://ofn.gov.cz/class/1748347892466-10c5-7195-9d2f",
      "dataPsmPart": "https://ofn.gov.cz/class/1748347899073-92d6-09b9-aa68",
      "dataPsmIsReverse": false,
      "dataPsmIsDematerialize": null
    },
    {
      "types": [
        "core-operation",
        "https://ofn.gov.cz/slovník/psm/SetOrder"
      ],
      "iri": "https://ofn.gov.cz/operation/1748347901405-e84b-f7c0-a7c1",
      "parent": "https://ofn.gov.cz/operation/1748347899107-a932-a261-b20c",
      "dataPsmOwnerClass": "https://ofn.gov.cz/class/1748347892466-10c5-7195-9d2f",
      "dataPsmResourceToMove": "https://ofn.gov.cz/attribute/1748347898965-8322-c48d-9a6b",
      "dataPsmMoveAfter": null
    },
    {
      "types": [
        "core-operation",
        "https://ofn.gov.cz/slovník/psm/SetTechnicalLabel"
      ],
      "iri": "https://ofn.gov.cz/operation/1748347906741-dcf8-b2c2-b030",
      "parent": "https://ofn.gov.cz/operation/1748347901405-e84b-f7c0-a7c1",
      "dataPsmResource": "https://ofn.gov.cz/association/1748347899035-03b9-72a0-be4b",
      "dataPsmTechnicalLabel": "vytvořeno"
    },
    {
      "types": [
        "core-operation",
        "https://ofn.gov.cz/slovník/psm/SetTechnicalLabel"
      ],
      "iri": "https://ofn.gov.cz/operation/1748347912450-38df-a84b-ab4f",
      "parent": "https://ofn.gov.cz/operation/1748347906741-dcf8-b2c2-b030",
      "dataPsmResource": "https://ofn.gov.cz/association/1748347899107-27e2-e493-a8ae",
      "dataPsmTechnicalLabel": "aktualizováno"
    },
    {
      "types": [
        "core-operation",
        "https://ofn.gov.cz/slovník/psm/CreateAttribute"
      ],
      "iri": "https://ofn.gov.cz/operation/1748347918089-bdd5-20a3-bb63",
      "parent": "https://ofn.gov.cz/operation/1748347912450-38df-a84b-ab4f",
      "dataPsmNewIri": null,
      "dataPsmInterpretation": "6fp4bg315jom9jxs2i9",
      "dataPsmTechnicalLabel": "je-nespecifikovaný",
      "dataPsmHumanLabel": null,
      "dataPsmHumanDescription": null,
      "dataPsmOwner": "https://ofn.gov.cz/class/1748347899001-0316-6897-aa63",
      "dataPsmDatatype": "http://www.w3.org/2001/XMLSchema#boolean"
    },
    {
      "types": [
        "core-operation",
        "https://ofn.gov.cz/slovník/psm/CreateAttribute"
      ],
      "iri": "https://ofn.gov.cz/operation/1748347918125-49db-b813-b7dd",
      "parent": "https://ofn.gov.cz/operation/1748347918089-bdd5-20a3-bb63",
      "dataPsmNewIri": null,
      "dataPsmInterpretation": "0fls5k4qesp5m9jxrrl6",
      "dataPsmTechnicalLabel": "datum-a-čas",
      "dataPsmHumanLabel": null,
      "dataPsmHumanDescription": null,
      "dataPsmOwner": "https://ofn.gov.cz/class/1748347899001-0316-6897-aa63",
      "dataPsmDatatype": "http://www.w3.org/2001/XMLSchema#dateTimeStamp"
    },
    {
      "types": [
        "core-operation",
        "https://ofn.gov.cz/slovník/psm/CreateAttribute"
      ],
      "iri": "https://ofn.gov.cz/operation/1748347918161-5408-e604-b245",
      "parent": "https://ofn.gov.cz/operation/1748347918125-49db-b813-b7dd",
      "dataPsmNewIri": null,
      "dataPsmInterpretation": "4ee912iphv7m9jxrjjm",
      "dataPsmTechnicalLabel": "datum",
      "dataPsmHumanLabel": null,
      "dataPsmHumanDescription": null,
      "dataPsmOwner": "https://ofn.gov.cz/class/1748347899001-0316-6897-aa63",
      "dataPsmDatatype": "http://www.w3.org/2001/XMLSchema#date"
    },
    {
      "types": [
        "core-operation",
        "https://ofn.gov.cz/slovník/psm/CreateAttribute"
      ],
      "iri": "https://ofn.gov.cz/operation/1748347921688-6e06-d66b-a296",
      "parent": "https://ofn.gov.cz/operation/1748347918161-5408-e604-b245",
      "dataPsmNewIri": null,
      "dataPsmInterpretation": "6fp4bg315jom9jxs2i9",
      "dataPsmTechnicalLabel": "je-nespecifikovaný",
      "dataPsmHumanLabel": null,
      "dataPsmHumanDescription": null,
      "dataPsmOwner": "https://ofn.gov.cz/class/1748347899073-92d6-09b9-aa68",
      "dataPsmDatatype": "http://www.w3.org/2001/XMLSchema#boolean"
    },
    {
      "types": [
        "core-operation",
        "https://ofn.gov.cz/slovník/psm/CreateAttribute"
      ],
      "iri": "https://ofn.gov.cz/operation/1748347921731-dbe9-5470-aa34",
      "parent": "https://ofn.gov.cz/operation/1748347921688-6e06-d66b-a296",
      "dataPsmNewIri": null,
      "dataPsmInterpretation": "0fls5k4qesp5m9jxrrl6",
      "dataPsmTechnicalLabel": "datum-a-čas",
      "dataPsmHumanLabel": null,
      "dataPsmHumanDescription": null,
      "dataPsmOwner": "https://ofn.gov.cz/class/1748347899073-92d6-09b9-aa68",
      "dataPsmDatatype": "http://www.w3.org/2001/XMLSchema#dateTimeStamp"
    },
    {
      "types": [
        "core-operation",
        "https://ofn.gov.cz/slovník/psm/CreateAttribute"
      ],
      "iri": "https://ofn.gov.cz/operation/1748347921769-b1b0-4552-a2f4",
      "parent": "https://ofn.gov.cz/operation/1748347921731-dbe9-5470-aa34",
      "dataPsmNewIri": null,
      "dataPsmInterpretation": "4ee912iphv7m9jxrjjm",
      "dataPsmTechnicalLabel": "datum",
      "dataPsmHumanLabel": null,
      "dataPsmHumanDescription": null,
      "dataPsmOwner": "https://ofn.gov.cz/class/1748347899073-92d6-09b9-aa68",
      "dataPsmDatatype": "http://www.w3.org/2001/XMLSchema#date"
    },
    {
      "types": [
        "core-operation",
        "https://ofn.gov.cz/slovník/psm/CreateClass"
      ],
      "iri": "https://ofn.gov.cz/operation/1748347934535-cd22-bce3-b1c7",
      "parent": "https://ofn.gov.cz/operation/1748347921769-b1b0-4552-a2f4",
      "dataPsmNewIri": null,
      "dataPsmInterpretation": "102gw4osjd3rm9ibdkxp",
      "dataPsmTechnicalLabel": "pojem",
      "dataPsmHumanLabel": null,
      "dataPsmHumanDescription": null,
      "dataPsmExtends": [],
      "dataPsmIsClosed": null
    },
    {
      "types": [
        "core-operation",
        "https://ofn.gov.cz/slovník/psm/CreateAssociationEnd"
      ],
      "iri": "https://ofn.gov.cz/operation/1748347934571-a893-ebd8-855f",
      "parent": "https://ofn.gov.cz/operation/1748347934535-cd22-bce3-b1c7",
      "dataPsmNewIri": null,
      "dataPsmInterpretation": "pg2qpy5ymmdm9ibfrd6",
      "dataPsmTechnicalLabel": "je-v-tezauru",
      "dataPsmHumanLabel": null,
      "dataPsmHumanDescription": null,
      "dataPsmOwner": "https://ofn.gov.cz/class/1748347892466-10c5-7195-9d2f",
      "dataPsmPart": "https://ofn.gov.cz/class/1748347934535-32a5-f82d-9465",
      "dataPsmIsReverse": true,
      "dataPsmIsDematerialize": null
    },
    {
      "types": [
        "core-operation",
        "https://ofn.gov.cz/slovník/psm/SetTechnicalLabel"
      ],
      "iri": "https://ofn.gov.cz/operation/1748347939607-dd3e-ed09-a0ab",
      "parent": "https://ofn.gov.cz/operation/1748347934571-a893-ebd8-855f",
      "dataPsmResource": "https://ofn.gov.cz/association/1748347934571-79d8-fe06-b330",
      "dataPsmTechnicalLabel": "pojmy"
    },
    {
      "types": [
        "core-operation",
        "https://ofn.gov.cz/slovník/psm/CreateAttribute"
      ],
      "iri": "https://ofn.gov.cz/operation/1748348146519-34e1-3171-a166",
      "parent": "https://ofn.gov.cz/operation/1748347939607-dd3e-ed09-a0ab",
      "dataPsmNewIri": null,
      "dataPsmInterpretation": "z9q9byb7wjim9ibmksb",
      "dataPsmTechnicalLabel": "název",
      "dataPsmHumanLabel": null,
      "dataPsmHumanDescription": null,
      "dataPsmOwner": "https://ofn.gov.cz/class/1748347934535-32a5-f82d-9465",
      "dataPsmDatatype": "https://ofn.gov.cz/zdroj/základní-datové-typy/2020-07-01/text"
    },
    {
      "types": [
        "core-operation",
        "https://ofn.gov.cz/slovník/psm/CreateAttribute"
      ],
      "iri": "https://ofn.gov.cz/operation/1748348146564-8ee7-f305-8694",
      "parent": "https://ofn.gov.cz/operation/1748348146519-34e1-3171-a166",
      "dataPsmNewIri": null,
      "dataPsmInterpretation": "lbvcpjryvzim9ibnir9",
      "dataPsmTechnicalLabel": "popis",
      "dataPsmHumanLabel": null,
      "dataPsmHumanDescription": null,
      "dataPsmOwner": "https://ofn.gov.cz/class/1748347934535-32a5-f82d-9465",
      "dataPsmDatatype": "https://ofn.gov.cz/zdroj/základní-datové-typy/2020-07-01/text"
    },
    {
      "types": [
        "core-operation",
        "https://ofn.gov.cz/slovník/psm/CreateAttribute"
      ],
      "iri": "https://ofn.gov.cz/operation/1748348146606-155d-b496-b561",
      "parent": "https://ofn.gov.cz/operation/1748348146564-8ee7-f305-8694",
      "dataPsmNewIri": null,
      "dataPsmInterpretation": "c54rm58496mm9iboguy",
      "dataPsmTechnicalLabel": "definice",
      "dataPsmHumanLabel": null,
      "dataPsmHumanDescription": null,
      "dataPsmOwner": "https://ofn.gov.cz/class/1748347934535-32a5-f82d-9465",
      "dataPsmDatatype": "https://ofn.gov.cz/zdroj/základní-datové-typy/2020-07-01/text"
    },
    {
      "types": [
        "core-operation",
        "https://ofn.gov.cz/slovník/psm/WrapWithOr"
      ],
      "iri": "https://ofn.gov.cz/operation/1748348151515-84f2-3a36-bc8c",
      "parent": "https://ofn.gov.cz/operation/1748348146606-155d-b496-b561",
      "dataPsmNewIri": null,
      "dataPsmChild": "https://ofn.gov.cz/class/1748347934535-32a5-f82d-9465"
    },
    {
      "types": [
        "core-operation",
        "https://ofn.gov.cz/slovník/psm/CreateClass"
      ],
      "iri": "https://ofn.gov.cz/operation/1748348151571-5938-f026-9a71",
      "parent": "https://ofn.gov.cz/operation/1748348151515-84f2-3a36-bc8c",
      "dataPsmNewIri": null,
      "dataPsmInterpretation": "7t19aduuhzom9id32k0",
      "dataPsmTechnicalLabel": "veřejný-údaj",
      "dataPsmHumanLabel": null,
      "dataPsmHumanDescription": null,
      "dataPsmExtends": [],
      "dataPsmIsClosed": null
    },
    {
      "types": [
        "core-operation",
        "https://ofn.gov.cz/slovník/psm/SetChoice"
      ],
      "iri": "https://ofn.gov.cz/operation/1748348151616-51f4-6d26-8003",
      "parent": "https://ofn.gov.cz/operation/1748348151571-5938-f026-9a71",
      "dataPsmOr": "https://ofn.gov.cz/or/1748348151514-9521-03b0-80ea",
      "dataPsmChoice": "https://ofn.gov.cz/class/1748348151563-e3f7-6d90-9029"
    },
    {
      "types": [
        "core-operation",
        "https://ofn.gov.cz/slovník/psm/CreateInclude"
      ],
      "iri": "https://ofn.gov.cz/operation/1748348151631-73d0-c384-9a24",
      "parent": "https://ofn.gov.cz/operation/1748348151616-51f4-6d26-8003",
      "dataPsmNewIri": null,
      "dataPsmOwner": "https://ofn.gov.cz/class/1748348151563-e3f7-6d90-9029",
      "dataPsmIncludes": "https://ofn.gov.cz/class/1748347934535-32a5-f82d-9465"
    },
    {
      "types": [
        "core-operation",
        "https://ofn.gov.cz/slovník/psm/CreateClass"
      ],
      "iri": "https://ofn.gov.cz/operation/1748348156397-2165-6c1b-ada7",
      "parent": "https://ofn.gov.cz/operation/1748348151631-73d0-c384-9a24",
      "dataPsmNewIri": null,
      "dataPsmInterpretation": "ijnxfkhfcdcm9id3mq1",
      "dataPsmTechnicalLabel": "neveřejný-údaj",
      "dataPsmHumanLabel": null,
      "dataPsmHumanDescription": null,
      "dataPsmExtends": [],
      "dataPsmIsClosed": null
    },
    {
      "types": [
        "core-operation",
        "https://ofn.gov.cz/slovník/psm/SetChoice"
      ],
      "iri": "https://ofn.gov.cz/operation/1748348156441-5a5c-73ab-9f70",
      "parent": "https://ofn.gov.cz/operation/1748348156397-2165-6c1b-ada7",
      "dataPsmOr": "https://ofn.gov.cz/or/1748348151514-9521-03b0-80ea",
      "dataPsmChoice": "https://ofn.gov.cz/class/1748348156397-4941-e851-adf9"
    },
    {
      "types": [
        "core-operation",
        "https://ofn.gov.cz/slovník/psm/CreateInclude"
      ],
      "iri": "https://ofn.gov.cz/operation/1748348156445-f930-eebb-8727",
      "parent": "https://ofn.gov.cz/operation/1748348156441-5a5c-73ab-9f70",
      "dataPsmNewIri": null,
      "dataPsmOwner": "https://ofn.gov.cz/class/1748348156397-4941-e851-adf9",
      "dataPsmIncludes": "https://ofn.gov.cz/class/1748347934535-32a5-f82d-9465"
    },
    {
      "types": [
        "core-operation",
        "https://ofn.gov.cz/slovník/psm/CreateClass"
      ],
      "iri": "https://ofn.gov.cz/operation/1748348162453-13df-f6fb-8b4c",
      "parent": "https://ofn.gov.cz/operation/1748348156445-f930-eebb-8727",
      "dataPsmNewIri": null,
      "dataPsmInterpretation": "kiyu8d9gejqm9ibtb34",
      "dataPsmTechnicalLabel": "ustanovení",
      "dataPsmHumanLabel": null,
      "dataPsmHumanDescription": null,
      "dataPsmExtends": [],
      "dataPsmIsClosed": null
    },
    {
      "types": [
        "core-operation",
        "https://ofn.gov.cz/slovník/psm/CreateAssociationEnd"
      ],
      "iri": "https://ofn.gov.cz/operation/1748348162495-260d-30e3-adf5",
      "parent": "https://ofn.gov.cz/operation/1748348162453-13df-f6fb-8b4c",
      "dataPsmNewIri": null,
      "dataPsmInterpretation": "mc3fzvp0gogm9id60oc",
      "dataPsmTechnicalLabel": "je-vymezen-ustanovení-stanovujícím-jeho-neveřejnost",
      "dataPsmHumanLabel": null,
      "dataPsmHumanDescription": null,
      "dataPsmOwner": "https://ofn.gov.cz/class/1748348156397-4941-e851-adf9",
      "dataPsmPart": "https://ofn.gov.cz/class/1748348162453-00ba-aaf2-8068",
      "dataPsmIsReverse": false,
      "dataPsmIsDematerialize": null
    },
    {
      "types": [
        "core-operation",
        "https://ofn.gov.cz/slovník/psm/SetTechnicalLabel"
      ],
      "iri": "https://ofn.gov.cz/operation/1748348205773-692c-5ba2-8c86",
      "parent": "https://ofn.gov.cz/operation/1748348162495-260d-30e3-adf5",
      "dataPsmResource": "https://ofn.gov.cz/association/1748348162495-030a-aeec-8ac2",
      "dataPsmTechnicalLabel": "ustanovení-dokládající-neveřejnost-údaje"
    },
    {
      "types": [
        "core-operation",
        "https://ofn.gov.cz/slovník/psm/UnsetChoice"
      ],
      "iri": "https://ofn.gov.cz/operation/1748348248781-20d2-410a-a4c4",
      "parent": "https://ofn.gov.cz/operation/1748348205773-692c-5ba2-8c86",
      "dataPsmOr": "https://ofn.gov.cz/or/1748348151514-9521-03b0-80ea",
      "dataPsmChoice": "https://ofn.gov.cz/class/1748347934535-32a5-f82d-9465"
    },
    {
      "types": [
        "core-operation",
        "https://ofn.gov.cz/slovník/psm/CreateClass"
      ],
      "iri": "https://ofn.gov.cz/operation/1748348307178-07b9-6a9f-a6e0",
      "parent": "https://ofn.gov.cz/operation/1748348248781-20d2-410a-a4c4",
      "dataPsmNewIri": null,
      "dataPsmInterpretation": "oy6u6q2hkzjm9jq3ieg",
      "dataPsmTechnicalLabel": "typ-objektu-práva",
      "dataPsmHumanLabel": null,
      "dataPsmHumanDescription": null,
      "dataPsmExtends": [],
      "dataPsmIsClosed": null
    },
    {
      "types": [
        "core-operation",
        "https://ofn.gov.cz/slovník/psm/SetChoice"
      ],
      "iri": "https://ofn.gov.cz/operation/1748348307226-d322-8067-bc36",
      "parent": "https://ofn.gov.cz/operation/1748348307178-07b9-6a9f-a6e0",
      "dataPsmOr": "https://ofn.gov.cz/or/1748348151514-9521-03b0-80ea",
      "dataPsmChoice": "https://ofn.gov.cz/class/1748348307178-fd3f-a942-8c3a"
    },
    {
      "types": [
        "core-operation",
        "https://ofn.gov.cz/slovník/psm/CreateInclude"
      ],
      "iri": "https://ofn.gov.cz/operation/1748348307230-fa68-c695-8a16",
      "parent": "https://ofn.gov.cz/operation/1748348307226-d322-8067-bc36",
      "dataPsmNewIri": null,
      "dataPsmOwner": "https://ofn.gov.cz/class/1748348307178-fd3f-a942-8c3a",
      "dataPsmIncludes": "https://ofn.gov.cz/class/1748347934535-32a5-f82d-9465"
    },
    {
      "types": [
        "core-operation",
        "https://ofn.gov.cz/slovník/psm/CreateClass"
      ],
      "iri": "https://ofn.gov.cz/operation/1748348312563-cf38-11ac-9d68",
      "parent": "https://ofn.gov.cz/operation/1748348307230-fa68-c695-8a16",
      "dataPsmNewIri": null,
      "dataPsmInterpretation": "l26s5lks6mam9jq39oa",
      "dataPsmTechnicalLabel": "typ-subjektu-práva",
      "dataPsmHumanLabel": null,
      "dataPsmHumanDescription": null,
      "dataPsmExtends": [],
      "dataPsmIsClosed": null
    },
    {
      "types": [
        "core-operation",
        "https://ofn.gov.cz/slovník/psm/SetChoice"
      ],
      "iri": "https://ofn.gov.cz/operation/1748348312609-ff51-d44c-b971",
      "parent": "https://ofn.gov.cz/operation/1748348312563-cf38-11ac-9d68",
      "dataPsmOr": "https://ofn.gov.cz/or/1748348151514-9521-03b0-80ea",
      "dataPsmChoice": "https://ofn.gov.cz/class/1748348312562-8fd3-27d9-9348"
    },
    {
      "types": [
        "core-operation",
        "https://ofn.gov.cz/slovník/psm/CreateInclude"
      ],
      "iri": "https://ofn.gov.cz/operation/1748348312613-ccbe-8426-9620",
      "parent": "https://ofn.gov.cz/operation/1748348312609-ff51-d44c-b971",
      "dataPsmNewIri": null,
      "dataPsmOwner": "https://ofn.gov.cz/class/1748348312562-8fd3-27d9-9348",
      "dataPsmIncludes": "https://ofn.gov.cz/class/1748347934535-32a5-f82d-9465"
    },
    {
      "types": [
        "core-operation",
        "https://ofn.gov.cz/slovník/psm/CreateClass"
      ],
      "iri": "https://ofn.gov.cz/operation/1748348323404-afb4-800b-aea1",
      "parent": "https://ofn.gov.cz/operation/1748348312613-ccbe-8426-9620",
      "dataPsmNewIri": null,
      "dataPsmInterpretation": "07lt4var2mgm9jronhj",
      "dataPsmTechnicalLabel": "agendový-informační-systém",
      "dataPsmHumanLabel": null,
      "dataPsmHumanDescription": null,
      "dataPsmExtends": [],
      "dataPsmIsClosed": null
    },
    {
      "types": [
        "core-operation",
        "https://ofn.gov.cz/slovník/psm/CreateAssociationEnd"
      ],
      "iri": "https://ofn.gov.cz/operation/1748348323444-26a3-df82-bd57",
      "parent": "https://ofn.gov.cz/operation/1748348323404-afb4-800b-aea1",
      "dataPsmNewIri": null,
      "dataPsmInterpretation": "8grzoslo1o6m9jrppjq",
      "dataPsmTechnicalLabel": "údaje-jsou-v-ais",
      "dataPsmHumanLabel": null,
      "dataPsmHumanDescription": null,
      "dataPsmOwner": "https://ofn.gov.cz/class/1748348307178-fd3f-a942-8c3a",
      "dataPsmPart": "https://ofn.gov.cz/class/1748348323404-323a-a72e-ad55",
      "dataPsmIsReverse": false,
      "dataPsmIsDematerialize": null
    },
    {
      "types": [
        "core-operation",
        "https://ofn.gov.cz/slovník/psm/CreateClass"
      ],
      "iri": "https://ofn.gov.cz/operation/1748348323492-4492-c4a2-9536",
      "parent": "https://ofn.gov.cz/operation/1748348323444-26a3-df82-bd57",
      "dataPsmNewIri": null,
      "dataPsmInterpretation": "23ia44szha5m9jrouzp",
      "dataPsmTechnicalLabel": "agenda",
      "dataPsmHumanLabel": null,
      "dataPsmHumanDescription": null,
      "dataPsmExtends": [],
      "dataPsmIsClosed": null
    },
    {
      "types": [
        "core-operation",
        "https://ofn.gov.cz/slovník/psm/CreateAssociationEnd"
      ],
      "iri": "https://ofn.gov.cz/operation/1748348323536-34b4-75f6-b25b",
      "parent": "https://ofn.gov.cz/operation/1748348323492-4492-c4a2-9536",
      "dataPsmNewIri": null,
      "dataPsmInterpretation": "tlqfp6kgmvdm9jrqkvw",
      "dataPsmTechnicalLabel": "sdružuje-údaje-vedené-nebo-vytvářené-v-rámci-agendy",
      "dataPsmHumanLabel": null,
      "dataPsmHumanDescription": null,
      "dataPsmOwner": "https://ofn.gov.cz/class/1748348307178-fd3f-a942-8c3a",
      "dataPsmPart": "https://ofn.gov.cz/class/1748348323492-9e59-058d-9fdd",
      "dataPsmIsReverse": false,
      "dataPsmIsDematerialize": null
    },
    {
      "types": [
        "core-operation",
        "https://ofn.gov.cz/slovník/psm/CreateClass"
      ],
      "iri": "https://ofn.gov.cz/operation/1748348328674-e55d-91d4-8314",
      "parent": "https://ofn.gov.cz/operation/1748348323536-34b4-75f6-b25b",
      "dataPsmNewIri": null,
      "dataPsmInterpretation": "23ia44szha5m9jrouzp",
      "dataPsmTechnicalLabel": "agenda",
      "dataPsmHumanLabel": null,
      "dataPsmHumanDescription": null,
      "dataPsmExtends": [],
      "dataPsmIsClosed": null
    },
    {
      "types": [
        "core-operation",
        "https://ofn.gov.cz/slovník/psm/CreateAssociationEnd"
      ],
      "iri": "https://ofn.gov.cz/operation/1748348328714-d997-d822-9642",
      "parent": "https://ofn.gov.cz/operation/1748348328674-e55d-91d4-8314",
      "dataPsmNewIri": null,
      "dataPsmInterpretation": "aqmq10pdp1im9jrquq6",
      "dataPsmTechnicalLabel": "sdružuje-údaje-vedené-nebo-vytvářené-v-rámci-agendy",
      "dataPsmHumanLabel": null,
      "dataPsmHumanDescription": null,
      "dataPsmOwner": "https://ofn.gov.cz/class/1748348312562-8fd3-27d9-9348",
      "dataPsmPart": "https://ofn.gov.cz/class/1748348328674-65e8-c9ef-a8e3",
      "dataPsmIsReverse": false,
      "dataPsmIsDematerialize": null
    },
    {
      "types": [
        "core-operation",
        "https://ofn.gov.cz/slovník/psm/CreateClass"
      ],
      "iri": "https://ofn.gov.cz/operation/1748348328764-b76b-1051-a4ef",
      "parent": "https://ofn.gov.cz/operation/1748348328714-d997-d822-9642",
      "dataPsmNewIri": null,
      "dataPsmInterpretation": "07lt4var2mgm9jronhj",
      "dataPsmTechnicalLabel": "agendový-informační-systém",
      "dataPsmHumanLabel": null,
      "dataPsmHumanDescription": null,
      "dataPsmExtends": [],
      "dataPsmIsClosed": null
    },
    {
      "types": [
        "core-operation",
        "https://ofn.gov.cz/slovník/psm/CreateAssociationEnd"
      ],
      "iri": "https://ofn.gov.cz/operation/1748348328803-8ff7-e92b-8d55",
      "parent": "https://ofn.gov.cz/operation/1748348328764-b76b-1051-a4ef",
      "dataPsmNewIri": null,
      "dataPsmInterpretation": "mx3if2c8zubm9jrpzqn",
      "dataPsmTechnicalLabel": "údaje-jsou-v-ais",
      "dataPsmHumanLabel": null,
      "dataPsmHumanDescription": null,
      "dataPsmOwner": "https://ofn.gov.cz/class/1748348312562-8fd3-27d9-9348",
      "dataPsmPart": "https://ofn.gov.cz/class/1748348328764-9e7c-ec07-98e6",
      "dataPsmIsReverse": false,
      "dataPsmIsDematerialize": null
    },
    {
      "types": [
        "core-operation",
        "https://ofn.gov.cz/slovník/psm/SetTechnicalLabel"
      ],
      "iri": "https://ofn.gov.cz/operation/1748348352420-c71b-09e5-9612",
      "parent": "https://ofn.gov.cz/operation/1748348328803-8ff7-e92b-8d55",
      "dataPsmResource": "https://ofn.gov.cz/association/1748348328803-02c3-fe50-bf85",
      "dataPsmTechnicalLabel": "agendový-informační-systém"
    },
    {
      "types": [
        "core-operation",
        "https://ofn.gov.cz/slovník/psm/SetTechnicalLabel"
      ],
      "iri": "https://ofn.gov.cz/operation/1748348357048-902d-97d7-a7ad",
      "parent": "https://ofn.gov.cz/operation/1748348352420-c71b-09e5-9612",
      "dataPsmResource": "https://ofn.gov.cz/association/1748348323444-566f-6075-9349",
      "dataPsmTechnicalLabel": "agendový-informační-systém"
    },
    {
      "types": [
        "core-operation",
        "https://ofn.gov.cz/slovník/psm/SetTechnicalLabel"
      ],
      "iri": "https://ofn.gov.cz/operation/1748348366468-e1d9-6df5-a8df",
      "parent": "https://ofn.gov.cz/operation/1748348357048-902d-97d7-a7ad",
      "dataPsmResource": "https://ofn.gov.cz/association/1748348323536-1623-ae32-9bb4",
      "dataPsmTechnicalLabel": "agenda"
    },
    {
      "types": [
        "core-operation",
        "https://ofn.gov.cz/slovník/psm/SetTechnicalLabel"
      ],
      "iri": "https://ofn.gov.cz/operation/1748348370188-93c9-8ee1-b960",
      "parent": "https://ofn.gov.cz/operation/1748348366468-e1d9-6df5-a8df",
      "dataPsmResource": "https://ofn.gov.cz/association/1748348328714-99e9-54cb-8ca4",
      "dataPsmTechnicalLabel": "agenda"
    },
    {
      "types": [
        "core-operation",
        "https://ofn.gov.cz/slovník/psm/SetOrder"
      ],
      "iri": "https://ofn.gov.cz/operation/1748348374509-c59e-205b-ba51",
      "parent": "https://ofn.gov.cz/operation/1748348370188-93c9-8ee1-b960",
      "dataPsmOwnerClass": "https://ofn.gov.cz/class/1748348312562-8fd3-27d9-9348",
      "dataPsmResourceToMove": "https://ofn.gov.cz/association/1748348328803-02c3-fe50-bf85",
      "dataPsmMoveAfter": "https://ofn.gov.cz/include/1748348312613-3e4b-83a8-a8c7"
    },
    {
      "types": [
        "core-operation",
        "https://ofn.gov.cz/slovník/psm/SetInstancesHaveIdentity"
      ],
      "iri": "https://ofn.gov.cz/operation/1748348453091-2c0b-606c-9835",
      "parent": "https://ofn.gov.cz/operation/1748348374509-c59e-205b-ba51",
      "dataPsmClass": "https://ofn.gov.cz/class/1748348323492-9e59-058d-9fdd",
      "instancesHaveIdentity": "ALWAYS"
    },
    {
      "types": [
        "core-operation",
        "https://ofn.gov.cz/slovník/psm/SetInstancesHaveIdentity"
      ],
      "iri": "https://ofn.gov.cz/operation/1748348458590-8a88-836a-a5a9",
      "parent": "https://ofn.gov.cz/operation/1748348453091-2c0b-606c-9835",
      "dataPsmClass": "https://ofn.gov.cz/class/1748348323404-323a-a72e-ad55",
      "instancesHaveIdentity": "ALWAYS"
    },
    {
      "types": [
        "core-operation",
        "https://ofn.gov.cz/slovník/psm/SetHumanLabel"
      ],
      "iri": "https://ofn.gov.cz/operation/1748348555655-dd71-cd2a-b1b9",
      "parent": "https://ofn.gov.cz/operation/1748348458590-8a88-836a-a5a9",
      "dataPsmResource": "90937dfe-9d78-4dc9-b71c-de81f1ffa240",
      "dataPsmHumanLabel": {
        "en": "Concept Scheme",
        "cs": "Anotace pro registr práv a povinností"
      }
    },
    {
      "types": [
        "core-operation",
        "https://ofn.gov.cz/slovník/psm/SetHumanDescription"
      ],
      "iri": "https://ofn.gov.cz/operation/1748348555733-683f-4172-89c3",
      "parent": "https://ofn.gov.cz/operation/1748348555655-dd71-cd2a-b1b9",
      "dataPsmResource": "90937dfe-9d78-4dc9-b71c-de81f1ffa240",
      "dataPsmHumanDescription": {
        "en": "Data structure for Concept Scheme. Tezaurus je nejjednodušším typem slovníku.",
        "cs": "Datová struktura pro Tezaurus s Anotacemi pro registr práv a povinností. Tezaurus je nejjednodušším typem slovníku."
      }
    },
    {
      "types": [
        "core-operation",
        "https://ofn.gov.cz/slovník/psm/SetJsonEnforceContext"
      ],
      "iri": "https://ofn.gov.cz/operation/1748348556855-10b7-0f25-975a",
      "parent": "https://ofn.gov.cz/operation/1748348555733-683f-4172-89c3",
      "dataPsmEntity": "90937dfe-9d78-4dc9-b71c-de81f1ffa240",
      "jsonEnforceContext": "no"
    },
    {
      "types": [
        "core-operation",
        "https://ofn.gov.cz/slovník/psm/CreateAttribute"
      ],
      "iri": "https://ofn.gov.cz/operation/1748348848554-ebe5-1ea2-9fa6",
      "parent": "https://ofn.gov.cz/operation/1748348556855-10b7-0f25-975a",
      "dataPsmNewIri": null,
      "dataPsmInterpretation": "gkmm0n4t5cmb6hpy87",
      "dataPsmTechnicalLabel": "je-sdílen-v-propojeném-datovém-fondu",
      "dataPsmHumanLabel": null,
      "dataPsmHumanDescription": null,
      "dataPsmOwner": "https://ofn.gov.cz/class/1748347934535-32a5-f82d-9465",
      "dataPsmDatatype": "http://www.w3.org/2001/XMLSchema#boolean"
    },
    {
      "types": [
        "core-operation",
        "https://ofn.gov.cz/slovník/psm/SetTechnicalLabel"
      ],
      "iri": "https://ofn.gov.cz/operation/1748348870323-6022-182e-b779",
      "parent": "https://ofn.gov.cz/operation/1748348848554-ebe5-1ea2-9fa6",
      "dataPsmResource": "https://ofn.gov.cz/attribute/1748348848554-ad44-668d-a59b",
      "dataPsmTechnicalLabel": "je-sdílen-v-ppdf"
    },
    {
      "types": [
        "core-operation",
        "https://ofn.gov.cz/slovník/psm/SetJsonLdDefinedPrefixes"
      ],
      "iri": "https://ofn.gov.cz/operation/1748348970111-4f88-8a34-b40b",
      "parent": "https://ofn.gov.cz/operation/1748348870323-6022-182e-b779",
      "dataPsmEntity": "90937dfe-9d78-4dc9-b71c-de81f1ffa240",
      "jsonLdDefinedPrefixes": {
        "čas": "https://slovník.gov.cz/generický/čas/pojem/",
        "dcterms": "http://purl.org/dc/terms/",
        "skos": "http://www.w3.org/2004/02/skos/core#"
      }
    },
    {
      "types": [
        "core-operation",
        "https://ofn.gov.cz/slovník/psm/SetJsonLdDefinedTypeMapping"
      ],
      "iri": "https://ofn.gov.cz/operation/1748348970163-9433-de63-8141",
      "parent": "https://ofn.gov.cz/operation/1748348970111-4f88-8a34-b40b",
      "dataPsmEntity": "90937dfe-9d78-4dc9-b71c-de81f1ffa240",
      "jsonLdDefinedTypeMapping": {
        "http://www.w3.org/2004/02/skos/core#Concept": "Koncept",
        "http://www.w3.org/2004/02/skos/core#ConceptScheme": "Tezaurus"
      }
    },
    {
      "types": [
        "core-operation",
        "https://ofn.gov.cz/slovník/psm/SetJsonLdDefinedPrefixes"
      ],
      "iri": "https://ofn.gov.cz/operation/1748349065292-3c5d-ec8c-acaa",
      "parent": "https://ofn.gov.cz/operation/1748348970163-9433-de63-8141",
      "dataPsmEntity": "90937dfe-9d78-4dc9-b71c-de81f1ffa240",
      "jsonLdDefinedPrefixes": {
        "čas": "https://slovník.gov.cz/generický/čas/pojem/",
        "dcterms": "http://purl.org/dc/terms/",
        "skos": "http://www.w3.org/2004/02/skos/core#",
        "slovníky": "https://slovník.gov.cz/generický/datový-slovník-ofn-slovníků/pojem/"
      }
    },
    {
      "types": [
        "core-operation",
        "https://ofn.gov.cz/slovník/psm/SetJsonLdDefinedPrefixes"
      ],
      "iri": "https://ofn.gov.cz/operation/1748349111861-da6f-1067-8bfd",
      "parent": "https://ofn.gov.cz/operation/1748349065292-3c5d-ec8c-acaa",
      "dataPsmEntity": "90937dfe-9d78-4dc9-b71c-de81f1ffa240",
      "jsonLdDefinedPrefixes": {
        "čas": "https://slovník.gov.cz/generický/čas/pojem/",
        "dcterms": "http://purl.org/dc/terms/",
        "skos": "http://www.w3.org/2004/02/skos/core#",
        "slovníky": "https://slovník.gov.cz/generický/datový-slovník-ofn-slovníků/pojem/",
        "a104": "https://slovník.gov.cz/agendový/104/pojem/"
      }
    },
    {
      "types": [
        "core-operation",
        "https://ofn.gov.cz/slovník/psm/SetJsonLdDefinedPrefixes"
      ],
      "iri": "https://ofn.gov.cz/operation/1748349130627-d6c8-9875-b891",
      "parent": "https://ofn.gov.cz/operation/1748349111861-da6f-1067-8bfd",
      "dataPsmEntity": "90937dfe-9d78-4dc9-b71c-de81f1ffa240",
      "jsonLdDefinedPrefixes": {
        "čas": "https://slovník.gov.cz/generický/čas/pojem/",
        "dcterms": "http://purl.org/dc/terms/",
        "skos": "http://www.w3.org/2004/02/skos/core#",
        "slovníky": "https://slovník.gov.cz/generický/datový-slovník-ofn-slovníků/pojem/",
        "a104": "https://slovník.gov.cz/agendový/104/pojem/",
        "111-2009": "https://slovník.gov.cz/legislativní/sbírka/111/2009/pojem/"
      }
    },
    {
      "types": [
        "core-operation",
        "https://ofn.gov.cz/slovník/psm/SetJsonLdDefinedPrefixes"
      ],
      "iri": "https://ofn.gov.cz/operation/1748349147478-7bf0-4398-927b",
      "parent": "https://ofn.gov.cz/operation/1748349130627-d6c8-9875-b891",
      "dataPsmEntity": "90937dfe-9d78-4dc9-b71c-de81f1ffa240",
      "jsonLdDefinedPrefixes": {
        "čas": "https://slovník.gov.cz/generický/čas/pojem/",
        "dcterms": "http://purl.org/dc/terms/",
        "skos": "http://www.w3.org/2004/02/skos/core#",
        "slovníky": "https://slovník.gov.cz/generický/datový-slovník-ofn-slovníků/pojem/",
        "a104": "https://slovník.gov.cz/agendový/104/pojem/",
        "111-2009": "https://slovník.gov.cz/legislativní/sbírka/111/2009/pojem/",
        "vsgov": "https://slovník.gov.cz/veřejný-sektor/pojem/"
      }
    },
    {
      "types": [
        "core-operation",
        "https://ofn.gov.cz/slovník/psm/SetInstancesHaveIdentity"
      ],
      "iri": "https://ofn.gov.cz/operation/1748349513717-1048-d787-ade3",
      "parent": "https://ofn.gov.cz/operation/1748349147478-7bf0-4398-927b",
      "dataPsmClass": "https://ofn.gov.cz/class/1748347899001-0316-6897-aa63",
      "instancesHaveIdentity": "OPTIONAL"
    },
    {
      "types": [
        "core-operation",
        "https://ofn.gov.cz/slovník/psm/SetInstancesHaveIdentity"
      ],
      "iri": "https://ofn.gov.cz/operation/1748349518306-f0eb-e3ce-9a1d",
      "parent": "https://ofn.gov.cz/operation/1748349513717-1048-d787-ade3",
      "dataPsmClass": "https://ofn.gov.cz/class/1748347899073-92d6-09b9-aa68",
      "instancesHaveIdentity": "OPTIONAL"
    },
    {
      "types": [
        "core-operation",
        "https://ofn.gov.cz/slovník/psm/SetJsonEnforceContext"
      ],
      "iri": "https://ofn.gov.cz/operation/1748349525527-ecd9-a7dc-9f3d",
      "parent": "https://ofn.gov.cz/operation/1748349518306-f0eb-e3ce-9a1d",
      "dataPsmEntity": "90937dfe-9d78-4dc9-b71c-de81f1ffa240",
      "jsonEnforceContext": "with-extensions"
    },
    {
      "types": [
        "core-operation",
        "https://ofn.gov.cz/slovník/psm/SetTechnicalLabel"
      ],
      "iri": "https://ofn.gov.cz/operation/1748351584289-45cc-d15b-9731",
      "parent": "https://ofn.gov.cz/operation/1748349525527-ecd9-a7dc-9f3d",
      "dataPsmResource": "https://ofn.gov.cz/attribute/1748347918125-ea1d-3f0e-a43d",
      "dataPsmTechnicalLabel": "datum_a_čas"
    },
    {
      "types": [
        "core-operation",
        "https://ofn.gov.cz/slovník/psm/SetTechnicalLabel"
      ],
      "iri": "https://ofn.gov.cz/operation/1748351589247-34f1-ec63-bba3",
      "parent": "https://ofn.gov.cz/operation/1748351584289-45cc-d15b-9731",
      "dataPsmResource": "https://ofn.gov.cz/attribute/1748347921731-6353-87ed-b082",
      "dataPsmTechnicalLabel": "datum_a_čas"
    },
    {
      "types": [
        "core-operation",
        "https://ofn.gov.cz/slovník/psm/SetTechnicalLabel"
      ],
      "iri": "https://ofn.gov.cz/operation/1748351592922-7b3c-e166-818b",
      "parent": "https://ofn.gov.cz/operation/1748351589247-34f1-ec63-bba3",
      "dataPsmResource": "https://ofn.gov.cz/attribute/1748347921688-6379-a433-9cb7",
      "dataPsmTechnicalLabel": "je_nespecifikovaný"
    },
    {
      "types": [
        "core-operation",
        "https://ofn.gov.cz/slovník/psm/SetTechnicalLabel"
      ],
      "iri": "https://ofn.gov.cz/operation/1748351597714-5967-4739-912c",
      "parent": "https://ofn.gov.cz/operation/1748351592922-7b3c-e166-818b",
      "dataPsmResource": "https://ofn.gov.cz/attribute/1748347918089-b6f3-df73-84db",
      "dataPsmTechnicalLabel": "je_nespecifikovaný"
    },
    {
      "types": [
        "core-operation",
        "https://ofn.gov.cz/slovník/psm/SetIsClosed"
      ],
      "iri": "https://ofn.gov.cz/operation/1748352559626-ff9e-51f2-afac",
      "parent": "https://ofn.gov.cz/operation/1748351597714-5967-4739-912c",
      "dataPsmClass": "https://ofn.gov.cz/class/1748347899001-0316-6897-aa63",
      "dataPsmIsClosed": true
    },
    {
      "types": [
        "core-operation",
        "https://ofn.gov.cz/slovník/psm/SetIsClosed"
      ],
      "iri": "https://ofn.gov.cz/operation/1748352563718-38d6-fab5-85b8",
      "parent": "https://ofn.gov.cz/operation/1748352559626-ff9e-51f2-afac",
      "dataPsmClass": "https://ofn.gov.cz/class/1748347899073-92d6-09b9-aa68",
      "dataPsmIsClosed": true
    },
    {
      "types": [
        "core-operation",
        "https://ofn.gov.cz/slovník/psm/SetTechnicalLabel"
      ],
      "iri": "https://ofn.gov.cz/operation/1752759240436-c49a-82de-a436",
      "parent": "https://ofn.gov.cz/operation/1748352563718-38d6-fab5-85b8",
      "dataPsmResource": "90937dfe-9d78-4dc9-b71c-de81f1ffa240",
      "dataPsmTechnicalLabel": "rpp"
    }
  ],
  "resources": {
    "90937dfe-9d78-4dc9-b71c-de81f1ffa240": {
      "types": [
        "https://ofn.gov.cz/slovník/psm/Schema"
      ],
      "iri": "90937dfe-9d78-4dc9-b71c-de81f1ffa240",
      "dataPsmHumanLabel": {
        "en": "Concept Scheme",
        "cs": "Anotace pro registr práv a povinností"
      },
      "dataPsmHumanDescription": {
        "en": "Data structure for Concept Scheme. Tezaurus je nejjednodušším typem slovníku.",
        "cs": "Datová struktura pro Tezaurus s Anotacemi pro registr práv a povinností. Tezaurus je nejjednodušším typem slovníku."
      },
      "dataPsmTechnicalLabel": "rpp",
      "dataPsmRoots": [
        "https://ofn.gov.cz/class/1748347892466-10c5-7195-9d2f"
      ],
      "dataPsmParts": [
        "https://ofn.gov.cz/class/1748347892466-10c5-7195-9d2f",
        "https://ofn.gov.cz/attribute/1748347898928-f796-1e4f-9e49",
        "https://ofn.gov.cz/attribute/1748347898965-8322-c48d-9a6b",
        "https://ofn.gov.cz/class/1748347899001-0316-6897-aa63",
        "https://ofn.gov.cz/association/1748347899035-03b9-72a0-be4b",
        "https://ofn.gov.cz/class/1748347899073-92d6-09b9-aa68",
        "https://ofn.gov.cz/association/1748347899107-27e2-e493-a8ae",
        "https://ofn.gov.cz/attribute/1748347918089-b6f3-df73-84db",
        "https://ofn.gov.cz/attribute/1748347918125-ea1d-3f0e-a43d",
        "https://ofn.gov.cz/attribute/1748347918161-e753-13dd-b3b7",
        "https://ofn.gov.cz/attribute/1748347921688-6379-a433-9cb7",
        "https://ofn.gov.cz/attribute/1748347921731-6353-87ed-b082",
        "https://ofn.gov.cz/attribute/1748347921769-5e61-e511-8df6",
        "https://ofn.gov.cz/class/1748347934535-32a5-f82d-9465",
        "https://ofn.gov.cz/association/1748347934571-79d8-fe06-b330",
        "https://ofn.gov.cz/attribute/1748348146518-7679-da7e-93ff",
        "https://ofn.gov.cz/attribute/1748348146564-cd92-d40b-8854",
        "https://ofn.gov.cz/attribute/1748348146606-0fa1-7e3d-8344",
        "https://ofn.gov.cz/or/1748348151514-9521-03b0-80ea",
        "https://ofn.gov.cz/class/1748348151563-e3f7-6d90-9029",
        "https://ofn.gov.cz/include/1748348151631-c196-beaa-89bf",
        "https://ofn.gov.cz/class/1748348156397-4941-e851-adf9",
        "https://ofn.gov.cz/include/1748348156445-ef0d-f12a-b1f0",
        "https://ofn.gov.cz/class/1748348162453-00ba-aaf2-8068",
        "https://ofn.gov.cz/association/1748348162495-030a-aeec-8ac2",
        "https://ofn.gov.cz/class/1748348307178-fd3f-a942-8c3a",
        "https://ofn.gov.cz/include/1748348307230-c937-b39f-86b6",
        "https://ofn.gov.cz/class/1748348312562-8fd3-27d9-9348",
        "https://ofn.gov.cz/include/1748348312613-3e4b-83a8-a8c7",
        "https://ofn.gov.cz/class/1748348323404-323a-a72e-ad55",
        "https://ofn.gov.cz/association/1748348323444-566f-6075-9349",
        "https://ofn.gov.cz/class/1748348323492-9e59-058d-9fdd",
        "https://ofn.gov.cz/association/1748348323536-1623-ae32-9bb4",
        "https://ofn.gov.cz/class/1748348328674-65e8-c9ef-a8e3",
        "https://ofn.gov.cz/association/1748348328714-99e9-54cb-8ca4",
        "https://ofn.gov.cz/class/1748348328764-9e7c-ec07-98e6",
        "https://ofn.gov.cz/association/1748348328803-02c3-fe50-bf85",
        "https://ofn.gov.cz/attribute/1748348848554-ad44-668d-a59b"
      ],
      "jsonEnforceContext": "with-extensions",
      "jsonLdDefinedPrefixes": {
        "čas": "https://slovník.gov.cz/generický/čas/pojem/",
        "dcterms": "http://purl.org/dc/terms/",
        "skos": "http://www.w3.org/2004/02/skos/core#",
        "slovníky": "https://slovník.gov.cz/generický/datový-slovník-ofn-slovníků/pojem/",
        "a104": "https://slovník.gov.cz/agendový/104/pojem/",
        "111-2009": "https://slovník.gov.cz/legislativní/sbírka/111/2009/pojem/",
        "vsgov": "https://slovník.gov.cz/veřejný-sektor/pojem/"
      },
      "jsonLdDefinedTypeMapping": {
        "http://www.w3.org/2004/02/skos/core#Concept": "Koncept",
        "http://www.w3.org/2004/02/skos/core#ConceptScheme": "Tezaurus"
      }
    },
    "https://ofn.gov.cz/class/1748347892466-10c5-7195-9d2f": {
      "types": [
        "https://ofn.gov.cz/slovník/psm/Class"
      ],
      "iri": "https://ofn.gov.cz/class/1748347892466-10c5-7195-9d2f",
      "dataPsmHumanLabel": null,
      "dataPsmHumanDescription": null,
      "dataPsmTechnicalLabel": "tezaurus",
      "dataPsmInterpretation": "h31s6hbky1im9ibc54o",
      "dataPsmExtends": [],
      "dataPsmParts": [
        "https://ofn.gov.cz/attribute/1748347898965-8322-c48d-9a6b",
        "https://ofn.gov.cz/attribute/1748347898928-f796-1e4f-9e49",
        "https://ofn.gov.cz/association/1748347899035-03b9-72a0-be4b",
        "https://ofn.gov.cz/association/1748347899107-27e2-e493-a8ae",
        "https://ofn.gov.cz/association/1748347934571-79d8-fe06-b330"
      ],
      "dataPsmIsClosed": null
    },
    "https://ofn.gov.cz/attribute/1748347898928-f796-1e4f-9e49": {
      "types": [
        "https://ofn.gov.cz/slovník/psm/Attribute"
      ],
      "iri": "https://ofn.gov.cz/attribute/1748347898928-f796-1e4f-9e49",
      "dataPsmHumanLabel": null,
      "dataPsmHumanDescription": null,
      "dataPsmTechnicalLabel": "popis",
      "dataPsmInterpretation": "18iz808lfd9m9ib6nnk",
      "dataPsmDatatype": "https://ofn.gov.cz/zdroj/základní-datové-typy/2020-07-01/text"
    },
    "https://ofn.gov.cz/attribute/1748347898965-8322-c48d-9a6b": {
      "types": [
        "https://ofn.gov.cz/slovník/psm/Attribute"
      ],
      "iri": "https://ofn.gov.cz/attribute/1748347898965-8322-c48d-9a6b",
      "dataPsmHumanLabel": null,
      "dataPsmHumanDescription": null,
      "dataPsmTechnicalLabel": "název",
      "dataPsmInterpretation": "2ynzqcmfszmm9ib60al",
      "dataPsmDatatype": "https://ofn.gov.cz/zdroj/základní-datové-typy/2020-07-01/text"
    },
    "https://ofn.gov.cz/class/1748347899001-0316-6897-aa63": {
      "types": [
        "https://ofn.gov.cz/slovník/psm/Class"
      ],
      "iri": "https://ofn.gov.cz/class/1748347899001-0316-6897-aa63",
      "dataPsmHumanLabel": null,
      "dataPsmHumanDescription": null,
      "dataPsmTechnicalLabel": "časový-okamžik",
      "dataPsmInterpretation": "rug4doxs6wfm9jxqxsy",
      "dataPsmExtends": [],
      "dataPsmParts": [
        "https://ofn.gov.cz/attribute/1748347918089-b6f3-df73-84db",
        "https://ofn.gov.cz/attribute/1748347918125-ea1d-3f0e-a43d",
        "https://ofn.gov.cz/attribute/1748347918161-e753-13dd-b3b7"
      ],
      "dataPsmIsClosed": true,
      "instancesHaveIdentity": "OPTIONAL"
    },
    "https://ofn.gov.cz/association/1748347899035-03b9-72a0-be4b": {
      "types": [
        "https://ofn.gov.cz/slovník/psm/AssociationEnd"
      ],
      "iri": "https://ofn.gov.cz/association/1748347899035-03b9-72a0-be4b",
      "dataPsmHumanLabel": null,
      "dataPsmHumanDescription": null,
      "dataPsmTechnicalLabel": "vytvořeno",
      "dataPsmInterpretation": "jjbalad349m9l9rmka",
      "dataPsmPart": "https://ofn.gov.cz/class/1748347899001-0316-6897-aa63",
      "dataPsmIsReverse": false,
      "dataPsmIsDematerialize": null
    },
    "https://ofn.gov.cz/class/1748347899073-92d6-09b9-aa68": {
      "types": [
        "https://ofn.gov.cz/slovník/psm/Class"
      ],
      "iri": "https://ofn.gov.cz/class/1748347899073-92d6-09b9-aa68",
      "dataPsmHumanLabel": null,
      "dataPsmHumanDescription": null,
      "dataPsmTechnicalLabel": "časový-okamžik",
      "dataPsmInterpretation": "rug4doxs6wfm9jxqxsy",
      "dataPsmExtends": [],
      "dataPsmParts": [
        "https://ofn.gov.cz/attribute/1748347921688-6379-a433-9cb7",
        "https://ofn.gov.cz/attribute/1748347921731-6353-87ed-b082",
        "https://ofn.gov.cz/attribute/1748347921769-5e61-e511-8df6"
      ],
      "dataPsmIsClosed": true,
      "instancesHaveIdentity": "OPTIONAL"
    },
    "https://ofn.gov.cz/association/1748347899107-27e2-e493-a8ae": {
      "types": [
        "https://ofn.gov.cz/slovník/psm/AssociationEnd"
      ],
      "iri": "https://ofn.gov.cz/association/1748347899107-27e2-e493-a8ae",
      "dataPsmHumanLabel": null,
      "dataPsmHumanDescription": null,
      "dataPsmTechnicalLabel": "aktualizováno",
      "dataPsmInterpretation": "ngmfpqclzobm9l9relu",
      "dataPsmPart": "https://ofn.gov.cz/class/1748347899073-92d6-09b9-aa68",
      "dataPsmIsReverse": false,
      "dataPsmIsDematerialize": null
    },
    "https://ofn.gov.cz/attribute/1748347918089-b6f3-df73-84db": {
      "types": [
        "https://ofn.gov.cz/slovník/psm/Attribute"
      ],
      "iri": "https://ofn.gov.cz/attribute/1748347918089-b6f3-df73-84db",
      "dataPsmHumanLabel": null,
      "dataPsmHumanDescription": null,
      "dataPsmTechnicalLabel": "je_nespecifikovaný",
      "dataPsmInterpretation": "6fp4bg315jom9jxs2i9",
      "dataPsmDatatype": "http://www.w3.org/2001/XMLSchema#boolean"
    },
    "https://ofn.gov.cz/attribute/1748347918125-ea1d-3f0e-a43d": {
      "types": [
        "https://ofn.gov.cz/slovník/psm/Attribute"
      ],
      "iri": "https://ofn.gov.cz/attribute/1748347918125-ea1d-3f0e-a43d",
      "dataPsmHumanLabel": null,
      "dataPsmHumanDescription": null,
      "dataPsmTechnicalLabel": "datum_a_čas",
      "dataPsmInterpretation": "0fls5k4qesp5m9jxrrl6",
      "dataPsmDatatype": "http://www.w3.org/2001/XMLSchema#dateTimeStamp"
    },
    "https://ofn.gov.cz/attribute/1748347918161-e753-13dd-b3b7": {
      "types": [
        "https://ofn.gov.cz/slovník/psm/Attribute"
      ],
      "iri": "https://ofn.gov.cz/attribute/1748347918161-e753-13dd-b3b7",
      "dataPsmHumanLabel": null,
      "dataPsmHumanDescription": null,
      "dataPsmTechnicalLabel": "datum",
      "dataPsmInterpretation": "4ee912iphv7m9jxrjjm",
      "dataPsmDatatype": "http://www.w3.org/2001/XMLSchema#date"
    },
    "https://ofn.gov.cz/attribute/1748347921688-6379-a433-9cb7": {
      "types": [
        "https://ofn.gov.cz/slovník/psm/Attribute"
      ],
      "iri": "https://ofn.gov.cz/attribute/1748347921688-6379-a433-9cb7",
      "dataPsmHumanLabel": null,
      "dataPsmHumanDescription": null,
      "dataPsmTechnicalLabel": "je_nespecifikovaný",
      "dataPsmInterpretation": "6fp4bg315jom9jxs2i9",
      "dataPsmDatatype": "http://www.w3.org/2001/XMLSchema#boolean"
    },
    "https://ofn.gov.cz/attribute/1748347921731-6353-87ed-b082": {
      "types": [
        "https://ofn.gov.cz/slovník/psm/Attribute"
      ],
      "iri": "https://ofn.gov.cz/attribute/1748347921731-6353-87ed-b082",
      "dataPsmHumanLabel": null,
      "dataPsmHumanDescription": null,
      "dataPsmTechnicalLabel": "datum_a_čas",
      "dataPsmInterpretation": "0fls5k4qesp5m9jxrrl6",
      "dataPsmDatatype": "http://www.w3.org/2001/XMLSchema#dateTimeStamp"
    },
    "https://ofn.gov.cz/attribute/1748347921769-5e61-e511-8df6": {
      "types": [
        "https://ofn.gov.cz/slovník/psm/Attribute"
      ],
      "iri": "https://ofn.gov.cz/attribute/1748347921769-5e61-e511-8df6",
      "dataPsmHumanLabel": null,
      "dataPsmHumanDescription": null,
      "dataPsmTechnicalLabel": "datum",
      "dataPsmInterpretation": "4ee912iphv7m9jxrjjm",
      "dataPsmDatatype": "http://www.w3.org/2001/XMLSchema#date"
    },
    "https://ofn.gov.cz/class/1748347934535-32a5-f82d-9465": {
      "types": [
        "https://ofn.gov.cz/slovník/psm/Class"
      ],
      "iri": "https://ofn.gov.cz/class/1748347934535-32a5-f82d-9465",
      "dataPsmHumanLabel": null,
      "dataPsmHumanDescription": null,
      "dataPsmTechnicalLabel": "pojem",
      "dataPsmInterpretation": "102gw4osjd3rm9ibdkxp",
      "dataPsmExtends": [],
      "dataPsmParts": [
        "https://ofn.gov.cz/attribute/1748348146518-7679-da7e-93ff",
        "https://ofn.gov.cz/attribute/1748348146564-cd92-d40b-8854",
        "https://ofn.gov.cz/attribute/1748348146606-0fa1-7e3d-8344",
        "https://ofn.gov.cz/attribute/1748348848554-ad44-668d-a59b"
      ],
      "dataPsmIsClosed": null
    },
    "https://ofn.gov.cz/association/1748347934571-79d8-fe06-b330": {
      "types": [
        "https://ofn.gov.cz/slovník/psm/AssociationEnd"
      ],
      "iri": "https://ofn.gov.cz/association/1748347934571-79d8-fe06-b330",
      "dataPsmHumanLabel": null,
      "dataPsmHumanDescription": null,
      "dataPsmTechnicalLabel": "pojmy",
      "dataPsmInterpretation": "pg2qpy5ymmdm9ibfrd6",
      "dataPsmPart": "https://ofn.gov.cz/or/1748348151514-9521-03b0-80ea",
      "dataPsmIsReverse": true,
      "dataPsmIsDematerialize": null
    },
    "https://ofn.gov.cz/attribute/1748348146518-7679-da7e-93ff": {
      "types": [
        "https://ofn.gov.cz/slovník/psm/Attribute"
      ],
      "iri": "https://ofn.gov.cz/attribute/1748348146518-7679-da7e-93ff",
      "dataPsmHumanLabel": null,
      "dataPsmHumanDescription": null,
      "dataPsmTechnicalLabel": "název",
      "dataPsmInterpretation": "z9q9byb7wjim9ibmksb",
      "dataPsmDatatype": "https://ofn.gov.cz/zdroj/základní-datové-typy/2020-07-01/text"
    },
    "https://ofn.gov.cz/attribute/1748348146564-cd92-d40b-8854": {
      "types": [
        "https://ofn.gov.cz/slovník/psm/Attribute"
      ],
      "iri": "https://ofn.gov.cz/attribute/1748348146564-cd92-d40b-8854",
      "dataPsmHumanLabel": null,
      "dataPsmHumanDescription": null,
      "dataPsmTechnicalLabel": "popis",
      "dataPsmInterpretation": "lbvcpjryvzim9ibnir9",
      "dataPsmDatatype": "https://ofn.gov.cz/zdroj/základní-datové-typy/2020-07-01/text"
    },
    "https://ofn.gov.cz/attribute/1748348146606-0fa1-7e3d-8344": {
      "types": [
        "https://ofn.gov.cz/slovník/psm/Attribute"
      ],
      "iri": "https://ofn.gov.cz/attribute/1748348146606-0fa1-7e3d-8344",
      "dataPsmHumanLabel": null,
      "dataPsmHumanDescription": null,
      "dataPsmTechnicalLabel": "definice",
      "dataPsmInterpretation": "c54rm58496mm9iboguy",
      "dataPsmDatatype": "https://ofn.gov.cz/zdroj/základní-datové-typy/2020-07-01/text"
    },
    "https://ofn.gov.cz/or/1748348151514-9521-03b0-80ea": {
      "types": [
        "https://ofn.gov.cz/slovník/psm/Or"
      ],
      "iri": "https://ofn.gov.cz/or/1748348151514-9521-03b0-80ea",
      "dataPsmHumanLabel": null,
      "dataPsmHumanDescription": null,
      "dataPsmTechnicalLabel": null,
      "dataPsmInterpretation": null,
      "dataPsmChoices": [
        "https://ofn.gov.cz/class/1748348151563-e3f7-6d90-9029",
        "https://ofn.gov.cz/class/1748348156397-4941-e851-adf9",
        "https://ofn.gov.cz/class/1748348307178-fd3f-a942-8c3a",
        "https://ofn.gov.cz/class/1748348312562-8fd3-27d9-9348"
      ]
    },
    "https://ofn.gov.cz/class/1748348151563-e3f7-6d90-9029": {
      "types": [
        "https://ofn.gov.cz/slovník/psm/Class"
      ],
      "iri": "https://ofn.gov.cz/class/1748348151563-e3f7-6d90-9029",
      "dataPsmHumanLabel": null,
      "dataPsmHumanDescription": null,
      "dataPsmTechnicalLabel": "veřejný-údaj",
      "dataPsmInterpretation": "7t19aduuhzom9id32k0",
      "dataPsmExtends": [],
      "dataPsmParts": [
        "https://ofn.gov.cz/include/1748348151631-c196-beaa-89bf"
      ],
      "dataPsmIsClosed": null
    },
    "https://ofn.gov.cz/include/1748348151631-c196-beaa-89bf": {
      "types": [
        "https://ofn.gov.cz/slovník/psm/Include"
      ],
      "iri": "https://ofn.gov.cz/include/1748348151631-c196-beaa-89bf",
      "dataPsmIncludes": "https://ofn.gov.cz/class/1748347934535-32a5-f82d-9465"
    },
    "https://ofn.gov.cz/class/1748348156397-4941-e851-adf9": {
      "types": [
        "https://ofn.gov.cz/slovník/psm/Class"
      ],
      "iri": "https://ofn.gov.cz/class/1748348156397-4941-e851-adf9",
      "dataPsmHumanLabel": null,
      "dataPsmHumanDescription": null,
      "dataPsmTechnicalLabel": "neveřejný-údaj",
      "dataPsmInterpretation": "ijnxfkhfcdcm9id3mq1",
      "dataPsmExtends": [],
      "dataPsmParts": [
        "https://ofn.gov.cz/include/1748348156445-ef0d-f12a-b1f0",
        "https://ofn.gov.cz/association/1748348162495-030a-aeec-8ac2"
      ],
      "dataPsmIsClosed": null
    },
    "https://ofn.gov.cz/include/1748348156445-ef0d-f12a-b1f0": {
      "types": [
        "https://ofn.gov.cz/slovník/psm/Include"
      ],
      "iri": "https://ofn.gov.cz/include/1748348156445-ef0d-f12a-b1f0",
      "dataPsmIncludes": "https://ofn.gov.cz/class/1748347934535-32a5-f82d-9465"
    },
    "https://ofn.gov.cz/class/1748348162453-00ba-aaf2-8068": {
      "types": [
        "https://ofn.gov.cz/slovník/psm/Class"
      ],
      "iri": "https://ofn.gov.cz/class/1748348162453-00ba-aaf2-8068",
      "dataPsmHumanLabel": null,
      "dataPsmHumanDescription": null,
      "dataPsmTechnicalLabel": "ustanovení",
      "dataPsmInterpretation": "kiyu8d9gejqm9ibtb34",
      "dataPsmExtends": [],
      "dataPsmParts": [],
      "dataPsmIsClosed": null
    },
    "https://ofn.gov.cz/association/1748348162495-030a-aeec-8ac2": {
      "types": [
        "https://ofn.gov.cz/slovník/psm/AssociationEnd"
      ],
      "iri": "https://ofn.gov.cz/association/1748348162495-030a-aeec-8ac2",
      "dataPsmHumanLabel": null,
      "dataPsmHumanDescription": null,
      "dataPsmTechnicalLabel": "ustanovení-dokládající-neveřejnost-údaje",
      "dataPsmInterpretation": "mc3fzvp0gogm9id60oc",
      "dataPsmPart": "https://ofn.gov.cz/class/1748348162453-00ba-aaf2-8068",
      "dataPsmIsReverse": false,
      "dataPsmIsDematerialize": null
    },
    "https://ofn.gov.cz/class/1748348307178-fd3f-a942-8c3a": {
      "types": [
        "https://ofn.gov.cz/slovník/psm/Class"
      ],
      "iri": "https://ofn.gov.cz/class/1748348307178-fd3f-a942-8c3a",
      "dataPsmHumanLabel": null,
      "dataPsmHumanDescription": null,
      "dataPsmTechnicalLabel": "typ-objektu-práva",
      "dataPsmInterpretation": "oy6u6q2hkzjm9jq3ieg",
      "dataPsmExtends": [],
      "dataPsmParts": [
        "https://ofn.gov.cz/include/1748348307230-c937-b39f-86b6",
        "https://ofn.gov.cz/association/1748348323444-566f-6075-9349",
        "https://ofn.gov.cz/association/1748348323536-1623-ae32-9bb4"
      ],
      "dataPsmIsClosed": null
    },
    "https://ofn.gov.cz/include/1748348307230-c937-b39f-86b6": {
      "types": [
        "https://ofn.gov.cz/slovník/psm/Include"
      ],
      "iri": "https://ofn.gov.cz/include/1748348307230-c937-b39f-86b6",
      "dataPsmIncludes": "https://ofn.gov.cz/class/1748347934535-32a5-f82d-9465"
    },
    "https://ofn.gov.cz/class/1748348312562-8fd3-27d9-9348": {
      "types": [
        "https://ofn.gov.cz/slovník/psm/Class"
      ],
      "iri": "https://ofn.gov.cz/class/1748348312562-8fd3-27d9-9348",
      "dataPsmHumanLabel": null,
      "dataPsmHumanDescription": null,
      "dataPsmTechnicalLabel": "typ-subjektu-práva",
      "dataPsmInterpretation": "l26s5lks6mam9jq39oa",
      "dataPsmExtends": [],
      "dataPsmParts": [
        "https://ofn.gov.cz/include/1748348312613-3e4b-83a8-a8c7",
        "https://ofn.gov.cz/association/1748348328803-02c3-fe50-bf85",
        "https://ofn.gov.cz/association/1748348328714-99e9-54cb-8ca4"
      ],
      "dataPsmIsClosed": null
    },
    "https://ofn.gov.cz/include/1748348312613-3e4b-83a8-a8c7": {
      "types": [
        "https://ofn.gov.cz/slovník/psm/Include"
      ],
      "iri": "https://ofn.gov.cz/include/1748348312613-3e4b-83a8-a8c7",
      "dataPsmIncludes": "https://ofn.gov.cz/class/1748347934535-32a5-f82d-9465"
    },
    "https://ofn.gov.cz/class/1748348323404-323a-a72e-ad55": {
      "types": [
        "https://ofn.gov.cz/slovník/psm/Class"
      ],
      "iri": "https://ofn.gov.cz/class/1748348323404-323a-a72e-ad55",
      "dataPsmHumanLabel": null,
      "dataPsmHumanDescription": null,
      "dataPsmTechnicalLabel": "agendový-informační-systém",
      "dataPsmInterpretation": "07lt4var2mgm9jronhj",
      "dataPsmExtends": [],
      "dataPsmParts": [],
      "dataPsmIsClosed": null,
      "instancesHaveIdentity": "ALWAYS"
    },
    "https://ofn.gov.cz/association/1748348323444-566f-6075-9349": {
      "types": [
        "https://ofn.gov.cz/slovník/psm/AssociationEnd"
      ],
      "iri": "https://ofn.gov.cz/association/1748348323444-566f-6075-9349",
      "dataPsmHumanLabel": null,
      "dataPsmHumanDescription": null,
      "dataPsmTechnicalLabel": "agendový-informační-systém",
      "dataPsmInterpretation": "8grzoslo1o6m9jrppjq",
      "dataPsmPart": "https://ofn.gov.cz/class/1748348323404-323a-a72e-ad55",
      "dataPsmIsReverse": false,
      "dataPsmIsDematerialize": null
    },
    "https://ofn.gov.cz/class/1748348323492-9e59-058d-9fdd": {
      "types": [
        "https://ofn.gov.cz/slovník/psm/Class"
      ],
      "iri": "https://ofn.gov.cz/class/1748348323492-9e59-058d-9fdd",
      "dataPsmHumanLabel": null,
      "dataPsmHumanDescription": null,
      "dataPsmTechnicalLabel": "agenda",
      "dataPsmInterpretation": "23ia44szha5m9jrouzp",
      "dataPsmExtends": [],
      "dataPsmParts": [],
      "dataPsmIsClosed": null,
      "instancesHaveIdentity": "ALWAYS"
    },
    "https://ofn.gov.cz/association/1748348323536-1623-ae32-9bb4": {
      "types": [
        "https://ofn.gov.cz/slovník/psm/AssociationEnd"
      ],
      "iri": "https://ofn.gov.cz/association/1748348323536-1623-ae32-9bb4",
      "dataPsmHumanLabel": null,
      "dataPsmHumanDescription": null,
      "dataPsmTechnicalLabel": "agenda",
      "dataPsmInterpretation": "tlqfp6kgmvdm9jrqkvw",
      "dataPsmPart": "https://ofn.gov.cz/class/1748348323492-9e59-058d-9fdd",
      "dataPsmIsReverse": false,
      "dataPsmIsDematerialize": null
    },
    "https://ofn.gov.cz/class/1748348328674-65e8-c9ef-a8e3": {
      "types": [
        "https://ofn.gov.cz/slovník/psm/Class"
      ],
      "iri": "https://ofn.gov.cz/class/1748348328674-65e8-c9ef-a8e3",
      "dataPsmHumanLabel": null,
      "dataPsmHumanDescription": null,
      "dataPsmTechnicalLabel": "agenda",
      "dataPsmInterpretation": "23ia44szha5m9jrouzp",
      "dataPsmExtends": [],
      "dataPsmParts": [],
      "dataPsmIsClosed": null
    },
    "https://ofn.gov.cz/association/1748348328714-99e9-54cb-8ca4": {
      "types": [
        "https://ofn.gov.cz/slovník/psm/AssociationEnd"
      ],
      "iri": "https://ofn.gov.cz/association/1748348328714-99e9-54cb-8ca4",
      "dataPsmHumanLabel": null,
      "dataPsmHumanDescription": null,
      "dataPsmTechnicalLabel": "agenda",
      "dataPsmInterpretation": "aqmq10pdp1im9jrquq6",
      "dataPsmPart": "https://ofn.gov.cz/class/1748348328674-65e8-c9ef-a8e3",
      "dataPsmIsReverse": false,
      "dataPsmIsDematerialize": null
    },
    "https://ofn.gov.cz/class/1748348328764-9e7c-ec07-98e6": {
      "types": [
        "https://ofn.gov.cz/slovník/psm/Class"
      ],
      "iri": "https://ofn.gov.cz/class/1748348328764-9e7c-ec07-98e6",
      "dataPsmHumanLabel": null,
      "dataPsmHumanDescription": null,
      "dataPsmTechnicalLabel": "agendový-informační-systém",
      "dataPsmInterpretation": "07lt4var2mgm9jronhj",
      "dataPsmExtends": [],
      "dataPsmParts": [],
      "dataPsmIsClosed": null
    },
    "https://ofn.gov.cz/association/1748348328803-02c3-fe50-bf85": {
      "types": [
        "https://ofn.gov.cz/slovník/psm/AssociationEnd"
      ],
      "iri": "https://ofn.gov.cz/association/1748348328803-02c3-fe50-bf85",
      "dataPsmHumanLabel": null,
      "dataPsmHumanDescription": null,
      "dataPsmTechnicalLabel": "agendový-informační-systém",
      "dataPsmInterpretation": "mx3if2c8zubm9jrpzqn",
      "dataPsmPart": "https://ofn.gov.cz/class/1748348328764-9e7c-ec07-98e6",
      "dataPsmIsReverse": false,
      "dataPsmIsDematerialize": null
    },
    "https://ofn.gov.cz/attribute/1748348848554-ad44-668d-a59b": {
      "types": [
        "https://ofn.gov.cz/slovník/psm/Attribute"
      ],
      "iri": "https://ofn.gov.cz/attribute/1748348848554-ad44-668d-a59b",
      "dataPsmHumanLabel": null,
      "dataPsmHumanDescription": null,
      "dataPsmTechnicalLabel": "je-sdílen-v-ppdf",
      "dataPsmInterpretation": "gkmm0n4t5cmb6hpy87",
      "dataPsmDatatype": "http://www.w3.org/2001/XMLSchema#boolean"
    }
  }
}