{
  "iri": "90937dfe-9d78-4dc9-b71c-de81f1ffa240",
  "types": [
    "http://dataspecer.com/resources/v1/psm"
  ],
  "userMetadata": {
    "label": {
      "en": "Concept Scheme",
      "cs": "Anotace pro registr práv a povinností"
    },
    "description": {
      "en": "Data structure for Concept Scheme. Tezaurus je nejjednodušším typem slovníku.",
      "cs": "Datová struktura pro Tezaurus s Anotacemi pro registr práv a povinností. Tezaurus je nejjednodušším typem slovníku."
    }
  },
  "metadata": {
    "creationDate": "2025-05-27T12:10:58.297Z",
    "modificationDate": "2025-07-22T08:14:00.014Z"
  },
  "_version": 1,
  "_exportVersion": 1,
  "_exportedAt": "2025-07-23T06:33:38.727Z",
  "_exportedBy": "http://localhost:3100"
}