{
  "iri": "9114d1ba-fb24-4b8b-972f-fda1744b47c6",
  "types": [
    "http://dataspecer.com/resources/v1/psm"
  ],
  "userMetadata": {
    "label": {
      "en": "Ontology",
      "cs": "Konceptuální model"
    },
    "description": {
      "en": "Data structure for Ontology. The class of ontologies.",
      "cs": "Datová struktura pro Konceptuální model. Na této úrovni rozlišujeme pojmy, které reprezentují\n- třídy reprezentující typy subjektů a objektů práva,\n- vztahy mezi dvěma subjekty či objekty práva,\n- vlastnosti subjektů a objektů práva."
    }
  },
  "metadata": {
    "creationDate": "2025-05-27T09:52:59.795Z",
    "modificationDate": "2025-07-22T07:43:06.606Z"
  },
  "_version": 1,
  "_exportVersion": 1,
  "_exportedAt": "2025-07-22T07:44:12.471Z",
  "_exportedBy": "http://localhost:3100"
}