{
  "identifier": "aa3vh",
  "version": 1,
  "type": "http://dataspecer.com/resources/local/visual-model",
  "entities": [
    {
      "type": [
        "http://dataspecer.com/resources/local/visual-model"
      ],
      "representedModel": "815a5011-4023-4b81-a601-3b8c58d91652",
      "color": "#b4e33d",
      "identifier": "a92e9"
    },
    {
      "type": [
        "http://dataspecer.com/resources/local/visual-model"
      ],
      "representedModel": "rwotq",
      "color": "#d4f2d2",
      "identifier": "qi89ki"
    },
    {
      "type": [
        "http://dataspecer.com/resources/local/visual-model"
      ],
      "representedModel": "a5y9r",
      "color": "#92bcea",
      "identifier": "gz8w8"
    },
    {
      "type": [
        "http://dataspecer.com/resources/local/visual-model"
      ],
      "representedModel": "tiarv",
      "color": "#ffb770",
      "identifier": "dxj16"
    },
    {
      "type": [
        "http://dataspecer.com/resources/local/visual-model"
      ],
      "representedModel": "z26uol",
      "color": "#8fab5c",
      "identifier": "20pab"
    },
    {
      "type": [
        "http://dataspecer.com/resources/local/visual-model"
      ],
      "representedModel": "p37vu",
      "color": "#ff9770",
      "identifier": "l9qlp"
    },
    {
      "type": [
        "http://dataspecer.com/resources/local/visual-model"
      ],
      "representedModel": "3q0s9",
      "color": "#ff848b",
      "identifier": "cog5rf"
    },
    {
      "type": [
        "http://dataspecer.com/resources/local/visual-model"
      ],
      "representedModel": "x2oahj",
      "color": "#e63462",
      "identifier": "kwf89"
    },
    {
      "type": [
        "http://dataspecer.com/resources/local/visual-model"
      ],
      "representedModel": "qc8uy",
      "color": "#4dc9ab",
      "identifier": "3zax3"
    },
    {
      "type": [
        "http://dataspecer.com/resources/local/visual-model"
      ],
      "representedModel": "ok7n6",
      "color": "#8da266",
      "identifier": "irabz"
    },
    {
      "identifier": "aa3vh-model-metadata-entity",
      "type": [
        "entity-model-type"
      ],
      "label": {
        "en": "Thesauri",
        "cs": "Tezaurus"
      }
    },
    {
      "model": "815a5011-4023-4b81-a601-3b8c58d91652",
      "representedEntity": "ptstwho3tosm9ib4omy",
      "position": {
        "x": 620,
        "y": 600,
        "anchored": null
      },
      "content": [],
      "visualModels": [],
      "type": [
        "visual-node"
      ],
      "identifier": "5tebm"
    },
    {
      "model": "815a5011-4023-4b81-a601-3b8c58d91652",
      "representedEntity": "h31s6hbky1im9ibc54o",
      "position": {
        "x": 600,
        "y": 730,
        "anchored": null
      },
      "content": [],
      "visualModels": [],
      "type": [
        "visual-node"
      ],
      "identifier": "nuz1c"
    },
    {
      "model": "815a5011-4023-4b81-a601-3b8c58d91652",
      "representedRelationship": "87da6doicnjm9ibcioc",
      "waypoints": [],
      "visualSource": "nuz1c",
      "visualTarget": "5tebm",
      "type": [
        "visual-relationship"
      ],
      "identifier": "s4vm6"
    },
    {
      "model": "815a5011-4023-4b81-a601-3b8c58d91652",
      "representedEntity": "102gw4osjd3rm9ibdkxp",
      "position": {
        "x": 1120,
        "y": 600,
        "anchored": null
      },
      "content": [
        "z9q9byb7wjim9ibmksb",
        "lbvcpjryvzim9ibnir9",
        "c54rm58496mm9iboguy"
      ],
      "visualModels": [],
      "type": [
        "visual-node"
      ],
      "identifier": "29tnh"
    },
    {
      "model": "815a5011-4023-4b81-a601-3b8c58d91652",
      "representedRelationship": "ac0xb7g4gasm9ibyjmc",
      "waypoints": [
        {
          "x": 1670,
          "y": 620,
          "anchored": null
        },
        {
          "x": 1670,
          "y": 670
        }
      ],
      "visualSource": "29tnh",
      "visualTarget": "29tnh",
      "type": [
        "visual-relationship"
      ],
      "identifier": "qufw4f"
    },
    {
      "model": "815a5011-4023-4b81-a601-3b8c58d91652",
      "representedRelationship": "fpvzuwx12bim9ibxssa",
      "waypoints": [
        {
          "x": 1670,
          "y": 720,
          "anchored": null
        },
        {
          "x": 1670,
          "y": 770
        }
      ],
      "visualSource": "29tnh",
      "visualTarget": "29tnh",
      "type": [
        "visual-relationship"
      ],
      "identifier": "zfp4v"
    },
    {
      "model": "815a5011-4023-4b81-a601-3b8c58d91652",
      "representedRelationship": "pg2qpy5ymmdm9ibfrd6",
      "waypoints": [],
      "visualSource": "29tnh",
      "visualTarget": "nuz1c",
      "type": [
        "visual-relationship"
      ],
      "identifier": "gov33g"
    },
    {
      "model": "815a5011-4023-4b81-a601-3b8c58d91652",
      "representedEntity": "kiyu8d9gejqm9ibtb34",
      "position": {
        "x": 1050,
        "y": 370,
        "anchored": null
      },
      "content": [],
      "visualModels": [],
      "type": [
        "visual-node"
      ],
      "identifier": "opfl7"
    },
    {
      "model": "815a5011-4023-4b81-a601-3b8c58d91652",
      "representedRelationship": "2pglzgyzf43m9ibvkeh",
      "waypoints": [
        {
          "x": 1160,
          "y": 670,
          "anchored": null
        }
      ],
      "visualSource": "29tnh",
      "visualTarget": "opfl7",
      "type": [
        "visual-relationship"
      ],
      "identifier": "epif7"
    },
    {
      "model": "815a5011-4023-4b81-a601-3b8c58d91652",
      "representedRelationship": "liflob82uom9ibun9f",
      "waypoints": [
        {
          "x": 1390,
          "y": 550,
          "anchored": null
        }
      ],
      "visualSource": "29tnh",
      "visualTarget": "opfl7",
      "type": [
        "visual-relationship"
      ],
      "identifier": "qpoq5"
    }
  ]
}