{
  "json": {
    "jsonTypeKeyAlias": "typ",
    "jsonIdKeyAlias": "iri"
  },
  "data-specification": {
    "publicBaseUrl": "https://ofn.gov.cz/slovníky/draft2",
    "useGenerators": {
      "xml": false,
      "csv": false,
      "sparql": false,
      "shacl": false,
      "shex": false,
      "openapi": false,
      "jsonExample": false
    },
    "renameArtifacts": {
      "http://example.com/generator/json-schema": "schéma.json",
      "http://dataspecer.com/generator/json-ld": "kontext.jsonld"
    }
  }
}