{
  "identifier": "acd41201-348b-4b2e-990e-b64f62a0febc",
  "version": 1,
  "type": "http://dataspecer.com/resources/local/visual-model",
  "entities": [
    {
      "identifier": "acd41201-348b-4b2e-990e-b64f62a0febc-model-metadata-entity",
      "type": [
        "entity-model-type"
      ],
      "label": {
        "en": "Vocabularies - overview",
        "cs": "Slovníky - přehled"
      }
    },
    {
      "type": [
        "http://dataspecer.com/resources/local/visual-model"
      ],
      "representedModel": "815a5011-4023-4b81-a601-3b8c58d91652",
      "color": "#b4e33d",
      "identifier": "n5m7cg"
    },
    {
      "type": [
        "http://dataspecer.com/resources/local/visual-model"
      ],
      "representedModel": "rwotq",
      "color": "#d4f2d2",
      "identifier": "8mayz"
    },
    {
      "type": [
        "http://dataspecer.com/resources/local/visual-model"
      ],
      "representedModel": "a5y9r",
      "color": "#92bcea",
      "identifier": "wn0zc"
    },
    {
      "type": [
        "http://dataspecer.com/resources/local/visual-model"
      ],
      "representedModel": "tiarv",
      "color": "#ffb770",
      "identifier": "3y058"
    },
    {
      "type": [
        "http://dataspecer.com/resources/local/visual-model"
      ],
      "representedModel": "z26uol",
      "color": "#8fab5c",
      "identifier": "bmgwk"
    },
    {
      "type": [
        "http://dataspecer.com/resources/local/visual-model"
      ],
      "representedModel": "p37vu",
      "color": "#ff9770",
      "identifier": "6r3w7"
    },
    {
      "type": [
        "http://dataspecer.com/resources/local/visual-model"
      ],
      "representedModel": "3q0s9",
      "color": "#ff848b",
      "identifier": "vs6y4"
    },
    {
      "type": [
        "http://dataspecer.com/resources/local/visual-model"
      ],
      "representedModel": "x2oahj",
      "color": "#e63462",
      "identifier": "3c1fji"
    },
    {
      "model": "815a5011-4023-4b81-a601-3b8c58d91652",
      "representedEntity": "ptstwho3tosm9ib4omy",
      "position": {
        "x": 620,
        "y": 330
      },
      "content": [
        "2ynzqcmfszmm9ib60al",
        "18iz808lfd9m9ib6nnk"
      ],
      "visualModels": [],
      "type": [
        "visual-node"
      ],
      "identifier": "76tkj"
    },
    {
      "model": "815a5011-4023-4b81-a601-3b8c58d91652",
      "representedEntity": "h31s6hbky1im9ibc54o",
      "position": {
        "x": 380,
        "y": 550
      },
      "content": [],
      "visualModels": [],
      "type": [
        "visual-node"
      ],
      "identifier": "5sn24"
    },
    {
      "model": "815a5011-4023-4b81-a601-3b8c58d91652",
      "representedRelationship": "87da6doicnjm9ibcioc",
      "waypoints": [],
      "visualSource": "5sn24",
      "visualTarget": "76tkj",
      "type": [
        "visual-relationship"
      ],
      "identifier": "75mt2"
    },
    {
      "model": "815a5011-4023-4b81-a601-3b8c58d91652",
      "representedEntity": "102gw4osjd3rm9ibdkxp",
      "position": {
        "x": 980,
        "y": 450
      },
      "content": [
        "z9q9byb7wjim9ibmksb",
        "lbvcpjryvzim9ibnir9",
        "c54rm58496mm9iboguy",
        "3rccf03reh6m9idaolw",
        "rzuaqm7f1vm9id9yd3",
        "7dv6zdmktzkm9idab31",
        "hn57heec4egmde6brja",
        "gkmm0n4t5cmb6hpy87"
      ],
      "visualModels": [],
      "type": [
        "visual-node"
      ],
      "identifier": "shrw2"
    },
    {
      "model": "815a5011-4023-4b81-a601-3b8c58d91652",
      "representedRelationship": "pg2qpy5ymmdm9ibfrd6",
      "waypoints": [
        {
          "x": 900,
          "y": 570,
          "anchored": null
        }
      ],
      "visualSource": "shrw2",
      "visualTarget": "5sn24",
      "type": [
        "visual-relationship"
      ],
      "identifier": "xwyu"
    },
    {
      "model": "815a5011-4023-4b81-a601-3b8c58d91652",
      "representedEntity": "20z8w78vvlsm9ibi6q7",
      "position": {
        "x": 330,
        "y": 710
      },
      "content": [],
      "visualModels": [],
      "type": [
        "visual-node"
      ],
      "identifier": "qnu26"
    },
    {
      "model": "815a5011-4023-4b81-a601-3b8c58d91652",
      "representedRelationship": "ag435tad2apm9ibic0m",
      "waypoints": [],
      "visualSource": "qnu26",
      "visualTarget": "5sn24",
      "type": [
        "visual-relationship"
      ],
      "identifier": "wklra"
    },
    {
      "type": [
        "http://dataspecer.com/resources/local/visual-model"
      ],
      "representedModel": "qc8uy",
      "color": "#4dc9ab",
      "identifier": "h8e72"
    },
    {
      "model": "815a5011-4023-4b81-a601-3b8c58d91652",
      "representedEntity": "kiyu8d9gejqm9ibtb34",
      "position": {
        "x": 1700,
        "y": 490
      },
      "content": [],
      "visualModels": [],
      "type": [
        "visual-node"
      ],
      "identifier": "cbg71"
    },
    {
      "model": "815a5011-4023-4b81-a601-3b8c58d91652",
      "representedRelationship": "liflob82uom9ibun9f",
      "waypoints": [
        {
          "x": 1820,
          "y": 690,
          "anchored": null
        }
      ],
      "visualSource": "shrw2",
      "visualTarget": "cbg71",
      "type": [
        "visual-relationship"
      ],
      "identifier": "c7jbt"
    },
    {
      "model": "815a5011-4023-4b81-a601-3b8c58d91652",
      "representedRelationship": "2pglzgyzf43m9ibvkeh",
      "waypoints": [
        {
          "x": 2040,
          "y": 710,
          "anchored": null
        }
      ],
      "visualSource": "shrw2",
      "visualTarget": "cbg71",
      "type": [
        "visual-relationship"
      ],
      "identifier": "lt949"
    },
    {
      "model": "815a5011-4023-4b81-a601-3b8c58d91652",
      "representedRelationship": "fpvzuwx12bim9ibxssa",
      "waypoints": [
        {
          "x": 780,
          "y": 770
        },
        {
          "x": 780,
          "y": 730
        }
      ],
      "visualSource": "shrw2",
      "visualTarget": "shrw2",
      "type": [
        "visual-relationship"
      ],
      "identifier": "jdgf7g"
    },
    {
      "model": "815a5011-4023-4b81-a601-3b8c58d91652",
      "representedRelationship": "ac0xb7g4gasm9ibyjmc",
      "waypoints": [
        {
          "x": 780,
          "y": 630
        },
        {
          "x": 780,
          "y": 670
        }
      ],
      "visualSource": "shrw2",
      "visualTarget": "shrw2",
      "type": [
        "visual-relationship"
      ],
      "identifier": "29k84"
    },
    {
      "model": "815a5011-4023-4b81-a601-3b8c58d91652",
      "representedEntity": "g5n00n4kt4hm9ic2b42",
      "position": {
        "x": 1000,
        "y": 880
      },
      "content": [],
      "visualModels": [],
      "type": [
        "visual-node"
      ],
      "identifier": "33wk7l"
    },
    {
      "model": "815a5011-4023-4b81-a601-3b8c58d91652",
      "representedRelationship": "qhjbrte3chm9ic2h0d",
      "waypoints": [],
      "visualSource": "33wk7l",
      "visualTarget": "shrw2",
      "type": [
        "visual-relationship"
      ],
      "identifier": "khzev"
    },
    {
      "model": "815a5011-4023-4b81-a601-3b8c58d91652",
      "representedRelationship": "velqgk27vcnm9ic42f5",
      "waypoints": [
        {
          "x": 1270,
          "y": 1060
        },
        {
          "x": 1150,
          "y": 1060
        }
      ],
      "visualSource": "33wk7l",
      "visualTarget": "33wk7l",
      "type": [
        "visual-relationship"
      ],
      "identifier": "p4arb"
    },
    {
      "model": "815a5011-4023-4b81-a601-3b8c58d91652",
      "representedEntity": "w3hh0l8zvohm9ic5lth",
      "position": {
        "x": 740,
        "y": 1170
      },
      "content": [
        "kysegdzqswsm9ic9tjx"
      ],
      "visualModels": [],
      "type": [
        "visual-node"
      ],
      "identifier": "sye35"
    },
    {
      "model": "815a5011-4023-4b81-a601-3b8c58d91652",
      "representedRelationship": "zgr9qekoaxnm9icb9j6",
      "waypoints": [
        {
          "x": 1030,
          "y": 1030,
          "anchored": null
        }
      ],
      "visualSource": "33wk7l",
      "visualTarget": "sye35",
      "type": [
        "visual-relationship"
      ],
      "identifier": "2d50rh"
    },
    {
      "model": "815a5011-4023-4b81-a601-3b8c58d91652",
      "representedEntity": "l295zz8er0qm9iccbbw",
      "position": {
        "x": 430,
        "y": 880
      },
      "content": [],
      "visualModels": [],
      "type": [
        "visual-node"
      ],
      "identifier": "1lswi"
    },
    {
      "model": "815a5011-4023-4b81-a601-3b8c58d91652",
      "representedRelationship": "cs7di9qagb4m9icdg64",
      "waypoints": [
        {
          "x": 440,
          "y": 1060,
          "anchored": null
        },
        {
          "x": 570,
          "y": 1060
        }
      ],
      "visualSource": "1lswi",
      "visualTarget": "1lswi",
      "type": [
        "visual-relationship"
      ],
      "identifier": "ba11j"
    },
    {
      "model": "815a5011-4023-4b81-a601-3b8c58d91652",
      "representedRelationship": "yxmmlbz4wqem9ice6pl",
      "waypoints": [
        {
          "x": 800,
          "y": 950,
          "anchored": null
        }
      ],
      "visualSource": "1lswi",
      "visualTarget": "33wk7l",
      "type": [
        "visual-relationship"
      ],
      "identifier": "4xs98"
    },
    {
      "model": "815a5011-4023-4b81-a601-3b8c58d91652",
      "representedRelationship": "m5e359fvf0mm9icepd8",
      "waypoints": [
        {
          "x": 810,
          "y": 890,
          "anchored": null
        }
      ],
      "visualSource": "1lswi",
      "visualTarget": "33wk7l",
      "type": [
        "visual-relationship"
      ],
      "identifier": "grlax"
    },
    {
      "model": "815a5011-4023-4b81-a601-3b8c58d91652",
      "representedEntity": "3i1d136n3t8m9icfptz",
      "position": {
        "x": 1470,
        "y": 930
      },
      "content": [],
      "visualModels": [],
      "type": [
        "visual-node"
      ],
      "identifier": "t1ghzh"
    },
    {
      "model": "815a5011-4023-4b81-a601-3b8c58d91652",
      "representedRelationship": "yv5lignblxpm9icgr27",
      "waypoints": [],
      "visualSource": "t1ghzh",
      "visualTarget": "33wk7l",
      "type": [
        "visual-relationship"
      ],
      "identifier": "17mfi"
    },
    {
      "model": "815a5011-4023-4b81-a601-3b8c58d91652",
      "representedEntity": "tm0sufdvu5sm9ichj7s",
      "position": {
        "x": 1730,
        "y": 750
      },
      "content": [],
      "visualModels": [],
      "type": [
        "visual-node"
      ],
      "identifier": "gcdn1"
    },
    {
      "model": "815a5011-4023-4b81-a601-3b8c58d91652",
      "representedRelationship": "1iofd1vyk4km9icif5e",
      "waypoints": [],
      "visualSource": "t1ghzh",
      "visualTarget": "gcdn1",
      "type": [
        "visual-relationship"
      ],
      "identifier": "5vxzv"
    },
    {
      "model": "815a5011-4023-4b81-a601-3b8c58d91652",
      "representedRelationship": "7hf5adiyfxgm9icj8aw",
      "waypoints": [
        {
          "x": 1740,
          "y": 1110
        },
        {
          "x": 1590,
          "y": 1110
        }
      ],
      "visualSource": "t1ghzh",
      "visualTarget": "t1ghzh",
      "type": [
        "visual-relationship"
      ],
      "identifier": "lwl08j"
    },
    {
      "model": "815a5011-4023-4b81-a601-3b8c58d91652",
      "representedEntity": "7t19aduuhzom9id32k0",
      "position": {
        "x": 1020,
        "y": 320
      },
      "content": [],
      "visualModels": [],
      "type": [
        "visual-node"
      ],
      "identifier": "m7ziz"
    },
    {
      "model": "815a5011-4023-4b81-a601-3b8c58d91652",
      "representedRelationship": "k915lpim4lam9id3bxh",
      "waypoints": [],
      "visualSource": "m7ziz",
      "visualTarget": "shrw2",
      "type": [
        "visual-relationship"
      ],
      "identifier": "4cq6wg"
    },
    {
      "model": "815a5011-4023-4b81-a601-3b8c58d91652",
      "representedEntity": "ijnxfkhfcdcm9id3mq1",
      "position": {
        "x": 1380,
        "y": 320
      },
      "content": [],
      "visualModels": [],
      "type": [
        "visual-node"
      ],
      "identifier": "x8yc8"
    },
    {
      "model": "815a5011-4023-4b81-a601-3b8c58d91652",
      "representedRelationship": "zj4fy6hjfrm9id3pza",
      "waypoints": [],
      "visualSource": "x8yc8",
      "visualTarget": "shrw2",
      "type": [
        "visual-relationship"
      ],
      "identifier": "6eyjil"
    },
    {
      "model": "815a5011-4023-4b81-a601-3b8c58d91652",
      "representedRelationship": "mc3fzvp0gogm9id60oc",
      "waypoints": [
        {
          "x": 1930,
          "y": 360,
          "anchored": null
        }
      ],
      "visualSource": "x8yc8",
      "visualTarget": "cbg71",
      "type": [
        "visual-relationship"
      ],
      "identifier": "aq9mo"
    },
    {
      "model": "815a5011-4023-4b81-a601-3b8c58d91652",
      "representedEntity": "l26s5lks6mam9jq39oa",
      "position": {
        "x": 90,
        "y": 120
      },
      "content": [
        "aqmq10pdp1im9jrquq6",
        "mx3if2c8zubm9jrpzqn"
      ],
      "visualModels": [],
      "type": [
        "visual-node"
      ],
      "identifier": "16e5c"
    },
    {
      "model": "815a5011-4023-4b81-a601-3b8c58d91652",
      "representedEntity": "oy6u6q2hkzjm9jq3ieg",
      "position": {
        "x": 1080,
        "y": 120
      },
      "content": [
        "tlqfp6kgmvdm9jrqkvw",
        "8grzoslo1o6m9jrppjq"
      ],
      "visualModels": [],
      "type": [
        "visual-node"
      ],
      "identifier": "cvcw5"
    },
    {
      "model": "815a5011-4023-4b81-a601-3b8c58d91652",
      "representedRelationship": "ouva0sfmif8m9jq3u4z",
      "waypoints": [],
      "visualSource": "16e5c",
      "visualTarget": "shrw2",
      "type": [
        "visual-relationship"
      ],
      "identifier": "x491t"
    },
    {
      "model": "815a5011-4023-4b81-a601-3b8c58d91652",
      "representedRelationship": "z5g859r37sm9jq3w2r",
      "waypoints": [],
      "visualSource": "cvcw5",
      "visualTarget": "shrw2",
      "type": [
        "visual-relationship"
      ],
      "identifier": "pnecig"
    },
    {
      "model": "815a5011-4023-4b81-a601-3b8c58d91652",
      "representedEntity": "rug4doxs6wfm9jxqxsy",
      "position": {
        "x": -40,
        "y": 320
      },
      "content": [
        "4ee912iphv7m9jxrjjm",
        "0fls5k4qesp5m9jxrrl6",
        "6fp4bg315jom9jxs2i9"
      ],
      "visualModels": [],
      "type": [
        "visual-node"
      ],
      "identifier": "mbct1"
    },
    {
      "model": "815a5011-4023-4b81-a601-3b8c58d91652",
      "representedRelationship": "ngmfpqclzobm9l9relu",
      "waypoints": [
        {
          "x": 600,
          "y": 460,
          "anchored": null
        }
      ],
      "visualSource": "76tkj",
      "visualTarget": "mbct1",
      "type": [
        "visual-relationship"
      ],
      "identifier": "how9f"
    },
    {
      "model": "815a5011-4023-4b81-a601-3b8c58d91652",
      "representedRelationship": "jjbalad349m9l9rmka",
      "waypoints": [
        {
          "x": 600,
          "y": 340,
          "anchored": null
        }
      ],
      "visualSource": "76tkj",
      "visualTarget": "mbct1",
      "type": [
        "visual-relationship"
      ],
      "identifier": "7p3l2"
    },
    {
      "model": "815a5011-4023-4b81-a601-3b8c58d91652",
      "representedRelationship": "p1ljrd9cummb6cdf1h",
      "waypoints": [
        {
          "x": 770,
          "y": 830,
          "anchored": null
        },
        {
          "x": 1010,
          "y": 830,
          "anchored": null
        }
      ],
      "visualSource": "1lswi",
      "visualTarget": "shrw2",
      "type": [
        "visual-relationship"
      ],
      "identifier": "jge0k"
    },
    {
      "model": "815a5011-4023-4b81-a601-3b8c58d91652",
      "representedRelationship": "p5q28or6momb6cdk8r",
      "waypoints": [],
      "visualSource": "t1ghzh",
      "visualTarget": "shrw2",
      "type": [
        "visual-relationship"
      ],
      "identifier": "tpdil"
    },
    {
      "type": [
        "http://dataspecer.com/resources/local/visual-model"
      ],
      "representedModel": "ok7n6",
      "color": "#8da266",
      "identifier": "9gobn"
    }
  ]
}