{
  "iri": "acd41201-348b-4b2e-990e-b64f62a0febc",
  "types": [
    "http://dataspecer.com/resources/local/visual-model"
  ],
  "userMetadata": {
    "label": {
      "en": "Main view"
    },
    "description": {
      "en": "View model for the vocabulary"
    }
  },
  "metadata": {
    "creationDate": "2025-04-15T09:33:24.979Z",
    "modificationDate": "2025-07-22T07:10:44.427Z"
  },
  "_version": 1,
  "_exportVersion": 1,
  "_exportedAt": "2025-07-22T08:30:11.174Z",
  "_exportedBy": "http://localhost:3100"
}