{
  "iri": "b6d6d3f8-6998-4275-9f53-b8506c67acfd",
  "types": [
    "http://dataspecer.com/resources/v1/psm"
  ],
  "userMetadata": {
    "label": {
      "en": "Ontology",
      "cs": "Slovníky celkem"
    },
    "description": {
      "en": "Data structure for Ontology. The class of ontologies.",
      "cs": "Tato datová struktura slouží pro generování společného JSON-LD kontextu"
    }
  },
  "metadata": {
    "creationDate": "2025-05-27T13:31:31.035Z",
    "modificationDate": "2025-07-22T07:43:06.697Z"
  },
  "_version": 1,
  "_exportVersion": 1,
  "_exportedAt": "2025-07-22T07:44:12.486Z",
  "_exportedBy": "http://localhost:3100"
}