{
  "iri": "dfdcaedb-2e97-44f6-bb51-eaee4c4e56da",
  "types": [
    "http://dataspecer.com/resources/v1/psm"
  ],
  "userMetadata": {
    "label": {
      "cs": "Slovník",
      "en": "Concept Scheme"
    },
    "description": {
      "cs": "Datová struktura pro Slovník. Datový slovník - je popisem struktury a významu dat v informačních systémech veřejné správy spravovaných správci dat v podobě pojmů, které reprezentují typy subjektů a objektů práva, jejich vlastnosti a vztahy mezi nimi.",
      "en": "Data structure for Concept Scheme. Datový slovník - je popisem struktury a významu dat v informačních systémech veřejné správy spravovaných správci dat v podobě pojmů, které reprezentují typy subjektů a objektů práva, jejich vlastnosti a vztahy mezi nimi."
    }
  },
  "metadata": {
    "creationDate": "2025-04-16T12:44:30.823Z",
    "modificationDate": "2025-07-22T07:43:06.605Z"
  },
  "_version": 1,
  "_exportVersion": 1,
  "_exportedAt": "2025-07-22T07:44:12.468Z",
  "_exportedBy": "http://localhost:3100"
}