{
  "identifier": "ehoy1",
  "version": 1,
  "type": "http://dataspecer.com/resources/local/visual-model",
  "entities": [
    {
      "type": [
        "http://dataspecer.com/resources/local/visual-model"
      ],
      "representedModel": "815a5011-4023-4b81-a601-3b8c58d91652",
      "color": "#b4e33d",
      "identifier": "0y5r2"
    },
    {
      "type": [
        "http://dataspecer.com/resources/local/visual-model"
      ],
      "representedModel": "rwotq",
      "color": "#d4f2d2",
      "identifier": "rxtfh"
    },
    {
      "type": [
        "http://dataspecer.com/resources/local/visual-model"
      ],
      "representedModel": "a5y9r",
      "color": "#92bcea",
      "identifier": "uf6b"
    },
    {
      "type": [
        "http://dataspecer.com/resources/local/visual-model"
      ],
      "representedModel": "tiarv",
      "color": "#ffb770",
      "identifier": "2qr9o"
    },
    {
      "type": [
        "http://dataspecer.com/resources/local/visual-model"
      ],
      "representedModel": "z26uol",
      "color": "#8fab5c",
      "identifier": "1hn6e"
    },
    {
      "type": [
        "http://dataspecer.com/resources/local/visual-model"
      ],
      "representedModel": "p37vu",
      "color": "#ff9770",
      "identifier": "c2s9x"
    },
    {
      "type": [
        "http://dataspecer.com/resources/local/visual-model"
      ],
      "representedModel": "3q0s9",
      "color": "#ff848b",
      "identifier": "k7y3vj"
    },
    {
      "type": [
        "http://dataspecer.com/resources/local/visual-model"
      ],
      "representedModel": "x2oahj",
      "color": "#e63462",
      "identifier": "wbrkl"
    },
    {
      "type": [
        "http://dataspecer.com/resources/local/visual-model"
      ],
      "representedModel": "qc8uy",
      "color": "#4dc9ab",
      "identifier": "y031nl"
    },
    {
      "type": [
        "http://dataspecer.com/resources/local/visual-model"
      ],
      "representedModel": "ok7n6",
      "color": "#8da266",
      "identifier": "fgm3b"
    },
    {
      "identifier": "ehoy1-model-metadata-entity",
      "type": [
        "entity-model-type"
      ],
      "label": {
        "en": "Vocabulary",
        "cs": "Slovník"
      }
    },
    {
      "model": "815a5011-4023-4b81-a601-3b8c58d91652",
      "representedEntity": "ptstwho3tosm9ib4omy",
      "position": {
        "x": 820,
        "y": 370,
        "anchored": null
      },
      "content": [
        "2ynzqcmfszmm9ib60al",
        "18iz808lfd9m9ib6nnk"
      ],
      "visualModels": [],
      "type": [
        "visual-node"
      ],
      "identifier": "6k01lf"
    },
    {
      "model": "815a5011-4023-4b81-a601-3b8c58d91652",
      "representedEntity": "rug4doxs6wfm9jxqxsy",
      "position": {
        "x": 780,
        "y": 660,
        "anchored": null
      },
      "content": [
        "4ee912iphv7m9jxrjjm",
        "0fls5k4qesp5m9jxrrl6",
        "6fp4bg315jom9jxs2i9"
      ],
      "visualModels": [],
      "type": [
        "visual-node"
      ],
      "identifier": "tw6uz"
    },
    {
      "model": "815a5011-4023-4b81-a601-3b8c58d91652",
      "representedRelationship": "jjbalad349m9l9rmka",
      "waypoints": [
        {
          "x": 1080,
          "y": 540,
          "anchored": null
        }
      ],
      "visualSource": "6k01lf",
      "visualTarget": "tw6uz",
      "type": [
        "visual-relationship"
      ],
      "identifier": "ofpaf"
    },
    {
      "model": "815a5011-4023-4b81-a601-3b8c58d91652",
      "representedRelationship": "ngmfpqclzobm9l9relu",
      "waypoints": [
        {
          "x": 880,
          "y": 530,
          "anchored": null
        }
      ],
      "visualSource": "6k01lf",
      "visualTarget": "tw6uz",
      "type": [
        "visual-relationship"
      ],
      "identifier": "4lk1d"
    }
  ]
}