{
  "operations": [
    {
      "types": [
        "core-operation",
        "https://ofn.gov.cz/slovník/psm/CreateClass"
      ],
      "iri": "https://ofn.gov.cz/operation/1747995404612-7fd2-fb5b-bfd6",
      "parent": null,
      "dataPsmNewIri": null,
      "dataPsmInterpretation": "h31s6hbky1im9ibc54o",
      "dataPsmTechnicalLabel": "tezaurus",
      "dataPsmHumanLabel": null,
      "dataPsmHumanDescription": null,
      "dataPsmExtends": [],
      "dataPsmIsClosed": null
    },
    {
      "types": [
        "core-operation",
        "https://ofn.gov.cz/slovník/psm/SetRoots"
      ],
      "iri": "https://ofn.gov.cz/operation/1747995404684-517a-b576-b38c",
      "parent": "https://ofn.gov.cz/operation/1747995404612-7fd2-fb5b-bfd6",
      "dataPsmRoots": [
        "https://ofn.gov.cz/class/1747995404611-e1be-c89f-8ab9"
      ]
    },
    {
      "types": [
        "core-operation",
        "https://ofn.gov.cz/slovník/psm/SetHumanLabel"
      ],
      "iri": "https://ofn.gov.cz/operation/1747995404755-87b4-55b7-b7c1",
      "parent": "https://ofn.gov.cz/operation/1747995404684-517a-b576-b38c",
      "dataPsmResource": "f90a0244-96f5-49c9-9b26-7f6c585e1069",
      "dataPsmHumanLabel": {
        "en": "Concept Scheme",
        "cs": "Tezaurus"
      }
    },
    {
      "types": [
        "core-operation",
        "https://ofn.gov.cz/slovník/psm/SetHumanDescription"
      ],
      "iri": "https://ofn.gov.cz/operation/1747995404827-b9a6-c238-92ee",
      "parent": "https://ofn.gov.cz/operation/1747995404755-87b4-55b7-b7c1",
      "dataPsmResource": "f90a0244-96f5-49c9-9b26-7f6c585e1069",
      "dataPsmHumanDescription": {
        "en": "Data structure for Concept Scheme. Tezaurus je nejjednodušším typem slovníku.",
        "cs": "Datová struktura pro Tezaurus. Tezaurus je nejjednodušším typem slovníku."
      }
    },
    {
      "types": [
        "core-operation",
        "https://ofn.gov.cz/slovník/psm/CreateAttribute"
      ],
      "iri": "https://ofn.gov.cz/operation/1747995434998-3dcb-9e1f-9d59",
      "parent": "https://ofn.gov.cz/operation/1747995404827-b9a6-c238-92ee",
      "dataPsmNewIri": null,
      "dataPsmInterpretation": "2ynzqcmfszmm9ib60al",
      "dataPsmTechnicalLabel": "název",
      "dataPsmHumanLabel": null,
      "dataPsmHumanDescription": null,
      "dataPsmOwner": "https://ofn.gov.cz/class/1747995404611-e1be-c89f-8ab9",
      "dataPsmDatatype": "https://ofn.gov.cz/zdroj/základní-datové-typy/2020-07-01/text"
    },
    {
      "types": [
        "core-operation",
        "https://ofn.gov.cz/slovník/psm/CreateAttribute"
      ],
      "iri": "https://ofn.gov.cz/operation/1747995435042-187f-a827-8bf7",
      "parent": "https://ofn.gov.cz/operation/1747995434998-3dcb-9e1f-9d59",
      "dataPsmNewIri": null,
      "dataPsmInterpretation": "18iz808lfd9m9ib6nnk",
      "dataPsmTechnicalLabel": "popis",
      "dataPsmHumanLabel": null,
      "dataPsmHumanDescription": null,
      "dataPsmOwner": "https://ofn.gov.cz/class/1747995404611-e1be-c89f-8ab9",
      "dataPsmDatatype": "https://ofn.gov.cz/zdroj/základní-datové-typy/2020-07-01/text"
    },
    {
      "types": [
        "core-operation",
        "https://ofn.gov.cz/slovník/psm/CreateClass"
      ],
      "iri": "https://ofn.gov.cz/operation/1747995435081-9de7-e8a2-81ab",
      "parent": "https://ofn.gov.cz/operation/1747995435042-187f-a827-8bf7",
      "dataPsmNewIri": null,
      "dataPsmInterpretation": "rug4doxs6wfm9jxqxsy",
      "dataPsmTechnicalLabel": "časový_okamžik",
      "dataPsmHumanLabel": null,
      "dataPsmHumanDescription": null,
      "dataPsmExtends": [],
      "dataPsmIsClosed": null
    },
    {
      "types": [
        "core-operation",
        "https://ofn.gov.cz/slovník/psm/CreateAssociationEnd"
      ],
      "iri": "https://ofn.gov.cz/operation/1747995435123-0c91-99bd-920e",
      "parent": "https://ofn.gov.cz/operation/1747995435081-9de7-e8a2-81ab",
      "dataPsmNewIri": null,
      "dataPsmInterpretation": "jjbalad349m9l9rmka",
      "dataPsmTechnicalLabel": "okamžik_vytvoření",
      "dataPsmHumanLabel": null,
      "dataPsmHumanDescription": null,
      "dataPsmOwner": "https://ofn.gov.cz/class/1747995404611-e1be-c89f-8ab9",
      "dataPsmPart": "https://ofn.gov.cz/class/1747995435081-fe3e-f598-884a",
      "dataPsmIsReverse": false,
      "dataPsmIsDematerialize": null
    },
    {
      "types": [
        "core-operation",
        "https://ofn.gov.cz/slovník/psm/CreateClass"
      ],
      "iri": "https://ofn.gov.cz/operation/1747995435170-5e79-377f-adf9",
      "parent": "https://ofn.gov.cz/operation/1747995435123-0c91-99bd-920e",
      "dataPsmNewIri": null,
      "dataPsmInterpretation": "rug4doxs6wfm9jxqxsy",
      "dataPsmTechnicalLabel": "časový_okamžik",
      "dataPsmHumanLabel": null,
      "dataPsmHumanDescription": null,
      "dataPsmExtends": [],
      "dataPsmIsClosed": null
    },
    {
      "types": [
        "core-operation",
        "https://ofn.gov.cz/slovník/psm/CreateAssociationEnd"
      ],
      "iri": "https://ofn.gov.cz/operation/1747995435209-ea2c-79bc-be6a",
      "parent": "https://ofn.gov.cz/operation/1747995435170-5e79-377f-adf9",
      "dataPsmNewIri": null,
      "dataPsmInterpretation": "ngmfpqclzobm9l9relu",
      "dataPsmTechnicalLabel": "okamžik_poslední_změny",
      "dataPsmHumanLabel": null,
      "dataPsmHumanDescription": null,
      "dataPsmOwner": "https://ofn.gov.cz/class/1747995404611-e1be-c89f-8ab9",
      "dataPsmPart": "https://ofn.gov.cz/class/1747995435170-aa63-df07-93ee",
      "dataPsmIsReverse": false,
      "dataPsmIsDematerialize": null
    },
    {
      "types": [
        "core-operation",
        "https://ofn.gov.cz/slovník/psm/CreateClass"
      ],
      "iri": "https://ofn.gov.cz/operation/1747995435252-9c99-88ef-9e29",
      "parent": "https://ofn.gov.cz/operation/1747995435209-ea2c-79bc-be6a",
      "dataPsmNewIri": null,
      "dataPsmInterpretation": "102gw4osjd3rm9ibdkxp",
      "dataPsmTechnicalLabel": "pojem",
      "dataPsmHumanLabel": null,
      "dataPsmHumanDescription": null,
      "dataPsmExtends": [],
      "dataPsmIsClosed": null
    },
    {
      "types": [
        "core-operation",
        "https://ofn.gov.cz/slovník/psm/CreateAssociationEnd"
      ],
      "iri": "https://ofn.gov.cz/operation/1747995435293-17be-f39d-8802",
      "parent": "https://ofn.gov.cz/operation/1747995435252-9c99-88ef-9e29",
      "dataPsmNewIri": null,
      "dataPsmInterpretation": "pg2qpy5ymmdm9ibfrd6",
      "dataPsmTechnicalLabel": "je_v_tezauru",
      "dataPsmHumanLabel": null,
      "dataPsmHumanDescription": null,
      "dataPsmOwner": "https://ofn.gov.cz/class/1747995404611-e1be-c89f-8ab9",
      "dataPsmPart": "https://ofn.gov.cz/class/1747995435252-7fcc-0ad7-b77e",
      "dataPsmIsReverse": true,
      "dataPsmIsDematerialize": null
    },
    {
      "types": [
        "core-operation",
        "https://ofn.gov.cz/slovník/psm/CreateAttribute"
      ],
      "iri": "https://ofn.gov.cz/operation/1747995442549-922b-794c-8aa0",
      "parent": "https://ofn.gov.cz/operation/1747995435293-17be-f39d-8802",
      "dataPsmNewIri": null,
      "dataPsmInterpretation": "6fp4bg315jom9jxs2i9",
      "dataPsmTechnicalLabel": "je_nespecifikovaný",
      "dataPsmHumanLabel": null,
      "dataPsmHumanDescription": null,
      "dataPsmOwner": "https://ofn.gov.cz/class/1747995435081-fe3e-f598-884a",
      "dataPsmDatatype": "http://www.w3.org/2001/XMLSchema#boolean"
    },
    {
      "types": [
        "core-operation",
        "https://ofn.gov.cz/slovník/psm/CreateAttribute"
      ],
      "iri": "https://ofn.gov.cz/operation/1747995442593-2770-d5f1-92a0",
      "parent": "https://ofn.gov.cz/operation/1747995442549-922b-794c-8aa0",
      "dataPsmNewIri": null,
      "dataPsmInterpretation": "0fls5k4qesp5m9jxrrl6",
      "dataPsmTechnicalLabel": "datum_a_čas",
      "dataPsmHumanLabel": null,
      "dataPsmHumanDescription": null,
      "dataPsmOwner": "https://ofn.gov.cz/class/1747995435081-fe3e-f598-884a",
      "dataPsmDatatype": "http://www.w3.org/2001/XMLSchema#dateTime"
    },
    {
      "types": [
        "core-operation",
        "https://ofn.gov.cz/slovník/psm/CreateAttribute"
      ],
      "iri": "https://ofn.gov.cz/operation/1747995442636-460f-0016-8d69",
      "parent": "https://ofn.gov.cz/operation/1747995442593-2770-d5f1-92a0",
      "dataPsmNewIri": null,
      "dataPsmInterpretation": "4ee912iphv7m9jxrjjm",
      "dataPsmTechnicalLabel": "datum",
      "dataPsmHumanLabel": null,
      "dataPsmHumanDescription": null,
      "dataPsmOwner": "https://ofn.gov.cz/class/1747995435081-fe3e-f598-884a",
      "dataPsmDatatype": "http://www.w3.org/2001/XMLSchema#date"
    },
    {
      "types": [
        "core-operation",
        "https://ofn.gov.cz/slovník/psm/CreateAttribute"
      ],
      "iri": "https://ofn.gov.cz/operation/1747995446495-8f4a-1478-94bc",
      "parent": "https://ofn.gov.cz/operation/1747995442636-460f-0016-8d69",
      "dataPsmNewIri": null,
      "dataPsmInterpretation": "6fp4bg315jom9jxs2i9",
      "dataPsmTechnicalLabel": "je_nespecifikovaný",
      "dataPsmHumanLabel": null,
      "dataPsmHumanDescription": null,
      "dataPsmOwner": "https://ofn.gov.cz/class/1747995435170-aa63-df07-93ee",
      "dataPsmDatatype": "http://www.w3.org/2001/XMLSchema#boolean"
    },
    {
      "types": [
        "core-operation",
        "https://ofn.gov.cz/slovník/psm/CreateAttribute"
      ],
      "iri": "https://ofn.gov.cz/operation/1747995446541-28d1-dfa0-ad38",
      "parent": "https://ofn.gov.cz/operation/1747995446495-8f4a-1478-94bc",
      "dataPsmNewIri": null,
      "dataPsmInterpretation": "0fls5k4qesp5m9jxrrl6",
      "dataPsmTechnicalLabel": "datum_a_čas",
      "dataPsmHumanLabel": null,
      "dataPsmHumanDescription": null,
      "dataPsmOwner": "https://ofn.gov.cz/class/1747995435170-aa63-df07-93ee",
      "dataPsmDatatype": "http://www.w3.org/2001/XMLSchema#dateTime"
    },
    {
      "types": [
        "core-operation",
        "https://ofn.gov.cz/slovník/psm/CreateAttribute"
      ],
      "iri": "https://ofn.gov.cz/operation/1747995446588-25ad-be42-8db1",
      "parent": "https://ofn.gov.cz/operation/1747995446541-28d1-dfa0-ad38",
      "dataPsmNewIri": null,
      "dataPsmInterpretation": "4ee912iphv7m9jxrjjm",
      "dataPsmTechnicalLabel": "datum",
      "dataPsmHumanLabel": null,
      "dataPsmHumanDescription": null,
      "dataPsmOwner": "https://ofn.gov.cz/class/1747995435170-aa63-df07-93ee",
      "dataPsmDatatype": "http://www.w3.org/2001/XMLSchema#date"
    },
    {
      "types": [
        "core-operation",
        "https://ofn.gov.cz/slovník/psm/CreateAttribute"
      ],
      "iri": "https://ofn.gov.cz/operation/1747995515747-7307-bc90-9e7e",
      "parent": "https://ofn.gov.cz/operation/1747995446588-25ad-be42-8db1",
      "dataPsmNewIri": null,
      "dataPsmInterpretation": "z9q9byb7wjim9ibmksb",
      "dataPsmTechnicalLabel": "název",
      "dataPsmHumanLabel": null,
      "dataPsmHumanDescription": null,
      "dataPsmOwner": "https://ofn.gov.cz/class/1747995435252-7fcc-0ad7-b77e",
      "dataPsmDatatype": "https://ofn.gov.cz/zdroj/základní-datové-typy/2020-07-01/text"
    },
    {
      "types": [
        "core-operation",
        "https://ofn.gov.cz/slovník/psm/CreateAttribute"
      ],
      "iri": "https://ofn.gov.cz/operation/1747995515800-7b72-d82d-8a54",
      "parent": "https://ofn.gov.cz/operation/1747995515747-7307-bc90-9e7e",
      "dataPsmNewIri": null,
      "dataPsmInterpretation": "lbvcpjryvzim9ibnir9",
      "dataPsmTechnicalLabel": "popis",
      "dataPsmHumanLabel": null,
      "dataPsmHumanDescription": null,
      "dataPsmOwner": "https://ofn.gov.cz/class/1747995435252-7fcc-0ad7-b77e",
      "dataPsmDatatype": "https://ofn.gov.cz/zdroj/základní-datové-typy/2020-07-01/text"
    },
    {
      "types": [
        "core-operation",
        "https://ofn.gov.cz/slovník/psm/CreateAttribute"
      ],
      "iri": "https://ofn.gov.cz/operation/1747995515858-be2d-218a-a71a",
      "parent": "https://ofn.gov.cz/operation/1747995515800-7b72-d82d-8a54",
      "dataPsmNewIri": null,
      "dataPsmInterpretation": "c54rm58496mm9iboguy",
      "dataPsmTechnicalLabel": "definice",
      "dataPsmHumanLabel": null,
      "dataPsmHumanDescription": null,
      "dataPsmOwner": "https://ofn.gov.cz/class/1747995435252-7fcc-0ad7-b77e",
      "dataPsmDatatype": "https://ofn.gov.cz/zdroj/základní-datové-typy/2020-07-01/text"
    },
    {
      "types": [
        "core-operation",
        "https://ofn.gov.cz/slovník/psm/CreateClass"
      ],
      "iri": "https://ofn.gov.cz/operation/1747995515910-57f5-5912-ac7d",
      "parent": "https://ofn.gov.cz/operation/1747995515858-be2d-218a-a71a",
      "dataPsmNewIri": null,
      "dataPsmInterpretation": "kiyu8d9gejqm9ibtb34",
      "dataPsmTechnicalLabel": "ustanovení",
      "dataPsmHumanLabel": null,
      "dataPsmHumanDescription": null,
      "dataPsmExtends": [],
      "dataPsmIsClosed": null
    },
    {
      "types": [
        "core-operation",
        "https://ofn.gov.cz/slovník/psm/CreateAssociationEnd"
      ],
      "iri": "https://ofn.gov.cz/operation/1747995515958-b9c8-95fd-9d38",
      "parent": "https://ofn.gov.cz/operation/1747995515910-57f5-5912-ac7d",
      "dataPsmNewIri": null,
      "dataPsmInterpretation": "2pglzgyzf43m9ibvkeh",
      "dataPsmTechnicalLabel": "definující_ustanovení_právního_předpisu",
      "dataPsmHumanLabel": null,
      "dataPsmHumanDescription": null,
      "dataPsmOwner": "https://ofn.gov.cz/class/1747995435252-7fcc-0ad7-b77e",
      "dataPsmPart": "https://ofn.gov.cz/class/1747995515910-c57a-7e1a-a897",
      "dataPsmIsReverse": false,
      "dataPsmIsDematerialize": null
    },
    {
      "types": [
        "core-operation",
        "https://ofn.gov.cz/slovník/psm/CreateClass"
      ],
      "iri": "https://ofn.gov.cz/operation/1747995516009-a787-6f19-ba54",
      "parent": "https://ofn.gov.cz/operation/1747995515958-b9c8-95fd-9d38",
      "dataPsmNewIri": null,
      "dataPsmInterpretation": "kiyu8d9gejqm9ibtb34",
      "dataPsmTechnicalLabel": "ustanovení",
      "dataPsmHumanLabel": null,
      "dataPsmHumanDescription": null,
      "dataPsmExtends": [],
      "dataPsmIsClosed": null
    },
    {
      "types": [
        "core-operation",
        "https://ofn.gov.cz/slovník/psm/CreateAssociationEnd"
      ],
      "iri": "https://ofn.gov.cz/operation/1747995516059-597f-ba18-9f81",
      "parent": "https://ofn.gov.cz/operation/1747995516009-a787-6f19-ba54",
      "dataPsmNewIri": null,
      "dataPsmInterpretation": "liflob82uom9ibun9f",
      "dataPsmTechnicalLabel": "související_ustanovení_právního_předpisu",
      "dataPsmHumanLabel": null,
      "dataPsmHumanDescription": null,
      "dataPsmOwner": "https://ofn.gov.cz/class/1747995435252-7fcc-0ad7-b77e",
      "dataPsmPart": "https://ofn.gov.cz/class/1747995516009-ab47-2153-8845",
      "dataPsmIsReverse": false,
      "dataPsmIsDematerialize": null
    },
    {
      "types": [
        "core-operation",
        "https://ofn.gov.cz/slovník/psm/CreateClass"
      ],
      "iri": "https://ofn.gov.cz/operation/1747995516110-9e05-a7dc-b392",
      "parent": "https://ofn.gov.cz/operation/1747995516059-597f-ba18-9f81",
      "dataPsmNewIri": null,
      "dataPsmInterpretation": "102gw4osjd3rm9ibdkxp",
      "dataPsmTechnicalLabel": "pojem",
      "dataPsmHumanLabel": null,
      "dataPsmHumanDescription": null,
      "dataPsmExtends": [],
      "dataPsmIsClosed": null
    },
    {
      "types": [
        "core-operation",
        "https://ofn.gov.cz/slovník/psm/CreateAssociationEnd"
      ],
      "iri": "https://ofn.gov.cz/operation/1747995516159-86dd-700d-95e8",
      "parent": "https://ofn.gov.cz/operation/1747995516110-9e05-a7dc-b392",
      "dataPsmNewIri": null,
      "dataPsmInterpretation": "ac0xb7g4gasm9ibyjmc",
      "dataPsmTechnicalLabel": "ekvivalentní_pojem",
      "dataPsmHumanLabel": null,
      "dataPsmHumanDescription": null,
      "dataPsmOwner": "https://ofn.gov.cz/class/1747995435252-7fcc-0ad7-b77e",
      "dataPsmPart": "https://ofn.gov.cz/class/1747995516110-811e-eccd-b889",
      "dataPsmIsReverse": false,
      "dataPsmIsDematerialize": null
    },
    {
      "types": [
        "core-operation",
        "https://ofn.gov.cz/slovník/psm/CreateClass"
      ],
      "iri": "https://ofn.gov.cz/operation/1747995516209-a70b-bb27-a39f",
      "parent": "https://ofn.gov.cz/operation/1747995516159-86dd-700d-95e8",
      "dataPsmNewIri": null,
      "dataPsmInterpretation": "102gw4osjd3rm9ibdkxp",
      "dataPsmTechnicalLabel": "pojem",
      "dataPsmHumanLabel": null,
      "dataPsmHumanDescription": null,
      "dataPsmExtends": [],
      "dataPsmIsClosed": null
    },
    {
      "types": [
        "core-operation",
        "https://ofn.gov.cz/slovník/psm/CreateAssociationEnd"
      ],
      "iri": "https://ofn.gov.cz/operation/1747995516275-c702-ea86-9606",
      "parent": "https://ofn.gov.cz/operation/1747995516209-a70b-bb27-a39f",
      "dataPsmNewIri": null,
      "dataPsmInterpretation": "fpvzuwx12bim9ibxssa",
      "dataPsmTechnicalLabel": "nadřazený_pojem",
      "dataPsmHumanLabel": null,
      "dataPsmHumanDescription": null,
      "dataPsmOwner": "https://ofn.gov.cz/class/1747995435252-7fcc-0ad7-b77e",
      "dataPsmPart": "https://ofn.gov.cz/class/1747995516209-46d3-dfe9-b06f",
      "dataPsmIsReverse": false,
      "dataPsmIsDematerialize": null
    },
    {
      "types": [
        "core-operation",
        "https://ofn.gov.cz/slovník/psm/SetTechnicalLabel"
      ],
      "iri": "https://ofn.gov.cz/operation/1747995523736-e4ce-53a1-a7d9",
      "parent": "https://ofn.gov.cz/operation/1747995516275-c702-ea86-9606",
      "dataPsmResource": "https://ofn.gov.cz/association/1747995435293-22a7-2305-a58e",
      "dataPsmTechnicalLabel": "pojmy"
    },
    {
      "types": [
        "core-operation",
        "https://ofn.gov.cz/slovník/psm/SetDataType"
      ],
      "iri": "https://ofn.gov.cz/operation/1747995566937-7573-8be6-a814",
      "parent": "https://ofn.gov.cz/operation/1747995523736-e4ce-53a1-a7d9",
      "dataPsmAttribute": "https://ofn.gov.cz/attribute/1747995515747-3dee-3a51-afa0",
      "dataPsmDatatype": "https://ofn.gov.cz/zdroj/základní-datové-typy/2020-07-01/text"
    },
    {
      "types": [
        "core-operation",
        "https://ofn.gov.cz/slovník/psm/SetTechnicalLabel"
      ],
      "iri": "https://ofn.gov.cz/operation/1747995615943-3bca-60eb-a9c7",
      "parent": "https://ofn.gov.cz/operation/1747995566937-7573-8be6-a814",
      "dataPsmResource": "https://ofn.gov.cz/association/1747995516059-13b9-9f0a-9624",
      "dataPsmTechnicalLabel": "související-ustanovení-právního-předpisu"
    },
    {
      "types": [
        "core-operation",
        "https://ofn.gov.cz/slovník/psm/SetTechnicalLabel"
      ],
      "iri": "https://ofn.gov.cz/operation/1747995652286-9b3e-150e-b8ae",
      "parent": "https://ofn.gov.cz/operation/1747995615943-3bca-60eb-a9c7",
      "dataPsmResource": "https://ofn.gov.cz/association/1747995515958-083e-5e18-88eb",
      "dataPsmTechnicalLabel": "definující-ustanovení-právního-předpisu"
    },
    {
      "types": [
        "core-operation",
        "https://ofn.gov.cz/slovník/psm/SetTechnicalLabel"
      ],
      "iri": "https://ofn.gov.cz/operation/1747995663042-bbbe-dcb2-8ef9",
      "parent": "https://ofn.gov.cz/operation/1747995652286-9b3e-150e-b8ae",
      "dataPsmResource": "https://ofn.gov.cz/association/1747995516275-968f-ddef-95bd",
      "dataPsmTechnicalLabel": "nadřazený-pojem"
    },
    {
      "types": [
        "core-operation",
        "https://ofn.gov.cz/slovník/psm/SetTechnicalLabel"
      ],
      "iri": "https://ofn.gov.cz/operation/1747995669588-6327-33ce-ad7e",
      "parent": "https://ofn.gov.cz/operation/1747995663042-bbbe-dcb2-8ef9",
      "dataPsmResource": "https://ofn.gov.cz/association/1747995516159-358f-0387-b45c",
      "dataPsmTechnicalLabel": "ekvivalentní-pojem"
    },
    {
      "types": [
        "core-operation",
        "https://ofn.gov.cz/slovník/psm/SetJsonLdDefinedTypeMapping"
      ],
      "iri": "https://ofn.gov.cz/operation/1747996121916-99af-cddb-aed2",
      "parent": "https://ofn.gov.cz/operation/1747995669588-6327-33ce-ad7e",
      "dataPsmEntity": "f90a0244-96f5-49c9-9b26-7f6c585e1069",
      "jsonLdDefinedTypeMapping": {
        "http://www.w3.org/2004/02/skos/core#Concept": "Koncept"
      }
    },
    {
      "types": [
        "core-operation",
        "https://ofn.gov.cz/slovník/psm/SetJsonEnforceContext"
      ],
      "iri": "https://ofn.gov.cz/operation/1747996122047-0c42-ef53-be0b",
      "parent": "https://ofn.gov.cz/operation/1747996121916-99af-cddb-aed2",
      "dataPsmEntity": "f90a0244-96f5-49c9-9b26-7f6c585e1069",
      "jsonEnforceContext": "no"
    },
    {
      "types": [
        "core-operation",
        "https://ofn.gov.cz/slovník/psm/SetJsonLdDefinedTypeMapping"
      ],
      "iri": "https://ofn.gov.cz/operation/1747996167112-cc05-d7c3-9bec",
      "parent": "https://ofn.gov.cz/operation/1747996122047-0c42-ef53-be0b",
      "dataPsmEntity": "f90a0244-96f5-49c9-9b26-7f6c585e1069",
      "jsonLdDefinedTypeMapping": {
        "http://www.w3.org/2004/02/skos/core#Concept": "Koncept",
        "http://www.w3.org/2004/02/skos/core#ConceptScheme": "Tezaurus"
      }
    },
    {
      "types": [
        "core-operation",
        "https://ofn.gov.cz/slovník/psm/SetTechnicalLabel"
      ],
      "iri": "https://ofn.gov.cz/operation/1747996319590-0079-5f0d-b621",
      "parent": "https://ofn.gov.cz/operation/1747996167112-cc05-d7c3-9bec",
      "dataPsmResource": "https://ofn.gov.cz/association/1747995435123-08cb-aa6c-86b7",
      "dataPsmTechnicalLabel": "vytvořeno"
    },
    {
      "types": [
        "core-operation",
        "https://ofn.gov.cz/slovník/psm/SetTechnicalLabel"
      ],
      "iri": "https://ofn.gov.cz/operation/1747996325514-55f4-a5df-a85a",
      "parent": "https://ofn.gov.cz/operation/1747996319590-0079-5f0d-b621",
      "dataPsmResource": "https://ofn.gov.cz/association/1747995435209-8c6c-0427-8be6",
      "dataPsmTechnicalLabel": "aktualizováno"
    },
    {
      "types": [
        "core-operation",
        "https://ofn.gov.cz/slovník/psm/SetInstancesHaveIdentity"
      ],
      "iri": "https://ofn.gov.cz/operation/1747996351774-6b81-c467-9a8e",
      "parent": "https://ofn.gov.cz/operation/1747996325514-55f4-a5df-a85a",
      "dataPsmClass": "https://ofn.gov.cz/class/1747995435081-fe3e-f598-884a",
      "instancesHaveIdentity": "OPTIONAL"
    },
    {
      "types": [
        "core-operation",
        "https://ofn.gov.cz/slovník/psm/SetInstancesHaveIdentity"
      ],
      "iri": "https://ofn.gov.cz/operation/1747996356339-67d9-0b8e-aeb3",
      "parent": "https://ofn.gov.cz/operation/1747996351774-6b81-c467-9a8e",
      "dataPsmClass": "https://ofn.gov.cz/class/1747995435170-aa63-df07-93ee",
      "instancesHaveIdentity": "OPTIONAL"
    },
    {
      "types": [
        "core-operation",
        "https://ofn.gov.cz/slovník/psm/SetJsonEnforceContext"
      ],
      "iri": "https://ofn.gov.cz/operation/1747997695808-6cf3-1547-8005",
      "parent": "https://ofn.gov.cz/operation/1747996356339-67d9-0b8e-aeb3",
      "dataPsmEntity": "f90a0244-96f5-49c9-9b26-7f6c585e1069",
      "jsonEnforceContext": "with-extensions"
    },
    {
      "types": [
        "core-operation",
        "https://ofn.gov.cz/slovník/psm/SetJsonLdDefinedPrefixes"
      ],
      "iri": "https://ofn.gov.cz/operation/1747997947972-5da6-c7ce-aad5",
      "parent": "https://ofn.gov.cz/operation/1747997695808-6cf3-1547-8005",
      "dataPsmEntity": "f90a0244-96f5-49c9-9b26-7f6c585e1069",
      "jsonLdDefinedPrefixes": {
        "skos": "http://www.w3.org/2004/02/skos/core#",
        "dcterms": "http://purl.org/dc/terms/",
        "slovníky": "https://slovník.gov.cz/generický/datový-slovník-ofn-slovníků/pojem/",
        "čas": "https://slovník.gov.cz/generický/čas/pojem/"
      }
    },
    {
      "types": [
        "core-operation",
        "https://ofn.gov.cz/slovník/psm/SetJsonLdDefinedPrefixes"
      ],
      "iri": "https://ofn.gov.cz/operation/1747998204788-b8e0-740c-bf4d",
      "parent": "https://ofn.gov.cz/operation/1747997947972-5da6-c7ce-aad5",
      "dataPsmEntity": "f90a0244-96f5-49c9-9b26-7f6c585e1069",
      "jsonLdDefinedPrefixes": {
        "skos": "http://www.w3.org/2004/02/skos/core#",
        "dcterms": "http://purl.org/dc/terms/",
        "slovníky": "https://slovník.gov.cz/generický/datový-slovník-ofn-slovníků/pojem/",
        "čas": "https://slovník.gov.cz/generický/čas/pojem/",
        "xsd": "http://www.w3.org/2001/XMLSchema#"
      }
    },
    {
      "types": [
        "core-operation",
        "https://ofn.gov.cz/slovník/psm/SetCardinality"
      ],
      "iri": "https://ofn.gov.cz/operation/1748001982992-2f4a-56b0-a715",
      "parent": "https://ofn.gov.cz/operation/1747998204788-b8e0-740c-bf4d",
      "entityId": "https://ofn.gov.cz/association/1747995435123-08cb-aa6c-86b7",
      "dataPsmCardinality": [
        0,
        1
      ]
    },
    {
      "types": [
        "core-operation",
        "https://ofn.gov.cz/slovník/psm/SetCardinality"
      ],
      "iri": "https://ofn.gov.cz/operation/1748001987101-bee2-3da5-af0f",
      "parent": "https://ofn.gov.cz/operation/1748001982992-2f4a-56b0-a715",
      "entityId": "https://ofn.gov.cz/association/1747995435209-8c6c-0427-8be6",
      "dataPsmCardinality": [
        0,
        1
      ]
    },
    {
      "types": [
        "core-operation",
        "https://ofn.gov.cz/slovník/psm/SetCardinality"
      ],
      "iri": "https://ofn.gov.cz/operation/1748002373299-1768-6ec5-a0ed",
      "parent": "https://ofn.gov.cz/operation/1748001987101-bee2-3da5-af0f",
      "entityId": "https://ofn.gov.cz/association/1747995435123-08cb-aa6c-86b7",
      "dataPsmCardinality": null
    },
    {
      "types": [
        "core-operation",
        "https://ofn.gov.cz/slovník/psm/SetCardinality"
      ],
      "iri": "https://ofn.gov.cz/operation/1748002376027-776b-df64-917d",
      "parent": "https://ofn.gov.cz/operation/1748002373299-1768-6ec5-a0ed",
      "entityId": "https://ofn.gov.cz/association/1747995435209-8c6c-0427-8be6",
      "dataPsmCardinality": null
    },
    {
      "types": [
        "core-operation",
        "https://ofn.gov.cz/slovník/psm/SetDataType"
      ],
      "iri": "https://ofn.gov.cz/operation/1748342985013-adc6-40a6-9be2",
      "parent": "https://ofn.gov.cz/operation/1748002376027-776b-df64-917d",
      "dataPsmAttribute": "https://ofn.gov.cz/attribute/1747995446541-7936-6e97-b814",
      "dataPsmDatatype": "http://www.w3.org/2001/XMLSchema#dateTimeStamp"
    },
    {
      "types": [
        "core-operation",
        "https://ofn.gov.cz/slovník/psm/SetDataType"
      ],
      "iri": "https://ofn.gov.cz/operation/1748342990967-afc7-9fc4-9068",
      "parent": "https://ofn.gov.cz/operation/1748342985013-adc6-40a6-9be2",
      "dataPsmAttribute": "https://ofn.gov.cz/attribute/1747995442593-8bb8-2d7c-88ba",
      "dataPsmDatatype": "http://www.w3.org/2001/XMLSchema#dateTimeStamp"
    },
    {
      "types": [
        "core-operation",
        "https://ofn.gov.cz/slovník/psm/SetIsClosed"
      ],
      "iri": "https://ofn.gov.cz/operation/1748352529355-c400-619f-9709",
      "parent": "https://ofn.gov.cz/operation/1748342990967-afc7-9fc4-9068",
      "dataPsmClass": "https://ofn.gov.cz/class/1747995435081-fe3e-f598-884a",
      "dataPsmIsClosed": true
    },
    {
      "types": [
        "core-operation",
        "https://ofn.gov.cz/slovník/psm/SetIsClosed"
      ],
      "iri": "https://ofn.gov.cz/operation/1748352533623-9a07-ea18-8f88",
      "parent": "https://ofn.gov.cz/operation/1748352529355-c400-619f-9709",
      "dataPsmClass": "https://ofn.gov.cz/class/1747995435170-aa63-df07-93ee",
      "dataPsmIsClosed": true
    },
    {
      "types": [
        "core-operation",
        "https://ofn.gov.cz/slovník/psm/SetTechnicalLabel"
      ],
      "iri": "https://ofn.gov.cz/operation/1752759217681-25f6-7910-82c9",
      "parent": "https://ofn.gov.cz/operation/1748352533623-9a07-ea18-8f88",
      "dataPsmResource": "f90a0244-96f5-49c9-9b26-7f6c585e1069",
      "dataPsmTechnicalLabel": "tezaurus"
    }
  ],
  "resources": {
    "f90a0244-96f5-49c9-9b26-7f6c585e1069": {
      "types": [
        "https://ofn.gov.cz/slovník/psm/Schema"
      ],
      "iri": "f90a0244-96f5-49c9-9b26-7f6c585e1069",
      "dataPsmHumanLabel": {
        "en": "Concept Scheme",
        "cs": "Tezaurus"
      },
      "dataPsmHumanDescription": {
        "en": "Data structure for Concept Scheme. Tezaurus je nejjednodušším typem slovníku.",
        "cs": "Datová struktura pro Tezaurus. Tezaurus je nejjednodušším typem slovníku."
      },
      "dataPsmTechnicalLabel": "tezaurus",
      "dataPsmRoots": [
        "https://ofn.gov.cz/class/1747995404611-e1be-c89f-8ab9"
      ],
      "dataPsmParts": [
        "https://ofn.gov.cz/class/1747995404611-e1be-c89f-8ab9",
        "https://ofn.gov.cz/attribute/1747995434997-6e6d-d6dc-bd6a",
        "https://ofn.gov.cz/attribute/1747995435042-f06a-4294-bf76",
        "https://ofn.gov.cz/class/1747995435081-fe3e-f598-884a",
        "https://ofn.gov.cz/association/1747995435123-08cb-aa6c-86b7",
        "https://ofn.gov.cz/class/1747995435170-aa63-df07-93ee",
        "https://ofn.gov.cz/association/1747995435209-8c6c-0427-8be6",
        "https://ofn.gov.cz/class/1747995435252-7fcc-0ad7-b77e",
        "https://ofn.gov.cz/association/1747995435293-22a7-2305-a58e",
        "https://ofn.gov.cz/attribute/1747995442549-78b5-c7c3-86b1",
        "https://ofn.gov.cz/attribute/1747995442593-8bb8-2d7c-88ba",
        "https://ofn.gov.cz/attribute/1747995442636-d513-08f3-8a46",
        "https://ofn.gov.cz/attribute/1747995446495-026f-f4d8-9e7d",
        "https://ofn.gov.cz/attribute/1747995446541-7936-6e97-b814",
        "https://ofn.gov.cz/attribute/1747995446588-2619-b9da-befe",
        "https://ofn.gov.cz/attribute/1747995515747-3dee-3a51-afa0",
        "https://ofn.gov.cz/attribute/1747995515800-b976-9dd3-86dc",
        "https://ofn.gov.cz/attribute/1747995515858-7765-664c-a79a",
        "https://ofn.gov.cz/class/1747995515910-c57a-7e1a-a897",
        "https://ofn.gov.cz/association/1747995515958-083e-5e18-88eb",
        "https://ofn.gov.cz/class/1747995516009-ab47-2153-8845",
        "https://ofn.gov.cz/association/1747995516059-13b9-9f0a-9624",
        "https://ofn.gov.cz/class/1747995516110-811e-eccd-b889",
        "https://ofn.gov.cz/association/1747995516159-358f-0387-b45c",
        "https://ofn.gov.cz/class/1747995516209-46d3-dfe9-b06f",
        "https://ofn.gov.cz/association/1747995516275-968f-ddef-95bd"
      ],
      "jsonLdDefinedTypeMapping": {
        "http://www.w3.org/2004/02/skos/core#Concept": "Koncept",
        "http://www.w3.org/2004/02/skos/core#ConceptScheme": "Tezaurus"
      },
      "jsonEnforceContext": "with-extensions",
      "jsonLdDefinedPrefixes": {
        "skos": "http://www.w3.org/2004/02/skos/core#",
        "dcterms": "http://purl.org/dc/terms/",
        "slovníky": "https://slovník.gov.cz/generický/datový-slovník-ofn-slovníků/pojem/",
        "čas": "https://slovník.gov.cz/generický/čas/pojem/",
        "xsd": "http://www.w3.org/2001/XMLSchema#"
      }
    },
    "https://ofn.gov.cz/class/1747995404611-e1be-c89f-8ab9": {
      "types": [
        "https://ofn.gov.cz/slovník/psm/Class"
      ],
      "iri": "https://ofn.gov.cz/class/1747995404611-e1be-c89f-8ab9",
      "dataPsmHumanLabel": null,
      "dataPsmHumanDescription": null,
      "dataPsmTechnicalLabel": "tezaurus",
      "dataPsmInterpretation": "h31s6hbky1im9ibc54o",
      "dataPsmExtends": [],
      "dataPsmParts": [
        "https://ofn.gov.cz/attribute/1747995434997-6e6d-d6dc-bd6a",
        "https://ofn.gov.cz/attribute/1747995435042-f06a-4294-bf76",
        "https://ofn.gov.cz/association/1747995435123-08cb-aa6c-86b7",
        "https://ofn.gov.cz/association/1747995435209-8c6c-0427-8be6",
        "https://ofn.gov.cz/association/1747995435293-22a7-2305-a58e"
      ],
      "dataPsmIsClosed": null
    },
    "https://ofn.gov.cz/attribute/1747995434997-6e6d-d6dc-bd6a": {
      "types": [
        "https://ofn.gov.cz/slovník/psm/Attribute"
      ],
      "iri": "https://ofn.gov.cz/attribute/1747995434997-6e6d-d6dc-bd6a",
      "dataPsmHumanLabel": null,
      "dataPsmHumanDescription": null,
      "dataPsmTechnicalLabel": "název",
      "dataPsmInterpretation": "2ynzqcmfszmm9ib60al",
      "dataPsmDatatype": "https://ofn.gov.cz/zdroj/základní-datové-typy/2020-07-01/text"
    },
    "https://ofn.gov.cz/attribute/1747995435042-f06a-4294-bf76": {
      "types": [
        "https://ofn.gov.cz/slovník/psm/Attribute"
      ],
      "iri": "https://ofn.gov.cz/attribute/1747995435042-f06a-4294-bf76",
      "dataPsmHumanLabel": null,
      "dataPsmHumanDescription": null,
      "dataPsmTechnicalLabel": "popis",
      "dataPsmInterpretation": "18iz808lfd9m9ib6nnk",
      "dataPsmDatatype": "https://ofn.gov.cz/zdroj/základní-datové-typy/2020-07-01/text"
    },
    "https://ofn.gov.cz/class/1747995435081-fe3e-f598-884a": {
      "types": [
        "https://ofn.gov.cz/slovník/psm/Class"
      ],
      "iri": "https://ofn.gov.cz/class/1747995435081-fe3e-f598-884a",
      "dataPsmHumanLabel": null,
      "dataPsmHumanDescription": null,
      "dataPsmTechnicalLabel": "časový_okamžik",
      "dataPsmInterpretation": "rug4doxs6wfm9jxqxsy",
      "dataPsmExtends": [],
      "dataPsmParts": [
        "https://ofn.gov.cz/attribute/1747995442549-78b5-c7c3-86b1",
        "https://ofn.gov.cz/attribute/1747995442593-8bb8-2d7c-88ba",
        "https://ofn.gov.cz/attribute/1747995442636-d513-08f3-8a46"
      ],
      "dataPsmIsClosed": true,
      "instancesHaveIdentity": "OPTIONAL"
    },
    "https://ofn.gov.cz/association/1747995435123-08cb-aa6c-86b7": {
      "types": [
        "https://ofn.gov.cz/slovník/psm/AssociationEnd"
      ],
      "iri": "https://ofn.gov.cz/association/1747995435123-08cb-aa6c-86b7",
      "dataPsmHumanLabel": null,
      "dataPsmHumanDescription": null,
      "dataPsmTechnicalLabel": "vytvořeno",
      "dataPsmInterpretation": "jjbalad349m9l9rmka",
      "dataPsmPart": "https://ofn.gov.cz/class/1747995435081-fe3e-f598-884a",
      "dataPsmIsReverse": false,
      "dataPsmIsDematerialize": null
    },
    "https://ofn.gov.cz/class/1747995435170-aa63-df07-93ee": {
      "types": [
        "https://ofn.gov.cz/slovník/psm/Class"
      ],
      "iri": "https://ofn.gov.cz/class/1747995435170-aa63-df07-93ee",
      "dataPsmHumanLabel": null,
      "dataPsmHumanDescription": null,
      "dataPsmTechnicalLabel": "časový_okamžik",
      "dataPsmInterpretation": "rug4doxs6wfm9jxqxsy",
      "dataPsmExtends": [],
      "dataPsmParts": [
        "https://ofn.gov.cz/attribute/1747995446495-026f-f4d8-9e7d",
        "https://ofn.gov.cz/attribute/1747995446541-7936-6e97-b814",
        "https://ofn.gov.cz/attribute/1747995446588-2619-b9da-befe"
      ],
      "dataPsmIsClosed": true,
      "instancesHaveIdentity": "OPTIONAL"
    },
    "https://ofn.gov.cz/association/1747995435209-8c6c-0427-8be6": {
      "types": [
        "https://ofn.gov.cz/slovník/psm/AssociationEnd"
      ],
      "iri": "https://ofn.gov.cz/association/1747995435209-8c6c-0427-8be6",
      "dataPsmHumanLabel": null,
      "dataPsmHumanDescription": null,
      "dataPsmTechnicalLabel": "aktualizováno",
      "dataPsmInterpretation": "ngmfpqclzobm9l9relu",
      "dataPsmPart": "https://ofn.gov.cz/class/1747995435170-aa63-df07-93ee",
      "dataPsmIsReverse": false,
      "dataPsmIsDematerialize": null
    },
    "https://ofn.gov.cz/class/1747995435252-7fcc-0ad7-b77e": {
      "types": [
        "https://ofn.gov.cz/slovník/psm/Class"
      ],
      "iri": "https://ofn.gov.cz/class/1747995435252-7fcc-0ad7-b77e",
      "dataPsmHumanLabel": null,
      "dataPsmHumanDescription": null,
      "dataPsmTechnicalLabel": "pojem",
      "dataPsmInterpretation": "102gw4osjd3rm9ibdkxp",
      "dataPsmExtends": [],
      "dataPsmParts": [
        "https://ofn.gov.cz/attribute/1747995515747-3dee-3a51-afa0",
        "https://ofn.gov.cz/attribute/1747995515800-b976-9dd3-86dc",
        "https://ofn.gov.cz/attribute/1747995515858-7765-664c-a79a",
        "https://ofn.gov.cz/association/1747995515958-083e-5e18-88eb",
        "https://ofn.gov.cz/association/1747995516059-13b9-9f0a-9624",
        "https://ofn.gov.cz/association/1747995516159-358f-0387-b45c",
        "https://ofn.gov.cz/association/1747995516275-968f-ddef-95bd"
      ],
      "dataPsmIsClosed": null
    },
    "https://ofn.gov.cz/association/1747995435293-22a7-2305-a58e": {
      "types": [
        "https://ofn.gov.cz/slovník/psm/AssociationEnd"
      ],
      "iri": "https://ofn.gov.cz/association/1747995435293-22a7-2305-a58e",
      "dataPsmHumanLabel": null,
      "dataPsmHumanDescription": null,
      "dataPsmTechnicalLabel": "pojmy",
      "dataPsmInterpretation": "pg2qpy5ymmdm9ibfrd6",
      "dataPsmPart": "https://ofn.gov.cz/class/1747995435252-7fcc-0ad7-b77e",
      "dataPsmIsReverse": true,
      "dataPsmIsDematerialize": null
    },
    "https://ofn.gov.cz/attribute/1747995442549-78b5-c7c3-86b1": {
      "types": [
        "https://ofn.gov.cz/slovník/psm/Attribute"
      ],
      "iri": "https://ofn.gov.cz/attribute/1747995442549-78b5-c7c3-86b1",
      "dataPsmHumanLabel": null,
      "dataPsmHumanDescription": null,
      "dataPsmTechnicalLabel": "je_nespecifikovaný",
      "dataPsmInterpretation": "6fp4bg315jom9jxs2i9",
      "dataPsmDatatype": "http://www.w3.org/2001/XMLSchema#boolean"
    },
    "https://ofn.gov.cz/attribute/1747995442593-8bb8-2d7c-88ba": {
      "types": [
        "https://ofn.gov.cz/slovník/psm/Attribute"
      ],
      "iri": "https://ofn.gov.cz/attribute/1747995442593-8bb8-2d7c-88ba",
      "dataPsmHumanLabel": null,
      "dataPsmHumanDescription": null,
      "dataPsmTechnicalLabel": "datum_a_čas",
      "dataPsmInterpretation": "0fls5k4qesp5m9jxrrl6",
      "dataPsmDatatype": "http://www.w3.org/2001/XMLSchema#dateTimeStamp"
    },
    "https://ofn.gov.cz/attribute/1747995442636-d513-08f3-8a46": {
      "types": [
        "https://ofn.gov.cz/slovník/psm/Attribute"
      ],
      "iri": "https://ofn.gov.cz/attribute/1747995442636-d513-08f3-8a46",
      "dataPsmHumanLabel": null,
      "dataPsmHumanDescription": null,
      "dataPsmTechnicalLabel": "datum",
      "dataPsmInterpretation": "4ee912iphv7m9jxrjjm",
      "dataPsmDatatype": "http://www.w3.org/2001/XMLSchema#date"
    },
    "https://ofn.gov.cz/attribute/1747995446495-026f-f4d8-9e7d": {
      "types": [
        "https://ofn.gov.cz/slovník/psm/Attribute"
      ],
      "iri": "https://ofn.gov.cz/attribute/1747995446495-026f-f4d8-9e7d",
      "dataPsmHumanLabel": null,
      "dataPsmHumanDescription": null,
      "dataPsmTechnicalLabel": "je_nespecifikovaný",
      "dataPsmInterpretation": "6fp4bg315jom9jxs2i9",
      "dataPsmDatatype": "http://www.w3.org/2001/XMLSchema#boolean"
    },
    "https://ofn.gov.cz/attribute/1747995446541-7936-6e97-b814": {
      "types": [
        "https://ofn.gov.cz/slovník/psm/Attribute"
      ],
      "iri": "https://ofn.gov.cz/attribute/1747995446541-7936-6e97-b814",
      "dataPsmHumanLabel": null,
      "dataPsmHumanDescription": null,
      "dataPsmTechnicalLabel": "datum_a_čas",
      "dataPsmInterpretation": "0fls5k4qesp5m9jxrrl6",
      "dataPsmDatatype": "http://www.w3.org/2001/XMLSchema#dateTimeStamp"
    },
    "https://ofn.gov.cz/attribute/1747995446588-2619-b9da-befe": {
      "types": [
        "https://ofn.gov.cz/slovník/psm/Attribute"
      ],
      "iri": "https://ofn.gov.cz/attribute/1747995446588-2619-b9da-befe",
      "dataPsmHumanLabel": null,
      "dataPsmHumanDescription": null,
      "dataPsmTechnicalLabel": "datum",
      "dataPsmInterpretation": "4ee912iphv7m9jxrjjm",
      "dataPsmDatatype": "http://www.w3.org/2001/XMLSchema#date"
    },
    "https://ofn.gov.cz/attribute/1747995515747-3dee-3a51-afa0": {
      "types": [
        "https://ofn.gov.cz/slovník/psm/Attribute"
      ],
      "iri": "https://ofn.gov.cz/attribute/1747995515747-3dee-3a51-afa0",
      "dataPsmHumanLabel": null,
      "dataPsmHumanDescription": null,
      "dataPsmTechnicalLabel": "název",
      "dataPsmInterpretation": "z9q9byb7wjim9ibmksb",
      "dataPsmDatatype": "https://ofn.gov.cz/zdroj/základní-datové-typy/2020-07-01/text"
    },
    "https://ofn.gov.cz/attribute/1747995515800-b976-9dd3-86dc": {
      "types": [
        "https://ofn.gov.cz/slovník/psm/Attribute"
      ],
      "iri": "https://ofn.gov.cz/attribute/1747995515800-b976-9dd3-86dc",
      "dataPsmHumanLabel": null,
      "dataPsmHumanDescription": null,
      "dataPsmTechnicalLabel": "popis",
      "dataPsmInterpretation": "lbvcpjryvzim9ibnir9",
      "dataPsmDatatype": "https://ofn.gov.cz/zdroj/základní-datové-typy/2020-07-01/text"
    },
    "https://ofn.gov.cz/attribute/1747995515858-7765-664c-a79a": {
      "types": [
        "https://ofn.gov.cz/slovník/psm/Attribute"
      ],
      "iri": "https://ofn.gov.cz/attribute/1747995515858-7765-664c-a79a",
      "dataPsmHumanLabel": null,
      "dataPsmHumanDescription": null,
      "dataPsmTechnicalLabel": "definice",
      "dataPsmInterpretation": "c54rm58496mm9iboguy",
      "dataPsmDatatype": "https://ofn.gov.cz/zdroj/základní-datové-typy/2020-07-01/text"
    },
    "https://ofn.gov.cz/class/1747995515910-c57a-7e1a-a897": {
      "types": [
        "https://ofn.gov.cz/slovník/psm/Class"
      ],
      "iri": "https://ofn.gov.cz/class/1747995515910-c57a-7e1a-a897",
      "dataPsmHumanLabel": null,
      "dataPsmHumanDescription": null,
      "dataPsmTechnicalLabel": "ustanovení",
      "dataPsmInterpretation": "kiyu8d9gejqm9ibtb34",
      "dataPsmExtends": [],
      "dataPsmParts": [],
      "dataPsmIsClosed": null
    },
    "https://ofn.gov.cz/association/1747995515958-083e-5e18-88eb": {
      "types": [
        "https://ofn.gov.cz/slovník/psm/AssociationEnd"
      ],
      "iri": "https://ofn.gov.cz/association/1747995515958-083e-5e18-88eb",
      "dataPsmHumanLabel": null,
      "dataPsmHumanDescription": null,
      "dataPsmTechnicalLabel": "definující-ustanovení-právního-předpisu",
      "dataPsmInterpretation": "2pglzgyzf43m9ibvkeh",
      "dataPsmPart": "https://ofn.gov.cz/class/1747995515910-c57a-7e1a-a897",
      "dataPsmIsReverse": false,
      "dataPsmIsDematerialize": null
    },
    "https://ofn.gov.cz/class/1747995516009-ab47-2153-8845": {
      "types": [
        "https://ofn.gov.cz/slovník/psm/Class"
      ],
      "iri": "https://ofn.gov.cz/class/1747995516009-ab47-2153-8845",
      "dataPsmHumanLabel": null,
      "dataPsmHumanDescription": null,
      "dataPsmTechnicalLabel": "ustanovení",
      "dataPsmInterpretation": "kiyu8d9gejqm9ibtb34",
      "dataPsmExtends": [],
      "dataPsmParts": [],
      "dataPsmIsClosed": null
    },
    "https://ofn.gov.cz/association/1747995516059-13b9-9f0a-9624": {
      "types": [
        "https://ofn.gov.cz/slovník/psm/AssociationEnd"
      ],
      "iri": "https://ofn.gov.cz/association/1747995516059-13b9-9f0a-9624",
      "dataPsmHumanLabel": null,
      "dataPsmHumanDescription": null,
      "dataPsmTechnicalLabel": "související-ustanovení-právního-předpisu",
      "dataPsmInterpretation": "liflob82uom9ibun9f",
      "dataPsmPart": "https://ofn.gov.cz/class/1747995516009-ab47-2153-8845",
      "dataPsmIsReverse": false,
      "dataPsmIsDematerialize": null
    },
    "https://ofn.gov.cz/class/1747995516110-811e-eccd-b889": {
      "types": [
        "https://ofn.gov.cz/slovník/psm/Class"
      ],
      "iri": "https://ofn.gov.cz/class/1747995516110-811e-eccd-b889",
      "dataPsmHumanLabel": null,
      "dataPsmHumanDescription": null,
      "dataPsmTechnicalLabel": "pojem",
      "dataPsmInterpretation": "102gw4osjd3rm9ibdkxp",
      "dataPsmExtends": [],
      "dataPsmParts": [],
      "dataPsmIsClosed": null
    },
    "https://ofn.gov.cz/association/1747995516159-358f-0387-b45c": {
      "types": [
        "https://ofn.gov.cz/slovník/psm/AssociationEnd"
      ],
      "iri": "https://ofn.gov.cz/association/1747995516159-358f-0387-b45c",
      "dataPsmHumanLabel": null,
      "dataPsmHumanDescription": null,
      "dataPsmTechnicalLabel": "ekvivalentní-pojem",
      "dataPsmInterpretation": "ac0xb7g4gasm9ibyjmc",
      "dataPsmPart": "https://ofn.gov.cz/class/1747995516110-811e-eccd-b889",
      "dataPsmIsReverse": false,
      "dataPsmIsDematerialize": null
    },
    "https://ofn.gov.cz/class/1747995516209-46d3-dfe9-b06f": {
      "types": [
        "https://ofn.gov.cz/slovník/psm/Class"
      ],
      "iri": "https://ofn.gov.cz/class/1747995516209-46d3-dfe9-b06f",
      "dataPsmHumanLabel": null,
      "dataPsmHumanDescription": null,
      "dataPsmTechnicalLabel": "pojem",
      "dataPsmInterpretation": "102gw4osjd3rm9ibdkxp",
      "dataPsmExtends": [],
      "dataPsmParts": [],
      "dataPsmIsClosed": null
    },
    "https://ofn.gov.cz/association/1747995516275-968f-ddef-95bd": {
      "types": [
        "https://ofn.gov.cz/slovník/psm/AssociationEnd"
      ],
      "iri": "https://ofn.gov.cz/association/1747995516275-968f-ddef-95bd",
      "dataPsmHumanLabel": null,
      "dataPsmHumanDescription": null,
      "dataPsmTechnicalLabel": "nadřazený-pojem",
      "dataPsmInterpretation": "fpvzuwx12bim9ibxssa",
      "dataPsmPart": "https://ofn.gov.cz/class/1747995516209-46d3-dfe9-b06f",
      "dataPsmIsReverse": false,
      "dataPsmIsDematerialize": null
    }
  }
}