{
  "iri": "69160fc4-9370-4130-8795-a4ff50a70a28/8e9e8b3e-b953-409e-b222-7a6ea593b006/828ac863-29ae-4af9-a002-bbc9971154b7/20289b8a-b587-45f3-84e7-05c3271cb4e6",
  "types": [
    "https://dataspecer.com/core/model-descriptor/pim-store-wrapper"
  ],
  "userMetadata": {
    "documentBaseUrl": "https://www.dublincore.org/specifications/dublin-core/dcmi-terms/dublin_core_terms.ttl",
    "label": {
      "en": "dublin_core_terms"
    }
  },
  "metadata": {
    "creationDate": "2026-01-09T11:46:24.079Z",
    "modificationDate": "2026-01-09T11:46:24.167Z"
  },
  "_version": 1,
  "_exportVersion": 1,
  "_exportedAt": "2026-01-20T07:05:56.011Z",
  "_exportedBy": "http://localhost:3100"
}