{
  "iri": "69160fc4-9370-4130-8795-a4ff50a70a28/8e9e8b3e-b953-409e-b222-7a6ea593b006/828ac863-29ae-4af9-a002-bbc9971154b7/e0efa71a-679e-481e-b381-4d87f7d5c1d5",
  "types": [
    "https://dataspecer.com/core/model-descriptor/pim-store-wrapper"
  ],
  "userMetadata": {
    "documentBaseUrl": "https://www.w3.org/ns/dcat3.ttl",
    "label": {
      "en": "dcat3"
    }
  },
  "metadata": {
    "creationDate": "2026-01-09T11:46:24.758Z",
    "modificationDate": "2026-01-09T11:46:25.391Z"
  },
  "_version": 1,
  "_exportVersion": 1,
  "_exportedAt": "2026-01-09T11:53:11.640Z",
  "_exportedBy": "http://localhost:3100"
}