{
  "iri": "db2ad74f-ec45-4d46-84f8-24d36fbb4200/4647bae8-bd76-48f9-b32d-dbbebdf10666/395b8090-0dbb-4a5f-8581-a9b3a81c3db3/85ae0008-8d16-425a-b761-88936488d683/1d74d68a-c88b-47f4-9a8a-ca75c49ac823",
  "types": [
    "https://dataspecer.com/core/model-descriptor/pim-store-wrapper"
  ],
  "userMetadata": {
    "documentBaseUrl": "https://semiceu.github.io/Core-Location-Vocabulary/releases/2.00/voc/core-location-ap.ttl",
    "label": {
      "en": "core-location-ap"
    }
  },
  "metadata": {
    "creationDate": "2025-03-10T12:19:49.463Z",
    "modificationDate": "2025-03-14T07:32:56.330Z"
  },
  "_version": 1,
  "_exportVersion": 1,
  "_exportedAt": "2025-03-14T07:38:38.294Z",
  "_exportedBy": "http://localhost:3100"
}