{
  "iri": "db2ad74f-ec45-4d46-84f8-24d36fbb4200/4647bae8-bd76-48f9-b32d-dbbebdf10666/395b8090-0dbb-4a5f-8581-a9b3a81c3db3/85ae0008-8d16-425a-b761-88936488d683/29905b4f-027f-4a20-b28f-5e5682e833cd",
  "types": [
    "https://dataspecer.com/core/model-descriptor/pim-store-wrapper"
  ],
  "userMetadata": {
    "documentBaseUrl": "https://www.dublincore.org/specifications/dublin-core/dcmi-terms/dublin_core_terms.ttl",
    "label": {
      "en": "dublin_core_terms"
    }
  },
  "metadata": {
    "creationDate": "2025-03-10T12:19:49.579Z",
    "modificationDate": "2025-03-14T07:32:56.375Z"
  },
  "_version": 1,
  "_exportVersion": 1,
  "_exportedAt": "2025-03-14T07:38:38.295Z",
  "_exportedBy": "http://localhost:3100"
}