{
  "iri": "db2ad74f-ec45-4d46-84f8-24d36fbb4200/4647bae8-bd76-48f9-b32d-dbbebdf10666/395b8090-0dbb-4a5f-8581-a9b3a81c3db3/85ae0008-8d16-425a-b761-88936488d683/a395d90a-6597-4403-9428-62b290cb87e2",
  "types": [
    "https://dataspecer.com/core/model-descriptor/pim-store-wrapper"
  ],
  "userMetadata": {
    "documentBaseUrl": "https://www.w3.org/ns/legacy_adms",
    "label": {
      "en": "legacy_adms"
    }
  },
  "metadata": {
    "creationDate": "2025-03-10T12:19:50.628Z",
    "modificationDate": "2025-03-13T13:51:13.999Z"
  },
  "_version": 1,
  "_exportVersion": 1,
  "_exportedAt": "2025-03-13T13:51:43.485Z",
  "_exportedBy": "http://localhost:3100"
}