{
  "iri": "db2ad74f-ec45-4d46-84f8-24d36fbb4200/4647bae8-bd76-48f9-b32d-dbbebdf10666/395b8090-0dbb-4a5f-8581-a9b3a81c3db3/85ae0008-8d16-425a-b761-88936488d683/profile",
  "types": [
    "http://dataspecer.com/resources/local/semantic-model"
  ],
  "userMetadata": {
    "label": {
      "en": "DCAT Default Application Profile"
    },
    "documentBaseUrl": "https://mff-uk.github.io/specifications/dcat-dap/"
  },
  "metadata": {
    "creationDate": "2025-03-10T12:19:52.241Z",
    "modificationDate": "2025-03-13T13:46:00.205Z"
  },
  "_version": 1,
  "_exportVersion": 1,
  "_exportedAt": "2025-03-13T13:51:43.494Z",
  "_exportedBy": "http://localhost:3100"
}