{
  "iri": "3fa68912-ad39-453e-abce-1956e4ca23cf",
  "types": [
    "http://dataspecer.com/resources/local/package"
  ],
  "userMetadata": {
    "label": {
      "en": "DCAT-AP-CZ: Datové sady s vysokou socio-ekonomickou hodnotou (HVD)"
    },
    "description": {
      "cs": "Tato specifikace je určena pro popisování datových sad s vysokou socio-ekonomickou hodnotou, tzv. High-Value Datasets"
    }
  },
  "metadata": {
    "creationDate": "2026-01-09T13:03:20.270Z",
    "modificationDate": "2026-01-13T08:28:52.854Z"
  },
  "_version": 1,
  "_exportVersion": 1,
  "_exportedAt": "2026-01-13T08:29:02.401Z",
  "_exportedBy": "http://localhost:3100"
}