{
  "iri": "071d65d3-8ce6-4a5c-b302-8a2a9f4abfa2",
  "types": [
    "http://dataspecer.com/resources/v1/psm"
  ],
  "userMetadata": {
    "label": {
      "en": "Dataset Series",
      "cs": "Série datových sad"
    },
    "description": {
      "en": "Data structure for Dataset Series. A collection of datasets that are published separately, but share some characteristics that group them.",
      "cs": "Datová struktura pro Série datových sad. Série datových sad zastřešuje související datové sady a jiné série. Souvislost může být časová (rozpočet v letech), prostorová (seznamy ulic v obcích) či tématická (datové sady z jednoho systému)."
    }
  },
  "metadata": {
    "creationDate": "2026-01-09T15:03:02.081Z",
    "modificationDate": "2026-01-13T09:28:35.166Z"
  },
  "_version": 1,
  "_exportVersion": 1,
  "_exportedAt": "2026-01-13T16:21:49.852Z",
  "_exportedBy": "http://localhost:3100"
}