{
  "operations": [
    {
      "types": [
        "core-operation",
        "https://ofn.gov.cz/slovník/psm/CreateClass"
      ],
      "iri": "https://ofn.gov.cz/operation/1767970981519-f0d4-3bb2-a2d2",
      "parent": null,
      "dataPsmNewIri": null,
      "dataPsmInterpretation": "ufo7fk25hmk6welt8",
      "dataPsmTechnicalLabel": "série_datových_sad",
      "dataPsmHumanLabel": null,
      "dataPsmHumanDescription": null,
      "dataPsmExtends": [],
      "dataPsmIsClosed": null
    },
    {
      "types": [
        "core-operation",
        "https://ofn.gov.cz/slovník/psm/SetRoots"
      ],
      "iri": "https://ofn.gov.cz/operation/1767970981542-ca0c-c9ed-85c6",
      "parent": "https://ofn.gov.cz/operation/1767970981519-f0d4-3bb2-a2d2",
      "dataPsmRoots": [
        "https://ofn.gov.cz/class/1767970981519-65f0-b0f3-b2f0"
      ]
    },
    {
      "types": [
        "core-operation",
        "https://ofn.gov.cz/slovník/psm/SetHumanLabel"
      ],
      "iri": "https://ofn.gov.cz/operation/1767970981569-1a17-f840-9f94",
      "parent": "https://ofn.gov.cz/operation/1767970981542-ca0c-c9ed-85c6",
      "dataPsmResource": "071d65d3-8ce6-4a5c-b302-8a2a9f4abfa2",
      "dataPsmHumanLabel": {
        "en": "Dataset Series",
        "cs": "Série datových sad"
      }
    },
    {
      "types": [
        "core-operation",
        "https://ofn.gov.cz/slovník/psm/SetHumanDescription"
      ],
      "iri": "https://ofn.gov.cz/operation/1767970981592-f9c6-332b-9883",
      "parent": "https://ofn.gov.cz/operation/1767970981569-1a17-f840-9f94",
      "dataPsmResource": "071d65d3-8ce6-4a5c-b302-8a2a9f4abfa2",
      "dataPsmHumanDescription": {
        "en": "Data structure for Dataset Series. A collection of datasets that are published separately, but share some characteristics that group them.",
        "cs": "Datová struktura pro Série datových sad. Série datových sad zastřešuje související datové sady a jiné série. Souvislost může být časová (rozpočet v letech), prostorová (seznamy ulic v obcích) či tématická (datové sady z jednoho systému)."
      }
    },
    {
      "types": [
        "core-operation",
        "https://ofn.gov.cz/slovník/psm/SetTechnicalLabel"
      ],
      "iri": "https://ofn.gov.cz/operation/1767970990436-3026-654d-93bd",
      "parent": "https://ofn.gov.cz/operation/1767970981592-f9c6-332b-9883",
      "dataPsmResource": "071d65d3-8ce6-4a5c-b302-8a2a9f4abfa2",
      "dataPsmTechnicalLabel": "série-datových-sad"
    },
    {
      "types": [
        "core-operation",
        "https://ofn.gov.cz/slovník/psm/SetJsonEnforceContext"
      ],
      "iri": "https://ofn.gov.cz/operation/1767970990454-8ac2-26d3-bdfe",
      "parent": "https://ofn.gov.cz/operation/1767970990436-3026-654d-93bd",
      "dataPsmEntity": "071d65d3-8ce6-4a5c-b302-8a2a9f4abfa2",
      "jsonEnforceContext": "no"
    }
  ],
  "resources": {
    "071d65d3-8ce6-4a5c-b302-8a2a9f4abfa2": {
      "types": [
        "https://ofn.gov.cz/slovník/psm/Schema"
      ],
      "iri": "071d65d3-8ce6-4a5c-b302-8a2a9f4abfa2",
      "dataPsmHumanLabel": {
        "en": "Dataset Series",
        "cs": "Série datových sad"
      },
      "dataPsmHumanDescription": {
        "en": "Data structure for Dataset Series. A collection of datasets that are published separately, but share some characteristics that group them.",
        "cs": "Datová struktura pro Série datových sad. Série datových sad zastřešuje související datové sady a jiné série. Souvislost může být časová (rozpočet v letech), prostorová (seznamy ulic v obcích) či tématická (datové sady z jednoho systému)."
      },
      "dataPsmTechnicalLabel": "série-datových-sad",
      "dataPsmRoots": [
        "https://ofn.gov.cz/class/1767970981519-65f0-b0f3-b2f0"
      ],
      "dataPsmParts": [
        "https://ofn.gov.cz/class/1767970981519-65f0-b0f3-b2f0"
      ],
      "jsonEnforceContext": "no"
    },
    "https://ofn.gov.cz/class/1767970981519-65f0-b0f3-b2f0": {
      "types": [
        "https://ofn.gov.cz/slovník/psm/Class"
      ],
      "iri": "https://ofn.gov.cz/class/1767970981519-65f0-b0f3-b2f0",
      "dataPsmHumanLabel": null,
      "dataPsmHumanDescription": null,
      "dataPsmTechnicalLabel": "série_datových_sad",
      "dataPsmInterpretation": "ufo7fk25hmk6welt8",
      "dataPsmExtends": [],
      "dataPsmParts": [],
      "dataPsmIsClosed": null
    }
  }
}