{
  "operations": [
    {
      "types": [
        "core-operation",
        "https://ofn.gov.cz/slovník/psm/CreateClass"
      ],
      "iri": "https://ofn.gov.cz/operation/1767970981519-f0d4-3bb2-a2d2",
      "parent": null,
      "dataPsmNewIri": null,
      "dataPsmInterpretation": "ufo7fk25hmk6welt8",
      "dataPsmTechnicalLabel": "série_datových_sad",
      "dataPsmHumanLabel": null,
      "dataPsmHumanDescription": null,
      "dataPsmExtends": [],
      "dataPsmIsClosed": null
    },
    {
      "types": [
        "core-operation",
        "https://ofn.gov.cz/slovník/psm/SetRoots"
      ],
      "iri": "https://ofn.gov.cz/operation/1767970981542-ca0c-c9ed-85c6",
      "parent": "https://ofn.gov.cz/operation/1767970981519-f0d4-3bb2-a2d2",
      "dataPsmRoots": [
        "https://ofn.gov.cz/class/1767970981519-65f0-b0f3-b2f0"
      ]
    },
    {
      "types": [
        "core-operation",
        "https://ofn.gov.cz/slovník/psm/SetHumanLabel"
      ],
      "iri": "https://ofn.gov.cz/operation/1767970981569-1a17-f840-9f94",
      "parent": "https://ofn.gov.cz/operation/1767970981542-ca0c-c9ed-85c6",
      "dataPsmResource": "071d65d3-8ce6-4a5c-b302-8a2a9f4abfa2",
      "dataPsmHumanLabel": {
        "en": "Dataset Series",
        "cs": "Série datových sad"
      }
    },
    {
      "types": [
        "core-operation",
        "https://ofn.gov.cz/slovník/psm/SetHumanDescription"
      ],
      "iri": "https://ofn.gov.cz/operation/1767970981592-f9c6-332b-9883",
      "parent": "https://ofn.gov.cz/operation/1767970981569-1a17-f840-9f94",
      "dataPsmResource": "071d65d3-8ce6-4a5c-b302-8a2a9f4abfa2",
      "dataPsmHumanDescription": {
        "en": "Data structure for Dataset Series. A collection of datasets that are published separately, but share some characteristics that group them.",
        "cs": "Datová struktura pro Série datových sad. Série datových sad zastřešuje související datové sady a jiné série. Souvislost může být časová (rozpočet v letech), prostorová (seznamy ulic v obcích) či tématická (datové sady z jednoho systému)."
      }
    },
    {
      "types": [
        "core-operation",
        "https://ofn.gov.cz/slovník/psm/SetTechnicalLabel"
      ],
      "iri": "https://ofn.gov.cz/operation/1767970990436-3026-654d-93bd",
      "parent": "https://ofn.gov.cz/operation/1767970981592-f9c6-332b-9883",
      "dataPsmResource": "071d65d3-8ce6-4a5c-b302-8a2a9f4abfa2",
      "dataPsmTechnicalLabel": "série-datových-sad"
    },
    {
      "types": [
        "core-operation",
        "https://ofn.gov.cz/slovník/psm/SetJsonEnforceContext"
      ],
      "iri": "https://ofn.gov.cz/operation/1767970990454-8ac2-26d3-bdfe",
      "parent": "https://ofn.gov.cz/operation/1767970990436-3026-654d-93bd",
      "dataPsmEntity": "071d65d3-8ce6-4a5c-b302-8a2a9f4abfa2",
      "jsonEnforceContext": "no"
    },
    {
      "types": [
        "core-operation",
        "https://ofn.gov.cz/slovník/psm/CreateAttribute"
      ],
      "iri": "https://ofn.gov.cz/operation/1768288476596-4e27-f6fb-ba2a",
      "parent": "https://ofn.gov.cz/operation/1767970990454-8ac2-26d3-bdfe",
      "dataPsmNewIri": null,
      "dataPsmInterpretation": "c7k4osdvmytmk6zo4c9",
      "dataPsmTechnicalLabel": "popis",
      "dataPsmHumanLabel": null,
      "dataPsmHumanDescription": null,
      "dataPsmOwner": "https://ofn.gov.cz/class/1767970981519-65f0-b0f3-b2f0",
      "dataPsmDatatype": "https://ofn.gov.cz/zdroj/základní-datové-typy/2020-07-01/text"
    },
    {
      "types": [
        "core-operation",
        "https://ofn.gov.cz/slovník/psm/CreateAttribute"
      ],
      "iri": "https://ofn.gov.cz/operation/1768288476619-cf1f-4fcf-b0bc",
      "parent": "https://ofn.gov.cz/operation/1768288476596-4e27-f6fb-ba2a",
      "dataPsmNewIri": null,
      "dataPsmInterpretation": "c72tyhzpusmk6znrjb",
      "dataPsmTechnicalLabel": "název",
      "dataPsmHumanLabel": null,
      "dataPsmHumanDescription": null,
      "dataPsmOwner": "https://ofn.gov.cz/class/1767970981519-65f0-b0f3-b2f0",
      "dataPsmDatatype": "https://ofn.gov.cz/zdroj/základní-datové-typy/2020-07-01/text"
    },
    {
      "types": [
        "core-operation",
        "https://ofn.gov.cz/slovník/psm/CreateClass"
      ],
      "iri": "https://ofn.gov.cz/operation/1768288476644-467b-cd53-ba6b",
      "parent": "https://ofn.gov.cz/operation/1768288476619-cf1f-4fcf-b0bc",
      "dataPsmNewIri": null,
      "dataPsmInterpretation": "sqw8r4c908mk6wles3",
      "dataPsmTechnicalLabel": "kontaktní_bod",
      "dataPsmHumanLabel": null,
      "dataPsmHumanDescription": null,
      "dataPsmExtends": [],
      "dataPsmIsClosed": null
    },
    {
      "types": [
        "core-operation",
        "https://ofn.gov.cz/slovník/psm/CreateAssociationEnd"
      ],
      "iri": "https://ofn.gov.cz/operation/1768288476665-12a7-7c76-83ef",
      "parent": "https://ofn.gov.cz/operation/1768288476644-467b-cd53-ba6b",
      "dataPsmNewIri": null,
      "dataPsmInterpretation": "784kxut27qqmk6zn3l1",
      "dataPsmTechnicalLabel": "kontaktní_bod",
      "dataPsmHumanLabel": null,
      "dataPsmHumanDescription": null,
      "dataPsmOwner": "https://ofn.gov.cz/class/1767970981519-65f0-b0f3-b2f0",
      "dataPsmPart": "https://ofn.gov.cz/class/1768288476644-dc04-b329-a732",
      "dataPsmIsReverse": false,
      "dataPsmIsDematerialize": null
    },
    {
      "types": [
        "core-operation",
        "https://ofn.gov.cz/slovník/psm/CreateClass"
      ],
      "iri": "https://ofn.gov.cz/operation/1768288476696-ea5a-3c05-a074",
      "parent": "https://ofn.gov.cz/operation/1768288476665-12a7-7c76-83ef",
      "dataPsmNewIri": null,
      "dataPsmInterpretation": "c2hru9durormk6x3e5i",
      "dataPsmTechnicalLabel": "kategorie_hvd",
      "dataPsmHumanLabel": null,
      "dataPsmHumanDescription": null,
      "dataPsmExtends": [],
      "dataPsmIsClosed": null
    },
    {
      "types": [
        "core-operation",
        "https://ofn.gov.cz/slovník/psm/CreateAssociationEnd"
      ],
      "iri": "https://ofn.gov.cz/operation/1768288476722-e525-68df-b86d",
      "parent": "https://ofn.gov.cz/operation/1768288476696-ea5a-3c05-a074",
      "dataPsmNewIri": null,
      "dataPsmInterpretation": "zcno3jc1xmkmk6xkbtd",
      "dataPsmTechnicalLabel": "kategorie_hvd",
      "dataPsmHumanLabel": null,
      "dataPsmHumanDescription": null,
      "dataPsmOwner": "https://ofn.gov.cz/class/1767970981519-65f0-b0f3-b2f0",
      "dataPsmPart": "https://ofn.gov.cz/class/1768288476696-77bb-e29c-ba8a",
      "dataPsmIsReverse": false,
      "dataPsmIsDematerialize": null
    },
    {
      "types": [
        "core-operation",
        "https://ofn.gov.cz/slovník/psm/CreateClass"
      ],
      "iri": "https://ofn.gov.cz/operation/1768288476749-156d-8d72-9751",
      "parent": "https://ofn.gov.cz/operation/1768288476722-e525-68df-b86d",
      "dataPsmNewIri": null,
      "dataPsmInterpretation": "eqel1cecbhmmk6wpmjg",
      "dataPsmTechnicalLabel": "právní_předpis",
      "dataPsmHumanLabel": null,
      "dataPsmHumanDescription": null,
      "dataPsmExtends": [],
      "dataPsmIsClosed": null
    },
    {
      "types": [
        "core-operation",
        "https://ofn.gov.cz/slovník/psm/CreateAssociationEnd"
      ],
      "iri": "https://ofn.gov.cz/operation/1768288476776-3b6b-8137-a2c9",
      "parent": "https://ofn.gov.cz/operation/1768288476749-156d-8d72-9751",
      "dataPsmNewIri": null,
      "dataPsmInterpretation": "jj6acnjjsdmk6xgq6c",
      "dataPsmTechnicalLabel": "příslušný_právní_předpis",
      "dataPsmHumanLabel": null,
      "dataPsmHumanDescription": null,
      "dataPsmOwner": "https://ofn.gov.cz/class/1767970981519-65f0-b0f3-b2f0",
      "dataPsmPart": "https://ofn.gov.cz/class/1768288476749-5ce5-cf05-8f6e",
      "dataPsmIsReverse": false,
      "dataPsmIsDematerialize": null
    },
    {
      "types": [
        "core-operation",
        "https://ofn.gov.cz/slovník/psm/SetOrder"
      ],
      "iri": "https://ofn.gov.cz/operation/1768288478903-7e13-9030-b79d",
      "parent": "https://ofn.gov.cz/operation/1768288476776-3b6b-8137-a2c9",
      "dataPsmOwnerClass": "https://ofn.gov.cz/class/1767970981519-65f0-b0f3-b2f0",
      "dataPsmResourceToMove": "https://ofn.gov.cz/attribute/1768288476619-7242-f8ee-9f0b",
      "dataPsmMoveAfter": null
    },
    {
      "types": [
        "core-operation",
        "https://ofn.gov.cz/slovník/psm/CreateAttribute"
      ],
      "iri": "https://ofn.gov.cz/operation/1768288529329-e749-98be-bcb2",
      "parent": "https://ofn.gov.cz/operation/1768288478903-7e13-9030-b79d",
      "dataPsmNewIri": null,
      "dataPsmInterpretation": "9vdxucvyeubmk6z3hgx",
      "dataPsmTechnicalLabel": "jméno",
      "dataPsmHumanLabel": null,
      "dataPsmHumanDescription": null,
      "dataPsmOwner": "https://ofn.gov.cz/class/1768288476644-dc04-b329-a732",
      "dataPsmDatatype": "https://ofn.gov.cz/zdroj/základní-datové-typy/2020-07-01/text"
    },
    {
      "types": [
        "core-operation",
        "https://ofn.gov.cz/slovník/psm/CreateClass"
      ],
      "iri": "https://ofn.gov.cz/operation/1768288529360-45e2-b860-b9ff",
      "parent": "https://ofn.gov.cz/operation/1768288529329-e749-98be-bcb2",
      "dataPsmNewIri": null,
      "dataPsmInterpretation": "pe8txcqmcomk6wn13o",
      "dataPsmTechnicalLabel": "dokument",
      "dataPsmHumanLabel": null,
      "dataPsmHumanDescription": null,
      "dataPsmExtends": [],
      "dataPsmIsClosed": null
    },
    {
      "types": [
        "core-operation",
        "https://ofn.gov.cz/slovník/psm/CreateAssociationEnd"
      ],
      "iri": "https://ofn.gov.cz/operation/1768288529385-dc4e-ae63-9b35",
      "parent": "https://ofn.gov.cz/operation/1768288529360-45e2-b860-b9ff",
      "dataPsmNewIri": null,
      "dataPsmInterpretation": "jgwj3dp38zkmk6xzrku",
      "dataPsmTechnicalLabel": "kontaktní_stránka",
      "dataPsmHumanLabel": null,
      "dataPsmHumanDescription": null,
      "dataPsmOwner": "https://ofn.gov.cz/class/1768288476644-dc04-b329-a732",
      "dataPsmPart": "https://ofn.gov.cz/class/1768288529360-e356-7294-8f67",
      "dataPsmIsReverse": false,
      "dataPsmIsDematerialize": null
    },
    {
      "types": [
        "core-operation",
        "https://ofn.gov.cz/slovník/psm/CreateClass"
      ],
      "iri": "https://ofn.gov.cz/operation/1768288529415-f15c-2b1f-8103",
      "parent": "https://ofn.gov.cz/operation/1768288529385-dc4e-ae63-9b35",
      "dataPsmNewIri": null,
      "dataPsmInterpretation": "ob31ey3bjcomk6xx7ze",
      "dataPsmTechnicalLabel": "e-mailová_adresa",
      "dataPsmHumanLabel": null,
      "dataPsmHumanDescription": null,
      "dataPsmExtends": [],
      "dataPsmIsClosed": null
    },
    {
      "types": [
        "core-operation",
        "https://ofn.gov.cz/slovník/psm/CreateAssociationEnd"
      ],
      "iri": "https://ofn.gov.cz/operation/1768288529442-7b79-f4af-9743",
      "parent": "https://ofn.gov.cz/operation/1768288529415-f15c-2b1f-8103",
      "dataPsmNewIri": null,
      "dataPsmInterpretation": "liorz5d6w2nmk6xyzxi",
      "dataPsmTechnicalLabel": "email",
      "dataPsmHumanLabel": null,
      "dataPsmHumanDescription": null,
      "dataPsmOwner": "https://ofn.gov.cz/class/1768288476644-dc04-b329-a732",
      "dataPsmPart": "https://ofn.gov.cz/class/1768288529415-45f5-c0b9-86d9",
      "dataPsmIsReverse": false,
      "dataPsmIsDematerialize": null
    },
    {
      "types": [
        "core-operation",
        "https://ofn.gov.cz/slovník/psm/WrapWithOr"
      ],
      "iri": "https://ofn.gov.cz/operation/1768288533798-0b4c-f27f-bc4c",
      "parent": "https://ofn.gov.cz/operation/1768288529442-7b79-f4af-9743",
      "dataPsmNewIri": null,
      "dataPsmChild": "https://ofn.gov.cz/class/1768288476644-dc04-b329-a732"
    },
    {
      "types": [
        "core-operation",
        "https://ofn.gov.cz/slovník/psm/CreateClass"
      ],
      "iri": "https://ofn.gov.cz/operation/1768288533831-55a9-34a8-866f",
      "parent": "https://ofn.gov.cz/operation/1768288533798-0b4c-f27f-bc4c",
      "dataPsmNewIri": null,
      "dataPsmInterpretation": "d2anwvk3osbmk6wnln8",
      "dataPsmTechnicalLabel": "organizace",
      "dataPsmHumanLabel": null,
      "dataPsmHumanDescription": null,
      "dataPsmExtends": [],
      "dataPsmIsClosed": null
    },
    {
      "types": [
        "core-operation",
        "https://ofn.gov.cz/slovník/psm/SetChoice"
      ],
      "iri": "https://ofn.gov.cz/operation/1768288533855-e4d5-33ec-a8d9",
      "parent": "https://ofn.gov.cz/operation/1768288533831-55a9-34a8-866f",
      "dataPsmOr": "https://ofn.gov.cz/or/1768288533797-920a-ff30-9c7b",
      "dataPsmChoice": "https://ofn.gov.cz/class/1768288533831-5539-0fe7-b49c"
    },
    {
      "types": [
        "core-operation",
        "https://ofn.gov.cz/slovník/psm/CreateInclude"
      ],
      "iri": "https://ofn.gov.cz/operation/1768288533874-55f9-a1d8-ab3f",
      "parent": "https://ofn.gov.cz/operation/1768288533855-e4d5-33ec-a8d9",
      "dataPsmNewIri": null,
      "dataPsmOwner": "https://ofn.gov.cz/class/1768288533831-5539-0fe7-b49c",
      "dataPsmIncludes": "https://ofn.gov.cz/class/1768288476644-dc04-b329-a732"
    },
    {
      "types": [
        "core-operation",
        "https://ofn.gov.cz/slovník/psm/CreateClass"
      ],
      "iri": "https://ofn.gov.cz/operation/1768288536966-8f48-728b-8327",
      "parent": "https://ofn.gov.cz/operation/1768288533874-55f9-a1d8-ab3f",
      "dataPsmNewIri": null,
      "dataPsmInterpretation": "gqn2bzm38tfmk6wngti",
      "dataPsmTechnicalLabel": "jednotlivec",
      "dataPsmHumanLabel": null,
      "dataPsmHumanDescription": null,
      "dataPsmExtends": [],
      "dataPsmIsClosed": null
    },
    {
      "types": [
        "core-operation",
        "https://ofn.gov.cz/slovník/psm/SetChoice"
      ],
      "iri": "https://ofn.gov.cz/operation/1768288536992-eb2b-1e94-9733",
      "parent": "https://ofn.gov.cz/operation/1768288536966-8f48-728b-8327",
      "dataPsmOr": "https://ofn.gov.cz/or/1768288533797-920a-ff30-9c7b",
      "dataPsmChoice": "https://ofn.gov.cz/class/1768288536966-98e9-898e-a380"
    },
    {
      "types": [
        "core-operation",
        "https://ofn.gov.cz/slovník/psm/CreateInclude"
      ],
      "iri": "https://ofn.gov.cz/operation/1768288537002-f052-a67c-847a",
      "parent": "https://ofn.gov.cz/operation/1768288536992-eb2b-1e94-9733",
      "dataPsmNewIri": null,
      "dataPsmOwner": "https://ofn.gov.cz/class/1768288536966-98e9-898e-a380",
      "dataPsmIncludes": "https://ofn.gov.cz/class/1768288476644-dc04-b329-a732"
    },
    {
      "types": [
        "core-operation",
        "https://ofn.gov.cz/slovník/psm/SetTechnicalLabel"
      ],
      "iri": "https://ofn.gov.cz/operation/1768288541907-08dd-7b95-82fa",
      "parent": "https://ofn.gov.cz/operation/1768288537002-f052-a67c-847a",
      "dataPsmResource": "https://ofn.gov.cz/class/1768288533831-5539-0fe7-b49c",
      "dataPsmTechnicalLabel": "Organizace"
    },
    {
      "types": [
        "core-operation",
        "https://ofn.gov.cz/slovník/psm/SetTechnicalLabel"
      ],
      "iri": "https://ofn.gov.cz/operation/1768288546223-7c5c-a47d-960f",
      "parent": "https://ofn.gov.cz/operation/1768288541907-08dd-7b95-82fa",
      "dataPsmResource": "https://ofn.gov.cz/class/1768288536966-98e9-898e-a380",
      "dataPsmTechnicalLabel": "Jednotlivec"
    },
    {
      "types": [
        "core-operation",
        "https://ofn.gov.cz/slovník/psm/UnsetChoice"
      ],
      "iri": "https://ofn.gov.cz/operation/1768288550044-a1d2-b854-ae90",
      "parent": "https://ofn.gov.cz/operation/1768288546223-7c5c-a47d-960f",
      "dataPsmOr": "https://ofn.gov.cz/or/1768288533797-920a-ff30-9c7b",
      "dataPsmChoice": "https://ofn.gov.cz/class/1768288476644-dc04-b329-a732"
    },
    {
      "types": [
        "core-operation",
        "https://ofn.gov.cz/slovník/psm/SetInstancesHaveIdentity"
      ],
      "iri": "https://ofn.gov.cz/operation/1768288556002-45a6-3177-840f",
      "parent": "https://ofn.gov.cz/operation/1768288550044-a1d2-b854-ae90",
      "dataPsmClass": "https://ofn.gov.cz/class/1768288533831-5539-0fe7-b49c",
      "instancesHaveIdentity": "OPTIONAL"
    },
    {
      "types": [
        "core-operation",
        "https://ofn.gov.cz/slovník/psm/SetInstancesSpecifyTypes"
      ],
      "iri": "https://ofn.gov.cz/operation/1768288556010-8f63-1332-b942",
      "parent": "https://ofn.gov.cz/operation/1768288556002-45a6-3177-840f",
      "dataPsmClass": "https://ofn.gov.cz/class/1768288533831-5539-0fe7-b49c",
      "instancesSpecifyTypes": "ALWAYS"
    },
    {
      "types": [
        "core-operation",
        "https://ofn.gov.cz/slovník/psm/SetInstancesHaveIdentity"
      ],
      "iri": "https://ofn.gov.cz/operation/1768288561215-a4ea-bd96-a754",
      "parent": "https://ofn.gov.cz/operation/1768288556010-8f63-1332-b942",
      "dataPsmClass": "https://ofn.gov.cz/class/1768288536966-98e9-898e-a380",
      "instancesHaveIdentity": "OPTIONAL"
    },
    {
      "types": [
        "core-operation",
        "https://ofn.gov.cz/slovník/psm/SetInstancesSpecifyTypes"
      ],
      "iri": "https://ofn.gov.cz/operation/1768288561221-8638-1621-a62f",
      "parent": "https://ofn.gov.cz/operation/1768288561215-a4ea-bd96-a754",
      "dataPsmClass": "https://ofn.gov.cz/class/1768288536966-98e9-898e-a380",
      "instancesSpecifyTypes": "ALWAYS"
    },
    {
      "types": [
        "core-operation",
        "https://ofn.gov.cz/slovník/psm/SetTechnicalLabel"
      ],
      "iri": "https://ofn.gov.cz/operation/1768288567469-03ea-c0c1-9d1f",
      "parent": "https://ofn.gov.cz/operation/1768288561221-8638-1621-a62f",
      "dataPsmResource": "https://ofn.gov.cz/association/1768288529442-5e83-e76e-b5ed",
      "dataPsmTechnicalLabel": "e-mail"
    },
    {
      "types": [
        "core-operation",
        "https://ofn.gov.cz/slovník/psm/SetJsonLdDefinedTypeMapping"
      ],
      "iri": "https://ofn.gov.cz/operation/1768292635310-a639-4ada-bfa4",
      "parent": "https://ofn.gov.cz/operation/1768288567469-03ea-c0c1-9d1f",
      "dataPsmEntity": "071d65d3-8ce6-4a5c-b302-8a2a9f4abfa2",
      "jsonLdDefinedTypeMapping": {
        "https://mff-uk.github.io/specifications/dcat-ap-hvd#DatasetSeries": "Série datových sad"
      }
    },
    {
      "types": [
        "core-operation",
        "https://ofn.gov.cz/slovník/psm/SetTechnicalLabel"
      ],
      "iri": "https://ofn.gov.cz/operation/1768292765419-cca9-e41a-85dd",
      "parent": "https://ofn.gov.cz/operation/1768292635310-a639-4ada-bfa4",
      "dataPsmResource": "https://ofn.gov.cz/association/1768288476776-ca10-d63c-ba68",
      "dataPsmTechnicalLabel": "právní_předpis"
    }
  ],
  "resources": {
    "071d65d3-8ce6-4a5c-b302-8a2a9f4abfa2": {
      "types": [
        "https://ofn.gov.cz/slovník/psm/Schema"
      ],
      "iri": "071d65d3-8ce6-4a5c-b302-8a2a9f4abfa2",
      "dataPsmHumanLabel": {
        "en": "Dataset Series",
        "cs": "Série datových sad"
      },
      "dataPsmHumanDescription": {
        "en": "Data structure for Dataset Series. A collection of datasets that are published separately, but share some characteristics that group them.",
        "cs": "Datová struktura pro Série datových sad. Série datových sad zastřešuje související datové sady a jiné série. Souvislost může být časová (rozpočet v letech), prostorová (seznamy ulic v obcích) či tématická (datové sady z jednoho systému)."
      },
      "dataPsmTechnicalLabel": "série-datových-sad",
      "dataPsmRoots": [
        "https://ofn.gov.cz/class/1767970981519-65f0-b0f3-b2f0"
      ],
      "dataPsmParts": [
        "https://ofn.gov.cz/class/1767970981519-65f0-b0f3-b2f0",
        "https://ofn.gov.cz/attribute/1768288476596-cabc-71ef-9e5c",
        "https://ofn.gov.cz/attribute/1768288476619-7242-f8ee-9f0b",
        "https://ofn.gov.cz/class/1768288476644-dc04-b329-a732",
        "https://ofn.gov.cz/association/1768288476665-d57f-fc2d-9162",
        "https://ofn.gov.cz/class/1768288476696-77bb-e29c-ba8a",
        "https://ofn.gov.cz/association/1768288476722-6d4f-900e-82f3",
        "https://ofn.gov.cz/class/1768288476749-5ce5-cf05-8f6e",
        "https://ofn.gov.cz/association/1768288476776-ca10-d63c-ba68",
        "https://ofn.gov.cz/attribute/1768288529328-486b-21a4-adf8",
        "https://ofn.gov.cz/class/1768288529360-e356-7294-8f67",
        "https://ofn.gov.cz/association/1768288529385-fc53-4bd8-bc54",
        "https://ofn.gov.cz/class/1768288529415-45f5-c0b9-86d9",
        "https://ofn.gov.cz/association/1768288529442-5e83-e76e-b5ed",
        "https://ofn.gov.cz/or/1768288533797-920a-ff30-9c7b",
        "https://ofn.gov.cz/class/1768288533831-5539-0fe7-b49c",
        "https://ofn.gov.cz/include/1768288533874-cf3a-c0f2-9732",
        "https://ofn.gov.cz/class/1768288536966-98e9-898e-a380",
        "https://ofn.gov.cz/include/1768288537002-2ba4-1193-bf0b"
      ],
      "jsonEnforceContext": "no",
      "jsonLdDefinedTypeMapping": {
        "https://mff-uk.github.io/specifications/dcat-ap-hvd#DatasetSeries": "Série datových sad"
      }
    },
    "https://ofn.gov.cz/class/1767970981519-65f0-b0f3-b2f0": {
      "types": [
        "https://ofn.gov.cz/slovník/psm/Class"
      ],
      "iri": "https://ofn.gov.cz/class/1767970981519-65f0-b0f3-b2f0",
      "dataPsmHumanLabel": null,
      "dataPsmHumanDescription": null,
      "dataPsmTechnicalLabel": "série_datových_sad",
      "dataPsmInterpretation": "ufo7fk25hmk6welt8",
      "dataPsmExtends": [],
      "dataPsmParts": [
        "https://ofn.gov.cz/attribute/1768288476619-7242-f8ee-9f0b",
        "https://ofn.gov.cz/attribute/1768288476596-cabc-71ef-9e5c",
        "https://ofn.gov.cz/association/1768288476665-d57f-fc2d-9162",
        "https://ofn.gov.cz/association/1768288476722-6d4f-900e-82f3",
        "https://ofn.gov.cz/association/1768288476776-ca10-d63c-ba68"
      ],
      "dataPsmIsClosed": null
    },
    "https://ofn.gov.cz/attribute/1768288476596-cabc-71ef-9e5c": {
      "types": [
        "https://ofn.gov.cz/slovník/psm/Attribute"
      ],
      "iri": "https://ofn.gov.cz/attribute/1768288476596-cabc-71ef-9e5c",
      "dataPsmHumanLabel": null,
      "dataPsmHumanDescription": null,
      "dataPsmTechnicalLabel": "popis",
      "dataPsmInterpretation": "c7k4osdvmytmk6zo4c9",
      "dataPsmDatatype": "https://ofn.gov.cz/zdroj/základní-datové-typy/2020-07-01/text"
    },
    "https://ofn.gov.cz/attribute/1768288476619-7242-f8ee-9f0b": {
      "types": [
        "https://ofn.gov.cz/slovník/psm/Attribute"
      ],
      "iri": "https://ofn.gov.cz/attribute/1768288476619-7242-f8ee-9f0b",
      "dataPsmHumanLabel": null,
      "dataPsmHumanDescription": null,
      "dataPsmTechnicalLabel": "název",
      "dataPsmInterpretation": "c72tyhzpusmk6znrjb",
      "dataPsmDatatype": "https://ofn.gov.cz/zdroj/základní-datové-typy/2020-07-01/text"
    },
    "https://ofn.gov.cz/class/1768288476644-dc04-b329-a732": {
      "types": [
        "https://ofn.gov.cz/slovník/psm/Class"
      ],
      "iri": "https://ofn.gov.cz/class/1768288476644-dc04-b329-a732",
      "dataPsmHumanLabel": null,
      "dataPsmHumanDescription": null,
      "dataPsmTechnicalLabel": "kontaktní_bod",
      "dataPsmInterpretation": "sqw8r4c908mk6wles3",
      "dataPsmExtends": [],
      "dataPsmParts": [
        "https://ofn.gov.cz/attribute/1768288529328-486b-21a4-adf8",
        "https://ofn.gov.cz/association/1768288529385-fc53-4bd8-bc54",
        "https://ofn.gov.cz/association/1768288529442-5e83-e76e-b5ed"
      ],
      "dataPsmIsClosed": null
    },
    "https://ofn.gov.cz/association/1768288476665-d57f-fc2d-9162": {
      "types": [
        "https://ofn.gov.cz/slovník/psm/AssociationEnd"
      ],
      "iri": "https://ofn.gov.cz/association/1768288476665-d57f-fc2d-9162",
      "dataPsmHumanLabel": null,
      "dataPsmHumanDescription": null,
      "dataPsmTechnicalLabel": "kontaktní_bod",
      "dataPsmInterpretation": "784kxut27qqmk6zn3l1",
      "dataPsmPart": "https://ofn.gov.cz/or/1768288533797-920a-ff30-9c7b",
      "dataPsmIsReverse": false,
      "dataPsmIsDematerialize": null
    },
    "https://ofn.gov.cz/class/1768288476696-77bb-e29c-ba8a": {
      "types": [
        "https://ofn.gov.cz/slovník/psm/Class"
      ],
      "iri": "https://ofn.gov.cz/class/1768288476696-77bb-e29c-ba8a",
      "dataPsmHumanLabel": null,
      "dataPsmHumanDescription": null,
      "dataPsmTechnicalLabel": "kategorie_hvd",
      "dataPsmInterpretation": "c2hru9durormk6x3e5i",
      "dataPsmExtends": [],
      "dataPsmParts": [],
      "dataPsmIsClosed": null
    },
    "https://ofn.gov.cz/association/1768288476722-6d4f-900e-82f3": {
      "types": [
        "https://ofn.gov.cz/slovník/psm/AssociationEnd"
      ],
      "iri": "https://ofn.gov.cz/association/1768288476722-6d4f-900e-82f3",
      "dataPsmHumanLabel": null,
      "dataPsmHumanDescription": null,
      "dataPsmTechnicalLabel": "kategorie_hvd",
      "dataPsmInterpretation": "zcno3jc1xmkmk6xkbtd",
      "dataPsmPart": "https://ofn.gov.cz/class/1768288476696-77bb-e29c-ba8a",
      "dataPsmIsReverse": false,
      "dataPsmIsDematerialize": null
    },
    "https://ofn.gov.cz/class/1768288476749-5ce5-cf05-8f6e": {
      "types": [
        "https://ofn.gov.cz/slovník/psm/Class"
      ],
      "iri": "https://ofn.gov.cz/class/1768288476749-5ce5-cf05-8f6e",
      "dataPsmHumanLabel": null,
      "dataPsmHumanDescription": null,
      "dataPsmTechnicalLabel": "právní_předpis",
      "dataPsmInterpretation": "eqel1cecbhmmk6wpmjg",
      "dataPsmExtends": [],
      "dataPsmParts": [],
      "dataPsmIsClosed": null
    },
    "https://ofn.gov.cz/association/1768288476776-ca10-d63c-ba68": {
      "types": [
        "https://ofn.gov.cz/slovník/psm/AssociationEnd"
      ],
      "iri": "https://ofn.gov.cz/association/1768288476776-ca10-d63c-ba68",
      "dataPsmHumanLabel": null,
      "dataPsmHumanDescription": null,
      "dataPsmTechnicalLabel": "právní_předpis",
      "dataPsmInterpretation": "jj6acnjjsdmk6xgq6c",
      "dataPsmPart": "https://ofn.gov.cz/class/1768288476749-5ce5-cf05-8f6e",
      "dataPsmIsReverse": false,
      "dataPsmIsDematerialize": null
    },
    "https://ofn.gov.cz/attribute/1768288529328-486b-21a4-adf8": {
      "types": [
        "https://ofn.gov.cz/slovník/psm/Attribute"
      ],
      "iri": "https://ofn.gov.cz/attribute/1768288529328-486b-21a4-adf8",
      "dataPsmHumanLabel": null,
      "dataPsmHumanDescription": null,
      "dataPsmTechnicalLabel": "jméno",
      "dataPsmInterpretation": "9vdxucvyeubmk6z3hgx",
      "dataPsmDatatype": "https://ofn.gov.cz/zdroj/základní-datové-typy/2020-07-01/text"
    },
    "https://ofn.gov.cz/class/1768288529360-e356-7294-8f67": {
      "types": [
        "https://ofn.gov.cz/slovník/psm/Class"
      ],
      "iri": "https://ofn.gov.cz/class/1768288529360-e356-7294-8f67",
      "dataPsmHumanLabel": null,
      "dataPsmHumanDescription": null,
      "dataPsmTechnicalLabel": "dokument",
      "dataPsmInterpretation": "pe8txcqmcomk6wn13o",
      "dataPsmExtends": [],
      "dataPsmParts": [],
      "dataPsmIsClosed": null
    },
    "https://ofn.gov.cz/association/1768288529385-fc53-4bd8-bc54": {
      "types": [
        "https://ofn.gov.cz/slovník/psm/AssociationEnd"
      ],
      "iri": "https://ofn.gov.cz/association/1768288529385-fc53-4bd8-bc54",
      "dataPsmHumanLabel": null,
      "dataPsmHumanDescription": null,
      "dataPsmTechnicalLabel": "kontaktní_stránka",
      "dataPsmInterpretation": "jgwj3dp38zkmk6xzrku",
      "dataPsmPart": "https://ofn.gov.cz/class/1768288529360-e356-7294-8f67",
      "dataPsmIsReverse": false,
      "dataPsmIsDematerialize": null
    },
    "https://ofn.gov.cz/class/1768288529415-45f5-c0b9-86d9": {
      "types": [
        "https://ofn.gov.cz/slovník/psm/Class"
      ],
      "iri": "https://ofn.gov.cz/class/1768288529415-45f5-c0b9-86d9",
      "dataPsmHumanLabel": null,
      "dataPsmHumanDescription": null,
      "dataPsmTechnicalLabel": "e-mailová_adresa",
      "dataPsmInterpretation": "ob31ey3bjcomk6xx7ze",
      "dataPsmExtends": [],
      "dataPsmParts": [],
      "dataPsmIsClosed": null
    },
    "https://ofn.gov.cz/association/1768288529442-5e83-e76e-b5ed": {
      "types": [
        "https://ofn.gov.cz/slovník/psm/AssociationEnd"
      ],
      "iri": "https://ofn.gov.cz/association/1768288529442-5e83-e76e-b5ed",
      "dataPsmHumanLabel": null,
      "dataPsmHumanDescription": null,
      "dataPsmTechnicalLabel": "e-mail",
      "dataPsmInterpretation": "liorz5d6w2nmk6xyzxi",
      "dataPsmPart": "https://ofn.gov.cz/class/1768288529415-45f5-c0b9-86d9",
      "dataPsmIsReverse": false,
      "dataPsmIsDematerialize": null
    },
    "https://ofn.gov.cz/or/1768288533797-920a-ff30-9c7b": {
      "types": [
        "https://ofn.gov.cz/slovník/psm/Or"
      ],
      "iri": "https://ofn.gov.cz/or/1768288533797-920a-ff30-9c7b",
      "dataPsmHumanLabel": null,
      "dataPsmHumanDescription": null,
      "dataPsmTechnicalLabel": null,
      "dataPsmInterpretation": null,
      "dataPsmChoices": [
        "https://ofn.gov.cz/class/1768288533831-5539-0fe7-b49c",
        "https://ofn.gov.cz/class/1768288536966-98e9-898e-a380"
      ]
    },
    "https://ofn.gov.cz/class/1768288533831-5539-0fe7-b49c": {
      "types": [
        "https://ofn.gov.cz/slovník/psm/Class"
      ],
      "iri": "https://ofn.gov.cz/class/1768288533831-5539-0fe7-b49c",
      "dataPsmHumanLabel": null,
      "dataPsmHumanDescription": null,
      "dataPsmTechnicalLabel": "Organizace",
      "dataPsmInterpretation": "d2anwvk3osbmk6wnln8",
      "dataPsmExtends": [],
      "dataPsmParts": [
        "https://ofn.gov.cz/include/1768288533874-cf3a-c0f2-9732"
      ],
      "dataPsmIsClosed": null,
      "instancesHaveIdentity": "OPTIONAL",
      "instancesSpecifyTypes": "ALWAYS"
    },
    "https://ofn.gov.cz/include/1768288533874-cf3a-c0f2-9732": {
      "types": [
        "https://ofn.gov.cz/slovník/psm/Include"
      ],
      "iri": "https://ofn.gov.cz/include/1768288533874-cf3a-c0f2-9732",
      "dataPsmIncludes": "https://ofn.gov.cz/class/1768288476644-dc04-b329-a732"
    },
    "https://ofn.gov.cz/class/1768288536966-98e9-898e-a380": {
      "types": [
        "https://ofn.gov.cz/slovník/psm/Class"
      ],
      "iri": "https://ofn.gov.cz/class/1768288536966-98e9-898e-a380",
      "dataPsmHumanLabel": null,
      "dataPsmHumanDescription": null,
      "dataPsmTechnicalLabel": "Jednotlivec",
      "dataPsmInterpretation": "gqn2bzm38tfmk6wngti",
      "dataPsmExtends": [],
      "dataPsmParts": [
        "https://ofn.gov.cz/include/1768288537002-2ba4-1193-bf0b"
      ],
      "dataPsmIsClosed": null,
      "instancesHaveIdentity": "OPTIONAL",
      "instancesSpecifyTypes": "ALWAYS"
    },
    "https://ofn.gov.cz/include/1768288537002-2ba4-1193-bf0b": {
      "types": [
        "https://ofn.gov.cz/slovník/psm/Include"
      ],
      "iri": "https://ofn.gov.cz/include/1768288537002-2ba4-1193-bf0b",
      "dataPsmIncludes": "https://ofn.gov.cz/class/1768288476644-dc04-b329-a732"
    }
  }
}