{
  "iri": "3434ba3b-e7c1-4e45-ace7-c6546d5b3af5",
  "types": [
    "http://dataspecer.com/resources/local/semantic-model"
  ],
  "userMetadata": {
    "label": {
      "en": "DCAT-AP-CZ: Datové sady s vysokou socio-ekonomickou hodnotou (HVD)"
    },
    "description": {
      "en": "Semantic model for the profile"
    }
  },
  "metadata": {
    "creationDate": "2026-01-09T13:03:39.653Z",
    "modificationDate": "2026-01-09T15:03:18.431Z"
  },
  "_version": 1,
  "_exportVersion": 1,
  "_exportedAt": "2026-01-09T15:03:39.235Z",
  "_exportedBy": "http://localhost:3100"
}