{
  "type": "http://dataspecer.com/resources/local/semantic-model",
  "modelId": "3434ba3b-e7c1-4e45-ace7-c6546d5b3af5",
  "modelAlias": "DCAT-AP-CZ: Datové sady s vysokou socio-ekonomickou hodnotou (HVD)",
  "baseIri": "https://ofn.gov.cz/dcat-ap-cz-hvd#",
  "entities": {
    "t6z7ctn5f6mk6w2xzg": {
      "iri": "DatováSada",
      "profiling": [
        "https://ofn.gov.cz/dcat-ap-cz-otevřená-data#DatováSada",
        "https://mff-uk.github.io/specifications/dcat-ap-hvd#Dataset"
      ],
      "name": {
        "es": "Conjunto de datos",
        "en": "Dataset",
        "it": "Dataset",
        "cs": "Datová sada",
        "fr": "Jeu de données",
        "el": "Σύνολο Δεδομένων",
        "ar": "قائمة بيانات",
        "ja": "データセット",
        "da": "Datasæt"
      },
      "nameFromProfiled": "https://ofn.gov.cz/dcat-ap-cz-otevřená-data#DatováSada",
      "description": {
        "ja": "1つのエージェントによって公開またはキュレートされ、1つ以上の形式でアクセスまたはダウンロードできるデータの集合。",
        "en": "A conceptual entity that represents the information published.",
        "cs": "Kolekce dat poskytovaná či řízená jedním zdrojem, která je k dispozici pro přístup či stažení v jednom či více formátech.",
        "it": "Raccolta di dati, pubblicati o curati da un'unica fonte, disponibili per l'accesso o il download in uno o più formati.",
        "es": "Una colección de datos, publicados o conservados por una única fuente, y disponibles para ser accedidos o descargados en uno o más formatos.",
        "fr": "Une collection de données, publiée ou élaborée par une seule source, et disponible pour accès ou téléchargement dans un ou plusieurs formats.",
        "el": "Μία συλλογή από δεδομένα, δημοσιευμένη ή επιμελημένη από μία και μόνο πηγή, διαθέσιμη δε προς πρόσβαση ή μεταφόρτωση σε μία ή περισσότερες μορφές.",
        "ar": "قائمة بيانات منشورة أو مجموعة من قبل مصدر ما و متاح الوصول إليها أو تحميلها",
        "da": "En samling af data, udgivet eller udvalgt og arrangeret af en enkelt kilde og som er til råde for adgang til eller download af i en eller flere repræsentationer."
      },
      "descriptionFromProfiled": "https://ofn.gov.cz/dcat-ap-cz-otevřená-data#DatováSada",
      "usageNote": {
        "en": "If a Dataset is used as part of a Dataset Series, the usage of the properties listed below must be coherent with the associated Dataset Series. For this usage, consult the guidelines in section 14. General usage guidelines."
      },
      "usageNoteFromProfiled": "https://ofn.gov.cz/dcat-ap-cz-otevřená-data#DatováSada",
      "externalDocumentationUrl": null,
      "tags": [
        "https://w3id.org/dsv/class-role#main"
      ],
      "id": "t6z7ctn5f6mk6w2xzg",
      "type": [
        "class-profile"
      ]
    },
    "zuzz6w6xd4mk6we75h": {
      "iri": "Distribuce",
      "profiling": [
        "https://ofn.gov.cz/dcat-ap-cz-otevřená-data#Distribuce",
        "https://mff-uk.github.io/specifications/dcat-ap-hvd#Distribution"
      ],
      "name": {
        "cs": "Distribuce",
        "es": "Distribución",
        "en": "Distribution",
        "fr": "Distribution",
        "it": "Distribuzione",
        "el": "Διανομή",
        "ar": "التوزيع",
        "ja": "配信",
        "da": "Distribution"
      },
      "nameFromProfiled": "https://ofn.gov.cz/dcat-ap-cz-otevřená-data#Distribuce",
      "description": {
        "en": "A specific representation of a dataset. A dataset might be available in multiple serializations that may differ in various ways, including natural language, media-type or format, schematic organization, temporal and spatial resolution, level of detail or profiles (which might specify any or all of the above).",
        "cs": "Konkrétní reprezentace datové sady. Datová sada může být dostupná v různých serializacích, které se mohou navzájem lišit různými způsoby, mimo jiné přirozeným jazykem, media-typem či formátem, schematickou organizací, časovým a prostorovým rozlišením, úrovní detailu či profily (které mohou specifikovat některé či všechny tyto rozdíly).",
        "it": "Rappresenta una forma disponibile e specifica del dataset. Ciascun dataset può essere disponibile in forme differenti, che possono rappresentare formati diversi o diversi punti di accesso per un dataset. Esempi di distribuzioni sono un file CSV scaricabile, una API o un RSS feed.",
        "fr": "Représente une forme spécifique d'un jeu de données. Caque jeu de données peut être disponible sous différentes formes, celles-ci pouvant représenter différents formats du jeu de données ou différents endpoint. Des exemples de distribution sont des fichirs CSV, des API ou des flux RSS.",
        "es": "Una representación específica de los datos. Cada conjunto de datos puede estar disponible en formas diferentes, las cuáles pueden variar en distintas formas, incluyendo el idioma, 'media-type' o formato, organización esquemática, resolución temporal y espacial, nivel de detalle o perfiles (que pueden especificar cualquiera o todas las diferencias anteriores).",
        "el": "Αναπαριστά μία συγκεκριμένη διαθέσιμη μορφή ενός συνόλου δεδομένων. Κάθε σύνολο δεδομενων μπορεί να είναι διαθέσιμο σε διαφορετικές μορφές, οι μορφές αυτές μπορεί να αναπαριστούν διαφορετικές μορφές αρχείων ή διαφορετικά σημεία διάθεσης. Παραδείγματα διανομών συμπεριλαμβάνουν ένα μεταφορτώσιμο αρχείο μορφής CSV, ένα API ή ένα RSS feed.",
        "ar": "شكل محدد لقائمة البيانات يمكن الوصول إليه. قائمة بيانات ما يمكن أن تكون متاحه باشكال و أنواع متعددة.  ملف يمكن تحميله أو واجهة برمجية يمكن من خلالها الوصول إلى البيانات هي أمثلة على ذلك.",
        "ja": "データセットの特定の利用可能な形式を表わします。各データセットは、異なる形式で利用できることがあり、これらの形式は、データセットの異なる形式や、異なるエンドポイントを表わす可能性があります。配信の例には、ダウンロード可能なCSVファイル、API、RSSフィードが含まれます。",
        "da": "En specifik repræsentation af et datasæt. Et datasæt kan være tilgængelig i mange serialiseringer der kan variere på forskellige vis, herunder sprog, medietype eller format, systemorganisering, tidslig- og geografisk opløsning, detaljeringsniveau eller profiler (der kan specificere en eller flere af ovenstående)."
      },
      "descriptionFromProfiled": "https://ofn.gov.cz/dcat-ap-cz-otevřená-data#Distribuce",
      "usageNote": {
        "en": "This represents a general availability of a dataset. It implies no information about the actual access method of the data, i.e., whether by direct download, API, or through a Web page. The use of dcat:downloadURL property indicates directly downloadable distributions."
      },
      "usageNoteFromProfiled": "https://ofn.gov.cz/dcat-ap-cz-otevřená-data#Distribuce",
      "externalDocumentationUrl": null,
      "tags": [
        "https://w3id.org/dsv/class-role#main"
      ],
      "id": "zuzz6w6xd4mk6we75h",
      "type": [
        "class-profile"
      ]
    },
    "ufo7fk25hmk6welt8": {
      "iri": "SérieDatovýchSad",
      "profiling": [
        "https://ofn.gov.cz/dcat-ap-cz-otevřená-data#SérieDatovýchSad",
        "https://mff-uk.github.io/specifications/dcat-ap-hvd#DatasetSeries"
      ],
      "name": {
        "en": "Dataset Series",
        "es": "Serie de conjuntos de datos",
        "it": "Serie di dataset",
        "cs": "Série datových sad"
      },
      "nameFromProfiled": "https://ofn.gov.cz/dcat-ap-cz-otevřená-data#SérieDatovýchSad",
      "description": {
        "en": "A collection of datasets that are published separately, but share some characteristics that group them.",
        "it": "Una collezione di dataset che sono pubblicati separatamente, ma che condividono caratteristiche che li rendono parte di uno stesso gruppo.",
        "es": "Una colección de conjuntos de datos publicados por separado, pero que comparten características que los agrupan.",
        "cs": "Série datových sad zastřešuje související datové sady a jiné série. Souvislost může být časová (rozpočet v letech), prostorová (seznamy ulic v obcích) či tématická (datové sady z jednoho systému)."
      },
      "descriptionFromProfiled": "https://ofn.gov.cz/dcat-ap-cz-otevřená-data#SérieDatovýchSad",
      "usageNote": {
        "en": "It is recommended to avoid Dataset Series without a dataset in the collection. Therefore at least one Dataset should refer to a Dataset Series using the property in series (dcat:inSeries)."
      },
      "usageNoteFromProfiled": "https://mff-uk.github.io/specifications/dcat-ap-hvd#DatasetSeries",
      "externalDocumentationUrl": null,
      "tags": [
        "https://w3id.org/dsv/class-role#main"
      ],
      "id": "ufo7fk25hmk6welt8",
      "type": [
        "class-profile"
      ]
    },
    "g64dxk24y7smk6wfsh6": {
      "iri": "DatováSlužba",
      "profiling": [
        "https://ofn.gov.cz/dcat-ap-cz-otevřená-data#DatováSlužba",
        "https://mff-uk.github.io/specifications/dcat-ap-hvd#DataService"
      ],
      "name": {
        "en": "Data Service",
        "it": "Servizio di dati",
        "es": "Servicio de datos",
        "da": "Datatjeneste",
        "cs": "Datová služba"
      },
      "nameFromProfiled": "https://ofn.gov.cz/dcat-ap-cz-otevřená-data#DatováSlužba",
      "description": {
        "en": "A collection of operations that provides access to one or more datasets or data processing functions.",
        "cs": "Umístění či přístupový bod poskytující operace související s hledáním, přistupem k, či výkonem funkcí na datech či souvisejících zdrojích.",
        "es": "Un sitio o end-point que provee operaciones relacionadas a funciones de descubrimiento, acceso, o procesamiento de datos o recursos relacionados.",
        "it": "Un sito o end-point che fornisce operazioni relative alla scoperta, all'accesso o all'elaborazione di funzioni su dati o risorse correlate.",
        "da": "Et websted eller endpoint der udstiller operationer relateret til opdagelse af, adgang til eller behandlende funktioner på data eller relaterede ressourcer."
      },
      "descriptionFromProfiled": "https://mff-uk.github.io/specifications/dcat-ap-hvd#DataService",
      "usageNote": {
        "en": "If a dcat:DataService is bound to one or more specified Datasets, they are indicated by the dcat:servesDataset property.\nThe kind of service can be indicated using the dcterms:type property. Its value may be taken from a controlled vocabulary such as the INSPIRE spatial data service type code list [INSPIRE-SDST]."
      },
      "usageNoteFromProfiled": "https://mff-uk.github.io/specifications/dcat-ap-hvd#DataService",
      "externalDocumentationUrl": null,
      "tags": [
        "https://w3id.org/dsv/class-role#main"
      ],
      "id": "g64dxk24y7smk6wfsh6",
      "type": [
        "class-profile"
      ]
    },
    "iyhh76hqlomk6wip3x": {
      "iri": "SpecifikacePodmínekUžití",
      "profiling": [
        "https://ofn.gov.cz/dcat-ap-cz-otevřená-data#SpecifikacePodmínekUžití",
        "https://mff-uk.github.io/specifications/dcat-ap-hvd#LicenseDocument"
      ],
      "name": {
        "cs": "Specifikace podmínek užití",
        "en": "Terms of use specification"
      },
      "nameFromProfiled": "https://ofn.gov.cz/dcat-ap-cz-otevřená-data#SpecifikacePodmínekUžití",
      "description": {
        "cs": "Specifikace podmínek užití dle https://opendata.gov.cz/cinnost:stanoveni-podminek-uziti."
      },
      "descriptionFromProfiled": "https://ofn.gov.cz/dcat-ap-cz-otevřená-data#SpecifikacePodmínekUžití",
      "usageNote": {},
      "usageNoteFromProfiled": "https://ofn.gov.cz/dcat-ap-cz-otevřená-data#SpecifikacePodmínekUžití",
      "externalDocumentationUrl": null,
      "tags": [
        "https://w3id.org/dsv/class-role#main"
      ],
      "id": "iyhh76hqlomk6wip3x",
      "type": [
        "class-profile"
      ]
    },
    "sqw8r4c908mk6wles3": {
      "iri": "KontaktníBod",
      "profiling": [
        "https://ofn.gov.cz/dcat-ap-cz-otevřená-data#KontaktníBod",
        "https://mff-uk.github.io/specifications/dcat-ap-hvd#Kind"
      ],
      "name": {
        "en": "Kind",
        "cs": "Kontaktní bod"
      },
      "nameFromProfiled": "https://ofn.gov.cz/dcat-ap-cz-otevřená-data#KontaktníBod",
      "description": {
        "en": "A description following the vCard specification, e.g. to provide telephone number and e-mail address for a contact point.",
        "cs": "Obsahuje kontaktní informace, které mohou být využity pro zasílání připomínek."
      },
      "descriptionFromProfiled": "https://ofn.gov.cz/dcat-ap-cz-otevřená-data#KontaktníBod",
      "usageNote": {
        "en": "Note that the class Kind is the parent class for the four explicit types of vCard (Individual, Organization, Location, Group)."
      },
      "usageNoteFromProfiled": "https://ofn.gov.cz/dcat-ap-cz-otevřená-data#KontaktníBod",
      "externalDocumentationUrl": null,
      "tags": [
        "https://w3id.org/dsv/class-role#main"
      ],
      "id": "sqw8r4c908mk6wles3",
      "type": [
        "class-profile"
      ]
    },
    "tiz0dmcq19rmk6wm4do": {
      "iri": "Standard",
      "profiling": [
        "https://ofn.gov.cz/dcat-ap-cz-otevřená-data#Standard"
      ],
      "name": {
        "en": "Standard",
        "cs": "Standard"
      },
      "nameFromProfiled": "https://ofn.gov.cz/dcat-ap-cz-otevřená-data#Standard",
      "description": {
        "en": "A standard or other specification to which a resource conforms.",
        "cs": "Standard, specifikace."
      },
      "descriptionFromProfiled": "https://ofn.gov.cz/dcat-ap-cz-otevřená-data#Standard",
      "usageNote": {},
      "usageNoteFromProfiled": "https://ofn.gov.cz/dcat-ap-cz-otevřená-data#Standard",
      "externalDocumentationUrl": null,
      "tags": [
        "https://w3id.org/dsv/class-role#supportive"
      ],
      "id": "tiz0dmcq19rmk6wm4do",
      "type": [
        "class-profile"
      ],
      "regex": "^https://.*$",
      "example": [
        "https://ofn.gov.cz/turistické-cíle/2020-07-01/"
      ]
    },
    "pe8txcqmcomk6wn13o": {
      "iri": "Dokument",
      "profiling": [
        "https://ofn.gov.cz/dcat-ap-cz-otevřená-data#Dokument"
      ],
      "name": {
        "en": "Document",
        "cs": "Dokument"
      },
      "nameFromProfiled": "https://ofn.gov.cz/dcat-ap-cz-otevřená-data#Dokument",
      "description": {
        "en": "A textual resource intended for human consumption that contains information, e.g. a web page about a Dataset.",
        "cs": "Textový dokument určený pro čtení lidmi. Například webová stránka."
      },
      "descriptionFromProfiled": "https://ofn.gov.cz/dcat-ap-cz-otevřená-data#Dokument",
      "usageNote": {},
      "usageNoteFromProfiled": "https://ofn.gov.cz/dcat-ap-cz-otevřená-data#Dokument",
      "externalDocumentationUrl": null,
      "tags": [
        "https://w3id.org/dsv/class-role#supportive"
      ],
      "id": "pe8txcqmcomk6wn13o",
      "type": [
        "class-profile"
      ],
      "regex": "^https://.*$",
      "example": [
        "https://www.mdcr.cz/Dokumenty/Verejna-doprava/Jizdni-rady,-kalendare-pro-jizdni-rady,-metodi-(1)/Jizdni-rady-verejne-dopravy"
      ]
    },
    "gqn2bzm38tfmk6wngti": {
      "iri": "Jednotlivec",
      "profiling": [
        "https://ofn.gov.cz/dcat-ap-cz-otevřená-data#Jednotlivec"
      ],
      "name": {
        "en": "Individual",
        "cs": "Jednotlivec"
      },
      "nameFromProfiled": "https://ofn.gov.cz/dcat-ap-cz-otevřená-data#Jednotlivec",
      "description": {
        "en": "An object representing a single person or entity",
        "cs": "Jednotlivá fyzická osoba."
      },
      "descriptionFromProfiled": "https://ofn.gov.cz/dcat-ap-cz-otevřená-data#Jednotlivec",
      "usageNote": {},
      "usageNoteFromProfiled": "https://ofn.gov.cz/dcat-ap-cz-otevřená-data#Jednotlivec",
      "externalDocumentationUrl": null,
      "tags": [
        "https://w3id.org/dsv/class-role#supportive"
      ],
      "id": "gqn2bzm38tfmk6wngti",
      "type": [
        "class-profile"
      ]
    },
    "d2anwvk3osbmk6wnln8": {
      "iri": "Organizace",
      "profiling": [
        "https://ofn.gov.cz/dcat-ap-cz-otevřená-data#Organizace"
      ],
      "name": {
        "en": "Organization",
        "cs": "Organizace"
      },
      "nameFromProfiled": "https://ofn.gov.cz/dcat-ap-cz-otevřená-data#Organizace",
      "description": {
        "en": "An object representing an organization.  An organization is a single entity, and might represent a business or government, a department or division within a business or government, a club, an association, or the like.\n",
        "cs": "Organizace, právnická osoba nebo její část."
      },
      "descriptionFromProfiled": "https://ofn.gov.cz/dcat-ap-cz-otevřená-data#Organizace",
      "usageNote": {},
      "usageNoteFromProfiled": "https://ofn.gov.cz/dcat-ap-cz-otevřená-data#Organizace",
      "externalDocumentationUrl": null,
      "tags": [
        "https://w3id.org/dsv/class-role#supportive"
      ],
      "id": "d2anwvk3osbmk6wnln8",
      "type": [
        "class-profile"
      ]
    },
    "61oroctjucmk6wnwn6": {
      "id": "61oroctjucmk6wnwn6",
      "iri": null,
      "child": "gqn2bzm38tfmk6wngti",
      "parent": "sqw8r4c908mk6wles3",
      "type": [
        "generalization"
      ]
    },
    "31l8zh5zxkgmk6wnyzy": {
      "id": "31l8zh5zxkgmk6wnyzy",
      "iri": null,
      "child": "d2anwvk3osbmk6wnln8",
      "parent": "sqw8r4c908mk6wles3",
      "type": [
        "generalization"
      ]
    },
    "eqel1cecbhmmk6wpmjg": {
      "iri": "PrávníPředpis",
      "profiling": [
        "https://ofn.gov.cz/dcat-ap-cz-otevřená-data#PrávníPředpis"
      ],
      "name": {
        "en": "Legal Resource",
        "cs": "Právní předpis"
      },
      "nameFromProfiled": "https://ofn.gov.cz/dcat-ap-cz-otevřená-data#PrávníPředpis",
      "description": {
        "en": "This class represents the legislation,policy or policies that lie behind the Rules that govern the service.",
        "cs": "Tato třída představuje legislativu nebo politiku, které stojí za pravidly upravujícími službu."
      },
      "descriptionFromProfiled": "https://ofn.gov.cz/dcat-ap-cz-otevřená-data#PrávníPředpis",
      "usageNote": {
        "en": "The definition and properties of the Legal Resource class are aligned with the ontology included in \"Council conclusions inviting the introduction of the European Legislation Identifier (ELI)\". For describing the attributes of a Legal Resource (labels, preferred labels, alternative labels, definition, etc.) we refer to the (ELI) ontology. In this data specification the use is restricted to instances of this class that follow the (ELI) URI guidelines."
      },
      "usageNoteFromProfiled": "https://ofn.gov.cz/dcat-ap-cz-otevřená-data#PrávníPředpis",
      "externalDocumentationUrl": null,
      "tags": [
        "https://w3id.org/dsv/class-role#main"
      ],
      "id": "eqel1cecbhmmk6wpmjg",
      "type": [
        "class-profile"
      ],
      "regex": "^http",
      "example": [
        "http://data.europa.eu/eli/dir/2019/1024/oj",
        "https://www.e-sbirka.cz/eli/cz/sb/1999/106/2024-01-01/dokument/norma/cast_1/par_3a/odst_6",
        "https://www.e-sbirka.cz/eli/cz/sb/1999/106/2024-01-01/dokument/norma/cast_1/par_5a/odst_1",
        "http://data.europa.eu/eli/reg_impl/2023/138/oj"
      ]
    },
    "mxtnjnp04gcmk6wr76d": {
      "ends": [
        {
          "name": null,
          "nameFromProfiled": null,
          "description": null,
          "descriptionFromProfiled": null,
          "iri": null,
          "cardinality": null,
          "usageNote": null,
          "usageNoteFromProfiled": null,
          "profiling": [],
          "externalDocumentationUrl": null,
          "tags": [],
          "concept": "t6z7ctn5f6mk6w2xzg"
        },
        {
          "name": {
            "en": "applicable legislation",
            "cs": "příslušný právní předpis"
          },
          "nameFromProfiled": "https://ofn.gov.cz/dcat-ap-cz-otevřená-data#DatováSada.příslušnýPrávníPředpis",
          "description": {
            "en": "The legislation that mandates the creation or management of the Dataset.",
            "cs": "Indikace příslušného právního předpisu předepisujícího vznik datové sady."
          },
          "descriptionFromProfiled": "https://ofn.gov.cz/dcat-ap-cz-otevřená-data#DatováSada.příslušnýPrávníPředpis",
          "iri": "DatováSada.příslušnýPrávníPředpis",
          "cardinality": [
            1,
            null
          ],
          "usageNote": {},
          "usageNoteFromProfiled": "https://mff-uk.github.io/specifications/dcat-ap-hvd#Dataset.applicableLegislation",
          "profiling": [
            "https://mff-uk.github.io/specifications/dcat-ap-hvd#Dataset.applicableLegislation",
            "https://ofn.gov.cz/dcat-ap-cz-otevřená-data#DatováSada.příslušnýPrávníPředpis"
          ],
          "externalDocumentationUrl": null,
          "tags": [
            "https://w3id.org/dsv/requirement-level#mandatory"
          ],
          "concept": "eqel1cecbhmmk6wpmjg"
        }
      ],
      "id": "mxtnjnp04gcmk6wr76d",
      "type": [
        "relationship-profile"
      ]
    },
    "mpv63f5o2xmk6wznab": {
      "ends": [
        {
          "name": null,
          "nameFromProfiled": null,
          "description": null,
          "descriptionFromProfiled": null,
          "iri": null,
          "cardinality": null,
          "usageNote": null,
          "usageNoteFromProfiled": null,
          "profiling": [],
          "externalDocumentationUrl": null,
          "tags": [],
          "concept": "t6z7ctn5f6mk6w2xzg"
        },
        {
          "name": {
            "en": "HVD category",
            "cs": "kategorie HVD"
          },
          "nameFromProfiled": null,
          "description": {
            "en": "The HVD category to which this Dataset belongs.",
            "cs": "Kategorie HVD do které datová sada patří."
          },
          "descriptionFromProfiled": null,
          "iri": "DatováSada.kategorieHvd",
          "cardinality": [
            1,
            null
          ],
          "usageNote": {},
          "usageNoteFromProfiled": "https://mff-uk.github.io/specifications/dcat-ap-hvd#Dataset.hvdCategory",
          "profiling": [
            "https://mff-uk.github.io/specifications/dcat-ap-hvd#Dataset.hvdCategory"
          ],
          "externalDocumentationUrl": null,
          "tags": [
            "https://w3id.org/dsv/requirement-level#mandatory"
          ],
          "concept": "c2hru9durormk6x3e5i"
        }
      ],
      "id": "mpv63f5o2xmk6wznab",
      "type": [
        "relationship-profile"
      ]
    },
    "c2hru9durormk6x3e5i": {
      "iri": "KategorieHVD",
      "profiling": [
        "https://mff-uk.github.io/specifications/dcat-ap-hvd#Concept"
      ],
      "name": {
        "en": "HVD Category",
        "cs": "Kategorie HVD"
      },
      "nameFromProfiled": null,
      "description": {
        "en": "HVD category from the EU High-value dataset categories NAL.",
        "cs": "Kategorie HVD z EU číselníku High-value dataset categories."
      },
      "descriptionFromProfiled": null,
      "usageNote": {
        "en": "In DCAT-AP, a Concept is used to denote codes within a codelist. In section 10. Controlled Vocabularies the expectations are elaborated in more detail.",
        "cs": "Téma z evropského číselníku kategorií HVD [[EUV-HVD]]. Je třeba používat co nejdetailnější kategorii, např. http://data.europa.eu/bna/c_1e787364 pro \"Referenční údaje pro vodočty, které jsou důležité pro plavbu\", nikoliv pouze http://data.europa.eu/bna/c_b79e35eb pro Mobilitu."
      },
      "usageNoteFromProfiled": null,
      "externalDocumentationUrl": null,
      "tags": [
        "https://w3id.org/dsv/class-role#main"
      ],
      "id": "c2hru9durormk6x3e5i",
      "type": [
        "class-profile"
      ],
      "regex": "^http://data\\.europa\\.eu/bna/.*$",
      "example": [
        "http://data.europa.eu/bna/c_1e787364",
        "http://data.europa.eu/bna/c_25f43866"
      ]
    },
    "36h5mamcpmjmk6x58ah": {
      "ends": [
        {
          "name": null,
          "nameFromProfiled": null,
          "description": null,
          "descriptionFromProfiled": null,
          "iri": null,
          "cardinality": null,
          "usageNote": null,
          "usageNoteFromProfiled": null,
          "profiling": [],
          "externalDocumentationUrl": null,
          "tags": [],
          "concept": "t6z7ctn5f6mk6w2xzg"
        },
        {
          "name": {
            "es": "Punto de contacto",
            "en": "contact point",
            "cs": "kontaktní bod",
            "fr": "point de contact",
            "it": "punto di contatto",
            "el": "σημείο επικοινωνίας",
            "ar": "عنوان اتصال",
            "ja": "窓口",
            "da": "kontaktpunkt"
          },
          "nameFromProfiled": "https://ofn.gov.cz/dcat-ap-cz-otevřená-data#DatováSada.kontaktníBod",
          "description": {
            "es": "Información relevante de contacto para el recurso catalogado. Se recomienda el uso de vCard.",
            "it": "Informazioni di contatto rilevanti per la risorsa catalogata. Si raccomanda l'uso di vCard.",
            "en": "Contact information that can be used for sending comments about the Dataset.",
            "cs": "Kontaktní informace, které mohou být využity pro zasílání připomínek k datové sadě.",
            "fr": "Relie un jeu de données à une information de contact utile en utilisant VCard.",
            "el": "Συνδέει ένα σύνολο δεδομένων με ένα σχετικό σημείο επικοινωνίας, μέσω VCard.",
            "ar": "تربط قائمة البيانات بعنوان اتصال موصف  باستخدام VCard",
            "ja": "データセットを、VCardを用いて提供されている適切な連絡先情報にリンクします。",
            "da": "Relevante kontaktoplysninger for den katalogiserede ressource. Anvendelse af vCard anbefales."
          },
          "descriptionFromProfiled": "https://ofn.gov.cz/dcat-ap-cz-otevřená-data#DatováSada.kontaktníBod",
          "iri": "DatováSada.kontaktníBod",
          "cardinality": [
            1,
            1
          ],
          "usageNote": {},
          "usageNoteFromProfiled": "https://ofn.gov.cz/dcat-ap-cz-otevřená-data#DatováSada.kontaktníBod",
          "profiling": [
            "https://ofn.gov.cz/dcat-ap-cz-otevřená-data#DatováSada.kontaktníBod",
            "https://mff-uk.github.io/specifications/dcat-ap-hvd#Dataset.contactPoint"
          ],
          "externalDocumentationUrl": null,
          "tags": [
            "https://w3id.org/dsv/requirement-level#mandatory"
          ],
          "concept": "sqw8r4c908mk6wles3"
        }
      ],
      "id": "36h5mamcpmjmk6x58ah",
      "type": [
        "relationship-profile"
      ]
    },
    "5ykk7vji1m8mk6x652l": {
      "ends": [
        {
          "name": null,
          "nameFromProfiled": null,
          "description": null,
          "descriptionFromProfiled": null,
          "iri": null,
          "cardinality": null,
          "usageNote": null,
          "usageNoteFromProfiled": null,
          "profiling": [],
          "externalDocumentationUrl": null,
          "tags": [],
          "concept": "t6z7ctn5f6mk6w2xzg"
        },
        {
          "name": {
            "en": "conforms to",
            "cs": "specifikace"
          },
          "nameFromProfiled": "https://ofn.gov.cz/dcat-ap-cz-otevřená-data#DatováSada.specifikace",
          "description": {
            "en": "An implementing rule or other specification.",
            "cs": "Specifikace, jíž se datová sada řídí."
          },
          "descriptionFromProfiled": "https://ofn.gov.cz/dcat-ap-cz-otevřená-data#DatováSada.specifikace",
          "iri": "DatováSada.specifikace",
          "cardinality": [
            0,
            null
          ],
          "usageNote": {},
          "usageNoteFromProfiled": "https://mff-uk.github.io/specifications/dcat-ap-hvd#Dataset.conformsTo",
          "profiling": [
            "https://mff-uk.github.io/specifications/dcat-ap-hvd#Dataset.conformsTo",
            "https://ofn.gov.cz/dcat-ap-cz-otevřená-data#DatováSada.specifikace"
          ],
          "externalDocumentationUrl": null,
          "tags": [
            "https://w3id.org/dsv/requirement-level#optional"
          ],
          "concept": "tiz0dmcq19rmk6wm4do"
        }
      ],
      "id": "5ykk7vji1m8mk6x652l",
      "type": [
        "relationship-profile"
      ]
    },
    "y176ir9d7kbmk6x71zh": {
      "ends": [
        {
          "name": null,
          "nameFromProfiled": null,
          "description": null,
          "descriptionFromProfiled": null,
          "iri": null,
          "cardinality": null,
          "usageNote": null,
          "usageNoteFromProfiled": null,
          "profiling": [],
          "externalDocumentationUrl": null,
          "tags": [],
          "concept": "t6z7ctn5f6mk6w2xzg"
        },
        {
          "name": {
            "cs": "distribuce",
            "es": "distribución",
            "en": "dataset distribution",
            "fr": "distribution",
            "it": "distribuzione",
            "da": "distribution",
            "el": "διανομή",
            "ar": "توزيع",
            "ja": "データセット配信"
          },
          "nameFromProfiled": "https://ofn.gov.cz/dcat-ap-cz-otevřená-data#DatováSada.distribuce",
          "description": {
            "en": "An available Distribution for the Dataset.",
            "fr": "Connecte un jeu de données à des distributions disponibles.",
            "cs": "Dostupná distribuce datové sady.",
            "es": "Una distribución disponible del conjunto de datos.",
            "it": "Una distribuzione disponibile per il set di dati.",
            "el": "Συνδέει ένα σύνολο δεδομένων με μία από τις διαθέσιμες διανομές του.",
            "ar": "تربط قائمة البيانات بطريقة أو بشكل يسمح  الوصول الى البيانات",
            "ja": "データセットを、その利用可能な配信に接続します。",
            "da": "En tilgængelig repræsentation af datasættet."
          },
          "descriptionFromProfiled": "https://ofn.gov.cz/dcat-ap-cz-otevřená-data#DatováSada.distribuce",
          "iri": "DatováSada.distribuce",
          "cardinality": [
            1,
            null
          ],
          "usageNote": {},
          "usageNoteFromProfiled": "https://mff-uk.github.io/specifications/dcat-ap-hvd#Dataset.datasetDistribution",
          "profiling": [
            "https://ofn.gov.cz/dcat-ap-cz-otevřená-data#DatováSada.distribuce",
            "https://mff-uk.github.io/specifications/dcat-ap-hvd#Dataset.datasetDistribution"
          ],
          "externalDocumentationUrl": null,
          "tags": [
            "https://w3id.org/dsv/requirement-level#mandatory"
          ],
          "concept": "zuzz6w6xd4mk6we75h"
        }
      ],
      "id": "y176ir9d7kbmk6x71zh",
      "type": [
        "relationship-profile"
      ]
    },
    "jj6acnjjsdmk6xgq6c": {
      "ends": [
        {
          "name": null,
          "nameFromProfiled": null,
          "description": null,
          "descriptionFromProfiled": null,
          "iri": null,
          "cardinality": null,
          "usageNote": null,
          "usageNoteFromProfiled": null,
          "profiling": [],
          "externalDocumentationUrl": null,
          "tags": [],
          "concept": "ufo7fk25hmk6welt8"
        },
        {
          "name": {
            "en": "applicable legislation",
            "cs": "příslušný právní předpis"
          },
          "nameFromProfiled": "https://ofn.gov.cz/dcat-ap-cz-otevřená-data#SérieDatovýchSad.příslušnýPrávníPředpis",
          "description": {
            "en": "The legislation that mandates the creation or management of the Dataset Series.",
            "cs": "Indikace příslušného právního předpisu předepisujícího vznik série datových sad."
          },
          "descriptionFromProfiled": "https://ofn.gov.cz/dcat-ap-cz-otevřená-data#SérieDatovýchSad.příslušnýPrávníPředpis",
          "iri": "SérieDatovýchSad.příslušnýPrávníPředpis",
          "cardinality": [
            1,
            null
          ],
          "usageNote": {},
          "usageNoteFromProfiled": "https://mff-uk.github.io/specifications/dcat-ap-hvd#DatasetSeries.applicableLegislation",
          "profiling": [
            "https://mff-uk.github.io/specifications/dcat-ap-hvd#DatasetSeries.applicableLegislation",
            "https://ofn.gov.cz/dcat-ap-cz-otevřená-data#SérieDatovýchSad.příslušnýPrávníPředpis"
          ],
          "externalDocumentationUrl": null,
          "tags": [
            "https://w3id.org/dsv/requirement-level#mandatory"
          ],
          "concept": "eqel1cecbhmmk6wpmjg"
        }
      ],
      "id": "jj6acnjjsdmk6xgq6c",
      "type": [
        "relationship-profile"
      ]
    },
    "bh6rucfg6yhmk6xh2tr": {
      "ends": [
        {
          "name": null,
          "nameFromProfiled": null,
          "description": null,
          "descriptionFromProfiled": null,
          "iri": null,
          "cardinality": null,
          "usageNote": null,
          "usageNoteFromProfiled": null,
          "profiling": [],
          "externalDocumentationUrl": null,
          "tags": [],
          "concept": "g64dxk24y7smk6wfsh6"
        },
        {
          "name": {
            "en": "applicable legislation",
            "cs": "příslušný právní předpis"
          },
          "nameFromProfiled": "https://ofn.gov.cz/dcat-ap-cz-otevřená-data#DatováSlužba.příslušnýPrávníPředpis",
          "description": {
            "en": "The legislation that mandates the creation or management of the Data Service.",
            "cs": "Indikace příslušného právního předpisu předepisujícího vznik datové služby."
          },
          "descriptionFromProfiled": "https://ofn.gov.cz/dcat-ap-cz-otevřená-data#DatováSlužba.příslušnýPrávníPředpis",
          "iri": "DatováSlužba.příslušnýPrávníPředpis",
          "cardinality": [
            1,
            null
          ],
          "usageNote": {},
          "usageNoteFromProfiled": "https://mff-uk.github.io/specifications/dcat-ap-hvd#DataService.applicableLegislation",
          "profiling": [
            "https://mff-uk.github.io/specifications/dcat-ap-hvd#DataService.applicableLegislation",
            "https://ofn.gov.cz/dcat-ap-cz-otevřená-data#DatováSlužba.příslušnýPrávníPředpis"
          ],
          "externalDocumentationUrl": null,
          "tags": [
            "https://w3id.org/dsv/requirement-level#mandatory"
          ],
          "concept": "eqel1cecbhmmk6wpmjg"
        }
      ],
      "id": "bh6rucfg6yhmk6xh2tr",
      "type": [
        "relationship-profile"
      ]
    },
    "0vcqi6vk69omk6xhd0z": {
      "ends": [
        {
          "name": null,
          "nameFromProfiled": null,
          "description": null,
          "descriptionFromProfiled": null,
          "iri": null,
          "cardinality": null,
          "usageNote": null,
          "usageNoteFromProfiled": null,
          "profiling": [],
          "externalDocumentationUrl": null,
          "tags": [],
          "concept": "zuzz6w6xd4mk6we75h"
        },
        {
          "name": {
            "en": "applicable legislation",
            "cs": "příslušný právní předpis"
          },
          "nameFromProfiled": "https://ofn.gov.cz/dcat-ap-cz-otevřená-data#Distribuce.příslušnýPrávníPředpis",
          "description": {
            "en": "The legislation that mandates the creation or management of the Distribution.",
            "cs": "Indikace příslušného právního předpisu předepisujícího vznik distribuce."
          },
          "descriptionFromProfiled": "https://ofn.gov.cz/dcat-ap-cz-otevřená-data#Distribuce.příslušnýPrávníPředpis",
          "iri": "Distribuce.příslušnýPrávníPředpis",
          "cardinality": [
            1,
            null
          ],
          "usageNote": {},
          "usageNoteFromProfiled": "https://mff-uk.github.io/specifications/dcat-ap-hvd#Distribution.applicableLegislation",
          "profiling": [
            "https://mff-uk.github.io/specifications/dcat-ap-hvd#Distribution.applicableLegislation",
            "https://ofn.gov.cz/dcat-ap-cz-otevřená-data#Distribuce.příslušnýPrávníPředpis"
          ],
          "externalDocumentationUrl": null,
          "tags": [
            "https://w3id.org/dsv/requirement-level#mandatory"
          ],
          "concept": "eqel1cecbhmmk6wpmjg"
        }
      ],
      "id": "0vcqi6vk69omk6xhd0z",
      "type": [
        "relationship-profile"
      ]
    },
    "drg1ds9mvbmk6xk08a": {
      "ends": [
        {
          "name": null,
          "nameFromProfiled": null,
          "description": null,
          "descriptionFromProfiled": null,
          "iri": null,
          "cardinality": null,
          "usageNote": null,
          "usageNoteFromProfiled": null,
          "profiling": [],
          "externalDocumentationUrl": null,
          "tags": [],
          "concept": "g64dxk24y7smk6wfsh6"
        },
        {
          "name": {
            "en": "HVD category",
            "cs": "kategorie HVD"
          },
          "nameFromProfiled": null,
          "description": {
            "en": "The HVD category to which this Data Service belongs."
          },
          "descriptionFromProfiled": "https://mff-uk.github.io/specifications/dcat-ap-hvd#DataService.hvdCategory",
          "iri": "DatováSlužba.kategorieHvd",
          "cardinality": [
            1,
            null
          ],
          "usageNote": {},
          "usageNoteFromProfiled": "https://mff-uk.github.io/specifications/dcat-ap-hvd#DataService.hvdCategory",
          "profiling": [
            "https://mff-uk.github.io/specifications/dcat-ap-hvd#DataService.hvdCategory"
          ],
          "externalDocumentationUrl": null,
          "tags": [
            "https://w3id.org/dsv/requirement-level#mandatory"
          ],
          "concept": "c2hru9durormk6x3e5i"
        }
      ],
      "id": "drg1ds9mvbmk6xk08a",
      "type": [
        "relationship-profile"
      ]
    },
    "zcno3jc1xmkmk6xkbtd": {
      "ends": [
        {
          "name": null,
          "nameFromProfiled": null,
          "description": null,
          "descriptionFromProfiled": null,
          "iri": null,
          "cardinality": null,
          "usageNote": null,
          "usageNoteFromProfiled": null,
          "profiling": [],
          "externalDocumentationUrl": null,
          "tags": [],
          "concept": "ufo7fk25hmk6welt8"
        },
        {
          "name": {
            "en": "HVD category",
            "cs": "kategorie HVD"
          },
          "nameFromProfiled": null,
          "description": {
            "en": "The HVD category to which this Dataset Series belongs."
          },
          "descriptionFromProfiled": "https://mff-uk.github.io/specifications/dcat-ap-hvd#DatasetSeries.hvdCategory",
          "iri": "SérieDatovýchSad.kategorieHvd",
          "cardinality": [
            1,
            null
          ],
          "usageNote": {},
          "usageNoteFromProfiled": "https://mff-uk.github.io/specifications/dcat-ap-hvd#DatasetSeries.hvdCategory",
          "profiling": [
            "https://mff-uk.github.io/specifications/dcat-ap-hvd#DatasetSeries.hvdCategory"
          ],
          "externalDocumentationUrl": null,
          "tags": [
            "https://w3id.org/dsv/requirement-level#mandatory"
          ],
          "concept": "c2hru9durormk6x3e5i"
        }
      ],
      "id": "zcno3jc1xmkmk6xkbtd",
      "type": [
        "relationship-profile"
      ]
    },
    "k2wffkzpkylmk6xp11s": {
      "iri": "DistribuceDatováSlužba",
      "profiling": [
        "https://ofn.gov.cz/dcat-ap-cz-otevřená-data#DistribuceDatováSlužba"
      ],
      "name": {
        "cs": "Distribuce - Datová služba",
        "es": "Distribución",
        "en": "Distribution",
        "fr": "Distribution",
        "it": "Distribuzione",
        "el": "Διανομή",
        "ar": "التوزيع",
        "ja": "配信",
        "da": "Distribution"
      },
      "nameFromProfiled": "https://ofn.gov.cz/dcat-ap-cz-otevřená-data#DistribuceDatováSlužba",
      "description": {
        "en": "A specific representation of a dataset. A dataset might be available in multiple serializations that may differ in various ways, including natural language, media-type or format, schematic organization, temporal and spatial resolution, level of detail or profiles (which might specify any or all of the above).",
        "cs": "Konkrétní reprezentace datové sady datovou službou.",
        "it": "Rappresenta una forma disponibile e specifica del dataset. Ciascun dataset può essere disponibile in forme differenti, che possono rappresentare formati diversi o diversi punti di accesso per un dataset. Esempi di distribuzioni sono un file CSV scaricabile, una API o un RSS feed.",
        "fr": "Représente une forme spécifique d'un jeu de données. Caque jeu de données peut être disponible sous différentes formes, celles-ci pouvant représenter différents formats du jeu de données ou différents endpoint. Des exemples de distribution sont des fichirs CSV, des API ou des flux RSS.",
        "es": "Una representación específica de los datos. Cada conjunto de datos puede estar disponible en formas diferentes, las cuáles pueden variar en distintas formas, incluyendo el idioma, 'media-type' o formato, organización esquemática, resolución temporal y espacial, nivel de detalle o perfiles (que pueden especificar cualquiera o todas las diferencias anteriores).",
        "el": "Αναπαριστά μία συγκεκριμένη διαθέσιμη μορφή ενός συνόλου δεδομένων. Κάθε σύνολο δεδομενων μπορεί να είναι διαθέσιμο σε διαφορετικές μορφές, οι μορφές αυτές μπορεί να αναπαριστούν διαφορετικές μορφές αρχείων ή διαφορετικά σημεία διάθεσης. Παραδείγματα διανομών συμπεριλαμβάνουν ένα μεταφορτώσιμο αρχείο μορφής CSV, ένα API ή ένα RSS feed.",
        "ar": "شكل محدد لقائمة البيانات يمكن الوصول إليه. قائمة بيانات ما يمكن أن تكون متاحه باشكال و أنواع متعددة.  ملف يمكن تحميله أو واجهة برمجية يمكن من خلالها الوصول إلى البيانات هي أمثلة على ذلك.",
        "ja": "データセットの特定の利用可能な形式を表わします。各データセットは、異なる形式で利用できることがあり、これらの形式は、データセットの異なる形式や、異なるエンドポイントを表わす可能性があります。配信の例には、ダウンロード可能なCSVファイル、API、RSSフィードが含まれます。",
        "da": "En specifik repræsentation af et datasæt. Et datasæt kan være tilgængelig i mange serialiseringer der kan variere på forskellige vis, herunder sprog, medietype eller format, systemorganisering, tidslig- og geografisk opløsning, detaljeringsniveau eller profiler (der kan specificere en eller flere af ovenstående)."
      },
      "descriptionFromProfiled": "https://ofn.gov.cz/dcat-ap-cz-otevřená-data#DistribuceDatováSlužba",
      "usageNote": {
        "en": ""
      },
      "usageNoteFromProfiled": "https://ofn.gov.cz/dcat-ap-cz-otevřená-data#DistribuceDatováSlužba",
      "externalDocumentationUrl": null,
      "tags": [
        "https://w3id.org/dsv/class-role#main"
      ],
      "id": "k2wffkzpkylmk6xp11s",
      "type": [
        "class-profile"
      ]
    },
    "0l5055wdymjdmk6xpa06": {
      "iri": "DistribuceSoubor",
      "profiling": [
        "https://ofn.gov.cz/dcat-ap-cz-otevřená-data#DistribuceSoubor"
      ],
      "name": {
        "cs": "Distribuce - Soubor ke stažení",
        "es": "Distribución",
        "en": "Distribution",
        "fr": "Distribution",
        "it": "Distribuzione",
        "el": "Διανομή",
        "ar": "التوزيع",
        "ja": "配信",
        "da": "Distribution"
      },
      "nameFromProfiled": "https://ofn.gov.cz/dcat-ap-cz-otevřená-data#DistribuceSoubor",
      "description": {
        "en": "A specific representation of a dataset. A dataset might be available in multiple serializations that may differ in various ways, including natural language, media-type or format, schematic organization, temporal and spatial resolution, level of detail or profiles (which might specify any or all of the above).",
        "cs": "Konkrétní reprezentace datové sady jako souboru ke stažení.",
        "it": "Rappresenta una forma disponibile e specifica del dataset. Ciascun dataset può essere disponibile in forme differenti, che possono rappresentare formati diversi o diversi punti di accesso per un dataset. Esempi di distribuzioni sono un file CSV scaricabile, una API o un RSS feed.",
        "fr": "Représente une forme spécifique d'un jeu de données. Caque jeu de données peut être disponible sous différentes formes, celles-ci pouvant représenter différents formats du jeu de données ou différents endpoint. Des exemples de distribution sont des fichirs CSV, des API ou des flux RSS.",
        "es": "Una representación específica de los datos. Cada conjunto de datos puede estar disponible en formas diferentes, las cuáles pueden variar en distintas formas, incluyendo el idioma, 'media-type' o formato, organización esquemática, resolución temporal y espacial, nivel de detalle o perfiles (que pueden especificar cualquiera o todas las diferencias anteriores).",
        "el": "Αναπαριστά μία συγκεκριμένη διαθέσιμη μορφή ενός συνόλου δεδομένων. Κάθε σύνολο δεδομενων μπορεί να είναι διαθέσιμο σε διαφορετικές μορφές, οι μορφές αυτές μπορεί να αναπαριστούν διαφορετικές μορφές αρχείων ή διαφορετικά σημεία διάθεσης. Παραδείγματα διανομών συμπεριλαμβάνουν ένα μεταφορτώσιμο αρχείο μορφής CSV, ένα API ή ένα RSS feed.",
        "ar": "شكل محدد لقائمة البيانات يمكن الوصول إليه. قائمة بيانات ما يمكن أن تكون متاحه باشكال و أنواع متعددة.  ملف يمكن تحميله أو واجهة برمجية يمكن من خلالها الوصول إلى البيانات هي أمثلة على ذلك.",
        "ja": "データセットの特定の利用可能な形式を表わします。各データセットは、異なる形式で利用できることがあり、これらの形式は、データセットの異なる形式や、異なるエンドポイントを表わす可能性があります。配信の例には、ダウンロード可能なCSVファイル、API、RSSフィードが含まれます。",
        "da": "En specifik repræsentation af et datasæt. Et datasæt kan være tilgængelig i mange serialiseringer der kan variere på forskellige vis, herunder sprog, medietype eller format, systemorganisering, tidslig- og geografisk opløsning, detaljeringsniveau eller profiler (der kan specificere en eller flere af ovenstående)."
      },
      "descriptionFromProfiled": "https://ofn.gov.cz/dcat-ap-cz-otevřená-data#DistribuceSoubor",
      "usageNote": {
        "en": ""
      },
      "usageNoteFromProfiled": "https://ofn.gov.cz/dcat-ap-cz-otevřená-data#DistribuceSoubor",
      "externalDocumentationUrl": null,
      "tags": [
        "https://w3id.org/dsv/class-role#main"
      ],
      "id": "0l5055wdymjdmk6xpa06",
      "type": [
        "class-profile"
      ]
    },
    "exvzs9wwtqnmk6xpihy": {
      "id": "exvzs9wwtqnmk6xpihy",
      "iri": null,
      "child": "0l5055wdymjdmk6xpa06",
      "parent": "zuzz6w6xd4mk6we75h",
      "type": [
        "generalization"
      ]
    },
    "e12w7rds51rmk6xpl15": {
      "id": "e12w7rds51rmk6xpl15",
      "iri": null,
      "child": "k2wffkzpkylmk6xp11s",
      "parent": "zuzz6w6xd4mk6we75h",
      "type": [
        "generalization"
      ]
    },
    "7myrkrgzhjjmk6xqnok": {
      "ends": [
        {
          "name": null,
          "nameFromProfiled": null,
          "description": null,
          "descriptionFromProfiled": null,
          "iri": null,
          "cardinality": null,
          "usageNote": null,
          "usageNoteFromProfiled": null,
          "profiling": [],
          "externalDocumentationUrl": null,
          "tags": [],
          "concept": "k2wffkzpkylmk6xp11s"
        },
        {
          "name": {
            "en": "access service",
            "es": "servicio de acceso de datos",
            "it": "servizio di accesso ai dati",
            "cs": "přístupová služba",
            "da": "dataadgangstjeneste"
          },
          "nameFromProfiled": "https://ofn.gov.cz/dcat-ap-cz-otevřená-data#Distribuce-DatováSlužba.přístupováSlužba",
          "description": {
            "en": "A data service that gives access to the distribution of the dataset.",
            "cs": "Umístění či přístupový bod zpřístupňující distribuci datové sady.",
            "es": "Un sitio o end-point que da acceso a la distribución de un conjunto de datos.",
            "it": "Un sito o end-point che dà accesso alla distribuzione del set di dati.",
            "da": "Et websted eller endpoint der giver adgang til en repræsentation af datasættet."
          },
          "descriptionFromProfiled": "https://ofn.gov.cz/dcat-ap-cz-otevřená-data#Distribuce-DatováSlužba.přístupováSlužba",
          "iri": "Distribuce-DatováSlužba.přístupováSlužba",
          "cardinality": [
            1,
            1
          ],
          "usageNote": {
            "en": "dcat:accessService SHOULD be used to link to a description of a dcat:DataService that can provide access to this distribution."
          },
          "usageNoteFromProfiled": "https://mff-uk.github.io/specifications/dcat-ap-hvd#Distribution.accessService",
          "profiling": [
            "https://ofn.gov.cz/dcat-ap-cz-otevřená-data#Distribuce-DatováSlužba.přístupováSlužba",
            "https://mff-uk.github.io/specifications/dcat-ap-hvd#Distribution.accessService"
          ],
          "externalDocumentationUrl": null,
          "tags": [
            "https://w3id.org/dsv/requirement-level#mandatory"
          ],
          "concept": "g64dxk24y7smk6wfsh6"
        }
      ],
      "id": "7myrkrgzhjjmk6xqnok",
      "type": [
        "relationship-profile"
      ]
    },
    "qv7wmyu9wyfmk6xrfxq": {
      "ends": [
        {
          "name": null,
          "nameFromProfiled": null,
          "description": null,
          "descriptionFromProfiled": null,
          "iri": null,
          "cardinality": null,
          "usageNote": null,
          "usageNoteFromProfiled": null,
          "profiling": [],
          "externalDocumentationUrl": null,
          "tags": [],
          "concept": "zuzz6w6xd4mk6we75h"
        },
        {
          "name": {
            "cs": "Specifikace podmínek užití",
            "en": "Terms of use specification"
          },
          "nameFromProfiled": "https://ofn.gov.cz/dcat-ap-cz-otevřená-data#Distribuce.specifikacePodmínekUžití",
          "description": {
            "cs": "Specifikace podmínek užití dle https://opendata.gov.cz/cinnost:stanoveni-podminek-uziti."
          },
          "descriptionFromProfiled": "https://ofn.gov.cz/dcat-ap-cz-otevřená-data#Distribuce.specifikacePodmínekUžití",
          "iri": "Distribuce.specifikacePodmínekUžití",
          "cardinality": [
            1,
            1
          ],
          "usageNote": {
            "en": "Article 4.3 specifies that High-value datasets should be made available for reuse. According to the guidelines for legal Information in DCAT-AP HVD this is fulfilled by providing by preference a licence. As alternative rights can be used."
          },
          "usageNoteFromProfiled": "https://ofn.gov.cz/dcat-ap-cz-otevřená-data#Distribuce.specifikacePodmínekUžití",
          "profiling": [
            "https://ofn.gov.cz/dcat-ap-cz-otevřená-data#Distribuce.specifikacePodmínekUžití"
          ],
          "externalDocumentationUrl": null,
          "tags": [
            "https://w3id.org/dsv/requirement-level#mandatory"
          ],
          "concept": "iyhh76hqlomk6wip3x"
        }
      ],
      "id": "qv7wmyu9wyfmk6xrfxq",
      "type": [
        "relationship-profile"
      ]
    },
    "oqxh81n4qimk6xu1dw": {
      "iri": "Zdroj",
      "profiling": [
        "https://ofn.gov.cz/dcat-ap-cz-otevřená-data#Zdroj"
      ],
      "name": {
        "en": "Resource",
        "cs": "Zdroj"
      },
      "nameFromProfiled": "https://ofn.gov.cz/dcat-ap-cz-otevřená-data#Zdroj",
      "description": {
        "en": "Anything described by RDF.",
        "cs": "Cokoliv, co má URL."
      },
      "descriptionFromProfiled": "https://ofn.gov.cz/dcat-ap-cz-otevřená-data#Zdroj",
      "usageNote": {},
      "usageNoteFromProfiled": "https://ofn.gov.cz/dcat-ap-cz-otevřená-data#Zdroj",
      "externalDocumentationUrl": null,
      "tags": [
        "https://w3id.org/dsv/class-role#supportive"
      ],
      "id": "oqxh81n4qimk6xu1dw",
      "type": [
        "class-profile"
      ],
      "regex": "^https://.*$",
      "example": [
        "https://www.trebic.cz/zdroj/aktualita/2020/dopadení-lupiče-na-francouzské-ulici"
      ]
    },
    "777gtahjoi4mk6xul4s": {
      "ends": [
        {
          "name": null,
          "nameFromProfiled": null,
          "description": null,
          "descriptionFromProfiled": null,
          "iri": null,
          "cardinality": null,
          "usageNote": null,
          "usageNoteFromProfiled": null,
          "profiling": [],
          "externalDocumentationUrl": null,
          "tags": [],
          "concept": "zuzz6w6xd4mk6we75h"
        },
        {
          "name": {
            "fr": "URL d'accès",
            "es": "URL de acceso",
            "el": "URL πρόσβασης",
            "en": "access URL",
            "it": "indirizzo di accesso",
            "cs": "přístupové URL",
            "ar": "رابط وصول",
            "ja": "アクセスURL",
            "da": "adgangsadresse"
          },
          "nameFromProfiled": "https://ofn.gov.cz/dcat-ap-cz-otevřená-data#Distribuce.přístupovéUrl",
          "description": {
            "en": "A URL that gives access to a Distribution of the Dataset.",
            "fr": "Ceci peut être tout type d'URL qui donne accès à une distribution du jeu de données. Par exemple, un lien à une page HTML contenant un lien au jeu de données, un Flux RSS, un point d'accès SPARQL. Utilisez le lorsque votre catalogue ne contient pas d'information sur quoi il est ou quand ce n'est pas téléchargeable.",
            "es": "Puede ser cualquier tipo de URL que de acceso a una distribución del conjunto de datos, e.g., página de destino, descarga, URL feed, punto de acceso SPARQL. Esta propriedad se debe usar cuando su catálogo de datos no tiene información sobre donde está o cuando no se puede descargar.",
            "cs": "URL zdroje, přes které je přístupná distribuce datové sady. Příkladem může být vstupní stránka, RSS kanál či SPARQL endpoint. Použijte ve všech případech kromě URL souboru ke stažení, pro které je lepší použít dcat:downloadURL.",
            "it": "Un URL di una risorsa che consente di accedere a una distribuzione del set di dati. Per esempio, pagina di destinazione, feed, endpoint SPARQL. Da utilizzare per tutti i casi, tranne  quando  si tratta di un semplice link per il download nel qual caso è preferito downloadURL.",
            "el": "Μπορεί να είναι οποιουδήποτε είδους URL που δίνει πρόσβαση στη διανομή ενός συνόλου δεδομένων. Π.χ. ιστοσελίδα αρχικής πρόσβασης, μεταφόρτωση, feed URL, σημείο διάθεσης SPARQL. Να χρησιμοποιείται όταν ο κατάλογος δεν περιέχει πληροφορίες εαν πρόκειται ή όχι για μεταφορτώσιμο αρχείο.",
            "ar": "أي رابط يتيح الوصول إلى البيانات. إذا كان الرابط هو ربط مباشر لملف يمكن تحميله استخدم الخاصية downloadURL",
            "ja": "データセットの配信にアクセス権を与えるランディング・ページ、フィード、SPARQLエンドポイント、その他の種類の資源。",
            "da": "En URL for en ressource som giver adgang til en repræsentation af datsættet. Fx destinationsside, feed, SPARQL-endpoint. Anvendes i alle sammenhænge undtagen til angivelse af et simpelt download link hvor anvendelse af egenskaben downloadURL foretrækkes."
          },
          "descriptionFromProfiled": "https://ofn.gov.cz/dcat-ap-cz-otevřená-data#Distribuce.přístupovéUrl",
          "iri": "Distribuce.přístupovéUrl",
          "cardinality": [
            1,
            1
          ],
          "usageNote": {
            "en": "The resource at the access URL may contain information about how to get the Dataset."
          },
          "usageNoteFromProfiled": "https://mff-uk.github.io/specifications/dcat-ap-hvd#Distribution.accessUrl",
          "profiling": [
            "https://mff-uk.github.io/specifications/dcat-ap-hvd#Distribution.accessUrl",
            "https://ofn.gov.cz/dcat-ap-cz-otevřená-data#Distribuce.přístupovéUrl"
          ],
          "externalDocumentationUrl": null,
          "tags": [
            "https://w3id.org/dsv/requirement-level#mandatory"
          ],
          "concept": "oqxh81n4qimk6xu1dw"
        }
      ],
      "id": "777gtahjoi4mk6xul4s",
      "type": [
        "relationship-profile"
      ]
    },
    "z719f1fw7imk6xvnng": {
      "ends": [
        {
          "name": null,
          "nameFromProfiled": null,
          "description": null,
          "descriptionFromProfiled": null,
          "iri": null,
          "cardinality": null,
          "usageNote": null,
          "usageNoteFromProfiled": null,
          "profiling": [],
          "externalDocumentationUrl": null,
          "tags": [],
          "concept": "0l5055wdymjdmk6xpa06"
        },
        {
          "name": {
            "en": "linked schemas",
            "cs": "strojově čitelné schéma souboru ke stažení"
          },
          "nameFromProfiled": "https://ofn.gov.cz/dcat-ap-cz-otevřená-data#Distribuce-SouborKeStažení.strojověČitelnéSchémaSouboruKeStažení",
          "description": {
            "en": "An established standard to which the distribution conforms.",
            "cs": "Ustanovené schéma, jímž se popisovaná distribuce řídí."
          },
          "descriptionFromProfiled": "https://ofn.gov.cz/dcat-ap-cz-otevřená-data#Distribuce-SouborKeStažení.strojověČitelnéSchémaSouboruKeStažení",
          "iri": "Distribuce-SouborKeStažení.strojověČitelnéSchémaSouboruKeStažení",
          "cardinality": [
            0,
            1
          ],
          "usageNote": {
            "en": "This property SHOULD be used to indicate the model, schema, ontology, view or profile that this representation of a dataset conforms to. This is (generally) a complementary concern to the media-type or format."
          },
          "usageNoteFromProfiled": "https://mff-uk.github.io/specifications/dcat-ap-hvd#Distribution.linkedSchemas",
          "profiling": [
            "https://mff-uk.github.io/specifications/dcat-ap-hvd#Distribution.linkedSchemas",
            "https://ofn.gov.cz/dcat-ap-cz-otevřená-data#Distribuce-SouborKeStažení.strojověČitelnéSchémaSouboruKeStažení"
          ],
          "externalDocumentationUrl": null,
          "tags": [
            "https://w3id.org/dsv/requirement-level#optional"
          ],
          "concept": "oqxh81n4qimk6xu1dw"
        }
      ],
      "id": "z719f1fw7imk6xvnng",
      "type": [
        "relationship-profile"
      ]
    },
    "ob31ey3bjcomk6xx7ze": {
      "iri": "E-mailAddress",
      "profiling": [
        "https://ofn.gov.cz/dcat-ap-cz-otevřená-data#E-mailAddress"
      ],
      "name": {
        "en": "E-mail address",
        "cs": "E-mailová adresa"
      },
      "nameFromProfiled": "https://ofn.gov.cz/dcat-ap-cz-otevřená-data#E-mailAddress",
      "description": {
        "en": "E-mail address identified using mailto: IRI.",
        "cs": "E-mailová adresa identifikovaná pomocí mailto: IRI."
      },
      "descriptionFromProfiled": "https://ofn.gov.cz/dcat-ap-cz-otevřená-data#E-mailAddress",
      "usageNote": {},
      "usageNoteFromProfiled": "https://ofn.gov.cz/dcat-ap-cz-otevřená-data#E-mailAddress",
      "externalDocumentationUrl": null,
      "tags": [
        "https://w3id.org/dsv/class-role#supportive"
      ],
      "id": "ob31ey3bjcomk6xx7ze",
      "type": [
        "class-profile"
      ],
      "regex": "^mailto:[^@]+@[^@]+",
      "example": [
        "mailto:jan.novak@organizace.cz"
      ]
    },
    "liorz5d6w2nmk6xyzxi": {
      "ends": [
        {
          "name": null,
          "nameFromProfiled": null,
          "description": null,
          "descriptionFromProfiled": null,
          "iri": null,
          "cardinality": null,
          "usageNote": null,
          "usageNoteFromProfiled": null,
          "profiling": [],
          "externalDocumentationUrl": null,
          "tags": [],
          "concept": "sqw8r4c908mk6wles3"
        },
        {
          "name": {
            "en": "has email",
            "cs": "email"
          },
          "nameFromProfiled": "https://ofn.gov.cz/dcat-ap-cz-otevřená-data#KontaktníBod.email",
          "description": {
            "en": "To specify the electronic mail address for communication with the object",
            "cs": "E-mailová adresa pro komunikaci."
          },
          "descriptionFromProfiled": "https://ofn.gov.cz/dcat-ap-cz-otevřená-data#KontaktníBod.email",
          "iri": "KontaktníBod.email",
          "cardinality": [
            0,
            1
          ],
          "usageNote": {},
          "usageNoteFromProfiled": "https://ofn.gov.cz/dcat-ap-cz-otevřená-data#KontaktníBod.email",
          "profiling": [
            "https://ofn.gov.cz/dcat-ap-cz-otevřená-data#KontaktníBod.email",
            "https://mff-uk.github.io/specifications/dcat-ap-hvd#Kind.email"
          ],
          "externalDocumentationUrl": null,
          "tags": [
            "https://w3id.org/dsv/requirement-level#recommended"
          ],
          "concept": "ob31ey3bjcomk6xx7ze"
        }
      ],
      "id": "liorz5d6w2nmk6xyzxi",
      "type": [
        "relationship-profile"
      ]
    },
    "jgwj3dp38zkmk6xzrku": {
      "ends": [
        {
          "name": null,
          "nameFromProfiled": null,
          "description": null,
          "descriptionFromProfiled": null,
          "iri": null,
          "cardinality": null,
          "usageNote": null,
          "usageNoteFromProfiled": null,
          "profiling": [],
          "externalDocumentationUrl": null,
          "tags": [],
          "concept": "sqw8r4c908mk6wles3"
        },
        {
          "name": {
            "en": "contact page",
            "cs": "kontaktní stránka"
          },
          "nameFromProfiled": null,
          "description": {
            "en": "A webpage that either allows to make contact (i.e. a webform) or the information contains how to get into contact. "
          },
          "descriptionFromProfiled": "https://mff-uk.github.io/specifications/dcat-ap-hvd#Kind.contactPage",
          "iri": "KontaktníBod.kontaktníStránka",
          "cardinality": [
            0,
            1
          ],
          "usageNote": {},
          "usageNoteFromProfiled": "https://mff-uk.github.io/specifications/dcat-ap-hvd#Kind.contactPage",
          "profiling": [
            "https://mff-uk.github.io/specifications/dcat-ap-hvd#Kind.contactPage"
          ],
          "externalDocumentationUrl": null,
          "tags": [
            "https://w3id.org/dsv/requirement-level#optional"
          ],
          "concept": "pe8txcqmcomk6wn13o"
        }
      ],
      "id": "jgwj3dp38zkmk6xzrku",
      "type": [
        "relationship-profile"
      ]
    },
    "0s13shfp8uyamk6y63eu": {
      "ends": [
        {
          "name": null,
          "nameFromProfiled": null,
          "description": null,
          "descriptionFromProfiled": null,
          "iri": null,
          "cardinality": null,
          "usageNote": null,
          "usageNoteFromProfiled": null,
          "profiling": [],
          "externalDocumentationUrl": null,
          "tags": [],
          "concept": "g64dxk24y7smk6wfsh6"
        },
        {
          "name": {
            "en": "documentation",
            "cs": "dokumentace"
          },
          "nameFromProfiled": "https://ofn.gov.cz/dcat-ap-cz-otevřená-data#DatováSlužba.dokumentace",
          "description": {
            "en": "A page or document about this Data Service",
            "cs": "Dokumentace dále popisující datovou službu."
          },
          "descriptionFromProfiled": "https://ofn.gov.cz/dcat-ap-cz-otevřená-data#DatováSlužba.dokumentace",
          "iri": "DatováSlužba.dokumentace",
          "cardinality": [
            1,
            1
          ],
          "usageNote": {},
          "usageNoteFromProfiled": "https://mff-uk.github.io/specifications/dcat-ap-hvd#DataService.documentation",
          "profiling": [
            "https://mff-uk.github.io/specifications/dcat-ap-hvd#DataService.documentation",
            "https://ofn.gov.cz/dcat-ap-cz-otevřená-data#DatováSlužba.dokumentace"
          ],
          "externalDocumentationUrl": null,
          "tags": [
            "https://w3id.org/dsv/requirement-level#mandatory"
          ],
          "concept": "pe8txcqmcomk6wn13o"
        }
      ],
      "id": "0s13shfp8uyamk6y63eu",
      "type": [
        "relationship-profile"
      ]
    },
    "0z35711x4bbgmk6y74w2": {
      "ends": [
        {
          "name": null,
          "nameFromProfiled": null,
          "description": null,
          "descriptionFromProfiled": null,
          "iri": null,
          "cardinality": null,
          "usageNote": null,
          "usageNoteFromProfiled": null,
          "profiling": [],
          "externalDocumentationUrl": null,
          "tags": [],
          "concept": "g64dxk24y7smk6wfsh6"
        },
        {
          "name": {
            "es": "Punto de contacto",
            "en": "contact point",
            "cs": "kontaktní bod",
            "fr": "point de contact",
            "it": "punto di contatto",
            "el": "σημείο επικοινωνίας",
            "ar": "عنوان اتصال",
            "ja": "窓口",
            "da": "kontaktpunkt"
          },
          "nameFromProfiled": "https://ofn.gov.cz/dcat-ap-cz#DatováSlužba.kontaktníBod",
          "description": {
            "es": "Información relevante de contacto para el recurso catalogado. Se recomienda el uso de vCard.",
            "it": "Informazioni di contatto rilevanti per la risorsa catalogata. Si raccomanda l'uso di vCard.",
            "en": "Contact information that can be used for sending comments about the Data Service.",
            "cs": "Relevantní kontaktní informace pro katalogizovaný zdroj. Doporučuje se použít slovník VCard.",
            "fr": "Relie un jeu de données à une information de contact utile en utilisant VCard.",
            "el": "Συνδέει ένα σύνολο δεδομένων με ένα σχετικό σημείο επικοινωνίας, μέσω VCard.",
            "ar": "تربط قائمة البيانات بعنوان اتصال موصف  باستخدام VCard",
            "ja": "データセットを、VCardを用いて提供されている適切な連絡先情報にリンクします。",
            "da": "Relevante kontaktoplysninger for den katalogiserede ressource. Anvendelse af vCard anbefales."
          },
          "descriptionFromProfiled": "https://ofn.gov.cz/dcat-ap-cz#DatováSlužba.kontaktníBod",
          "iri": "DatováSlužba.kontaktníBod",
          "cardinality": [
            1,
            1
          ],
          "usageNote": {},
          "usageNoteFromProfiled": "https://mff-uk.github.io/specifications/dcat-ap-hvd#DataService.contactPoint",
          "profiling": [
            "https://ofn.gov.cz/dcat-ap-cz#DatováSlužba.kontaktníBod",
            "https://mff-uk.github.io/specifications/dcat-ap-hvd#DataService.contactPoint"
          ],
          "externalDocumentationUrl": null,
          "tags": [
            "https://w3id.org/dsv/requirement-level#mandatory"
          ],
          "concept": "sqw8r4c908mk6wles3"
        }
      ],
      "id": "0z35711x4bbgmk6y74w2",
      "type": [
        "relationship-profile"
      ]
    },
    "fqkx2nt2vgmk6y8asc": {
      "ends": [
        {
          "name": null,
          "nameFromProfiled": null,
          "description": null,
          "descriptionFromProfiled": null,
          "iri": null,
          "cardinality": null,
          "usageNote": null,
          "usageNoteFromProfiled": null,
          "profiling": [],
          "externalDocumentationUrl": null,
          "tags": [],
          "concept": "g64dxk24y7smk6wfsh6"
        },
        {
          "name": {
            "es": "end-point del servicio",
            "it": "end-point del servizio",
            "cs": "přístupový bod služby",
            "en": "endpoint URL",
            "da": "tjenesteendpoint"
          },
          "nameFromProfiled": "https://ofn.gov.cz/dcat-ap-cz-otevřená-data#DatováSlužba.přístupovýBodSlužby",
          "description": {
            "cs": "Kořenové umístění nebo hlavní přístupový bod služby (IRI přístupné přes Web).",
            "it": "La locazione principale o l'endpoint primario del servizio (un IRI risolvibile via web).",
            "es": "La posición raíz o end-point principal del servicio (una IRI web).",
            "en": "The root location or primary endpoint of the service (an IRI).",
            "da": "Rodplaceringen eller det primære endpoint for en tjeneste (en web-resolverbar IRI)."
          },
          "descriptionFromProfiled": "https://ofn.gov.cz/dcat-ap-cz-otevřená-data#DatováSlužba.přístupovýBodSlužby",
          "iri": "DatováSlužba.přístupovýBodSlužby",
          "cardinality": [
            1,
            1
          ],
          "usageNote": {},
          "usageNoteFromProfiled": "https://mff-uk.github.io/specifications/dcat-ap-hvd#DataService.endpointUrl",
          "profiling": [
            "https://ofn.gov.cz/dcat-ap-cz-otevřená-data#DatováSlužba.přístupovýBodSlužby",
            "https://mff-uk.github.io/specifications/dcat-ap-hvd#DataService.endpointUrl"
          ],
          "externalDocumentationUrl": null,
          "tags": [
            "https://w3id.org/dsv/requirement-level#mandatory"
          ],
          "concept": "oqxh81n4qimk6xu1dw"
        }
      ],
      "id": "fqkx2nt2vgmk6y8asc",
      "type": [
        "relationship-profile"
      ]
    },
    "w116buz4xdpmk6y8uiy": {
      "ends": [
        {
          "name": null,
          "nameFromProfiled": null,
          "description": null,
          "descriptionFromProfiled": null,
          "iri": null,
          "cardinality": null,
          "usageNote": null,
          "usageNoteFromProfiled": null,
          "profiling": [],
          "externalDocumentationUrl": null,
          "tags": [],
          "concept": "g64dxk24y7smk6wfsh6"
        },
        {
          "name": {
            "es": "descripción del end-point del servicio",
            "en": "endpoint description",
            "it": "descrizione dell'endpoint del servizio",
            "cs": "popis přístupového bodu služby",
            "da": "endpointbeskrivelse"
          },
          "nameFromProfiled": "https://ofn.gov.cz/dcat-ap-cz-otevřená-data#DatováSlužba.popisPřístupovéhoBoduSlužby",
          "description": {
            "en": "A description of the services available via the end-points, including their operations, parameters etc.",
            "cs": "Popis přístupového bodu služby včetně operací, parametrů apod.",
            "es": "Una descripción del end-point del servicio, incluyendo sus operaciones, parámetros, etc.",
            "it": "Una descrizione dell'endpoint del servizio, incluse le sue operazioni, parametri, ecc.",
            "da": "En beskrivelse af det pågældende tjenesteendpoint, inklusiv dets operationer, parametre etc."
          },
          "descriptionFromProfiled": "https://ofn.gov.cz/dcat-ap-cz-otevřená-data#DatováSlužba.popisPřístupovéhoBoduSlužby",
          "iri": "DatováSlužba.popisPřístupovéhoBoduSlužby",
          "cardinality": [
            1,
            1
          ],
          "usageNote": {
            "en": "The endpoint description gives specific details of the actual endpoint instances, while dcterms:conformsTo is used to indicate the general standard or specification that the endpoints implement.\nAn endpoint description may be expressed in a machine-readable form, such as an OpenAPI (Swagger) description [OpenAPI], an OGC GetCapabilities response [WFS], [ISO-19142], [WMS], [ISO-19128], a SPARQL Service Description [SPARQL11-SERVICE-DESCRIPTION], an [OpenSearch] or [WSDL20] document, a Hydra API description [HYDRA], else in text or some other informal mode if a formal representation is not possible."
          },
          "usageNoteFromProfiled": "https://mff-uk.github.io/specifications/dcat-ap-hvd#DataService.endpointDescription",
          "profiling": [
            "https://ofn.gov.cz/dcat-ap-cz-otevřená-data#DatováSlužba.popisPřístupovéhoBoduSlužby",
            "https://mff-uk.github.io/specifications/dcat-ap-hvd#DataService.endpointDescription"
          ],
          "externalDocumentationUrl": null,
          "tags": [
            "https://w3id.org/dsv/requirement-level#mandatory"
          ],
          "concept": "pe8txcqmcomk6wn13o"
        }
      ],
      "id": "w116buz4xdpmk6y8uiy",
      "type": [
        "relationship-profile"
      ]
    },
    "zbnji7emsbrmk6yci4k": {
      "ends": [
        {
          "name": null,
          "nameFromProfiled": null,
          "description": null,
          "descriptionFromProfiled": null,
          "iri": null,
          "cardinality": null,
          "usageNote": null,
          "usageNoteFromProfiled": null,
          "profiling": [],
          "externalDocumentationUrl": null,
          "tags": [],
          "concept": "0l5055wdymjdmk6xpa06"
        },
        {
          "name": {
            "es": "URL de descarga",
            "fr": "URL de téléchargement",
            "it": "URL di scarico",
            "cs": "odkaz na stažení souboru",
            "el": "URL μεταφόρτωσης",
            "en": "download URL",
            "ar": "رابط تحميل",
            "ja": "ダウンロードURL",
            "da": "downloadURL"
          },
          "nameFromProfiled": "https://ofn.gov.cz/dcat-ap-cz-otevřená-data#Distribuce-SouborKeStažení.odkazNaStaženíSouboru",
          "description": {
            "fr": "Ceci est un lien direct à un fichier téléchargeable en un format donnée. Exple fichier CSV ou RDF. Le format est décrit par les propriétés de distribution dcterms:format et/ou dcat:mediaType.",
            "es": "La URL de un archivo descargable en el formato dato. Por ejemplo, archivo CSV o archivo RDF. El formato se describe con las propiedades de la distribución dcterms:format y/o dcat:mediaType.",
            "it": "Questo è un link diretto al file scaricabile in un dato formato. E.g. un file CSV o un file RDF. Il formato è descritto dal dcterms:format e/o dal dcat:mediaType della distribuzione.",
            "en": "A URL that is a direct link to a downloadable file in a given format.",
            "cs": "URL, které je přímým odkazem na stažitelný soubor v daném formátu.",
            "ja": "dcat:downloadURLはdcat:accessURLの特定の形式です。しかし、DCATプロファイルが非ダウンロード・ロケーションに対してのみaccessURLを用いる場合には、より強い分離を課すことを望む可能性があるため、この含意を強化しないように、DCATは、dcat:downloadURLをdcat:accessURLのサブプロパティーであると定義しません。",
            "el": "Είναι ένας σύνδεσμος άμεσης μεταφόρτωσης ενός αρχείου σε μια δεδομένη μορφή. Π.χ. ένα αρχείο CSV ή RDF. Η μορφη αρχείου περιγράφεται από τις ιδιότητες dcterms:format ή/και dcat:mediaType της διανομής.",
            "ar": "رابط مباشر لملف يمكن تحميله. نوع الملف يتم توصيفه باستخدام الخاصية dcterms:format dcat:mediaType ",
            "da": "URL til fil der kan downloades i et bestemt format. Fx en CSV-fil eller en RDF-fil. Formatet for distributionen angives ved hjælp af egenskaberne dcterms:format og/eller dcat:mediaType."
          },
          "descriptionFromProfiled": "https://ofn.gov.cz/dcat-ap-cz-otevřená-data#Distribuce-SouborKeStažení.odkazNaStaženíSouboru",
          "iri": "Distribuce-SouborKeStažení.odkazNaStaženíSouboru",
          "cardinality": [
            1,
            1
          ],
          "usageNote": {
            "en": "dcat:downloadURL SHOULD be used for the URL at which this distribution is available directly, typically through a HTTP Get request."
          },
          "usageNoteFromProfiled": "https://ofn.gov.cz/dcat-ap-cz-otevřená-data#Distribuce-SouborKeStažení.odkazNaStaženíSouboru",
          "profiling": [
            "https://ofn.gov.cz/dcat-ap-cz-otevřená-data#Distribuce-SouborKeStažení.odkazNaStaženíSouboru"
          ],
          "externalDocumentationUrl": null,
          "tags": [
            "https://w3id.org/dsv/requirement-level#mandatory"
          ],
          "concept": "oqxh81n4qimk6xu1dw"
        }
      ],
      "id": "zbnji7emsbrmk6yci4k",
      "type": [
        "relationship-profile"
      ]
    },
    "ikb9tc3h68imk6yebb0": {
      "ends": [
        {
          "name": null,
          "nameFromProfiled": null,
          "description": null,
          "descriptionFromProfiled": null,
          "iri": null,
          "cardinality": null,
          "usageNote": null,
          "usageNoteFromProfiled": null,
          "profiling": [],
          "externalDocumentationUrl": null,
          "tags": [],
          "concept": "t6z7ctn5f6mk6w2xzg"
        },
        {
          "name": {
            "en": "title",
            "cs": "název"
          },
          "nameFromProfiled": "https://ofn.gov.cz/dcat-ap-cz-otevřená-data#DatováSada.název",
          "description": {
            "en": "Název datové sady"
          },
          "descriptionFromProfiled": "https://ofn.gov.cz/dcat-ap-cz-otevřená-data#DatováSada.název",
          "iri": "DatováSada.název",
          "cardinality": [
            1,
            1
          ],
          "usageNote": {
            "en": "This property can be repeated for parallel language versions of the name."
          },
          "usageNoteFromProfiled": "https://ofn.gov.cz/dcat-ap-cz-otevřená-data#DatováSada.název",
          "profiling": [
            "https://ofn.gov.cz/dcat-ap-cz-otevřená-data#DatováSada.název"
          ],
          "externalDocumentationUrl": null,
          "tags": [
            "https://w3id.org/dsv/requirement-level#mandatory"
          ],
          "concept": "https://ofn.gov.cz/zdroj/základní-datové-typy/2020-07-01/text"
        }
      ],
      "id": "ikb9tc3h68imk6yebb0",
      "type": [
        "relationship-profile"
      ]
    },
    "hc6c6ggoawomk6yem1m": {
      "ends": [
        {
          "name": null,
          "nameFromProfiled": null,
          "description": null,
          "descriptionFromProfiled": null,
          "iri": null,
          "cardinality": null,
          "usageNote": null,
          "usageNoteFromProfiled": null,
          "profiling": [],
          "externalDocumentationUrl": null,
          "tags": [],
          "concept": "t6z7ctn5f6mk6w2xzg"
        },
        {
          "name": {
            "en": "description",
            "cs": "popis"
          },
          "nameFromProfiled": "https://ofn.gov.cz/dcat-ap-cz-otevřená-data#DatováSada.popis",
          "description": {
            "en": "A free-text account of the Dataset.",
            "cs": "Volný text s popisem datové sady"
          },
          "descriptionFromProfiled": "https://ofn.gov.cz/dcat-ap-cz-otevřená-data#DatováSada.popis",
          "iri": "DatováSada.popis",
          "cardinality": [
            1,
            1
          ],
          "usageNote": {
            "en": "This property can be repeated for parallel language versions of the description."
          },
          "usageNoteFromProfiled": "https://ofn.gov.cz/dcat-ap-cz-otevřená-data#DatováSada.popis",
          "profiling": [
            "https://ofn.gov.cz/dcat-ap-cz-otevřená-data#DatováSada.popis"
          ],
          "externalDocumentationUrl": null,
          "tags": [
            "https://w3id.org/dsv/requirement-level#mandatory"
          ],
          "concept": "https://ofn.gov.cz/zdroj/základní-datové-typy/2020-07-01/text"
        }
      ],
      "id": "hc6c6ggoawomk6yem1m",
      "type": [
        "relationship-profile"
      ]
    },
    "m2y42f0kuamk6ymyfw": {
      "iri": "EvropskáLicence",
      "profiling": [
        "https://mff-uk.github.io/specifications/dcat-ap-hvd#Concept"
      ],
      "name": {
        "en": "European Licence",
        "cs": "Evropská licence"
      },
      "nameFromProfiled": null,
      "description": {
        "en": "Licence from the Licence EU NAL [[EUV-LIC]]."
      },
      "descriptionFromProfiled": null,
      "usageNote": {
        "en": "In DCAT-AP, a Concept is used to denote codes within a codelist. In section 10. Controlled Vocabularies the expectations are elaborated in more detail."
      },
      "usageNoteFromProfiled": "https://mff-uk.github.io/specifications/dcat-ap-hvd#Concept",
      "externalDocumentationUrl": null,
      "tags": [
        "https://w3id.org/dsv/class-role#main"
      ],
      "id": "m2y42f0kuamk6ymyfw",
      "type": [
        "class-profile"
      ],
      "example": [
        "http://publications.europa.eu/resource/authority/licence/CC_BY_4_0",
        "http://publications.europa.eu/resource/authority/licence/CC0"
      ],
      "regex": "^http://publications\\.europa\\.eu/resource/authority/licence/.*$"
    },
    "49iuj9g8uagmk6yqfkk": {
      "ends": [
        {
          "name": null,
          "nameFromProfiled": null,
          "description": null,
          "descriptionFromProfiled": null,
          "iri": null,
          "cardinality": null,
          "usageNote": null,
          "usageNoteFromProfiled": null,
          "profiling": [],
          "externalDocumentationUrl": null,
          "tags": [],
          "concept": "iyhh76hqlomk6wip3x"
        },
        {
          "name": {
            "en": "has exact match",
            "cs": "přesně odpovídá"
          },
          "nameFromProfiled": null,
          "description": {
            "en": "skos:exactMatch is disjoint with each of the properties skos:broadMatch and skos:relatedMatch."
          },
          "descriptionFromProfiled": "http://www.w3.org/2004/02/skos/core#exactMatch",
          "iri": "SpecifikacePodmínekUžití.přesněOdpovídá",
          "cardinality": [
            0,
            1
          ],
          "usageNote": {},
          "usageNoteFromProfiled": null,
          "profiling": [
            "http://www.w3.org/2004/02/skos/core#exactMatch"
          ],
          "externalDocumentationUrl": null,
          "tags": [
            "https://w3id.org/dsv/requirement-level#recommended"
          ],
          "concept": "m2y42f0kuamk6ymyfw"
        }
      ],
      "id": "49iuj9g8uagmk6yqfkk",
      "type": [
        "relationship-profile"
      ]
    },
    "e51n7981ixmk6yu5ez": {
      "ends": [
        {
          "name": null,
          "nameFromProfiled": null,
          "description": null,
          "descriptionFromProfiled": null,
          "iri": null,
          "cardinality": null,
          "usageNote": null,
          "usageNoteFromProfiled": null,
          "profiling": [],
          "externalDocumentationUrl": null,
          "tags": [],
          "concept": "iyhh76hqlomk6wip3x"
        },
        {
          "name": {
            "en": "has narrower match",
            "cs": "je méně restriktivní než"
          },
          "nameFromProfiled": null,
          "description": {
            "en": "skos:narrowMatch is used to state a hierarchical mapping link between two conceptual resources in different concept schemes."
          },
          "descriptionFromProfiled": "http://www.w3.org/2004/02/skos/core#narrowMatch",
          "iri": "SpecifikacePodmínekUžití.jeMéněRestriktivníNež",
          "cardinality": [
            0,
            1
          ],
          "usageNote": {},
          "usageNoteFromProfiled": null,
          "profiling": [
            "http://www.w3.org/2004/02/skos/core#narrowMatch"
          ],
          "externalDocumentationUrl": null,
          "tags": [
            "https://w3id.org/dsv/requirement-level#recommended"
          ],
          "concept": "m2y42f0kuamk6ymyfw"
        }
      ],
      "id": "e51n7981ixmk6yu5ez",
      "type": [
        "relationship-profile"
      ]
    },
    "9vdxucvyeubmk6z3hgx": {
      "ends": [
        {
          "name": null,
          "nameFromProfiled": null,
          "description": null,
          "descriptionFromProfiled": null,
          "iri": null,
          "cardinality": null,
          "usageNote": null,
          "usageNoteFromProfiled": null,
          "profiling": [],
          "externalDocumentationUrl": null,
          "tags": [],
          "concept": "sqw8r4c908mk6wles3"
        },
        {
          "name": {
            "en": "formatted name",
            "cs": "jméno"
          },
          "nameFromProfiled": "https://ofn.gov.cz/dcat-ap-cz-otevřená-data#KontaktníBod.jméno",
          "description": {
            "en": "The formatted text corresponding to the name of the object",
            "cs": "Jméno objektu jako formátovaný text."
          },
          "descriptionFromProfiled": "https://ofn.gov.cz/dcat-ap-cz-otevřená-data#KontaktníBod.jméno",
          "iri": "KontaktníBod.jméno",
          "cardinality": [
            0,
            1
          ],
          "usageNote": {},
          "usageNoteFromProfiled": "https://ofn.gov.cz/dcat-ap-cz-otevřená-data#KontaktníBod.jméno",
          "profiling": [
            "https://ofn.gov.cz/dcat-ap-cz-otevřená-data#KontaktníBod.jméno"
          ],
          "externalDocumentationUrl": null,
          "tags": [
            "https://w3id.org/dsv/requirement-level#recommended"
          ],
          "concept": "https://ofn.gov.cz/zdroj/základní-datové-typy/2020-07-01/text"
        }
      ],
      "id": "9vdxucvyeubmk6z3hgx",
      "type": [
        "relationship-profile"
      ]
    },
    "784kxut27qqmk6zn3l1": {
      "ends": [
        {
          "name": null,
          "nameFromProfiled": null,
          "description": null,
          "descriptionFromProfiled": null,
          "iri": null,
          "cardinality": null,
          "usageNote": null,
          "usageNoteFromProfiled": null,
          "profiling": [],
          "externalDocumentationUrl": null,
          "tags": [],
          "concept": "ufo7fk25hmk6welt8"
        },
        {
          "name": {
            "es": "Punto de contacto",
            "en": "contact point",
            "cs": "kontaktní bod",
            "fr": "point de contact",
            "it": "punto di contatto",
            "el": "σημείο επικοινωνίας",
            "ar": "عنوان اتصال",
            "ja": "窓口",
            "da": "kontaktpunkt"
          },
          "nameFromProfiled": "https://ofn.gov.cz/dcat-ap-cz-otevřená-data#SérieDatovýchSad.kontaktníBod",
          "description": {
            "es": "Información relevante de contacto para el recurso catalogado. Se recomienda el uso de vCard.",
            "it": "Informazioni di contatto rilevanti per la risorsa catalogata. Si raccomanda l'uso di vCard.",
            "en": "Contact information that can be used for sending comments about the Dataset Series.",
            "cs": "Kontaktní informace, které mohou být využity pro zasílání připomínek k sérii datových sad.",
            "fr": "Relie un jeu de données à une information de contact utile en utilisant VCard.",
            "el": "Συνδέει ένα σύνολο δεδομένων με ένα σχετικό σημείο επικοινωνίας, μέσω VCard.",
            "ar": "تربط قائمة البيانات بعنوان اتصال موصف  باستخدام VCard",
            "ja": "データセットを、VCardを用いて提供されている適切な連絡先情報にリンクします。",
            "da": "Relevante kontaktoplysninger for den katalogiserede ressource. Anvendelse af vCard anbefales."
          },
          "descriptionFromProfiled": "https://ofn.gov.cz/dcat-ap-cz-otevřená-data#SérieDatovýchSad.kontaktníBod",
          "iri": "SérieDatovýchSad.kontaktníBod",
          "cardinality": [
            1,
            1
          ],
          "usageNote": {},
          "usageNoteFromProfiled": "https://ofn.gov.cz/dcat-ap-cz-otevřená-data#SérieDatovýchSad.kontaktníBod",
          "profiling": [
            "https://ofn.gov.cz/dcat-ap-cz-otevřená-data#SérieDatovýchSad.kontaktníBod"
          ],
          "externalDocumentationUrl": null,
          "tags": [
            "https://w3id.org/dsv/requirement-level#mandatory"
          ],
          "concept": "sqw8r4c908mk6wles3"
        }
      ],
      "id": "784kxut27qqmk6zn3l1",
      "type": [
        "relationship-profile"
      ]
    },
    "c72tyhzpusmk6znrjb": {
      "ends": [
        {
          "name": null,
          "nameFromProfiled": null,
          "description": null,
          "descriptionFromProfiled": null,
          "iri": null,
          "cardinality": null,
          "usageNote": null,
          "usageNoteFromProfiled": null,
          "profiling": [],
          "externalDocumentationUrl": null,
          "tags": [],
          "concept": "ufo7fk25hmk6welt8"
        },
        {
          "name": {
            "en": "title",
            "cs": "název"
          },
          "nameFromProfiled": "https://ofn.gov.cz/dcat-ap-cz-otevřená-data#SérieDatovýchSad.název",
          "description": {
            "en": "A name given to the Dataset Series.",
            "cs": "Název série datových sad"
          },
          "descriptionFromProfiled": "https://ofn.gov.cz/dcat-ap-cz-otevřená-data#SérieDatovýchSad.název",
          "iri": "SérieDatovýchSad.název",
          "cardinality": [
            1,
            1
          ],
          "usageNote": {
            "en": "This property can be repeated for parallel language versions of the name."
          },
          "usageNoteFromProfiled": "https://ofn.gov.cz/dcat-ap-cz-otevřená-data#SérieDatovýchSad.název",
          "profiling": [
            "https://ofn.gov.cz/dcat-ap-cz-otevřená-data#SérieDatovýchSad.název"
          ],
          "externalDocumentationUrl": null,
          "tags": [
            "https://w3id.org/dsv/requirement-level#mandatory"
          ],
          "concept": "https://ofn.gov.cz/zdroj/základní-datové-typy/2020-07-01/text"
        }
      ],
      "id": "c72tyhzpusmk6znrjb",
      "type": [
        "relationship-profile"
      ]
    },
    "c7k4osdvmytmk6zo4c9": {
      "ends": [
        {
          "name": null,
          "nameFromProfiled": null,
          "description": null,
          "descriptionFromProfiled": null,
          "iri": null,
          "cardinality": null,
          "usageNote": null,
          "usageNoteFromProfiled": null,
          "profiling": [],
          "externalDocumentationUrl": null,
          "tags": [],
          "concept": "ufo7fk25hmk6welt8"
        },
        {
          "name": {
            "en": "description",
            "cs": "popis"
          },
          "nameFromProfiled": "https://ofn.gov.cz/dcat-ap-cz-otevřená-data#SérieDatovýchSad.popis",
          "description": {
            "en": "A free-text account of the Dataset Series.",
            "cs": "Volný text s popisem série datových sad"
          },
          "descriptionFromProfiled": "https://ofn.gov.cz/dcat-ap-cz-otevřená-data#SérieDatovýchSad.popis",
          "iri": "SérieDatovýchSad.popis",
          "cardinality": [
            1,
            1
          ],
          "usageNote": {
            "en": "This property can be repeated for parallel language versions. It is recommended to provide an indication about the dimensions the Dataset Series evolves."
          },
          "usageNoteFromProfiled": "https://ofn.gov.cz/dcat-ap-cz-otevřená-data#SérieDatovýchSad.popis",
          "profiling": [
            "https://ofn.gov.cz/dcat-ap-cz-otevřená-data#SérieDatovýchSad.popis"
          ],
          "externalDocumentationUrl": null,
          "tags": [
            "https://w3id.org/dsv/requirement-level#mandatory"
          ],
          "concept": "https://ofn.gov.cz/zdroj/základní-datové-typy/2020-07-01/text"
        }
      ],
      "id": "c7k4osdvmytmk6zo4c9",
      "type": [
        "relationship-profile"
      ]
    }
  }
}