{
  "identifier": "489d0c77-4d2f-4021-a27d-59f999b23285",
  "version": 1,
  "type": "http://dataspecer.com/resources/local/visual-model",
  "entities": [
    {
      "identifier": "489d0c77-4d2f-4021-a27d-59f999b23285-model-metadata-entity",
      "type": [
        "entity-model-type"
      ],
      "label": {
        "en": "View for DCAT-AP-CZ: Datové sady s vysokou socio-ekonomickou hodnotou (HVD)"
      }
    },
    {
      "model": "3434ba3b-e7c1-4e45-ace7-c6546d5b3af5",
      "representedEntity": "t6z7ctn5f6mk6w2xzg",
      "position": {
        "x": 520,
        "y": 0,
        "anchored": null
      },
      "content": [
        "ikb9tc3h68imk6yebb0",
        "hc6c6ggoawomk6yem1m",
        "mxtnjnp04gcmk6wr76d",
        "36h5mamcpmjmk6x58ah",
        "5ykk7vji1m8mk6x652l"
      ],
      "visualModels": [],
      "type": [
        "visual-node"
      ],
      "identifier": "j970f"
    },
    {
      "model": "3434ba3b-e7c1-4e45-ace7-c6546d5b3af5",
      "representedEntity": "zuzz6w6xd4mk6we75h",
      "position": {
        "x": 500,
        "y": 450,
        "anchored": null
      },
      "content": [
        "777gtahjoi4mk6xul4s",
        "0vcqi6vk69omk6xhd0z"
      ],
      "visualModels": [],
      "type": [
        "visual-node"
      ],
      "identifier": "epfm3"
    },
    {
      "model": "3434ba3b-e7c1-4e45-ace7-c6546d5b3af5",
      "representedEntity": "ufo7fk25hmk6welt8",
      "position": {
        "x": 900,
        "y": -330,
        "anchored": null
      },
      "content": [
        "c72tyhzpusmk6znrjb",
        "c7k4osdvmytmk6zo4c9",
        "jj6acnjjsdmk6xgq6c",
        "784kxut27qqmk6zn3l1"
      ],
      "visualModels": [],
      "type": [
        "visual-node"
      ],
      "identifier": "zr24hh"
    },
    {
      "model": "3434ba3b-e7c1-4e45-ace7-c6546d5b3af5",
      "representedEntity": "g64dxk24y7smk6wfsh6",
      "position": {
        "x": -170,
        "y": 0,
        "anchored": null
      },
      "content": [
        "bh6rucfg6yhmk6xh2tr",
        "0z35711x4bbgmk6y74w2",
        "0s13shfp8uyamk6y63eu",
        "fqkx2nt2vgmk6y8asc",
        "w116buz4xdpmk6y8uiy"
      ],
      "visualModels": [],
      "type": [
        "visual-node"
      ],
      "identifier": "iczw1"
    },
    {
      "model": "3434ba3b-e7c1-4e45-ace7-c6546d5b3af5",
      "representedEntity": "iyhh76hqlomk6wip3x",
      "position": {
        "x": 430,
        "y": 860,
        "anchored": null
      },
      "content": [],
      "visualModels": [],
      "type": [
        "visual-node"
      ],
      "identifier": "6w9ya"
    },
    {
      "model": "3434ba3b-e7c1-4e45-ace7-c6546d5b3af5",
      "representedEntity": "sqw8r4c908mk6wles3",
      "position": {
        "x": 1230,
        "y": 0,
        "anchored": null
      },
      "content": [
        "9vdxucvyeubmk6z3hgx",
        "liorz5d6w2nmk6xyzxi",
        "jgwj3dp38zkmk6xzrku"
      ],
      "visualModels": [],
      "type": [
        "visual-node"
      ],
      "identifier": "ii89p"
    },
    {
      "model": "3434ba3b-e7c1-4e45-ace7-c6546d5b3af5",
      "representedEntity": "gqn2bzm38tfmk6wngti",
      "position": {
        "x": 1480,
        "y": 290,
        "anchored": null
      },
      "content": [],
      "visualModels": [],
      "type": [
        "visual-node"
      ],
      "identifier": "48z1y"
    },
    {
      "model": "3434ba3b-e7c1-4e45-ace7-c6546d5b3af5",
      "representedEntity": "d2anwvk3osbmk6wnln8",
      "position": {
        "x": 1100,
        "y": 290,
        "anchored": null
      },
      "content": [],
      "visualModels": [],
      "type": [
        "visual-node"
      ],
      "identifier": "h78hu"
    },
    {
      "model": "3434ba3b-e7c1-4e45-ace7-c6546d5b3af5",
      "representedRelationship": "61oroctjucmk6wnwn6",
      "waypoints": [],
      "visualSource": "48z1y",
      "visualTarget": "ii89p",
      "type": [
        "visual-relationship"
      ],
      "identifier": "y74sqk"
    },
    {
      "model": "3434ba3b-e7c1-4e45-ace7-c6546d5b3af5",
      "representedRelationship": "31l8zh5zxkgmk6wnyzy",
      "waypoints": [],
      "visualSource": "h78hu",
      "visualTarget": "ii89p",
      "type": [
        "visual-relationship"
      ],
      "identifier": "2ovr"
    },
    {
      "model": "3434ba3b-e7c1-4e45-ace7-c6546d5b3af5",
      "representedEntity": "c2hru9durormk6x3e5i",
      "position": {
        "x": 210,
        "y": -260,
        "anchored": null
      },
      "content": [],
      "visualModels": [],
      "type": [
        "visual-node"
      ],
      "identifier": "f7phx"
    },
    {
      "model": "3434ba3b-e7c1-4e45-ace7-c6546d5b3af5",
      "representedRelationship": "mpv63f5o2xmk6wznab",
      "waypoints": [],
      "visualSource": "j970f",
      "visualTarget": "f7phx",
      "type": [
        "visual-relationship"
      ],
      "identifier": "a468r"
    },
    {
      "model": "3434ba3b-e7c1-4e45-ace7-c6546d5b3af5",
      "representedRelationship": "y176ir9d7kbmk6x71zh",
      "waypoints": [],
      "visualSource": "j970f",
      "visualTarget": "epfm3",
      "type": [
        "visual-relationship"
      ],
      "identifier": "hupcj"
    },
    {
      "model": "3434ba3b-e7c1-4e45-ace7-c6546d5b3af5",
      "representedRelationship": "drg1ds9mvbmk6xk08a",
      "waypoints": [],
      "visualSource": "iczw1",
      "visualTarget": "f7phx",
      "type": [
        "visual-relationship"
      ],
      "identifier": "2h34e"
    },
    {
      "model": "3434ba3b-e7c1-4e45-ace7-c6546d5b3af5",
      "representedRelationship": "zcno3jc1xmkmk6xkbtd",
      "waypoints": [],
      "visualSource": "zr24hh",
      "visualTarget": "f7phx",
      "type": [
        "visual-relationship"
      ],
      "identifier": "rbssm"
    },
    {
      "model": "3434ba3b-e7c1-4e45-ace7-c6546d5b3af5",
      "representedEntity": "k2wffkzpkylmk6xp11s",
      "position": {
        "x": 130,
        "y": 720,
        "anchored": null
      },
      "content": [],
      "visualModels": [],
      "type": [
        "visual-node"
      ],
      "identifier": "0zgl2"
    },
    {
      "model": "3434ba3b-e7c1-4e45-ace7-c6546d5b3af5",
      "representedEntity": "0l5055wdymjdmk6xpa06",
      "position": {
        "x": 890,
        "y": 740,
        "anchored": null
      },
      "content": [
        "z719f1fw7imk6xvnng",
        "zbnji7emsbrmk6yci4k"
      ],
      "visualModels": [],
      "type": [
        "visual-node"
      ],
      "identifier": "zhq0a"
    },
    {
      "model": "3434ba3b-e7c1-4e45-ace7-c6546d5b3af5",
      "representedRelationship": "exvzs9wwtqnmk6xpihy",
      "waypoints": [],
      "visualSource": "zhq0a",
      "visualTarget": "epfm3",
      "type": [
        "visual-relationship"
      ],
      "identifier": "kwi53i"
    },
    {
      "model": "3434ba3b-e7c1-4e45-ace7-c6546d5b3af5",
      "representedRelationship": "e12w7rds51rmk6xpl15",
      "waypoints": [],
      "visualSource": "0zgl2",
      "visualTarget": "epfm3",
      "type": [
        "visual-relationship"
      ],
      "identifier": "ropm3"
    },
    {
      "model": "3434ba3b-e7c1-4e45-ace7-c6546d5b3af5",
      "representedRelationship": "7myrkrgzhjjmk6xqnok",
      "waypoints": [],
      "visualSource": "0zgl2",
      "visualTarget": "iczw1",
      "type": [
        "visual-relationship"
      ],
      "identifier": "3uj9s"
    },
    {
      "model": "3434ba3b-e7c1-4e45-ace7-c6546d5b3af5",
      "representedRelationship": "qv7wmyu9wyfmk6xrfxq",
      "waypoints": [
        {
          "x": 710,
          "y": 690,
          "anchored": null
        }
      ],
      "visualSource": "epfm3",
      "visualTarget": "6w9ya",
      "type": [
        "visual-relationship"
      ],
      "identifier": "uc5e1"
    },
    {
      "model": "3434ba3b-e7c1-4e45-ace7-c6546d5b3af5",
      "representedEntity": "m2y42f0kuamk6ymyfw",
      "position": {
        "x": 460,
        "y": 1080,
        "anchored": null
      },
      "content": [],
      "visualModels": [],
      "type": [
        "visual-node"
      ],
      "identifier": "4dv4e"
    },
    {
      "model": "3434ba3b-e7c1-4e45-ace7-c6546d5b3af5",
      "representedRelationship": "49iuj9g8uagmk6yqfkk",
      "waypoints": [
        {
          "x": 620,
          "y": 940,
          "anchored": null
        }
      ],
      "visualSource": "6w9ya",
      "visualTarget": "4dv4e",
      "type": [
        "visual-relationship"
      ],
      "identifier": "s3wnr"
    },
    {
      "model": "3434ba3b-e7c1-4e45-ace7-c6546d5b3af5",
      "representedRelationship": "e51n7981ixmk6yu5ez",
      "waypoints": [
        {
          "x": 810,
          "y": 940,
          "anchored": null
        }
      ],
      "visualSource": "6w9ya",
      "visualTarget": "4dv4e",
      "type": [
        "visual-relationship"
      ],
      "identifier": "9oipm"
    }
  ]
}