{
  "iri": "489d0c77-4d2f-4021-a27d-59f999b23285",
  "types": [
    "http://dataspecer.com/resources/local/visual-model"
  ],
  "userMetadata": {
    "label": {
      "en": "View for DCAT-AP-CZ: Datové sady s vysokou socio-ekonomickou hodnotou (HVD)"
    },
    "description": {
      "en": "View model for the profile"
    }
  },
  "metadata": {
    "creationDate": "2026-01-09T13:03:39.741Z",
    "modificationDate": "2026-01-13T08:18:25.484Z"
  },
  "_version": 1,
  "_exportVersion": 1,
  "_exportedAt": "2026-01-13T08:29:02.382Z",
  "_exportedBy": "http://localhost:3100"
}