{
  "iri": "b5f8cb52-c331-4691-b29b-80d2a93f0f44",
  "types": [
    "http://dataspecer.com/resources/v1/psm"
  ],
  "userMetadata": {
    "label": {
      "en": "Dataset",
      "cs": "Datová sada"
    },
    "description": {
      "en": "Data structure for Dataset. A conceptual entity that represents the information published.",
      "cs": "Datová struktura pro Datová sada. Kolekce dat poskytovaná či řízená jedním zdrojem, která je k dispozici pro přístup či stažení v jednom či více formátech."
    }
  },
  "metadata": {
    "creationDate": "2026-01-09T15:02:28.732Z",
    "modificationDate": "2026-01-13T09:28:35.166Z"
  },
  "_version": 1,
  "_exportVersion": 1,
  "_exportedAt": "2026-01-13T09:29:55.472Z",
  "_exportedBy": "http://localhost:3100"
}