{
  "operations": [
    {
      "types": [
        "core-operation",
        "https://ofn.gov.cz/slovník/psm/CreateClass"
      ],
      "iri": "https://ofn.gov.cz/operation/1767970948352-014d-e1a1-b854",
      "parent": null,
      "dataPsmNewIri": null,
      "dataPsmInterpretation": "t6z7ctn5f6mk6w2xzg",
      "dataPsmTechnicalLabel": "datová_sada",
      "dataPsmHumanLabel": null,
      "dataPsmHumanDescription": null,
      "dataPsmExtends": [],
      "dataPsmIsClosed": null
    },
    {
      "types": [
        "core-operation",
        "https://ofn.gov.cz/slovník/psm/SetRoots"
      ],
      "iri": "https://ofn.gov.cz/operation/1767970948386-e6d8-f540-86b4",
      "parent": "https://ofn.gov.cz/operation/1767970948352-014d-e1a1-b854",
      "dataPsmRoots": [
        "https://ofn.gov.cz/class/1767970948351-ba15-4cea-992a"
      ]
    },
    {
      "types": [
        "core-operation",
        "https://ofn.gov.cz/slovník/psm/SetHumanLabel"
      ],
      "iri": "https://ofn.gov.cz/operation/1767970948415-eae1-a5ff-96f0",
      "parent": "https://ofn.gov.cz/operation/1767970948386-e6d8-f540-86b4",
      "dataPsmResource": "b5f8cb52-c331-4691-b29b-80d2a93f0f44",
      "dataPsmHumanLabel": {
        "en": "Dataset",
        "cs": "Datová sada"
      }
    },
    {
      "types": [
        "core-operation",
        "https://ofn.gov.cz/slovník/psm/SetHumanDescription"
      ],
      "iri": "https://ofn.gov.cz/operation/1767970948445-9bf6-c1b5-bb87",
      "parent": "https://ofn.gov.cz/operation/1767970948415-eae1-a5ff-96f0",
      "dataPsmResource": "b5f8cb52-c331-4691-b29b-80d2a93f0f44",
      "dataPsmHumanDescription": {
        "en": "Data structure for Dataset. A conceptual entity that represents the information published.",
        "cs": "Datová struktura pro Datová sada. Kolekce dat poskytovaná či řízená jedním zdrojem, která je k dispozici pro přístup či stažení v jednom či více formátech."
      }
    },
    {
      "types": [
        "core-operation",
        "https://ofn.gov.cz/slovník/psm/SetTechnicalLabel"
      ],
      "iri": "https://ofn.gov.cz/operation/1767970955740-903f-345d-80dc",
      "parent": "https://ofn.gov.cz/operation/1767970948445-9bf6-c1b5-bb87",
      "dataPsmResource": "b5f8cb52-c331-4691-b29b-80d2a93f0f44",
      "dataPsmTechnicalLabel": "datová-sada"
    },
    {
      "types": [
        "core-operation",
        "https://ofn.gov.cz/slovník/psm/SetJsonEnforceContext"
      ],
      "iri": "https://ofn.gov.cz/operation/1767970955759-f8b5-7689-80f1",
      "parent": "https://ofn.gov.cz/operation/1767970955740-903f-345d-80dc",
      "dataPsmEntity": "b5f8cb52-c331-4691-b29b-80d2a93f0f44",
      "jsonEnforceContext": "no"
    }
  ],
  "resources": {
    "b5f8cb52-c331-4691-b29b-80d2a93f0f44": {
      "types": [
        "https://ofn.gov.cz/slovník/psm/Schema"
      ],
      "iri": "b5f8cb52-c331-4691-b29b-80d2a93f0f44",
      "dataPsmHumanLabel": {
        "en": "Dataset",
        "cs": "Datová sada"
      },
      "dataPsmHumanDescription": {
        "en": "Data structure for Dataset. A conceptual entity that represents the information published.",
        "cs": "Datová struktura pro Datová sada. Kolekce dat poskytovaná či řízená jedním zdrojem, která je k dispozici pro přístup či stažení v jednom či více formátech."
      },
      "dataPsmTechnicalLabel": "datová-sada",
      "dataPsmRoots": [
        "https://ofn.gov.cz/class/1767970948351-ba15-4cea-992a"
      ],
      "dataPsmParts": [
        "https://ofn.gov.cz/class/1767970948351-ba15-4cea-992a"
      ],
      "jsonEnforceContext": "no"
    },
    "https://ofn.gov.cz/class/1767970948351-ba15-4cea-992a": {
      "types": [
        "https://ofn.gov.cz/slovník/psm/Class"
      ],
      "iri": "https://ofn.gov.cz/class/1767970948351-ba15-4cea-992a",
      "dataPsmHumanLabel": null,
      "dataPsmHumanDescription": null,
      "dataPsmTechnicalLabel": "datová_sada",
      "dataPsmInterpretation": "t6z7ctn5f6mk6w2xzg",
      "dataPsmExtends": [],
      "dataPsmParts": [],
      "dataPsmIsClosed": null
    }
  }
}