{
  "iri": "5e5aae98-4594-4b4c-9059-e64a65ef3562/0a0f6381-8ec3-4040-941f-825c309241ca",
  "types": [
    "http://dataspecer.com/resources/local/package"
  ],
  "userMetadata": {
    "label": {
      "en": "DCAT-AP HVD 3.0.0"
    },
    "description": {},
    "importedFromUrl": "https://mff-uk.github.io/specifications/dcat-ap-hvd/",
    "documentBaseUrl": "https://mff-uk.github.io/specifications/dcat-ap-hvd/"
  },
  "metadata": {
    "creationDate": "2026-01-14T13:19:23.067Z",
    "modificationDate": "2026-01-22T16:00:21.509Z"
  },
  "_version": 1,
  "_exportVersion": 1,
  "_exportedAt": "2026-01-22T16:04:58.052Z",
  "_exportedBy": "http://localhost:3100"
}