{
  "iri": "5e5aae98-4594-4b4c-9059-e64a65ef3562/0a0f6381-8ec3-4040-941f-825c309241ca/ca5da697-a697-4a98-91ba-d28f6218b342",
  "types": [
    "https://dataspecer.com/core/model-descriptor/pim-store-wrapper"
  ],
  "userMetadata": {
    "documentBaseUrl": "https://www.w3.org/2006/vcard/ns",
    "label": {
      "en": "ns"
    }
  },
  "metadata": {
    "creationDate": "2026-02-19T07:35:31.300Z",
    "modificationDate": "2026-02-19T07:35:31.709Z"
  },
  "_version": 1,
  "_exportVersion": 1,
  "_exportedAt": "2026-02-26T10:21:44.769Z",
  "_exportedBy": "http://localhost:3100"
}