{
  "iri": "5e5aae98-4594-4b4c-9059-e64a65ef3562/0a0f6381-8ec3-4040-941f-825c309241ca/profile",
  "types": [
    "http://dataspecer.com/resources/local/semantic-model"
  ],
  "userMetadata": {
    "label": {
      "en": "DCAT-AP HVD 3.0.0"
    },
    "documentBaseUrl": "https://mff-uk.github.io/specifications/dcat-ap-hvd/"
  },
  "metadata": {
    "creationDate": "2026-01-14T13:19:30.218Z",
    "modificationDate": "2026-02-19T07:35:40.875Z"
  },
  "_version": 1,
  "_exportVersion": 1,
  "_exportedAt": "2026-02-26T10:21:44.762Z",
  "_exportedBy": "http://localhost:3100"
}