{
  "iri": "192e1c39-405f-468a-93b9-40ff51b28489/ce15384d-2046-4629-98d6-299791446449/f4bf43ed-7266-4c8d-b7be-fcbf00814284/c9d9f383-d887-47b2-8e7d-494ca5fc95e2/7612cb88-8193-4d66-87ea-66763f1ba895",
  "types": [
    "https://dataspecer.com/core/model-descriptor/pim-store-wrapper"
  ],
  "userMetadata": {
    "documentBaseUrl": "https://datagov-cz.github.io/cache-slovniku/rdfs.ttl",
    "label": {
      "en": "rdfs"
    }
  },
  "metadata": {
    "creationDate": "2026-01-09T11:44:46.092Z",
    "modificationDate": "2026-01-09T11:44:46.144Z"
  },
  "_version": 1,
  "_exportVersion": 1,
  "_exportedAt": "2026-01-09T11:55:19.434Z",
  "_exportedBy": "http://localhost:3100"
}