{
  "iri": "192e1c39-405f-468a-93b9-40ff51b28489/ce15384d-2046-4629-98d6-299791446449/f4bf43ed-7266-4c8d-b7be-fcbf00814284/c9d9f383-d887-47b2-8e7d-494ca5fc95e2/7851e5b4-a207-4b39-8705-8b179c7c4d28",
  "types": [
    "https://dataspecer.com/core/model-descriptor/pim-store-wrapper"
  ],
  "userMetadata": {
    "documentBaseUrl": "https://www.w3.org/ns/legacy_adms",
    "label": {
      "en": "legacy_adms"
    }
  },
  "metadata": {
    "creationDate": "2026-01-09T11:44:47.226Z",
    "modificationDate": "2026-01-09T11:44:47.421Z"
  },
  "_version": 1,
  "_exportVersion": 1,
  "_exportedAt": "2026-01-20T06:59:13.723Z",
  "_exportedBy": "http://localhost:3100"
}