{
  "iri": "6b8df4a2-cb30-4329-b5bd-34a1559c2387/39070686-f59b-4bf1-93e2-8d8ba68dd54a/0e2d396b-515a-4ef9-9009-b6f192ad73e9/507b0d9c-0d52-4e9b-963d-73d8a5b3301a",
  "types": [
    "https://dataspecer.com/core/model-descriptor/pim-store-wrapper"
  ],
  "userMetadata": {
    "documentBaseUrl": "https://datagov-cz.github.io/cache-slovniku/time.ttl",
    "label": {
      "en": "time"
    }
  },
  "metadata": {
    "creationDate": "2025-05-23T06:21:43.019Z",
    "modificationDate": "2025-05-23T06:42:09.358Z"
  },
  "_version": 1,
  "_exportVersion": 1,
  "_exportedAt": "2025-05-23T06:48:58.425Z",
  "_exportedBy": "http://localhost:3100"
}