{
  "iri": "6b8df4a2-cb30-4329-b5bd-34a1559c2387/39070686-f59b-4bf1-93e2-8d8ba68dd54a/0e2d396b-515a-4ef9-9009-b6f192ad73e9/7d4c0738-cd7b-46a7-ad81-c84012e3479d",
  "types": [
    "https://dataspecer.com/core/model-descriptor/pim-store-wrapper"
  ],
  "userMetadata": {
    "documentBaseUrl": "https://datagov-cz.github.io/cache-slovniku/spdx-ontology.2.3.1.ttl",
    "label": {
      "en": "spdx-ontology"
    }
  },
  "metadata": {
    "creationDate": "2025-05-23T06:21:47.217Z",
    "modificationDate": "2025-05-23T06:42:10.182Z"
  },
  "_version": 1,
  "_exportVersion": 1,
  "_exportedAt": "2025-05-23T06:48:58.447Z",
  "_exportedBy": "http://localhost:3100"
}