{
  "iri": "6b8df4a2-cb30-4329-b5bd-34a1559c2387/39070686-f59b-4bf1-93e2-8d8ba68dd54a/0e2d396b-515a-4ef9-9009-b6f192ad73e9/86e9b232-33c3-4eac-8dcf-e96ecb77d3b1",
  "types": [
    "https://dataspecer.com/core/model-descriptor/pim-store-wrapper"
  ],
  "userMetadata": {
    "documentBaseUrl": "https://www.w3.org/ns/legacy_locn.ttl",
    "label": {
      "en": "legacy_locn"
    }
  },
  "metadata": {
    "creationDate": "2025-05-23T06:21:43.594Z",
    "modificationDate": "2025-05-23T06:42:09.520Z"
  },
  "_version": 1,
  "_exportVersion": 1,
  "_exportedAt": "2025-05-23T06:48:58.429Z",
  "_exportedBy": "http://localhost:3100"
}