{
  "iri": "6b8df4a2-cb30-4329-b5bd-34a1559c2387/39070686-f59b-4bf1-93e2-8d8ba68dd54a/0e2d396b-515a-4ef9-9009-b6f192ad73e9/b55dced8-e207-4a9f-8614-6194c7f0fbd3",
  "types": [
    "https://dataspecer.com/core/model-descriptor/pim-store-wrapper"
  ],
  "userMetadata": {
    "documentBaseUrl": "https://www.w3.org/ns/dcat3.ttl",
    "label": {
      "en": "dcat3"
    }
  },
  "metadata": {
    "creationDate": "2025-05-23T06:21:44.057Z",
    "modificationDate": "2025-05-23T06:42:09.599Z"
  },
  "_version": 1,
  "_exportVersion": 1,
  "_exportedAt": "2025-05-23T06:48:58.433Z",
  "_exportedBy": "http://localhost:3100"
}