{
  "type": "https://dataspecer.com/core/model-descriptor/pim-store-wrapper",
  "id": "3fa68912-ad39-453e-abce-1956e4ca23cf/78601ae1-2a7f-4a83-8171-032510466914/14969f59-30ed-403c-8b99-2f9baa0b8f30/124464d8-1a1c-4a58-b913-6fb72c1addfc/0ab50c7d-7bc5-4157-a929-138e0e7885c1",
  "alias": "r5r",
  "pimStore": {
    "resources": {
      "http://data.europa.eu/r5r/applicableLegislation#domain": {
        "types": [
          "https://ofn.gov.cz/slovník/pim/AssociationEnd"
        ],
        "iri": "http://data.europa.eu/r5r/applicableLegislation#domain",
        "pimInterpretation": null,
        "pimTechnicalLabel": null,
        "pimHumanLabel": null,
        "pimHumanDescription": null,
        "pimPart": "http://www.w3.org/2000/01/rdf-schema#Resource",
        "pimCardinalityMin": null,
        "pimCardinalityMax": null
      },
      "http://data.europa.eu/r5r/applicableLegislation": {
        "types": [
          "https://ofn.gov.cz/slovník/pim/Association"
        ],
        "iri": "http://data.europa.eu/r5r/applicableLegislation",
        "pimInterpretation": "http://data.europa.eu/r5r/applicableLegislation",
        "pimTechnicalLabel": null,
        "pimHumanLabel": {
          "en": "applicable legislation"
        },
        "pimHumanDescription": {
          "en": "the legislation that is applicable to this resource."
        },
        "pimEnd": [
          "http://data.europa.eu/r5r/applicableLegislation#domain",
          "http://data.europa.eu/r5r/applicableLegislation#range"
        ],
        "pimIsOriented": true,
        "pimExtends": []
      },
      "http://data.europa.eu/r5r/applicableLegislation#range": {
        "types": [
          "https://ofn.gov.cz/slovník/pim/AssociationEnd"
        ],
        "iri": "http://data.europa.eu/r5r/applicableLegislation#range",
        "pimInterpretation": null,
        "pimTechnicalLabel": null,
        "pimHumanLabel": null,
        "pimHumanDescription": null,
        "pimPart": "http://data.europa.eu/eli/ontology#LegalResource",
        "pimCardinalityMin": null,
        "pimCardinalityMax": null
      },
      "http://data.europa.eu/r5r/availability#domain": {
        "types": [
          "https://ofn.gov.cz/slovník/pim/AssociationEnd"
        ],
        "iri": "http://data.europa.eu/r5r/availability#domain",
        "pimInterpretation": null,
        "pimTechnicalLabel": null,
        "pimHumanLabel": null,
        "pimHumanDescription": null,
        "pimPart": "http://www.w3.org/ns/dcat#Distribution",
        "pimCardinalityMin": null,
        "pimCardinalityMax": null
      },
      "http://data.europa.eu/r5r/availability": {
        "types": [
          "https://ofn.gov.cz/slovník/pim/Association"
        ],
        "iri": "http://data.europa.eu/r5r/availability",
        "pimInterpretation": "http://data.europa.eu/r5r/availability",
        "pimTechnicalLabel": null,
        "pimHumanLabel": {
          "en": "availability"
        },
        "pimHumanDescription": {
          "en": "An indication how long it is planned to keep the Distribution of the Dataset available."
        },
        "pimEnd": [
          "http://data.europa.eu/r5r/availability#domain",
          "http://data.europa.eu/r5r/availability#range"
        ],
        "pimIsOriented": true,
        "pimExtends": []
      },
      "http://data.europa.eu/r5r/availability#range": {
        "types": [
          "https://ofn.gov.cz/slovník/pim/AssociationEnd"
        ],
        "iri": "http://data.europa.eu/r5r/availability#range",
        "pimInterpretation": null,
        "pimTechnicalLabel": null,
        "pimHumanLabel": null,
        "pimHumanDescription": null,
        "pimPart": "http://www.w3.org/2004/02/skos/core#Concept",
        "pimCardinalityMin": null,
        "pimCardinalityMax": null
      },
      "http://data.europa.eu/r5r/hvdCategory#domain": {
        "types": [
          "https://ofn.gov.cz/slovník/pim/AssociationEnd"
        ],
        "iri": "http://data.europa.eu/r5r/hvdCategory#domain",
        "pimInterpretation": null,
        "pimTechnicalLabel": null,
        "pimHumanLabel": null,
        "pimHumanDescription": null,
        "pimPart": "http://www.w3.org/2000/01/rdf-schema#Resource",
        "pimCardinalityMin": null,
        "pimCardinalityMax": null
      },
      "http://data.europa.eu/r5r/hvdCategory": {
        "types": [
          "https://ofn.gov.cz/slovník/pim/Association"
        ],
        "iri": "http://data.europa.eu/r5r/hvdCategory",
        "pimInterpretation": "http://data.europa.eu/r5r/hvdCategory",
        "pimTechnicalLabel": null,
        "pimHumanLabel": {
          "en": "HVD category"
        },
        "pimHumanDescription": {
          "en": "A data category defined in the High Value Dataset Implementing Regulation."
        },
        "pimEnd": [
          "http://data.europa.eu/r5r/hvdCategory#domain",
          "http://data.europa.eu/r5r/hvdCategory#range"
        ],
        "pimIsOriented": true,
        "pimExtends": []
      },
      "http://data.europa.eu/r5r/hvdCategory#range": {
        "types": [
          "https://ofn.gov.cz/slovník/pim/AssociationEnd"
        ],
        "iri": "http://data.europa.eu/r5r/hvdCategory#range",
        "pimInterpretation": null,
        "pimTechnicalLabel": null,
        "pimHumanLabel": null,
        "pimHumanDescription": null,
        "pimPart": "http://www.w3.org/2004/02/skos/core#Concept",
        "pimCardinalityMin": null,
        "pimCardinalityMax": null
      },
      "http://www.w3.org/2002/07/owl#Thing": {
        "types": [
          "https://ofn.gov.cz/slovník/pim/Class"
        ],
        "iri": "http://www.w3.org/2002/07/owl#Thing",
        "pimInterpretation": "http://www.w3.org/2002/07/owl#Thing",
        "pimTechnicalLabel": null,
        "pimHumanLabel": {
          "en": "owl:Thing"
        },
        "pimHumanDescription": null,
        "pimExtends": [
          "http://www.w3.org/2002/07/owl#Thing"
        ],
        "pimIsCodelist": false,
        "pimCodelistUrl": [],
        "pimRegex": null,
        "pimExample": null,
        "pimObjectExample": null
      }
    }
  },
  "urls": [
    "https://semiceu.github.io/DCAT-AP/r5r/releases/3.0.0/voc/r5r.jsonld"
  ]
}