{
  "iri": "3fa68912-ad39-453e-abce-1956e4ca23cf/78601ae1-2a7f-4a83-8171-032510466914/14969f59-30ed-403c-8b99-2f9baa0b8f30/124464d8-1a1c-4a58-b913-6fb72c1addfc/profile",
  "types": [
    "http://dataspecer.com/resources/local/semantic-model"
  ],
  "userMetadata": {
    "label": {
      "en": "DCAT-AP 3.0.1 based on DCAT 3 DAP"
    },
    "documentBaseUrl": "https://mff-uk.github.io/specifications/dcat-ap/"
  },
  "metadata": {
    "creationDate": "2026-01-09T13:03:31.342Z",
    "modificationDate": "2026-01-09T14:53:04.994Z"
  },
  "_version": 1,
  "_exportVersion": 1,
  "_exportedAt": "2026-01-09T15:15:32.091Z",
  "_exportedBy": "http://localhost:3100"
}