{
  "iri": "db2ad74f-ec45-4d46-84f8-24d36fbb4200/76fdef19-9148-4760-b7f4-e2642b601bf6",
  "types": [
    "http://dataspecer.com/resources/local/package"
  ],
  "userMetadata": {
    "label": {
      "cs": "DCAT-AP-CZ: Základní datový model pro katalogy dat",
      "en": "DCAT-AP-CZ: Basic data model for data catalogs"
    },
    "description": {},
    "importedFromUrl": "https://ofn.gov.cz/dcat-ap-cz/draft/cs/",
    "documentBaseUrl": "https://ofn.gov.cz/dcat-ap-cz/draft/cs/"
  },
  "metadata": {
    "creationDate": "2026-01-09T12:04:59.664Z",
    "modificationDate": "2026-01-09T12:06:55.747Z"
  },
  "_version": 1,
  "_exportVersion": 1,
  "_exportedAt": "2026-01-09T12:07:09.776Z",
  "_exportedBy": "http://localhost:3100"
}