{
  "iri": "31c15e62-6f46-4c53-ad4d-cf900421feb6/865caedb-3799-4b20-8e41-94daa98e66a9/e41cade2-8a3d-4e59-a4db-324e58c5028d/5b6e57f7-a6be-499d-b39a-9800116d0382",
  "types": [
    "https://dataspecer.com/core/model-descriptor/pim-store-wrapper"
  ],
  "userMetadata": {
    "documentBaseUrl": "https://www.w3.org/ns/legacy_adms",
    "label": {
      "en": "legacy_adms"
    }
  },
  "metadata": {
    "creationDate": "2025-07-23T10:52:28.638Z",
    "modificationDate": "2025-07-23T10:52:28.810Z"
  },
  "_version": 1,
  "_exportVersion": 1,
  "_exportedAt": "2025-07-23T10:52:55.256Z",
  "_exportedBy": "http://localhost:3100"
}