{
  "iri": "31c15e62-6f46-4c53-ad4d-cf900421feb6/865caedb-3799-4b20-8e41-94daa98e66a9/e41cade2-8a3d-4e59-a4db-324e58c5028d/cc02d0c7-e19a-41c9-9ede-1d66da4af664",
  "types": [
    "https://dataspecer.com/core/model-descriptor/pim-store-wrapper"
  ],
  "userMetadata": {
    "documentBaseUrl": "https://datagov-cz.github.io/cache-slovniku/skos.rdf",
    "label": {
      "en": "skos"
    }
  },
  "metadata": {
    "creationDate": "2025-07-23T10:52:30.622Z",
    "modificationDate": "2025-07-23T10:52:30.719Z"
  },
  "_version": 1,
  "_exportVersion": 1,
  "_exportedAt": "2025-07-23T10:52:55.267Z",
  "_exportedBy": "http://localhost:3100"
}