{
  "iri": "31c15e62-6f46-4c53-ad4d-cf900421feb6/9ebcf9a7-bd19-43b2-a067-78a2d15baf47",
  "types": [
    "http://dataspecer.com/resources/local/package"
  ],
  "userMetadata": {
    "label": {
      "cs": "DCAT-AP-CZ - podmínky užití",
      "en": "DCAT-AP-CZ - terms of use"
    },
    "description": {},
    "importedFromUrl": "https://ofn.gov.cz/dcat-ap-cz-podmínky-užití/draft/",
    "documentBaseUrl": "https://ofn.gov.cz/dcat-ap-cz-podmínky-užití/draft/"
  },
  "metadata": {
    "creationDate": "2025-06-24T10:54:36.598Z",
    "modificationDate": "2025-07-15T08:54:59.504Z"
  },
  "_version": 1,
  "_exportVersion": 1,
  "_exportedAt": "2025-07-15T08:55:40.788Z",
  "_exportedBy": "http://localhost:3100"
}