{
  "iri": "31c15e62-6f46-4c53-ad4d-cf900421feb6/9ebcf9a7-bd19-43b2-a067-78a2d15baf47/e612fa8b-bb90-43ae-8874-02744fe619f7",
  "types": [
    "https://dataspecer.com/core/model-descriptor/pim-store-wrapper"
  ],
  "userMetadata": {
    "documentBaseUrl": "https://www.dublincore.org/specifications/dublin-core/dcmi-terms/dublin_core_terms.ttl",
    "label": {
      "en": "dublin_core_terms"
    }
  },
  "metadata": {
    "creationDate": "2025-05-13T11:52:22.674Z",
    "modificationDate": "2025-05-13T11:52:22.835Z"
  },
  "_version": 1,
  "_exportVersion": 1,
  "_exportedAt": "2025-05-13T11:53:23.649Z",
  "_exportedBy": "http://localhost:3100"
}