{
  "iri": "31c15e62-6f46-4c53-ad4d-cf900421feb6/9ebcf9a7-bd19-43b2-a067-78a2d15baf47/fab80b10-bb06-4596-b10b-180da6e99a2a",
  "types": [
    "https://dataspecer.com/core/model-descriptor/pim-store-wrapper"
  ],
  "userMetadata": {
    "documentBaseUrl": "https://www.w3.org/ns/dcat3.ttl",
    "label": {
      "en": "dcat3"
    }
  },
  "metadata": {
    "creationDate": "2025-05-13T11:52:23.101Z",
    "modificationDate": "2025-05-13T11:52:23.826Z"
  },
  "_version": 1,
  "_exportVersion": 1,
  "_exportedAt": "2025-05-13T11:53:23.652Z",
  "_exportedBy": "http://localhost:3100"
}