{
  "iri": "31c15e62-6f46-4c53-ad4d-cf900421feb6/9ebcf9a7-bd19-43b2-a067-78a2d15baf47/vocabulary",
  "types": [
    "http://dataspecer.com/resources/local/semantic-model"
  ],
  "userMetadata": {
    "label": {
      "en": "DCAT-AP-CZ - terms of use"
    },
    "documentBaseUrl": "https://ofn.gov.cz/dcat-ap-cz-podmínky-užití/draft/"
  },
  "metadata": {
    "creationDate": "2025-05-14T05:26:22.364Z",
    "modificationDate": "2025-05-14T05:29:40.517Z"
  },
  "_version": 1,
  "_exportVersion": 1,
  "_exportedAt": "2025-05-14T05:29:54.197Z",
  "_exportedBy": "http://localhost:3100"
}