{
  "iri": "192e1c39-405f-468a-93b9-40ff51b28489/59e65794-2eb0-4448-ba26-ad75aa65db1a/791a27e0-f457-4a3f-8bf4-fc0f138e8f2d/1242f252-dd63-4979-873f-774ce5430cb1",
  "types": [
    "https://dataspecer.com/core/model-descriptor/pim-store-wrapper"
  ],
  "userMetadata": {
    "documentBaseUrl": "https://www.dublincore.org/specifications/dublin-core/dcmi-terms/dublin_core_terms.ttl",
    "label": {
      "en": "dublin_core_terms"
    }
  },
  "metadata": {
    "creationDate": "2026-01-06T10:48:06.776Z",
    "modificationDate": "2026-01-06T10:48:06.893Z"
  },
  "_version": 1,
  "_exportVersion": 1,
  "_exportedAt": "2026-01-06T10:49:22.533Z",
  "_exportedBy": "http://localhost:3100"
}