{
  "iri": "192e1c39-405f-468a-93b9-40ff51b28489/59e65794-2eb0-4448-ba26-ad75aa65db1a/791a27e0-f457-4a3f-8bf4-fc0f138e8f2d/f33bddd3-b952-47e3-a52a-04b5c520856d",
  "types": [
    "https://dataspecer.com/core/model-descriptor/pim-store-wrapper"
  ],
  "userMetadata": {
    "documentBaseUrl": "https://www.w3.org/ns/dcat3.ttl",
    "label": {
      "en": "dcat3"
    }
  },
  "metadata": {
    "creationDate": "2026-01-06T10:48:07.512Z",
    "modificationDate": "2026-01-06T11:43:14.078Z"
  },
  "_version": 1,
  "_exportVersion": 1,
  "_exportedAt": "2026-01-06T11:54:17.888Z",
  "_exportedBy": "http://localhost:3100"
}