{
  "iri": "192e1c39-405f-468a-93b9-40ff51b28489/07df68f1-3239-4898-82e1-b42e608f3c21/24832be7-fe72-470a-98ee-7d422e12829f/79f50bf9-8fed-4138-a1f1-d17e2046e6f0",
  "types": [
    "https://dataspecer.com/core/model-descriptor/pim-store-wrapper"
  ],
  "userMetadata": {
    "documentBaseUrl": "https://www.dublincore.org/specifications/dublin-core/dcmi-terms/dublin_core_terms.ttl",
    "label": {
      "en": "dublin_core_terms"
    }
  },
  "metadata": {
    "creationDate": "2025-12-29T15:55:54.823Z",
    "modificationDate": "2025-12-29T16:07:04.815Z"
  },
  "_version": 1,
  "_exportVersion": 1,
  "_exportedAt": "2025-12-29T16:07:29.543Z",
  "_exportedBy": "http://localhost:3100"
}