{
  "iri": "192e1c39-405f-468a-93b9-40ff51b28489/07df68f1-3239-4898-82e1-b42e608f3c21/24832be7-fe72-470a-98ee-7d422e12829f/f732772d-e8e9-4699-b22c-628ca201578a",
  "types": [
    "https://dataspecer.com/core/model-descriptor/pim-store-wrapper"
  ],
  "userMetadata": {
    "documentBaseUrl": "https://www.w3.org/ns/dcat3.ttl",
    "label": {
      "en": "dcat3"
    }
  },
  "metadata": {
    "creationDate": "2025-12-29T15:55:54.903Z",
    "modificationDate": "2025-12-29T16:07:04.966Z"
  },
  "_version": 1,
  "_exportVersion": 1,
  "_exportedAt": "2025-12-29T16:07:29.549Z",
  "_exportedBy": "http://localhost:3100"
}