{
  "iri": "192e1c39-405f-468a-93b9-40ff51b28489/07df68f1-3239-4898-82e1-b42e608f3c21/24832be7-fe72-470a-98ee-7d422e12829f/vocabulary",
  "types": [
    "http://dataspecer.com/resources/local/semantic-model"
  ],
  "userMetadata": {
    "label": {
      "en": "DCAT-AP-CZ - terms of use"
    },
    "documentBaseUrl": "https://ofn.gov.cz/dcat-ap-cz-podmínky-užití/2025-08-12/"
  },
  "metadata": {
    "creationDate": "2025-12-29T15:55:54.985Z",
    "modificationDate": "2025-12-29T16:07:05.092Z"
  },
  "_version": 1,
  "_exportVersion": 1,
  "_exportedAt": "2025-12-29T16:07:29.552Z",
  "_exportedBy": "http://localhost:3100"
}