{
  "iri": "db2ad74f-ec45-4d46-84f8-24d36fbb4200/ee216e25-cd02-439a-864a-9e4f13bbd330/c37c2f52-19f1-43c2-b506-2de10ec56642",
  "types": [
    "http://dataspecer.com/resources/local/package"
  ],
  "userMetadata": {
    "label": {
      "en": "DCAT-AP 3.0.1 based on DCAT 3 DAP",
      "cs": "DCAT-AP 3.0.1 na základě DCAT 3 DAP"
    },
    "description": {},
    "importedFromUrl": "https://mff-uk.github.io/specifications/dcat-ap/",
    "documentBaseUrl": "https://mff-uk.github.io/specifications/dcat-ap/"
  },
  "metadata": {
    "creationDate": "2025-07-23T11:00:23.063Z",
    "modificationDate": "2025-07-23T11:00:25.682Z"
  },
  "_version": 1,
  "_exportVersion": 1,
  "_exportedAt": "2025-07-23T11:09:55.422Z",
  "_exportedBy": "http://localhost:3100"
}