{
  "iri": "db2ad74f-ec45-4d46-84f8-24d36fbb4200/ee216e25-cd02-439a-864a-9e4f13bbd330/c37c2f52-19f1-43c2-b506-2de10ec56642/a27fcb90-16bd-4cd7-8d80-d9452180ba2c",
  "types": [
    "https://dataspecer.com/core/model-descriptor/pim-store-wrapper"
  ],
  "userMetadata": {
    "documentBaseUrl": "https://semiceu.github.io/DCAT-AP/r5r/releases/3.0.0/voc/r5r.jsonld",
    "label": {
      "en": "r5r"
    }
  },
  "metadata": {
    "creationDate": "2025-07-23T10:55:16.265Z",
    "modificationDate": "2025-07-23T10:55:16.328Z"
  },
  "_version": 1,
  "_exportVersion": 1,
  "_exportedAt": "2025-07-23T10:55:48.145Z",
  "_exportedBy": "http://localhost:3100"
}