{
  "iri": "31c15e62-6f46-4c53-ad4d-cf900421feb6/15fc5fa8-fd8e-4dbd-9f5c-b1d3a4dbeba5",
  "types": [
    "http://dataspecer.com/resources/local/package"
  ],
  "userMetadata": {
    "label": {
      "en": "DCAT-AP 3.0.1 based on DCAT 3 DAP",
      "cs": "DCAT-AP 3.0.1 na základě DCAT 3 DAP"
    },
    "description": {},
    "importedFromUrl": "https://mff-uk.github.io/specifications/dcat-ap/",
    "documentBaseUrl": "https://mff-uk.github.io/specifications/dcat-ap/"
  },
  "metadata": {
    "creationDate": "2025-07-17T08:51:55.272Z",
    "modificationDate": "2025-07-17T08:52:00.712Z"
  },
  "_version": 1,
  "_exportVersion": 1,
  "_exportedAt": "2025-07-17T08:57:59.631Z",
  "_exportedBy": "http://localhost:3100"
}