{
  "iri": "31c15e62-6f46-4c53-ad4d-cf900421feb6/15fc5fa8-fd8e-4dbd-9f5c-b1d3a4dbeba5/profile",
  "types": [
    "http://dataspecer.com/resources/local/semantic-model"
  ],
  "userMetadata": {
    "label": {
      "en": "DCAT-AP 3.0.1 based on DCAT 3 DAP"
    },
    "documentBaseUrl": "https://mff-uk.github.io/specifications/dcat-ap/"
  },
  "metadata": {
    "creationDate": "2025-07-17T08:52:00.686Z",
    "modificationDate": "2025-07-17T08:52:00.708Z"
  },
  "_version": 1,
  "_exportVersion": 1,
  "_exportedAt": "2025-07-17T08:57:59.628Z",
  "_exportedBy": "http://localhost:3100"
}