{
  "iri": "192e1c39-405f-468a-93b9-40ff51b28489/520d0cba-00fd-4261-9335-930ecd7c9c37/c7b27a82-a8db-48ac-8c0f-9bc70c93a51f/24d123b7-af47-47cd-976d-bbb1237452fa/d2280cb4-16cd-4e00-9308-8084e58a1d86",
  "types": [
    "https://dataspecer.com/core/model-descriptor/pim-store-wrapper"
  ],
  "userMetadata": {
    "documentBaseUrl": "https://datagov-cz.github.io/cache-slovniku/time.ttl",
    "label": {
      "en": "time"
    }
  },
  "metadata": {
    "creationDate": "2025-12-31T10:21:54.646Z",
    "modificationDate": "2026-01-06T08:50:53.839Z"
  },
  "_version": 1,
  "_exportVersion": 1,
  "_exportedAt": "2026-01-06T08:52:03.798Z",
  "_exportedBy": "http://localhost:3100"
}