{
  "iri": "192e1c39-405f-468a-93b9-40ff51b28489/520d0cba-00fd-4261-9335-930ecd7c9c37/c7b27a82-a8db-48ac-8c0f-9bc70c93a51f/24d123b7-af47-47cd-976d-bbb1237452fa/fcfbda10-0da0-468a-b521-ec62d9abdb22",
  "types": [
    "https://dataspecer.com/core/model-descriptor/pim-store-wrapper"
  ],
  "userMetadata": {
    "documentBaseUrl": "https://www.w3.org/ns/dcat3.ttl",
    "label": {
      "en": "dcat3"
    }
  },
  "metadata": {
    "creationDate": "2025-12-31T10:21:56.167Z",
    "modificationDate": "2026-01-06T08:50:53.867Z"
  },
  "_version": 1,
  "_exportVersion": 1,
  "_exportedAt": "2026-01-06T08:52:03.803Z",
  "_exportedBy": "http://localhost:3100"
}