{
  "iri": "69160fc4-9370-4130-8795-a4ff50a70a28/3a15ca7d-7a61-4a6f-849b-43ae52dedaff/c76605cb-98a7-4c4f-b3ec-620c43d30210/3b3afb1f-4b7e-44d9-bb65-8b015ee340d5",
  "types": [
    "https://dataspecer.com/core/model-descriptor/pim-store-wrapper"
  ],
  "userMetadata": {
    "documentBaseUrl": "https://semiceu.github.io/DCAT-AP/r5r/releases/3.0.0/voc/r5r.jsonld",
    "label": {
      "en": "r5r"
    }
  },
  "metadata": {
    "creationDate": "2025-10-14T14:15:23.863Z",
    "modificationDate": "2025-10-20T13:18:55.210Z"
  },
  "_version": 1,
  "_exportVersion": 1,
  "_exportedAt": "2025-10-20T13:37:15.277Z",
  "_exportedBy": "http://localhost:3100"
}