{
  "identifier": "8612bc65-7f0c-456c-83af-6bff1023c1bf",
  "version": 1,
  "type": "http://dataspecer.com/resources/local/visual-model",
  "entities": [
    {
      "identifier": "8612bc65-7f0c-456c-83af-6bff1023c1bf-model-metadata-entity",
      "type": [
        "entity-model-type"
      ],
      "label": {
        "en": "DCAT-AP-CZ Terms of use",
        "cs": "Podmínky užití pro DCAT-AP-CZ"
      }
    },
    {
      "type": [
        "http://dataspecer.com/resources/local/visual-model"
      ],
      "representedModel": "33ddec23-f525-4d63-ab25-245c7b940990",
      "color": "#b4e33d",
      "identifier": "yhjao"
    },
    {
      "model": "33ddec23-f525-4d63-ab25-245c7b940990",
      "representedEntity": "zmttvf3wcbsm7ud0v6h",
      "position": {
        "x": 810,
        "y": 390
      },
      "content": [
        "xmaskp950bjm7ud85st",
        "pismv2ntscm7ud8tu2"
      ],
      "visualModels": [],
      "type": [
        "visual-node"
      ],
      "identifier": "fkzd8j"
    },
    {
      "type": [
        "http://dataspecer.com/resources/local/visual-model"
      ],
      "representedModel": "fj9xs",
      "color": "#b8d6b8",
      "identifier": "x2gay"
    },
    {
      "model": "fj9xs",
      "representedEntity": "http://purl.org/dc/terms/LicenseDocument",
      "position": {
        "x": 1470,
        "y": 410
      },
      "content": [],
      "visualModels": [],
      "type": [
        "visual-node"
      ],
      "identifier": "1zk6h"
    },
    {
      "model": "33ddec23-f525-4d63-ab25-245c7b940990",
      "representedRelationship": "0skv5hcvu67m7ud1ct9",
      "waypoints": [],
      "visualSource": "fkzd8j",
      "visualTarget": "1zk6h",
      "type": [
        "visual-relationship"
      ],
      "identifier": "8qzc3"
    },
    {
      "type": [
        "http://dataspecer.com/resources/local/visual-model"
      ],
      "representedModel": "cj7xxh",
      "color": "#e63462",
      "identifier": "nu99p"
    },
    {
      "model": "33ddec23-f525-4d63-ab25-245c7b940990",
      "representedRelationship": "gnrjet4dmggm7ud78mq",
      "waypoints": [
        {
          "x": 950,
          "y": 550,
          "anchored": null
        },
        {
          "x": 1510,
          "y": 550,
          "anchored": null
        }
      ],
      "visualSource": "fkzd8j",
      "visualTarget": "1zk6h",
      "type": [
        "visual-relationship"
      ],
      "identifier": "db8z9"
    },
    {
      "model": "cj7xxh",
      "representedEntity": "http://www.w3.org/ns/dcat#Distribution",
      "position": {
        "x": 620,
        "y": 620
      },
      "content": [],
      "visualModels": [],
      "type": [
        "visual-node"
      ],
      "identifier": "g9h4hl"
    },
    {
      "model": "33ddec23-f525-4d63-ab25-245c7b940990",
      "representedRelationship": "hetlfla483bm7ud3idr",
      "waypoints": [],
      "visualSource": "g9h4hl",
      "visualTarget": "fkzd8j",
      "type": [
        "visual-relationship"
      ],
      "identifier": "bgmlu"
    },
    {
      "model": "33ddec23-f525-4d63-ab25-245c7b940990",
      "representedRelationship": "2t33k4yn5d7m7udb5us",
      "waypoints": [
        {
          "x": 930,
          "y": 300,
          "anchored": null
        },
        {
          "x": 1650,
          "y": 300,
          "anchored": null
        }
      ],
      "visualSource": "fkzd8j",
      "visualTarget": "1zk6h",
      "type": [
        "visual-relationship"
      ],
      "identifier": "saxqc"
    },
    {
      "model": "33ddec23-f525-4d63-ab25-245c7b940990",
      "representedRelationship": "vyze7o0hyapm7udbx48",
      "waypoints": [
        {
          "x": 960,
          "y": 350,
          "anchored": null
        },
        {
          "x": 1510,
          "y": 350,
          "anchored": null
        }
      ],
      "visualSource": "fkzd8j",
      "visualTarget": "1zk6h",
      "type": [
        "visual-relationship"
      ],
      "identifier": "fn3m5"
    },
    {
      "model": "33ddec23-f525-4d63-ab25-245c7b940990",
      "representedRelationship": "b3cqzof5s6tm7udcy28",
      "waypoints": [
        {
          "x": 920,
          "y": 590,
          "anchored": null
        },
        {
          "x": 1650,
          "y": 590,
          "anchored": null
        }
      ],
      "visualSource": "fkzd8j",
      "visualTarget": "1zk6h",
      "type": [
        "visual-relationship"
      ],
      "identifier": "26ir2"
    }
  ]
}