{
  "iri": "e568105c-e7d2-4971-b9a4-ca2528e8def8/88470711-ad1c-4a86-b9c1-b53afd4b7ff6/d99d5e85-9ea0-412f-9ad7-74904acd2cd4/75e7df96-d9f8-4b35-9ea4-3ee626f0befb/53f914c8-3bb0-473d-a7a1-e49d724b2a75",
  "types": [
    "https://dataspecer.com/core/model-descriptor/pim-store-wrapper"
  ],
  "userMetadata": {
    "documentBaseUrl": "https://www.w3.org/ns/legacy_adms",
    "label": {
      "en": "legacy_adms"
    }
  },
  "metadata": {
    "creationDate": "2025-05-23T06:58:24.897Z",
    "modificationDate": "2025-05-23T07:09:08.661Z"
  },
  "_version": 1,
  "_exportVersion": 1,
  "_exportedAt": "2025-05-23T07:10:57.336Z",
  "_exportedBy": "http://localhost:3100"
}