{
  "iri": "e568105c-e7d2-4971-b9a4-ca2528e8def8/88470711-ad1c-4a86-b9c1-b53afd4b7ff6/d99d5e85-9ea0-412f-9ad7-74904acd2cd4/75e7df96-d9f8-4b35-9ea4-3ee626f0befb/81f67cc4-c7b2-4ea8-b980-a502d929e479",
  "types": [
    "https://dataspecer.com/core/model-descriptor/pim-store-wrapper"
  ],
  "userMetadata": {
    "documentBaseUrl": "https://datagov-cz.github.io/cache-slovniku/spdx-ontology.2.3.1.ttl",
    "label": {
      "en": "spdx-ontology"
    }
  },
  "metadata": {
    "creationDate": "2025-05-23T06:58:25.237Z",
    "modificationDate": "2025-05-23T07:09:08.770Z"
  },
  "_version": 1,
  "_exportVersion": 1,
  "_exportedAt": "2025-05-23T07:10:57.337Z",
  "_exportedBy": "http://localhost:3100"
}