{
  "iri": "e568105c-e7d2-4971-b9a4-ca2528e8def8/88470711-ad1c-4a86-b9c1-b53afd4b7ff6/d99d5e85-9ea0-412f-9ad7-74904acd2cd4/75e7df96-d9f8-4b35-9ea4-3ee626f0befb/98dc7792-660c-4a0a-85d0-fa1379bc30fd",
  "types": [
    "https://dataspecer.com/core/model-descriptor/pim-store-wrapper"
  ],
  "userMetadata": {
    "documentBaseUrl": "https://www.dublincore.org/specifications/dublin-core/dcmi-terms/dublin_core_terms.ttl",
    "label": {
      "en": "dublin_core_terms"
    }
  },
  "metadata": {
    "creationDate": "2025-05-23T06:58:20.816Z",
    "modificationDate": "2025-05-23T07:09:07.639Z"
  },
  "_version": 1,
  "_exportVersion": 1,
  "_exportedAt": "2025-05-23T07:10:57.313Z",
  "_exportedBy": "http://localhost:3100"
}