{
  "iri": "e568105c-e7d2-4971-b9a4-ca2528e8def8/88470711-ad1c-4a86-b9c1-b53afd4b7ff6/d99d5e85-9ea0-412f-9ad7-74904acd2cd4/75e7df96-d9f8-4b35-9ea4-3ee626f0befb/a0e762b7-a50e-439c-85d5-6b4dc978392b",
  "types": [
    "https://dataspecer.com/core/model-descriptor/pim-store-wrapper"
  ],
  "userMetadata": {
    "documentBaseUrl": "https://datagov-cz.github.io/cache-slovniku/rdfs.ttl",
    "label": {
      "en": "rdfs"
    }
  },
  "metadata": {
    "creationDate": "2025-05-23T06:58:22.874Z",
    "modificationDate": "2025-05-23T07:09:08.283Z"
  },
  "_version": 1,
  "_exportVersion": 1,
  "_exportedAt": "2025-05-23T07:10:57.328Z",
  "_exportedBy": "http://localhost:3100"
}