{
  "iri": "e568105c-e7d2-4971-b9a4-ca2528e8def8/88470711-ad1c-4a86-b9c1-b53afd4b7ff6/d99d5e85-9ea0-412f-9ad7-74904acd2cd4/75e7df96-d9f8-4b35-9ea4-3ee626f0befb/c0ef3b86-0ad0-4ef7-a223-677828c6ab58",
  "types": [
    "https://dataspecer.com/core/model-descriptor/pim-store-wrapper"
  ],
  "userMetadata": {
    "documentBaseUrl": "https://datagov-cz.github.io/cache-slovniku/skos.rdf",
    "label": {
      "en": "skos"
    }
  },
  "metadata": {
    "creationDate": "2025-05-23T06:58:21.081Z",
    "modificationDate": "2025-05-23T07:09:07.735Z"
  },
  "_version": 1,
  "_exportVersion": 1,
  "_exportedAt": "2025-05-23T07:10:57.315Z",
  "_exportedBy": "http://localhost:3100"
}