{
  "iri": "31c15e62-6f46-4c53-ad4d-cf900421feb6/865caedb-3799-4b20-8e41-94daa98e66a9/e41cade2-8a3d-4e59-a4db-324e58c5028d/fa2d06fa-ae8c-4838-8327-9d6e6bf70d7d",
  "types": [
    "https://dataspecer.com/core/model-descriptor/pim-store-wrapper"
  ],
  "userMetadata": {
    "documentBaseUrl": "https://www.w3.org/ns/odrl/2/ODRL22.ttl",
    "label": {
      "en": "ODRL22"
    }
  },
  "metadata": {
    "creationDate": "2025-08-12T08:02:18.862Z",
    "modificationDate": "2026-01-06T10:39:53.936Z"
  },
  "_version": 1,
  "_exportVersion": 1,
  "_exportedAt": "2026-01-06T10:40:15.589Z",
  "_exportedBy": "http://localhost:3100"
}