{
  "iri": "db2ad74f-ec45-4d46-84f8-24d36fbb4200/ee216e25-cd02-439a-864a-9e4f13bbd330/c37c2f52-19f1-43c2-b506-2de10ec56642/de2a1f9d-f2f5-442f-8931-7b2ff57f6612/2de8302b-eb5d-4008-bc1f-371df75d1ad2",
  "types": [
    "https://dataspecer.com/core/model-descriptor/pim-store-wrapper"
  ],
  "userMetadata": {
    "documentBaseUrl": "https://www.w3.org/ns/dcat3.ttl",
    "label": {
      "en": "dcat3"
    }
  },
  "metadata": {
    "creationDate": "2025-07-23T11:00:23.629Z",
    "modificationDate": "2025-07-23T11:00:23.732Z"
  },
  "_version": 1,
  "_exportVersion": 1,
  "_exportedAt": "2025-07-23T11:09:55.370Z",
  "_exportedBy": "http://localhost:3100"
}