{
  "iri": "db2ad74f-ec45-4d46-84f8-24d36fbb4200/ee216e25-cd02-439a-864a-9e4f13bbd330/c37c2f52-19f1-43c2-b506-2de10ec56642/de2a1f9d-f2f5-442f-8931-7b2ff57f6612/37fa3976-c44d-43e5-8f64-5885e5c1c95f",
  "types": [
    "https://dataspecer.com/core/model-descriptor/pim-store-wrapper"
  ],
  "userMetadata": {
    "documentBaseUrl": "https://www.w3.org/ns/prov-o",
    "label": {
      "en": "prov-o"
    }
  },
  "metadata": {
    "creationDate": "2025-07-23T10:55:11.987Z",
    "modificationDate": "2025-07-23T10:55:12.191Z"
  },
  "_version": 1,
  "_exportVersion": 1,
  "_exportedAt": "2025-07-23T10:55:48.106Z",
  "_exportedBy": "http://localhost:3100"
}