{
  "iri": "db2ad74f-ec45-4d46-84f8-24d36fbb4200/ee216e25-cd02-439a-864a-9e4f13bbd330/c37c2f52-19f1-43c2-b506-2de10ec56642/de2a1f9d-f2f5-442f-8931-7b2ff57f6612/a12a71e3-8a3e-41e1-b240-22557e2ba0db",
  "types": [
    "https://dataspecer.com/core/model-descriptor/pim-store-wrapper"
  ],
  "userMetadata": {
    "documentBaseUrl": "https://www.w3.org/ns/odrl/2/ODRL22.ttl",
    "label": {
      "en": "ODRL22"
    }
  },
  "metadata": {
    "creationDate": "2025-07-23T11:00:24.997Z",
    "modificationDate": "2025-07-23T11:00:25.085Z"
  },
  "_version": 1,
  "_exportVersion": 1,
  "_exportedAt": "2025-07-23T11:09:55.402Z",
  "_exportedBy": "http://localhost:3100"
}