{
  "iri": "3fa68912-ad39-453e-abce-1956e4ca23cf/6d2ad0b5-a06b-4a88-b175-0a3ea2d49536/ade53830-aca2-43d9-8d09-af05b552571f",
  "types": [
    "https://dataspecer.com/core/model-descriptor/pim-store-wrapper"
  ],
  "userMetadata": {
    "documentBaseUrl": "https://www.w3.org/2006/vcard/ns",
    "label": {
      "en": "ns"
    }
  },
  "metadata": {
    "creationDate": "2026-01-09T13:03:32.324Z",
    "modificationDate": "2026-01-13T09:28:36.159Z"
  },
  "_version": 1,
  "_exportVersion": 1,
  "_exportedAt": "2026-01-13T09:36:52.693Z",
  "_exportedBy": "http://localhost:3100"
}