{
  "iri": "3fa68912-ad39-453e-abce-1956e4ca23cf/6d2ad0b5-a06b-4a88-b175-0a3ea2d49536/profile",
  "types": [
    "http://dataspecer.com/resources/local/semantic-model"
  ],
  "userMetadata": {
    "label": {
      "en": "DCAT-AP HVD 3.0.0"
    },
    "documentBaseUrl": "https://mff-uk.github.io/specifications/dcat-ap-hvd/"
  },
  "metadata": {
    "creationDate": "2026-01-09T13:03:39.584Z",
    "modificationDate": "2026-01-13T08:18:22.401Z"
  },
  "_version": 1,
  "_exportVersion": 1,
  "_exportedAt": "2026-01-13T09:36:52.751Z",
  "_exportedBy": "http://localhost:3100"
}