{
  "iri": "5e5aae98-4594-4b4c-9059-e64a65ef3562",
  "types": [
    "http://dataspecer.com/resources/local/package"
  ],
  "userMetadata": {
    "label": {
      "cs": "DCAT-AP-CZ: Datové sady s vysokou hodnotou (HVD)",
      "en": "DCAT-AP-CZ: High-Value Datasets"
    },
    "description": {
      "cs": "Tato specifikace je určena pro popisování datových sad s vysokou hodnotou, tzv. High-Value Datasets"
    }
  },
  "metadata": {
    "creationDate": "2026-01-14T13:19:12.330Z",
    "modificationDate": "2026-01-22T16:01:27.997Z"
  },
  "_version": 1,
  "_exportVersion": 1,
  "_exportedAt": "2026-01-22T16:04:58.070Z",
  "_exportedBy": "http://localhost:3100"
}