{
  "configuration": {
    "http://dataspecer.com/resources/local/layout-configuration": {
      "main": {
        "none": {
          "layout_alg": "none",
          "run_layered_after": false,
          "run_node_overlap_removal_after": false,
          "interactive": false
        },
        "elk_stress": {
          "layout_alg": "elk_stress",
          "stress_edge_len": 800,
          "number_of_new_algorithm_runs": 10,
          "advanced_settings": {},
          "run_layered_after": false,
          "run_node_overlap_removal_after": true,
          "interactive": false
        },
        "elk_layered": {
          "layout_alg": "elk_layered",
          "alg_direction": "UP",
          "layer_gap": 200,
          "in_layer_gap": 100,
          "edge_routing": "ORTHOGONAL",
          "advanced_settings": {},
          "run_layered_after": false,
          "run_node_overlap_removal_after": false,
          "interactive": false
        },
        "elk_force": {
          "layout_alg": "elk_force",
          "min_distance_between_nodes": 400,
          "force_alg_type": "FRUCHTERMAN_REINGOLD",
          "number_of_new_algorithm_runs": 10,
          "advanced_settings": {},
          "run_layered_after": false,
          "run_node_overlap_removal_after": true,
          "interactive": false
        },
        "random": {
          "layout_alg": "random",
          "advanced_settings": {},
          "run_layered_after": false,
          "run_node_overlap_removal_after": true,
          "interactive": false
        },
        "elk_radial": {
          "layout_alg": "elk_radial",
          "min_distance_between_nodes": 500,
          "advanced_settings": {},
          "run_layered_after": false,
          "run_node_overlap_removal_after": false,
          "interactive": false
        },
        "elk_overlapRemoval": {
          "layout_alg": "elk_overlapRemoval",
          "min_distance_between_nodes": 200,
          "advanced_settings": {},
          "run_layered_after": false,
          "run_node_overlap_removal_after": false,
          "interactive": true
        },
        "elk_stress_advanced_using_clusters": {
          "layout_alg": "elk_stress_advanced_using_clusters",
          "stress_edge_len": 800,
          "number_of_new_algorithm_runs": 10,
          "advanced_settings": {},
          "run_layered_after": false,
          "run_node_overlap_removal_after": true,
          "interactive": false
        },
        "elk_stress_profile": {
          "layout_alg": "elk_stress_profile",
          "profileEdgeLength": 400,
          "preferredProfileDirection": "UP",
          "stress_edge_len": 800,
          "number_of_new_algorithm_runs": 10,
          "advanced_settings": {},
          "run_layered_after": false,
          "run_node_overlap_removal_after": true,
          "interactive": false
        },
        "automatic": {
          "layout_alg": "automatic",
          "min_distance_between_nodes": 500,
          "number_of_new_algorithm_runs": 1,
          "advanced_settings": {},
          "run_layered_after": false,
          "run_node_overlap_removal_after": false,
          "interactive": false
        }
      },
      "general": {
        "none": {
          "layout_alg": "none",
          "run_layered_after": false,
          "run_node_overlap_removal_after": false,
          "interactive": false
        },
        "elk_stress": {
          "layout_alg": "elk_stress",
          "stress_edge_len": 800,
          "number_of_new_algorithm_runs": 10,
          "advanced_settings": {},
          "run_layered_after": false,
          "run_node_overlap_removal_after": true,
          "interactive": false
        },
        "elk_layered": {
          "layout_alg": "elk_layered",
          "alg_direction": "UP",
          "layer_gap": 200,
          "in_layer_gap": 100,
          "edge_routing": "ORTHOGONAL",
          "advanced_settings": {},
          "run_layered_after": false,
          "run_node_overlap_removal_after": false,
          "interactive": false
        },
        "elk_force": {
          "layout_alg": "elk_force",
          "min_distance_between_nodes": 400,
          "force_alg_type": "FRUCHTERMAN_REINGOLD",
          "number_of_new_algorithm_runs": 10,
          "advanced_settings": {},
          "run_layered_after": false,
          "run_node_overlap_removal_after": true,
          "interactive": false
        },
        "random": {
          "layout_alg": "random",
          "advanced_settings": {},
          "run_layered_after": false,
          "run_node_overlap_removal_after": true,
          "interactive": false
        },
        "elk_radial": {
          "layout_alg": "elk_radial",
          "min_distance_between_nodes": 500,
          "advanced_settings": {},
          "run_layered_after": false,
          "run_node_overlap_removal_after": false,
          "interactive": false
        },
        "elk_overlapRemoval": {
          "layout_alg": "elk_overlapRemoval",
          "min_distance_between_nodes": 200,
          "advanced_settings": {},
          "run_layered_after": false,
          "run_node_overlap_removal_after": false,
          "interactive": true
        },
        "elk_stress_advanced_using_clusters": {
          "layout_alg": "elk_stress_advanced_using_clusters",
          "stress_edge_len": 800,
          "number_of_new_algorithm_runs": 10,
          "advanced_settings": {},
          "run_layered_after": false,
          "run_node_overlap_removal_after": true,
          "interactive": false
        },
        "elk_stress_profile": {
          "layout_alg": "elk_stress_profile",
          "profileEdgeLength": 400,
          "preferredProfileDirection": "UP",
          "stress_edge_len": 800,
          "number_of_new_algorithm_runs": 10,
          "advanced_settings": {},
          "run_layered_after": false,
          "run_node_overlap_removal_after": true,
          "interactive": false
        },
        "automatic": {
          "layout_alg": "automatic",
          "min_distance_between_nodes": 500,
          "number_of_new_algorithm_runs": 1,
          "advanced_settings": {},
          "run_layered_after": false,
          "run_node_overlap_removal_after": false,
          "interactive": false
        }
      },
      "chosenMainAlgorithm": "elk_layered",
      "chosenGeneralAlgorithm": "none",
      "additionalSteps": {}
    },
    "https://schemas.dataspecer.com/documentation-generator-config/": {
      "partials": {
        "specification": "{{> definitions}}\n<!DOCTYPE html>\n<html {{#iflng \"cs\"}}lang=\"cs\"{{lng}}lang=\"en\"{{/iflng}}>\n  <head>\n    {{> html-head}}\n  </head>\n  <body>\n    <p class=\"copyright\"></p>\n    {{> abstract}}\n\n    {{> introduction}}\n\n    <section>\n      <h2>{{#iflng \"cs\"}}Přehled{{lng}}Overview{{/iflng}}</h2>\n\n      {{#each externalArtifacts.svg}}\n        <a href=\"{{{URL}}}\">\n          <figure>\n            <img src=\"{{{URL}}}\" alt=\"{{translate ./label}}\" />\n            <figcaption>{{translate ./label}}</figcaption>\n          </figure>\n        </a>\n      {{/each}}\n    </section>\n\n    {{#structureModels}}\n      <section>\n      <h2>\n        {{#iflng \"cs\"}}Specifikace struktury pro{{lng}}Data structure specification for{{/iflng}}\n        {{translate humanLabel}}\n      </h2>\n      <p>{{translate humanDescription}}</p>\n\n      {{#artifacts}}{{#getDocumentation}}{{> (useTemplate)}}{{/getDocumentation}}{{/artifacts}}\n      </section>\n    {{/structureModels}}\n\n    {{> applicable-legislation}}\n    \n    {{> examples}}\n    \n    {{> used-prefixes}}\n\n        {{#if classProfilesByTags.[https://w3id.org/dsv/class-role#main]}}\n      <section>\n        <h2>{{#iflng \"cs\"}}Hlavní profily tříd{{lng}}Main class profiles{{/iflng}}</h2>\n\n        {{#each classProfilesByTags.[https://w3id.org/dsv/class-role#main]}}\n          {{> class-profile}}\n        {{/each}}\n      </section>\n    {{/if}}\n\n    {{#if classProfilesByTags.[https://w3id.org/dsv/class-role#supportive]}}\n      <section>\n        <h2>{{#iflng \"cs\"}}Podpůrné profily třídy{{lng}}Supportive class profiles{{/iflng}}</h2>\n\n        {{#each classProfilesByTags.[https://w3id.org/dsv/class-role#supportive]}}\n          {{> class-profile}}\n        {{/each}}\n      </section>\n    {{/if}}\n\n    {{#if (non-empty classProfilesByTags.default)}}\n      <section>\n        {{#if (or classProfilesByTags.[https://w3id.org/dsv/class-role#main] classProfilesByTags.[https://w3id.org/dsv/class-role#supportive])}}\n          <h2>{{#iflng \"cs\"}}Nezařazené profily tříd{{lng}}Other class profiles{{/iflng}}</h2>\n        {{else}}\n          <h2>{{#iflng \"cs\"}}Profily tříd{{lng}}Class profiles{{/iflng}}</h2>\n        {{/if}}\n\n        {{#each classProfilesByTags.default}}\n          {{> class-profile}}\n        {{/each}}\n      </section>\n    {{/if}}\n\n    {{#if semanticEntitiesByType.classes}}\n      <section>\n        <h2>{{#iflng \"cs\"}}Třídy{{lng}}Classes{{/iflng}}</h2>\n\n        {{#each locallyDefinedSemanticEntity}}\n          {{#ifEquals type.[0] \"class\"}}\n            {{> semantic-model-class}}\n          {{/ifEquals}}\n        {{/each}}\n      </section>\n    {{/if}}\n\n    {{#if semanticEntitiesByType.relationships}}\n      <section>\n        <h2>{{#iflng \"cs\"}}Vlastnosti{{lng}}Properties{{/iflng}}</h2>\n        {{#each locallyDefinedSemanticEntity}}\n          {{#ifEquals type.[0] \"relationship\"}}\n            {{> semantic-model-relationship}}\n          {{/ifEquals}}\n        {{/each}}\n      </section>\n    {{/if}}\n\n    {{> attachments}}\n\n    {{> acks}}\n  </body>\n</html>",
        "abstract": "<section id=\"abstract\">\n  <h2>Abstrakt</h2>\n  <p>\n      Cílem tohoto dokumentu je specifikovat záznam datové sady s vysokou hodnotou (HVD) v lokálním katalogu dat (LKD) pro jeho harvestování Národním katalogem dat (NKD) dle <a href=\"../../../dcat-ap-cz-rozhraní-katalogů-dat\">DCAT-AP-CZ: Rozhraní katalogů dat</a>, a je založen na OFN pro záznam datové sady otevřených dat <a href=\"../../../dcat-ap-cz-otevřená-data/\">DCAT-AP-CZ: Datové sady otevřených dat</a>.\n  </p>\n</section>",
        "acks": "<section id=\"poděkování\">\r\n  <h2>Poděkování</h2>\r\n  <p>\r\n      Tato otevřená formální norma byla rozvíjena v rámci projektu Rozvoj Národního katalogu otevřených dat a infrastruktury Veřejného datového fondu <a href=\"https://stage.dia.gov.cz/egovernment/projekty-fondy-eu/rozvoj-narodniho-katalogu-otevrenych-dat-nkod-a-infrastruktury-verejneho-datoveho-fondu/\">CZ.31.1.0/0.0/0.0/22_050/0007986</a> z nástroje Evropské Unie NextGenerationEU prostřednictvím Národního plánu obnovy.\r\n  </p>\r\n</section>",
        "applicable-legislation": "<section id=\"příslušné-právní-předpisy\">\r\n  <h2>Příslušné právní předpisy</h2>\r\n\r\n  <p>\r\n    <a href=\"#DatováSada.příslušnýPrávníPředpis\">Datová sada či jejich série</a>, <a href=\"#Distribuce.příslušnýPrávníPředpis\">Distribuce datové sady</a> a <a href=\"#DatováSlužba.příslušnýPrávníPředpis\">Datové služby</a> se označují příslušnými právními předpisy, které předepisují jejich vznik.\r\n    Předpisy jsou identifikovény svými <a href=\"https://eur-lex.europa.eu/content/help/eurlex-content/eli.html?locale=cs\">ELI</a>.\r\n    Pro datové sady s vysokou socio-ekonomickou hodnotou je navíc k označení indikující otevřená data povinné označit datovou sadu, její HVD distribuci (nikoliv každou distribuci) a příslušnou HVD datovou službu pomocí ELI prováděcího nařízení:\r\n  </p>\r\n\r\n  <ul>\r\n      <li>Pro označení otevřených dat: <code>http://data.europa.eu/eli/dir/2019/1024/oj</code></li>\r\n      <li>Pro označení dat s vysokou socio-ekonomickou hodnotou (HVD): <code>http://data.europa.eu/eli/reg_impl/2023/138/oj</code></li>\r\n  </ul>\r\n  \r\n</section>",
        "examples": "<section id=\"příklady\">\r\n    <h2>Příklady</h2>\r\n\r\n    <p>\r\n        Tato sekce obsahuje příklady datové sady a série datových sad.\r\n    </p>\r\n\r\n    <p>\r\n        Příklady obsahují i příslušná JSON schémata pro validaci souborů ve variantě JSON-LD.\r\n    </p>\r\n        \r\n    <section id=\"hvds-dcat-ap-dokumenty-datová-sada-hvd\">\r\n    <h3>Soubor datové sady HVD</h3>\r\n    \r\n    <p>\r\n        Na URL specifikovaných v souboru katalogu pak NKOD očekává soubory v RDF serializaci <a href=\"../../propojená-data/#serializace-RDF-Turtle\">Turtle</a> či <a href=\"../../propojená-data/#serializace-JSON-LD\">JSON-LD</a> obsahující kompletní metadatový záznam datové sady, včetně distribucí.\r\n        Pro HVD je třeba specifikovat nejen že na datovou sadu se vztahuje <a href=\"https://eur-lex.europa.eu/eli/reg_impl/2023/138/oj?locale=cs#\">prováděcí nařízení HVD</a>, ale i na které její distribuce a datové služby, jelikož to nemusí být na všechny.\r\n        V každém případě je to indikováno pomocí hodnoty <code>dcatap:applicableLegislation</code> (RDF Turtle) či <code>právní_předpis</code> (JSON-LD) s hodnotou <code>http://data.europa.eu/eli/reg_impl/2023/138/oj</code>.\r\n    </p>\r\n    \r\n    <aside class=\"example\" title=\"Vzorový soubor s metadaty datové sady HVD v RDF Turtle\">\r\n        <p>\r\n            <a href=\"../příklady/datová-sada-hvd.ttl\">Stáhnout RDF Turtle</a>.\r\n            Umístěno na URL <code>https://data.gov.cz/lkod/mdcr/datové-sady/vld</code>.\r\n        </p>\r\n        <pre class=\"turtle\"></pre>\r\n                    </aside>\r\n    \r\n                    <aside class=\"example\" title=\"Vzorový soubor s metadaty datové sady HVD v JSON-LD\">\r\n                        <p>\r\n                            <a href=\"../příklady/datová-sada-hvd.jsonld\">JSON-LD</a>, <a href=\"../datová-sada/schéma.json\">JSON schéma</a>, <a href=\"../datová-sada/kontext.jsonld\">JSON-LD kontext</a>.\r\n                            Umístěno na URL <code>https://data.gov.cz/lkod/mdcr/datové-sady/vld</code>.\r\n                        </p>\r\n                        <pre class=\"json\">\r\n{\r\n    \"@context\": \"https://ofn.gov.cz/dcat-ap-cz-hvd/draft/datová-sada/kontext.jsonld\",\r\n    \"iri\": \"https://data.gov.cz/lkod/mdcr/datové-sady/vld\",\r\n    \"typ\": \"Datová sada\",\r\n    \"název\": {\r\n        \"cs\": \"Jízdní řády veřejné linkové dopravy (HVD)\",\r\n        \"en\": \"Public transport timetables (HVD)\"\r\n    },\r\n    \"popis\": {\r\n        \"cs\": \"Obsahem datové sady jsou schválené a aktuálně platné jízdní řády veřejné linkové dopravy postoupené do Celostátního informačního systému o jízdních řádech ve strojově zpracovatelném formátu.\",\r\n        \"en\": \"This dataset contains approved timetables and timetables in effect for public transport entered into the state-wide timetable information system.\"\r\n    },\r\n    \"poskytovatel\": \"https://rpp-opendata.egon.gov.cz/odrpp/zdroj/orgán-veřejné-moci/66003008\",\r\n    \"téma\": [\r\n        \"http://publications.europa.eu/resource/authority/data-theme/TRAN\"\r\n    ],\r\n    \"periodicita_aktualizace\": \"http://publications.europa.eu/resource/authority/frequency/WEEKLY_3\",\r\n    \"klíčové_slovo\": {\r\n        \"cs\": [\r\n            \"jízdní řády\",\r\n            \"veřejná linková doprava\",\r\n            \"autobus\"\r\n        ],\r\n        \"en\": [\r\n            \"timetable\",\r\n            \"public transport\",\r\n            \"bus\"\r\n        ]\r\n    },\r\n    \"geografické_území\": [\r\n        \"http://publications.europa.eu/resource/authority/continent/EUROPE\"\r\n    ],\r\n    \"prvek_rúian\": [\r\n        \"https://linked.cuzk.cz/resource/ruian/stat/1\"\r\n    ],\r\n    \"časové_pokrytí\": {\r\n        \"typ\": \"Časový interval\",\r\n        \"začátek\": \"2009-01-01\",\r\n        \"konec\": \"2017-12-31\"\r\n    },\r\n    \"kontaktní_bod\": {\r\n        \"typ\": \"Organizace\",\r\n        \"jméno\": {\r\n            \"cs\": \"Ministerstvo dopravy, Odbor veřejné dopravy\",\r\n            \"en\": \"Ministry of Transport\"\r\n        },\r\n        \"e-mail\": \"mailto:sekretariat.190@mdcr.cz\"\r\n    },\r\n    \"dokumentace\": \"https://www.mdcr.cz/Dokumenty/Verejna-doprava/Jizdni-rady,-kalendare-pro-jizdni-rady,-metodi-(1)/Jizdni-rady-verejne-dopravy\",\r\n    \"specifikace\": [\r\n        \"https://ofn.gov.cz/jízdní-řády/2020-05-01/\"\r\n    ],\r\n    \"koncept_euroVoc\": [\r\n        \"http://eurovoc.europa.eu/4512\"\r\n    ],\r\n    \"prostorové_rozlišení_v_metrech\": \"12.0\",\r\n    \"časové_rozlišení\": \"P1D\",\r\n    \"kategorie_hvd\": [\r\n        \"http://data.europa.eu/bna/c_1e787364\"\r\n    ],\r\n    \"právní_předpis\": [\r\n        \"http://data.europa.eu/eli/dir/2019/1024/oj\",\r\n        \"http://data.europa.eu/eli/reg_impl/2023/138/oj\"\r\n    ],\r\n    \"distribuce\": [\r\n        {\r\n            \"iri\": \"https://data.gov.cz/lkod/mdcr/datové-sady/vld/distribuce/csv\",\r\n            \"typ\": \"Distribuce\",\r\n            \"podmínky_užití\": {\r\n                \"typ\": \"Specifikace podmínek užití\",\r\n                \"autorské_dílo\": \"https://creativecommons.org/licenses/by/4.0/\",\r\n                \"autor\": {\r\n                    \"cs\": \"Ministerstvo dopravy, Odbor veřejné dopravy\"\r\n                },\r\n                \"databáze_chráněná_zvláštními_právy\": \"https://data.gov.cz/podmínky-užití/není-chráněna-zvláštním-právem-pořizovatele-databáze/\",\r\n                \"databáze_jako_autorské_dílo\": \"https://creativecommons.org/licenses/by/4.0/\",\r\n                \"autor_databáze\": {\r\n                    \"cs\": \"Ministerstvo dopravy, Odbor veřejné dopravy\"\r\n                },\r\n                \"osobní_údaje\": \"https://data.gov.cz/podmínky-užití/neobsahuje-osobní-údaje/\"\r\n            },\r\n            \"přístupové_url\": \"https://portal.cisjr.cz/pub/draha/mestske/JDF.zip\",\r\n            \"soubor_ke_stažení\": \"https://portal.cisjr.cz/pub/draha/mestske/JDF.zip\",\r\n            \"formát\": \"http://publications.europa.eu/resource/authority/file-type/ZIP\",\r\n            \"typ_média\": \"http://www.iana.org/assignments/media-types/application/json\",\r\n            \"schéma\": \"https://portal.cisjr.cz/schemata/json-schema.json\",\r\n            \"typ_média_komprese\": \"http://www.iana.org/assignments/media-types/application/zip\",\r\n            \"typ_média_balíčku\": \"http://www.iana.org/assignments/media-types/application/zip\",\r\n            \"název\": {\r\n                \"en\": \"JSON distribution in ZIP file - not HVD\",\r\n                \"cs\": \"JSON distribuce v ZIP soubrou - toto není HVD distribuce\"\r\n            },\r\n            \"právní_předpis\": [\r\n                \"http://data.europa.eu/eli/dir/2019/1024/oj\"\r\n            ]\r\n        },\r\n        {\r\n            \"iri\": \"https://data.gov.cz/lkod/mdcr/datové-sady/vld/distribuce/sparql\",\r\n            \"typ\": \"Distribuce\",\r\n            \"podmínky_užití\": {\r\n                \"typ\": \"Specifikace podmínek užití\",\r\n                \"autorské_dílo\": \"https://data.gov.cz/podmínky-užití/neobsahuje-autorská-díla/\",\r\n                \"databáze_chráněná_zvláštními_právy\": \"https://data.gov.cz/podmínky-užití/není-chráněna-zvláštním-právem-pořizovatele-databáze/\",\r\n                \"databáze_jako_autorské_dílo\": \"https://data.gov.cz/podmínky-užití/není-autorskoprávně-chráněnou-databází/\",\r\n                \"osobní_údaje\": \"https://data.gov.cz/podmínky-užití/neobsahuje-osobní-údaje/\"\r\n            },\r\n            \"přístupové_url\": \"https://portal.cisjr.cz/sparql\",\r\n            \"název\": {\r\n                \"en\": \"SPARQL endpoint for timetables - HVD\",\r\n                \"cs\": \"SPARQL endpoint pro jízdní řády - HVD\"\r\n            },\r\n            \"právní_předpis\": [\r\n                \"http://data.europa.eu/eli/dir/2019/1024/oj\",\r\n                \"http://data.europa.eu/eli/reg_impl/2023/138/oj\"\r\n            ],\r\n            \"přístupová_služba\": {\r\n                \"iri\": \"https://data.gov.cz/lkod/mdcr/datové-sady/vld/služba/sparql\",\r\n                \"typ\": \"Datová služba\",\r\n                \"název\": {\r\n                    \"cs\": \"SPARQL endpoint pro jízdní řády - HVD\",\r\n                    \"en\": \"SPARQL endpoint for timetables - HVD\"\r\n                },\r\n                \"specifikace\": [\r\n                    \"https://www.w3.org/TR/sparql11-protocol/\"\r\n                ],\r\n                \"dokumentace\": \"https://www.data.cz/služba/dokumentace\",\r\n                \"kategorie_hvd\": [\r\n                    \"http://data.europa.eu/bna/c_1e787364\"\r\n                ],\r\n                \"kontaktní_bod\": {\r\n                    \"typ\": \"Organizace\",\r\n                    \"jméno\": {\r\n                        \"cs\": \"Ministerstvo dopravy, Odbor veřejné dopravy\",\r\n                        \"en\": \"Ministry of Transport\"\r\n                    },\r\n                    \"e-mail\": \"mailto:sekretariat.190@mdcr.cz\"\r\n                },\r\n                \"právní_předpis\": [\r\n                    \"http://data.europa.eu/eli/dir/2019/1024/oj\",\r\n                    \"http://data.europa.eu/eli/reg_impl/2023/138/oj\"\r\n                ],\r\n                \"přístupový_bod\": \"https://portal.cisjr.cz/sparql\",\r\n                \"popis_přístupového_bodu\": \"https://portal.cisjr.cz/sparql\"\r\n            }\r\n        }\r\n    ]\r\n}</pre>\r\n      </aside>\r\n    \r\n    </section>\r\n      <section id=\"příklady-série-datových-sad\">\r\n      <h4>Soubor série datových sad</h4>\r\n      \r\n      <p>\r\n          Na URL specifikovaných v souboru katalogu pak NKD očekává soubory v RDF serializaci <a href=\"../../propojená-data/#serializace-RDF-Turtle\">Turtle</a> či <a href=\"../../propojená-data/#serializace-JSON-LD\">JSON-LD</a> obsahující kompletní metadatový záznam datové sady nebo série datových sad.\r\n      </p>\r\n      \r\n      <aside class=\"example\" title=\"Vzorový soubor s metadaty série datových sad v RDF Turtle\">\r\n          <p>\r\n              <a href=\"../příklady/série-datových-sad.ttl\">Stáhnout RDF Turtle</a>.\r\n              Umístěno na URL <code>https://data.gov.cz/lkod/mdcr/série-datových-sad/rozpočet</code>.\r\n          </p>\r\n          <pre class=\"turtle\">\r\n</pre>\r\n    </aside>\r\n\r\n    <aside class=\"example\" title=\"Vzorový soubor s metadaty série datových sad v JSON-LD\">\r\n        <p>\r\n            <a href=\"../příklady/série-datových-sad.jsonld\">JSON-LD</a>, <a href=\"../série-datových-sad/schéma.json\">JSON schéma</a>, <a href=\"../série-datových-sad/kontext.jsonld\">JSON-LD kontext</a>.\r\n            Umístěno na URL <code>https://data.gov.cz/lkod/mdcr/série-datových-sad/rozpočet</code>.\r\n        </p>\r\n        <pre class=\"json\">\r\n{\r\n    \"@context\": \"https://ofn.gov.cz/dcat-ap-cz-hvd/draft/série-datových-sad/kontext.jsonld\",\r\n    \"iri\": \"https://data.gov.cz/lkod/mdcr/datové-série/rozpočet\",\r\n    \"typ\": \"Série datových sad\",\r\n    \"název\": {\r\n        \"cs\": \"Rozpočet Ministerstva dopravy HVD\",\r\n        \"en\": \"Budget of the Ministry of Transport HVD\"\r\n    },\r\n    \"popis\": {\r\n        \"cs\": \"Rozpočet Ministerstva dopravy\",\r\n        \"en\": \"Budget of the Ministry of Transport\"\r\n    },\r\n    \"poskytovatel\": \"https://rpp-opendata.egon.gov.cz/odrpp/zdroj/orgán-veřejné-moci/66003008\",\r\n    \"téma\": [\r\n        \"http://publications.europa.eu/resource/authority/data-theme/TRAN\"\r\n    ],\r\n    \"periodicita_aktualizace\": \"http://publications.europa.eu/resource/authority/frequency/WEEKLY_3\",\r\n    \"klíčové_slovo\": {\r\n        \"cs\": [\r\n            \"rozpočet\"\r\n        ],\r\n        \"en\": [\r\n            \"budget\"\r\n        ]\r\n    },\r\n    \"geografické_území\": [\r\n        \"http://publications.europa.eu/resource/authority/continent/EUROPE\"\r\n    ],\r\n    \"prvek_rúian\": [\r\n        \"https://linked.cuzk.cz/resource/ruian/stat/1\"\r\n    ],\r\n    \"kontaktní_bod\": {\r\n        \"typ\": \"Organizace\",\r\n        \"jméno\": {\r\n            \"cs\": \"Ministerstvo dopravy, Odbor veřejné dopravy\",\r\n            \"en\": \"Ministry of Transport\"\r\n        },\r\n        \"e-mail\": \"mailto:sekretariat.190@mdcr.cz\"\r\n    },\r\n    \"dokumentace\": \"https://www.mdcr.cz/rozpočet\",\r\n    \"koncept_euroVoc\": [\r\n        \"http://eurovoc.europa.eu/4512\"\r\n    ],\r\n    \"kategorie_hvd\": [\r\n        \"http://data.europa.eu/bna/c_1e787364\"\r\n    ],\r\n    \"právní_předpis\": [\r\n        \"http://data.europa.eu/eli/dir/2019/1024/oj\",\r\n        \"http://data.europa.eu/eli/reg_impl/2023/138/oj\"\r\n    ]\r\n}</pre>\r\n    </aside>\r\n\r\n  </section>\r\n\r\n</section>",
        "html-head": "<meta charset=\"utf-8\" />\n<title>{{translate label}}</title>\n<meta name=\"color-scheme\" content=\"light dark\">\n<script type=\"application/ld+json\">\n  {{{json dsv}}}\n</script>\n<script\n  src=\"https://ofn.gov.cz/static/js/respec-odcz.js\"\n  class=\"remove\"\n  defer\n></script>\n<script class=\"remove\">\n{{> respecConfig}}\n</script>\n\n<style>\n  .figure img, .sidefigure img, figure img, .figure object, .sidefigure object, figure object, img, .img {\n    max-width: 100%;\n    margin: auto;\n    height: auto;\n  }\n\n  table.simple {\n    margin: auto;\n    border-spacing: 0;\n    border-collapse: collapse;\n  }\n\n  table.simple th {\n    padding: 3px 10px;\n    text-align: left;\n  }\n\n  table.simple td {\n    border-top: 1px solid #ddd;\n    padding: 3px 10px;\n  }\n</style>",
        "introduction": "<section id=\"úvod\">\n\n<h2>Úvod</h2>\n<p>\n    Pro otevřená data je registrace v Národním katalogu otevřených dat (NKOD), jež se stal součástí Národním katalogu dat (NKD), jedna ze <a href=\"https://www.e-sbirka.cz/eli/cz/sb/1999/106/2024-01-01/dokument/norma/cast_1/par_4c/odst_1\">zákonných podmínek pro to, aby data mohla být nazývána otevřenými daty</a>.\n    Datové sady s vysokou socio-ekonomickou hodnotou, tzv. High-Value Datasets, jsou datové sady identifikované v <a href=\"https://eur-lex.europa.eu/eli/reg_impl/2023/138/oj?locale=cs#\">prováděcím nařízení</a>, musí být publikovány jako otevřená data, a navíc jsou na jejich metadatový popis i datový obsah kladeny zvýšené kvalitativní nároky.\n    Tato otevřená formální norma specifikuje dodatečné požadavky na metadatový záznam HVD datové sady nad rámec těch, které musí splňovat pro <a href=\"../../../dcat-ap-cz-otevřená-data/\">DCAT-AP-CZ: Datové sady otevřených dat</a>.\n</p>\n\n<p class=\"note\">\n  Součástí požadavků prováděcího nařízení HVD jsou i kvalitativní požadavky na metadatové záznamy.\n  Ty zahrnují mj. perzistenci použitých identifikátorů (IRI) datových sad, datových služeb, podmínek užití, či koncových bodů služeb.\n  Detailní informace viz <a href=\"https://semiceu.github.io/DCAT-AP/releases/3.0.0-hvd/#mapping-the-hvd-ir-to-dcat-ap\">sekce 10 v DCAT-AP HVD</a>, zejména pak <a href=\"https://semiceu.github.io/DCAT-AP/releases/3.0.0-hvd/#c2\">sekce 10.4</a>.\n</p>  \n\n</section>",
        "localBiblio": "localBiblio: {\n      \"DCAT-AP\": {\n          title: \"DCAT Application Profile for data portals in Europe\",\n          href: \"https://semiceu.github.io/DCAT-AP/releases/3.0.1/\",\n          date: \"2024\"\n      },\n      \"GeoDCAT-AP\": {\n          title: \"GeoDCAT Application Profile for data portals in Europe\",\n          href: \"https://semiceu.github.io/GeoDCAT-AP/releases/3.0.0/\",\n          date: \"2024\"\n      },\n      \"DCAT-AP-HVD\": {\n          title: \"DCAT-AP HVD Application Profile\",\n          href: \"https://semiceu.github.io/DCAT-AP/releases/3.0.0-hvd/\",\n          date: \"2024\"\n      },\n      \"EUV-FREQ\":{\n      \"href\":\"https://op.europa.eu/cs/web/eu-vocabularies/dataset/-/resource?uri=http://publications.europa.eu/resource/dataset/frequency\",\n      \"title\":\"Frequency\",\n      \"publisher\":\"Publications Office of the European Union\"\n  },\n  \"EUV-FT\":{\n        \"href\":\"https://op.europa.eu/cs/web/eu-vocabularies/dataset/-/resource?uri=http://publications.europa.eu/resource/dataset/file-type\",\n        \"title\":\"File type\",\n        \"publisher\":\"Publications Office of the European Union\"\n  },\n  \"EUV-THEMES\":{\n        \"href\":\"https://op.europa.eu/cs/web/eu-vocabularies/dataset/-/resource?uri=http://publications.europa.eu/resource/dataset/data-theme\",\n        \"title\":\"Data theme\",\n        \"publisher\":\"Publications Office of the European Union\"\n  },\n  \"EUV-EUROVOC\":{\n        \"href\":\"https://op.europa.eu/cs/web/eu-vocabularies/dataset/-/resource?uri=http://publications.europa.eu/resource/dataset/eurovoc\",\n        \"title\":\"EuroVoc\",\n        \"publisher\":\"Publications Office of the European Union\"\n  },\n  \"EUV-HVD\":{\n        \"href\":\"https://op.europa.eu/cs/web/eu-vocabularies/dataset/-/resource?uri=http://publications.europa.eu/resource/dataset/high-value-dataset-category\",\n        \"title\":\"High-value dataset categories\",\n        \"publisher\":\"Publications Office of the European Union\"\n  },\n  \"EUV-LIC\":{\n        \"href\":\"https://op.europa.eu/en/web/eu-vocabularies/dataset/-/resource?uri=http://publications.europa.eu/resource/dataset/licence\",\n        \"title\":\"Licence\",\n        \"publisher\":\"Publications Office of the European Union\"\n  },\n  \"EUV-CONT\":{\n        \"href\":\"https://op.europa.eu/cs/web/eu-vocabularies/dataset/-/resource?uri=http://publications.europa.eu/resource/dataset/continent\",\n        \"title\":\"Continent\",\n        \"publisher\":\"Publications Office of the European Union\"\n  },\n  \"EUV-COUNTRIES\":{\n    \"href\":\"https://op.europa.eu/cs/web/eu-vocabularies/dataset/-/resource?uri=http://publications.europa.eu/resource/dataset/country\",\n    \"title\":\"Country\",\n    \"publisher\":\"Publications Office of the European Union\"\n  },\n  \"EUV-PLACES\":{\n      \"href\":\"https://op.europa.eu/cs/web/eu-vocabularies/dataset/-/resource?uri=http://publications.europa.eu/resource/dataset/place\",\n      \"title\":\"Place\",\n      \"publisher\":\"Publications Office of the European Union\"\n  },\n  \"GEONAMES\":{\n        \"href\":\"https://geonames.org/\",\n        \"title\":\"Geonames\"\n  },\n  \"RUIAN\": {\n    \"href\": \"https://ofn.gov.cz/propojená-data/#RÚIAN\",\n    \"title\": \"IRI prvků RÚIAN v OFN Propojená data\"\n  },\n   \"DCAT-AP-IT\": {\n      \"title\": \"Profilo metadatazione DCAT-AP_IT\",\n      \"href\": \"https://docs.italia.it/italia/daf/linee-guida-cataloghi-dati-dcat-ap-it/it/stabile/dcat-ap_it.html\",\n      \"publisher\": \"AgID & Team Digitale\",\n      \"id\": \"dcat-ap-it\"\n  },\n  \"GeoDCAT-AP-IT\": {\n      \"title\": \"GeoDCAT-AP in Italy, the national guidelines published\",\n      \"href\": \"https://web.archive.org/web/20200506120557/https://joinup.ec.europa.eu/collection/semantic-interoperability-community-semic/news/geodcat-apit\",\n      \"id\": \"geodcat-ap-it\"\n  },\n  },",
        "respecConfig": "// All config options at https://respec.org/docs/\nvar respecConfig = {\n  specStatus: \"ED\",\n    //publishDate: \"2025-08-12\",\n    shortName: \"dcat-ap-cz-hvd\",\n    historyURI: null,\n    showPreviousVersion: true,\n    thisVersion: \"https://ofn.gov.cz/dcat-ap-cz-hvd/draft/\",\n    prevVersion: \"https://ofn.gov.cz/dcat-ap-cz-rozhraní-katalogů-otevřených-dat/2024-05-28/\",\n    prevRecURI: \"https://ofn.gov.cz/dcat-ap-cz-rozhraní-katalogů-otevřených-dat/2024-05-28/\",\n    maxTocLevel: 3,\n    latestVersion: \"https://ofn.gov.cz/dcat-ap-cz-hvd/\",\n    noRecTrack: true,\n    editors: [{\n      name: \"Jakub Klímek\",\n      orcid: \"0000-0001-7234-3051\",\n      company:    \"Digitální a informační agentura\",\n      companyURL: \"https://dia.gov.cz\"\n    }],\n    inlineCSS: \"true\",\n    github: \"https://github.com/datagov-cz/otevrene-formalni-normy/\",\n    otherLinks: [{\n          key: \"Odkazy\",\n          data: [{\n              value: \"Validátor lokálních katalogů\",\n              href: \"https://datagov-cz.github.io/lkod-validator/\"\n          },{\n              value: \"Portál otevřených dat\",\n              href: \"https://data.gov.cz\"\n          },{\n              value: \"Kontaktní e-mail\",\n              href: \"mailto:otevrenadata@dia.gov.cz\"\n          },{\n              value: \"DCAT-AP-CZ: Rozhraní katalogů dat\",\n              href: \"../../../dcat-ap-cz-rozhraní-katalogů-dat\"\n          },{\n              value: \"DCAT-AP-CZ: Základní datový model pro katalogy dat\",\n              href: \"../../../dcat-ap-cz\"\n          }]\n      }],\n  {{> localBiblio}}\n};"
      }
    }
  },
  "modelCompositionConfiguration": {
    "modelType": "application-profile",
    "model": "60fb7547-b44d-442c-a284-5ab4ab6516d8",
    "canAddEntities": false,
    "canModify": true,
    "profiles": {
      "modelType": "merge",
      "models": null
    }
  }
}