{
  "iri": "560e3ae0-8cdf-4b51-89ec-bc9c41564b6f",
  "types": [
    "http://dataspecer.com/resources/local/visual-model"
  ],
  "userMetadata": {
    "label": {
      "en": "View for DCAT-AP-CZ-HVD"
    },
    "description": {
      "en": "View model for the profile"
    }
  },
  "metadata": {
    "creationDate": "2026-01-14T13:19:30.376Z",
    "modificationDate": "2026-01-22T15:32:38.636Z"
  },
  "_version": 1,
  "_exportVersion": 1,
  "_exportedAt": "2026-01-22T16:04:58.056Z",
  "_exportedBy": "http://localhost:3100"
}