{
  "iri": "60fb7547-b44d-442c-a284-5ab4ab6516d8",
  "types": [
    "http://dataspecer.com/resources/local/semantic-model"
  ],
  "userMetadata": {
    "label": {
      "en": "DCAT-AP-CZ-HVD"
    },
    "description": {
      "en": "Semantic model for the profile"
    }
  },
  "metadata": {
    "creationDate": "2026-01-14T13:19:30.289Z",
    "modificationDate": "2026-01-22T16:00:20.772Z"
  },
  "_version": 1,
  "_exportVersion": 1,
  "_exportedAt": "2026-01-22T16:04:58.053Z",
  "_exportedBy": "http://localhost:3100"
}