{
  "iri": "af2cdc60-d801-4acd-b05f-c92dadca9c90",
  "types": [
    "http://dataspecer.com/resources/v1/psm"
  ],
  "userMetadata": {
    "label": {
      "en": "Dataset",
      "cs": "Datová sada"
    },
    "description": {
      "en": "Data structure for Dataset. A conceptual entity that represents the information published.",
      "cs": "Datová struktura pro Datová sada. Kolekce dat poskytovaná či řízená jedním zdrojem, která je k dispozici pro přístup či stažení v jednom či více formátech."
    }
  },
  "metadata": {
    "creationDate": "2026-01-22T15:33:08.396Z",
    "modificationDate": "2026-01-22T16:00:20.651Z"
  },
  "_version": 1,
  "_exportVersion": 1,
  "_exportedAt": "2026-01-22T16:04:58.066Z",
  "_exportedBy": "http://localhost:3100"
}