{
  "iri": "69160fc4-9370-4130-8795-a4ff50a70a28/3a15ca7d-7a61-4a6f-849b-43ae52dedaff",
  "types": [
    "http://dataspecer.com/resources/local/package"
  ],
  "userMetadata": {
    "label": {
      "en": "DCAT-AP-CZ: Basic data model for data catalogs",
      "cs": "DCAT-AP-CZ: Základní datový model pro katalogy dat"
    },
    "description": {},
    "importedFromUrl": "https://ofn.gov.cz/dcat-ap-cz/draft/",
    "documentBaseUrl": "https://ofn.gov.cz/dcat-ap-cz/draft/"
  },
  "metadata": {
    "creationDate": "2025-10-14T14:15:16.162Z",
    "modificationDate": "2025-10-20T13:18:57.487Z"
  },
  "_version": 1,
  "_exportVersion": 1,
  "_exportedAt": "2025-10-31T11:31:50.503Z",
  "_exportedBy": "http://localhost:3100"
}