{
  "iri": "31c15e62-6f46-4c53-ad4d-cf900421feb6/cdada10f-79fe-4f61-8973-e24c63724f13/86f151c8-f54d-43c1-9a40-b1a81f449bb3",
  "types": [
    "https://dataspecer.com/core/model-descriptor/pim-store-wrapper"
  ],
  "userMetadata": {
    "documentBaseUrl": "https://op.europa.eu/documents/3938058/11669184/eli.owl/",
    "label": {
      "en": "eli"
    },
    "description": {}
  },
  "metadata": {
    "creationDate": "2025-05-14T05:26:41.748Z",
    "modificationDate": "2025-05-14T05:29:40.664Z"
  },
  "_version": 1,
  "_exportVersion": 1,
  "_exportedAt": "2025-05-14T05:29:54.239Z",
  "_exportedBy": "http://localhost:3100"
}