{
  "iri": "31c15e62-6f46-4c53-ad4d-cf900421feb6/cdada10f-79fe-4f61-8973-e24c63724f13/profile",
  "types": [
    "http://dataspecer.com/resources/local/semantic-model"
  ],
  "userMetadata": {
    "label": {
      "en": "DCAT-AP 3.0.0 based on DCAT 3 DAP"
    },
    "documentBaseUrl": "https://mff-uk.github.io/specifications/dcat-ap/"
  },
  "metadata": {
    "creationDate": "2025-05-14T05:26:42.177Z",
    "modificationDate": "2025-05-14T05:29:40.748Z"
  },
  "_version": 1,
  "_exportVersion": 1,
  "_exportedAt": "2025-05-14T05:29:54.242Z",
  "_exportedBy": "http://localhost:3100"
}