{
  "iri": "db2ad74f-ec45-4d46-84f8-24d36fbb4200/057a08c3-715f-4078-a579-b648781f1029/cfcd218f-d394-4a1c-86c3-38810ae644f1/b984870b-8339-4618-ba69-1233e8688760",
  "types": [
    "https://dataspecer.com/core/model-descriptor/pim-store-wrapper"
  ],
  "userMetadata": {
    "documentBaseUrl": "https://op.europa.eu/documents/3938058/11669184/eli.owl/",
    "label": {
      "en": "eli"
    }
  },
  "metadata": {
    "creationDate": "2025-07-15T08:57:49.882Z",
    "modificationDate": "2025-07-15T14:34:35.076Z"
  },
  "_version": 1,
  "_exportVersion": 1,
  "_exportedAt": "2025-07-15T15:30:39.520Z",
  "_exportedBy": "http://localhost:3100"
}