{
  "iri": "e568105c-e7d2-4971-b9a4-ca2528e8def8/88470711-ad1c-4a86-b9c1-b53afd4b7ff6/7f56ceff-9e61-47cc-bb9f-f72605038920/9381001c-cc2b-4835-82fb-3375717185f1",
  "types": [
    "https://dataspecer.com/core/model-descriptor/pim-store-wrapper"
  ],
  "userMetadata": {
    "documentBaseUrl": "https://www.w3.org/ns/dcat3.ttl",
    "label": {
      "en": "dcat3"
    }
  },
  "metadata": {
    "creationDate": "2025-05-23T06:58:19.740Z",
    "modificationDate": "2025-05-23T07:09:07.196Z"
  },
  "_version": 1,
  "_exportVersion": 1,
  "_exportedAt": "2025-05-23T07:10:57.301Z",
  "_exportedBy": "http://localhost:3100"
}