{
  "iri": "e568105c-e7d2-4971-b9a4-ca2528e8def8/88470711-ad1c-4a86-b9c1-b53afd4b7ff6/7f56ceff-9e61-47cc-bb9f-f72605038920/vocabulary",
  "types": [
    "http://dataspecer.com/resources/local/semantic-model"
  ],
  "userMetadata": {
    "label": {
      "en": "DCAT-AP-CZ - terms of use"
    },
    "documentBaseUrl": "https://ofn.gov.cz/dcat-ap-cz-podmínky-užití/draft/"
  },
  "metadata": {
    "creationDate": "2025-05-23T06:58:20.315Z",
    "modificationDate": "2025-05-23T07:09:07.273Z"
  },
  "_version": 1,
  "_exportVersion": 1,
  "_exportedAt": "2025-05-23T07:10:57.303Z",
  "_exportedBy": "http://localhost:3100"
}