{
  "iri": "192e1c39-405f-468a-93b9-40ff51b28489",
  "types": [
    "http://dataspecer.com/resources/local/package"
  ],
  "userMetadata": {
    "label": {
      "en": "DCAT-AP-CZ: Datové sady otevřených dat"
    },
    "description": {
      "cs": ""
    }
  },
  "metadata": {
    "creationDate": "2025-12-29T16:14:09.062Z",
    "modificationDate": "2026-01-06T10:48:16.982Z"
  },
  "_version": 1,
  "_exportVersion": 1,
  "_exportedAt": "2026-01-06T10:49:22.604Z",
  "_exportedBy": "http://localhost:3100"
}