{
  "iri": "192e1c39-405f-468a-93b9-40ff51b28489",
  "types": [
    "http://dataspecer.com/resources/local/package"
  ],
  "userMetadata": {
    "label": {
      "en": "DCAT-AP-CZ: Datové sady otevřených dat"
    },
    "description": {
      "cs": ""
    }
  },
  "metadata": {
    "creationDate": "2025-10-31T12:20:07.702Z",
    "modificationDate": "2025-10-31T12:53:10.051Z"
  },
  "_version": 1,
  "_exportVersion": 1,
  "_exportedAt": "2025-10-31T12:53:55.904Z",
  "_exportedBy": "http://localhost:3100"
}