{
  "iri": "307567a1-6e72-422d-819c-1ede9de62e2b",
  "types": [
    "http://dataspecer.com/resources/local/semantic-model"
  ],
  "userMetadata": {
    "label": {
      "en": "DCAT-AP-CZ: Datové sady otevřených dat"
    },
    "description": {
      "en": "Semantic model for the profile"
    }
  },
  "metadata": {
    "creationDate": "2025-10-31T12:20:16.812Z",
    "modificationDate": "2025-12-29T13:24:59.390Z"
  },
  "_version": 1,
  "_exportVersion": 1,
  "_exportedAt": "2025-12-29T13:30:28.042Z",
  "_exportedBy": "http://localhost:3100"
}