{
  "iri": "307567a1-6e72-422d-819c-1ede9de62e2b",
  "types": [
    "http://dataspecer.com/resources/local/semantic-model"
  ],
  "userMetadata": {
    "label": {
      "en": "DCAT-AP-CZ: Datové sady otevřených dat"
    },
    "description": {
      "en": "Semantic model for the profile"
    }
  },
  "metadata": {
    "creationDate": "2025-12-29T16:14:10.695Z",
    "modificationDate": "2026-01-06T11:43:13.819Z"
  },
  "_version": 1,
  "_exportVersion": 1,
  "_exportedAt": "2026-01-20T06:59:13.653Z",
  "_exportedBy": "http://localhost:3100"
}