{
  "operations": [
    {
      "types": [
        "core-operation",
        "https://ofn.gov.cz/slovník/psm/CreateClass"
      ],
      "iri": "https://ofn.gov.cz/operation/1767688786860-7106-1e09-a763",
      "parent": null,
      "dataPsmNewIri": null,
      "dataPsmInterpretation": "a3axpe3geshmhetwyth",
      "dataPsmTechnicalLabel": "série_datových_sad",
      "dataPsmHumanLabel": null,
      "dataPsmHumanDescription": null,
      "dataPsmExtends": [],
      "dataPsmIsClosed": null
    },
    {
      "types": [
        "core-operation",
        "https://ofn.gov.cz/slovník/psm/SetRoots"
      ],
      "iri": "https://ofn.gov.cz/operation/1767688786887-96ff-4f0d-b240",
      "parent": "https://ofn.gov.cz/operation/1767688786860-7106-1e09-a763",
      "dataPsmRoots": [
        "https://ofn.gov.cz/class/1767688786859-889c-93c8-9d27"
      ]
    },
    {
      "types": [
        "core-operation",
        "https://ofn.gov.cz/slovník/psm/SetHumanLabel"
      ],
      "iri": "https://ofn.gov.cz/operation/1767688786914-7c69-9a0c-ac69",
      "parent": "https://ofn.gov.cz/operation/1767688786887-96ff-4f0d-b240",
      "dataPsmResource": "460728c2-35f5-40f5-b88d-71dc6e495733",
      "dataPsmHumanLabel": {
        "en": "Dataset series",
        "cs": "Série datových sad"
      }
    },
    {
      "types": [
        "core-operation",
        "https://ofn.gov.cz/slovník/psm/SetHumanDescription"
      ],
      "iri": "https://ofn.gov.cz/operation/1767688786937-75a0-3dc2-9672",
      "parent": "https://ofn.gov.cz/operation/1767688786914-7c69-9a0c-ac69",
      "dataPsmResource": "460728c2-35f5-40f5-b88d-71dc6e495733",
      "dataPsmHumanDescription": {
        "en": "Data structure for Dataset series. A collection of datasets that are published separately, but share some characteristics that group them.",
        "cs": "Datová struktura pro Série datových sad. Série datových sad zastřešuje související datové sady a série. Souvislost může být časová (rozpočet v letech), prostorová (seznamy ulic v obcích) či tématická (datové sady z jednoho systému). Datová série je podtřídou Datové sady, ale nemá vlastní distribuce."
      }
    },
    {
      "types": [
        "core-operation",
        "https://ofn.gov.cz/slovník/psm/CreateAttribute"
      ],
      "iri": "https://ofn.gov.cz/operation/1767688803421-1d55-7bef-b440",
      "parent": "https://ofn.gov.cz/operation/1767688786937-75a0-3dc2-9672",
      "dataPsmNewIri": null,
      "dataPsmInterpretation": "9pg0a7fpvasmk2bxhf1",
      "dataPsmTechnicalLabel": "klíčové_slovo",
      "dataPsmHumanLabel": null,
      "dataPsmHumanDescription": null,
      "dataPsmOwner": "https://ofn.gov.cz/class/1767688786859-889c-93c8-9d27",
      "dataPsmDatatype": "http://www.w3.org/1999/02/22-rdf-syntax-ns#langString"
    },
    {
      "types": [
        "core-operation",
        "https://ofn.gov.cz/slovník/psm/CreateAttribute"
      ],
      "iri": "https://ofn.gov.cz/operation/1767688803441-6890-47bc-88f7",
      "parent": "https://ofn.gov.cz/operation/1767688803421-1d55-7bef-b440",
      "dataPsmNewIri": null,
      "dataPsmInterpretation": "w3mbgap41qamk2bvf7p",
      "dataPsmTechnicalLabel": "popis",
      "dataPsmHumanLabel": null,
      "dataPsmHumanDescription": null,
      "dataPsmOwner": "https://ofn.gov.cz/class/1767688786859-889c-93c8-9d27",
      "dataPsmDatatype": "http://www.w3.org/1999/02/22-rdf-syntax-ns#langString"
    },
    {
      "types": [
        "core-operation",
        "https://ofn.gov.cz/slovník/psm/CreateAttribute"
      ],
      "iri": "https://ofn.gov.cz/operation/1767688803464-c372-979a-83a0",
      "parent": "https://ofn.gov.cz/operation/1767688803441-6890-47bc-88f7",
      "dataPsmNewIri": null,
      "dataPsmInterpretation": "sdnkxtozx87mk2bv7mv",
      "dataPsmTechnicalLabel": "název",
      "dataPsmHumanLabel": null,
      "dataPsmHumanDescription": null,
      "dataPsmOwner": "https://ofn.gov.cz/class/1767688786859-889c-93c8-9d27",
      "dataPsmDatatype": "https://ofn.gov.cz/zdroj/základní-datové-typy/2020-07-01/text"
    },
    {
      "types": [
        "core-operation",
        "https://ofn.gov.cz/slovník/psm/CreateClass"
      ],
      "iri": "https://ofn.gov.cz/operation/1767688803483-0475-d9e6-b92c",
      "parent": "https://ofn.gov.cz/operation/1767688803464-c372-979a-83a0",
      "dataPsmNewIri": null,
      "dataPsmInterpretation": "rbujedu657cmhetwyth",
      "dataPsmTechnicalLabel": "prvek_z_rúian",
      "dataPsmHumanLabel": null,
      "dataPsmHumanDescription": null,
      "dataPsmExtends": [],
      "dataPsmIsClosed": null
    },
    {
      "types": [
        "core-operation",
        "https://ofn.gov.cz/slovník/psm/CreateAssociationEnd"
      ],
      "iri": "https://ofn.gov.cz/operation/1767688803501-9012-ceec-a1ac",
      "parent": "https://ofn.gov.cz/operation/1767688803483-0475-d9e6-b92c",
      "dataPsmNewIri": null,
      "dataPsmInterpretation": "kp64qtfabbsmk2c3i15",
      "dataPsmTechnicalLabel": "související_geografické_území_-_prvek_z_rúian",
      "dataPsmHumanLabel": null,
      "dataPsmHumanDescription": null,
      "dataPsmOwner": "https://ofn.gov.cz/class/1767688786859-889c-93c8-9d27",
      "dataPsmPart": "https://ofn.gov.cz/class/1767688803483-128c-54a3-b489",
      "dataPsmIsReverse": false,
      "dataPsmIsDematerialize": null
    },
    {
      "types": [
        "core-operation",
        "https://ofn.gov.cz/slovník/psm/CreateClass"
      ],
      "iri": "https://ofn.gov.cz/operation/1767688803526-3dd1-5aa1-ba2f",
      "parent": "https://ofn.gov.cz/operation/1767688803501-9012-ceec-a1ac",
      "dataPsmNewIri": null,
      "dataPsmInterpretation": "m5ddf6axazmhetwyth",
      "dataPsmTechnicalLabel": "geografické_území",
      "dataPsmHumanLabel": null,
      "dataPsmHumanDescription": null,
      "dataPsmExtends": [],
      "dataPsmIsClosed": null
    },
    {
      "types": [
        "core-operation",
        "https://ofn.gov.cz/slovník/psm/CreateAssociationEnd"
      ],
      "iri": "https://ofn.gov.cz/operation/1767688803555-07ef-c9c9-8a2d",
      "parent": "https://ofn.gov.cz/operation/1767688803526-3dd1-5aa1-ba2f",
      "dataPsmNewIri": null,
      "dataPsmInterpretation": "mlkbvxyjzbmk2c39fc",
      "dataPsmTechnicalLabel": "související_geografické_území",
      "dataPsmHumanLabel": null,
      "dataPsmHumanDescription": null,
      "dataPsmOwner": "https://ofn.gov.cz/class/1767688786859-889c-93c8-9d27",
      "dataPsmPart": "https://ofn.gov.cz/class/1767688803526-b93c-0c88-b097",
      "dataPsmIsReverse": false,
      "dataPsmIsDematerialize": null
    },
    {
      "types": [
        "core-operation",
        "https://ofn.gov.cz/slovník/psm/CreateClass"
      ],
      "iri": "https://ofn.gov.cz/operation/1767688803583-f229-2a83-9382",
      "parent": "https://ofn.gov.cz/operation/1767688803555-07ef-c9c9-8a2d",
      "dataPsmNewIri": null,
      "dataPsmInterpretation": "bv8eoo3cifnmhetwyth",
      "dataPsmTechnicalLabel": "právní_předpis",
      "dataPsmHumanLabel": null,
      "dataPsmHumanDescription": null,
      "dataPsmExtends": [],
      "dataPsmIsClosed": null
    },
    {
      "types": [
        "core-operation",
        "https://ofn.gov.cz/slovník/psm/CreateAssociationEnd"
      ],
      "iri": "https://ofn.gov.cz/operation/1767688803606-1578-1fff-94de",
      "parent": "https://ofn.gov.cz/operation/1767688803583-f229-2a83-9382",
      "dataPsmNewIri": null,
      "dataPsmInterpretation": "bjw624pteemk2c25xf",
      "dataPsmTechnicalLabel": "příslušný_právní_předpis",
      "dataPsmHumanLabel": null,
      "dataPsmHumanDescription": null,
      "dataPsmOwner": "https://ofn.gov.cz/class/1767688786859-889c-93c8-9d27",
      "dataPsmPart": "https://ofn.gov.cz/class/1767688803583-9b04-1209-bb73",
      "dataPsmIsReverse": false,
      "dataPsmIsDematerialize": null
    },
    {
      "types": [
        "core-operation",
        "https://ofn.gov.cz/slovník/psm/CreateClass"
      ],
      "iri": "https://ofn.gov.cz/operation/1767688803639-fe45-7c16-b81b",
      "parent": "https://ofn.gov.cz/operation/1767688803606-1578-1fff-94de",
      "dataPsmNewIri": null,
      "dataPsmInterpretation": "p8b2yhn5d2dmhetwyth",
      "dataPsmTechnicalLabel": "poskytovatel",
      "dataPsmHumanLabel": null,
      "dataPsmHumanDescription": null,
      "dataPsmExtends": [],
      "dataPsmIsClosed": null
    },
    {
      "types": [
        "core-operation",
        "https://ofn.gov.cz/slovník/psm/CreateAssociationEnd"
      ],
      "iri": "https://ofn.gov.cz/operation/1767688803667-6ab9-2c35-9012",
      "parent": "https://ofn.gov.cz/operation/1767688803639-fe45-7c16-b81b",
      "dataPsmNewIri": null,
      "dataPsmInterpretation": "nsxdh0ldhspmk2c1b06",
      "dataPsmTechnicalLabel": "poskytovatel",
      "dataPsmHumanLabel": null,
      "dataPsmHumanDescription": null,
      "dataPsmOwner": "https://ofn.gov.cz/class/1767688786859-889c-93c8-9d27",
      "dataPsmPart": "https://ofn.gov.cz/class/1767688803639-3bb5-859b-8721",
      "dataPsmIsReverse": false,
      "dataPsmIsDematerialize": null
    },
    {
      "types": [
        "core-operation",
        "https://ofn.gov.cz/slovník/psm/CreateClass"
      ],
      "iri": "https://ofn.gov.cz/operation/1767688803698-30e2-8958-877b",
      "parent": "https://ofn.gov.cz/operation/1767688803667-6ab9-2c35-9012",
      "dataPsmNewIri": null,
      "dataPsmInterpretation": "a3axpe3geshmhetwyth",
      "dataPsmTechnicalLabel": "série_datových_sad",
      "dataPsmHumanLabel": null,
      "dataPsmHumanDescription": null,
      "dataPsmExtends": [],
      "dataPsmIsClosed": null
    },
    {
      "types": [
        "core-operation",
        "https://ofn.gov.cz/slovník/psm/CreateAssociationEnd"
      ],
      "iri": "https://ofn.gov.cz/operation/1767688803726-693d-edfb-9c70",
      "parent": "https://ofn.gov.cz/operation/1767688803698-30e2-8958-877b",
      "dataPsmNewIri": null,
      "dataPsmInterpretation": "lxyx763i8ucmk2c0t04",
      "dataPsmTechnicalLabel": "je_součástí",
      "dataPsmHumanLabel": null,
      "dataPsmHumanDescription": null,
      "dataPsmOwner": "https://ofn.gov.cz/class/1767688786859-889c-93c8-9d27",
      "dataPsmPart": "https://ofn.gov.cz/class/1767688803698-2579-67db-90d0",
      "dataPsmIsReverse": false,
      "dataPsmIsDematerialize": null
    },
    {
      "types": [
        "core-operation",
        "https://ofn.gov.cz/slovník/psm/CreateClass"
      ],
      "iri": "https://ofn.gov.cz/operation/1767688803759-07d4-b71a-a5a4",
      "parent": "https://ofn.gov.cz/operation/1767688803726-693d-edfb-9c70",
      "dataPsmNewIri": null,
      "dataPsmInterpretation": "kwdcwqa386mhetwyth",
      "dataPsmTechnicalLabel": "frekvence",
      "dataPsmHumanLabel": null,
      "dataPsmHumanDescription": null,
      "dataPsmExtends": [],
      "dataPsmIsClosed": null
    },
    {
      "types": [
        "core-operation",
        "https://ofn.gov.cz/slovník/psm/CreateAssociationEnd"
      ],
      "iri": "https://ofn.gov.cz/operation/1767688803789-d697-2619-bbe2",
      "parent": "https://ofn.gov.cz/operation/1767688803759-07d4-b71a-a5a4",
      "dataPsmNewIri": null,
      "dataPsmInterpretation": "txgj0pbgr7kmk2bz1a5",
      "dataPsmTechnicalLabel": "periodicita_aktualizace",
      "dataPsmHumanLabel": null,
      "dataPsmHumanDescription": null,
      "dataPsmOwner": "https://ofn.gov.cz/class/1767688786859-889c-93c8-9d27",
      "dataPsmPart": "https://ofn.gov.cz/class/1767688803759-e1a0-c618-aa45",
      "dataPsmIsReverse": false,
      "dataPsmIsDematerialize": null
    },
    {
      "types": [
        "core-operation",
        "https://ofn.gov.cz/slovník/psm/CreateClass"
      ],
      "iri": "https://ofn.gov.cz/operation/1767688803857-17a0-6db7-bccc",
      "parent": "https://ofn.gov.cz/operation/1767688803789-d697-2619-bbe2",
      "dataPsmNewIri": null,
      "dataPsmInterpretation": "o7njvtdi4rhmhetwyth",
      "dataPsmTechnicalLabel": "téma_eurovoc",
      "dataPsmHumanLabel": null,
      "dataPsmHumanDescription": null,
      "dataPsmExtends": [],
      "dataPsmIsClosed": null
    },
    {
      "types": [
        "core-operation",
        "https://ofn.gov.cz/slovník/psm/CreateAssociationEnd"
      ],
      "iri": "https://ofn.gov.cz/operation/1767688803907-b2a5-f81b-b58b",
      "parent": "https://ofn.gov.cz/operation/1767688803857-17a0-6db7-bccc",
      "dataPsmNewIri": null,
      "dataPsmInterpretation": "haqclsmre8omk2byflp",
      "dataPsmTechnicalLabel": "klasifikace_dle_eurovoc",
      "dataPsmHumanLabel": null,
      "dataPsmHumanDescription": null,
      "dataPsmOwner": "https://ofn.gov.cz/class/1767688786859-889c-93c8-9d27",
      "dataPsmPart": "https://ofn.gov.cz/class/1767688803857-135d-ad15-8996",
      "dataPsmIsReverse": false,
      "dataPsmIsDematerialize": null
    },
    {
      "types": [
        "core-operation",
        "https://ofn.gov.cz/slovník/psm/CreateClass"
      ],
      "iri": "https://ofn.gov.cz/operation/1767688803937-cde7-c1e6-b7a4",
      "parent": "https://ofn.gov.cz/operation/1767688803907-b2a5-f81b-b58b",
      "dataPsmNewIri": null,
      "dataPsmInterpretation": "31nz3fr4xhqmhetwyth",
      "dataPsmTechnicalLabel": "datové_téma",
      "dataPsmHumanLabel": null,
      "dataPsmHumanDescription": null,
      "dataPsmExtends": [],
      "dataPsmIsClosed": null
    },
    {
      "types": [
        "core-operation",
        "https://ofn.gov.cz/slovník/psm/CreateAssociationEnd"
      ],
      "iri": "https://ofn.gov.cz/operation/1767688803965-2ea9-d0af-95e7",
      "parent": "https://ofn.gov.cz/operation/1767688803937-cde7-c1e6-b7a4",
      "dataPsmNewIri": null,
      "dataPsmInterpretation": "sjaj7nrcg5mk2by549",
      "dataPsmTechnicalLabel": "téma",
      "dataPsmHumanLabel": null,
      "dataPsmHumanDescription": null,
      "dataPsmOwner": "https://ofn.gov.cz/class/1767688786859-889c-93c8-9d27",
      "dataPsmPart": "https://ofn.gov.cz/class/1767688803937-1acd-3008-9869",
      "dataPsmIsReverse": false,
      "dataPsmIsDematerialize": null
    },
    {
      "types": [
        "core-operation",
        "https://ofn.gov.cz/slovník/psm/CreateClass"
      ],
      "iri": "https://ofn.gov.cz/operation/1767688803999-711e-3194-bd39",
      "parent": "https://ofn.gov.cz/operation/1767688803965-2ea9-d0af-95e7",
      "dataPsmNewIri": null,
      "dataPsmInterpretation": "lzuqs9rzjkhmhetwyth",
      "dataPsmTechnicalLabel": "kontaktní_bod",
      "dataPsmHumanLabel": null,
      "dataPsmHumanDescription": null,
      "dataPsmExtends": [],
      "dataPsmIsClosed": null
    },
    {
      "types": [
        "core-operation",
        "https://ofn.gov.cz/slovník/psm/CreateAssociationEnd"
      ],
      "iri": "https://ofn.gov.cz/operation/1767688804030-c517-cbac-a9d8",
      "parent": "https://ofn.gov.cz/operation/1767688803999-711e-3194-bd39",
      "dataPsmNewIri": null,
      "dataPsmInterpretation": "ag00hp0rt1omk2bwx9k",
      "dataPsmTechnicalLabel": "kontaktní_bod",
      "dataPsmHumanLabel": null,
      "dataPsmHumanDescription": null,
      "dataPsmOwner": "https://ofn.gov.cz/class/1767688786859-889c-93c8-9d27",
      "dataPsmPart": "https://ofn.gov.cz/class/1767688803999-6ceb-8b05-8c7b",
      "dataPsmIsReverse": false,
      "dataPsmIsDematerialize": null
    },
    {
      "types": [
        "core-operation",
        "https://ofn.gov.cz/slovník/psm/CreateClass"
      ],
      "iri": "https://ofn.gov.cz/operation/1767688804066-eb17-7393-8ad4",
      "parent": "https://ofn.gov.cz/operation/1767688804030-c517-cbac-a9d8",
      "dataPsmNewIri": null,
      "dataPsmInterpretation": "wb9jm3vantmhetwyth",
      "dataPsmTechnicalLabel": "časový_interval",
      "dataPsmHumanLabel": null,
      "dataPsmHumanDescription": null,
      "dataPsmExtends": [],
      "dataPsmIsClosed": null
    },
    {
      "types": [
        "core-operation",
        "https://ofn.gov.cz/slovník/psm/CreateAssociationEnd"
      ],
      "iri": "https://ofn.gov.cz/operation/1767688804097-4873-26f2-9777",
      "parent": "https://ofn.gov.cz/operation/1767688804066-eb17-7393-8ad4",
      "dataPsmNewIri": null,
      "dataPsmInterpretation": "fe3l7lf523bmk2bup6y",
      "dataPsmTechnicalLabel": "časové_pokrytí",
      "dataPsmHumanLabel": null,
      "dataPsmHumanDescription": null,
      "dataPsmOwner": "https://ofn.gov.cz/class/1767688786859-889c-93c8-9d27",
      "dataPsmPart": "https://ofn.gov.cz/class/1767688804066-774e-0ede-be49",
      "dataPsmIsReverse": false,
      "dataPsmIsDematerialize": null
    },
    {
      "types": [
        "core-operation",
        "https://ofn.gov.cz/slovník/psm/SetOrder"
      ],
      "iri": "https://ofn.gov.cz/operation/1767688824440-79a8-dffa-ad32",
      "parent": "https://ofn.gov.cz/operation/1767688804097-4873-26f2-9777",
      "dataPsmOwnerClass": "https://ofn.gov.cz/class/1767688786859-889c-93c8-9d27",
      "dataPsmResourceToMove": "https://ofn.gov.cz/attribute/1767688803464-9ced-83bc-b4bd",
      "dataPsmMoveAfter": null
    },
    {
      "types": [
        "core-operation",
        "https://ofn.gov.cz/slovník/psm/SetOrder"
      ],
      "iri": "https://ofn.gov.cz/operation/1767688826039-fc6c-5764-b99d",
      "parent": "https://ofn.gov.cz/operation/1767688824440-79a8-dffa-ad32",
      "dataPsmOwnerClass": "https://ofn.gov.cz/class/1767688786859-889c-93c8-9d27",
      "dataPsmResourceToMove": "https://ofn.gov.cz/attribute/1767688803441-815f-0a04-a4bb",
      "dataPsmMoveAfter": "https://ofn.gov.cz/attribute/1767688803464-9ced-83bc-b4bd"
    },
    {
      "types": [
        "core-operation",
        "https://ofn.gov.cz/slovník/psm/SetOrder"
      ],
      "iri": "https://ofn.gov.cz/operation/1767688865878-a0dc-0441-bb70",
      "parent": "https://ofn.gov.cz/operation/1767688826039-fc6c-5764-b99d",
      "dataPsmOwnerClass": "https://ofn.gov.cz/class/1767688786859-889c-93c8-9d27",
      "dataPsmResourceToMove": "https://ofn.gov.cz/association/1767688803667-7b87-b4b0-9fad",
      "dataPsmMoveAfter": "https://ofn.gov.cz/attribute/1767688803441-815f-0a04-a4bb"
    },
    {
      "types": [
        "core-operation",
        "https://ofn.gov.cz/slovník/psm/SetOrder"
      ],
      "iri": "https://ofn.gov.cz/operation/1767688871644-0bc1-31cf-882f",
      "parent": "https://ofn.gov.cz/operation/1767688865878-a0dc-0441-bb70",
      "dataPsmOwnerClass": "https://ofn.gov.cz/class/1767688786859-889c-93c8-9d27",
      "dataPsmResourceToMove": "https://ofn.gov.cz/association/1767688803726-f20f-c96e-b156",
      "dataPsmMoveAfter": "https://ofn.gov.cz/association/1767688803667-7b87-b4b0-9fad"
    },
    {
      "types": [
        "core-operation",
        "https://ofn.gov.cz/slovník/psm/SetOrder"
      ],
      "iri": "https://ofn.gov.cz/operation/1767688875182-a218-3366-8b49",
      "parent": "https://ofn.gov.cz/operation/1767688871644-0bc1-31cf-882f",
      "dataPsmOwnerClass": "https://ofn.gov.cz/class/1767688786859-889c-93c8-9d27",
      "dataPsmResourceToMove": "https://ofn.gov.cz/association/1767688803965-22e2-f822-b83b",
      "dataPsmMoveAfter": "https://ofn.gov.cz/association/1767688803726-f20f-c96e-b156"
    },
    {
      "types": [
        "core-operation",
        "https://ofn.gov.cz/slovník/psm/SetOrder"
      ],
      "iri": "https://ofn.gov.cz/operation/1767688879577-6783-44ae-aaa3",
      "parent": "https://ofn.gov.cz/operation/1767688875182-a218-3366-8b49",
      "dataPsmOwnerClass": "https://ofn.gov.cz/class/1767688786859-889c-93c8-9d27",
      "dataPsmResourceToMove": "https://ofn.gov.cz/association/1767688803789-57e0-83b9-bbaa",
      "dataPsmMoveAfter": "https://ofn.gov.cz/association/1767688803965-22e2-f822-b83b"
    },
    {
      "types": [
        "core-operation",
        "https://ofn.gov.cz/slovník/psm/SetOrder"
      ],
      "iri": "https://ofn.gov.cz/operation/1767688883593-c1b5-b12d-965d",
      "parent": "https://ofn.gov.cz/operation/1767688879577-6783-44ae-aaa3",
      "dataPsmOwnerClass": "https://ofn.gov.cz/class/1767688786859-889c-93c8-9d27",
      "dataPsmResourceToMove": "https://ofn.gov.cz/association/1767688803555-ae92-09d6-a930",
      "dataPsmMoveAfter": "https://ofn.gov.cz/attribute/1767688803421-9c37-1215-aedb"
    },
    {
      "types": [
        "core-operation",
        "https://ofn.gov.cz/slovník/psm/SetOrder"
      ],
      "iri": "https://ofn.gov.cz/operation/1767688886645-79ae-3c7b-9a04",
      "parent": "https://ofn.gov.cz/operation/1767688883593-c1b5-b12d-965d",
      "dataPsmOwnerClass": "https://ofn.gov.cz/class/1767688786859-889c-93c8-9d27",
      "dataPsmResourceToMove": "https://ofn.gov.cz/association/1767688804097-dc73-54c9-8718",
      "dataPsmMoveAfter": "https://ofn.gov.cz/association/1767688803501-6a50-eeb2-afbd"
    },
    {
      "types": [
        "core-operation",
        "https://ofn.gov.cz/slovník/psm/SetOrder"
      ],
      "iri": "https://ofn.gov.cz/operation/1767688889579-fc24-c6fc-9e37",
      "parent": "https://ofn.gov.cz/operation/1767688886645-79ae-3c7b-9a04",
      "dataPsmOwnerClass": "https://ofn.gov.cz/class/1767688786859-889c-93c8-9d27",
      "dataPsmResourceToMove": "https://ofn.gov.cz/association/1767688804029-ba5e-080a-91a2",
      "dataPsmMoveAfter": "https://ofn.gov.cz/association/1767688804097-dc73-54c9-8718"
    },
    {
      "types": [
        "core-operation",
        "https://ofn.gov.cz/slovník/psm/SetOrder"
      ],
      "iri": "https://ofn.gov.cz/operation/1767688916210-9ce4-d44e-a8c8",
      "parent": "https://ofn.gov.cz/operation/1767688889579-fc24-c6fc-9e37",
      "dataPsmOwnerClass": "https://ofn.gov.cz/class/1767688786859-889c-93c8-9d27",
      "dataPsmResourceToMove": "https://ofn.gov.cz/association/1767688803907-b1e0-2d79-bb85",
      "dataPsmMoveAfter": "https://ofn.gov.cz/association/1767688804029-ba5e-080a-91a2"
    },
    {
      "types": [
        "core-operation",
        "https://ofn.gov.cz/slovník/psm/CreateAttribute"
      ],
      "iri": "https://ofn.gov.cz/operation/1767688921854-a251-f9bd-bfac",
      "parent": "https://ofn.gov.cz/operation/1767688916210-9ce4-d44e-a8c8",
      "dataPsmNewIri": null,
      "dataPsmInterpretation": "hsnkjo2csvsmhetwyyl",
      "dataPsmTechnicalLabel": "jméno",
      "dataPsmHumanLabel": null,
      "dataPsmHumanDescription": null,
      "dataPsmOwner": "https://ofn.gov.cz/class/1767688803999-6ceb-8b05-8c7b",
      "dataPsmDatatype": "https://ofn.gov.cz/zdroj/základní-datové-typy/2020-07-01/text"
    },
    {
      "types": [
        "core-operation",
        "https://ofn.gov.cz/slovník/psm/CreateClass"
      ],
      "iri": "https://ofn.gov.cz/operation/1767688921892-06ac-6fed-b36b",
      "parent": "https://ofn.gov.cz/operation/1767688921854-a251-f9bd-bfac",
      "dataPsmNewIri": null,
      "dataPsmInterpretation": "5690qekntmemhetwyth",
      "dataPsmTechnicalLabel": "e-mailová_adresa",
      "dataPsmHumanLabel": null,
      "dataPsmHumanDescription": null,
      "dataPsmExtends": [],
      "dataPsmIsClosed": null
    },
    {
      "types": [
        "core-operation",
        "https://ofn.gov.cz/slovník/psm/CreateAssociationEnd"
      ],
      "iri": "https://ofn.gov.cz/operation/1767688921927-6091-5867-b117",
      "parent": "https://ofn.gov.cz/operation/1767688921892-06ac-6fed-b36b",
      "dataPsmNewIri": null,
      "dataPsmInterpretation": "gs1fbl5dmaumhetwyyl",
      "dataPsmTechnicalLabel": "email",
      "dataPsmHumanLabel": null,
      "dataPsmHumanDescription": null,
      "dataPsmOwner": "https://ofn.gov.cz/class/1767688803999-6ceb-8b05-8c7b",
      "dataPsmPart": "https://ofn.gov.cz/class/1767688921892-c49d-55ab-a19e",
      "dataPsmIsReverse": false,
      "dataPsmIsDematerialize": null
    },
    {
      "types": [
        "core-operation",
        "https://ofn.gov.cz/slovník/psm/WrapWithOr"
      ],
      "iri": "https://ofn.gov.cz/operation/1767688925164-2e47-c8a6-bb68",
      "parent": "https://ofn.gov.cz/operation/1767688921927-6091-5867-b117",
      "dataPsmNewIri": null,
      "dataPsmChild": "https://ofn.gov.cz/class/1767688803999-6ceb-8b05-8c7b"
    },
    {
      "types": [
        "core-operation",
        "https://ofn.gov.cz/slovník/psm/CreateClass"
      ],
      "iri": "https://ofn.gov.cz/operation/1767688925206-e962-ad32-92e6",
      "parent": "https://ofn.gov.cz/operation/1767688925164-2e47-c8a6-bb68",
      "dataPsmNewIri": null,
      "dataPsmInterpretation": "luvlsaoxl09mhetwyth",
      "dataPsmTechnicalLabel": "organizace",
      "dataPsmHumanLabel": null,
      "dataPsmHumanDescription": null,
      "dataPsmExtends": [],
      "dataPsmIsClosed": null
    },
    {
      "types": [
        "core-operation",
        "https://ofn.gov.cz/slovník/psm/SetChoice"
      ],
      "iri": "https://ofn.gov.cz/operation/1767688925240-1afd-a602-9413",
      "parent": "https://ofn.gov.cz/operation/1767688925206-e962-ad32-92e6",
      "dataPsmOr": "https://ofn.gov.cz/or/1767688925164-0fb9-7111-8ca7",
      "dataPsmChoice": "https://ofn.gov.cz/class/1767688925206-f237-0873-8d65"
    },
    {
      "types": [
        "core-operation",
        "https://ofn.gov.cz/slovník/psm/CreateInclude"
      ],
      "iri": "https://ofn.gov.cz/operation/1767688925254-6903-7785-9402",
      "parent": "https://ofn.gov.cz/operation/1767688925240-1afd-a602-9413",
      "dataPsmNewIri": null,
      "dataPsmOwner": "https://ofn.gov.cz/class/1767688925206-f237-0873-8d65",
      "dataPsmIncludes": "https://ofn.gov.cz/class/1767688803999-6ceb-8b05-8c7b"
    },
    {
      "types": [
        "core-operation",
        "https://ofn.gov.cz/slovník/psm/CreateClass"
      ],
      "iri": "https://ofn.gov.cz/operation/1767688928128-a790-98be-8971",
      "parent": "https://ofn.gov.cz/operation/1767688925254-6903-7785-9402",
      "dataPsmNewIri": null,
      "dataPsmInterpretation": "01r1r2spdtf3mhetwyth",
      "dataPsmTechnicalLabel": "jednotlivec",
      "dataPsmHumanLabel": null,
      "dataPsmHumanDescription": null,
      "dataPsmExtends": [],
      "dataPsmIsClosed": null
    },
    {
      "types": [
        "core-operation",
        "https://ofn.gov.cz/slovník/psm/SetChoice"
      ],
      "iri": "https://ofn.gov.cz/operation/1767688928165-ce9b-4f77-a2a3",
      "parent": "https://ofn.gov.cz/operation/1767688928128-a790-98be-8971",
      "dataPsmOr": "https://ofn.gov.cz/or/1767688925164-0fb9-7111-8ca7",
      "dataPsmChoice": "https://ofn.gov.cz/class/1767688928128-0b43-b83f-8ef5"
    },
    {
      "types": [
        "core-operation",
        "https://ofn.gov.cz/slovník/psm/CreateInclude"
      ],
      "iri": "https://ofn.gov.cz/operation/1767688928170-3126-775c-8e00",
      "parent": "https://ofn.gov.cz/operation/1767688928165-ce9b-4f77-a2a3",
      "dataPsmNewIri": null,
      "dataPsmOwner": "https://ofn.gov.cz/class/1767688928128-0b43-b83f-8ef5",
      "dataPsmIncludes": "https://ofn.gov.cz/class/1767688803999-6ceb-8b05-8c7b"
    },
    {
      "types": [
        "core-operation",
        "https://ofn.gov.cz/slovník/psm/SetTechnicalLabel"
      ],
      "iri": "https://ofn.gov.cz/operation/1767688935509-2fff-61b2-aa82",
      "parent": "https://ofn.gov.cz/operation/1767688928170-3126-775c-8e00",
      "dataPsmResource": "https://ofn.gov.cz/class/1767688925206-f237-0873-8d65",
      "dataPsmTechnicalLabel": "Organizace"
    },
    {
      "types": [
        "core-operation",
        "https://ofn.gov.cz/slovník/psm/SetTechnicalLabel"
      ],
      "iri": "https://ofn.gov.cz/operation/1767688943063-7d53-2f74-b62a",
      "parent": "https://ofn.gov.cz/operation/1767688935509-2fff-61b2-aa82",
      "dataPsmResource": "https://ofn.gov.cz/class/1767688928128-0b43-b83f-8ef5",
      "dataPsmTechnicalLabel": "Jednotlivec"
    },
    {
      "types": [
        "core-operation",
        "https://ofn.gov.cz/slovník/psm/SetInstancesSpecifyTypes"
      ],
      "iri": "https://ofn.gov.cz/operation/1767688943070-e23b-5244-974c",
      "parent": "https://ofn.gov.cz/operation/1767688943063-7d53-2f74-b62a",
      "dataPsmClass": "https://ofn.gov.cz/class/1767688928128-0b43-b83f-8ef5",
      "instancesSpecifyTypes": "ALWAYS"
    },
    {
      "types": [
        "core-operation",
        "https://ofn.gov.cz/slovník/psm/SetInstancesSpecifyTypes"
      ],
      "iri": "https://ofn.gov.cz/operation/1767688947326-49be-e3e7-904b",
      "parent": "https://ofn.gov.cz/operation/1767688943070-e23b-5244-974c",
      "dataPsmClass": "https://ofn.gov.cz/class/1767688925206-f237-0873-8d65",
      "instancesSpecifyTypes": "ALWAYS"
    },
    {
      "types": [
        "core-operation",
        "https://ofn.gov.cz/slovník/psm/SetTechnicalLabel"
      ],
      "iri": "https://ofn.gov.cz/operation/1767688952001-1519-833e-8be7",
      "parent": "https://ofn.gov.cz/operation/1767688947326-49be-e3e7-904b",
      "dataPsmResource": "https://ofn.gov.cz/association/1767688921927-277f-c59e-a95c",
      "dataPsmTechnicalLabel": "e-mail"
    },
    {
      "types": [
        "core-operation",
        "https://ofn.gov.cz/slovník/psm/SetInstancesHaveIdentity"
      ],
      "iri": "https://ofn.gov.cz/operation/1767688966215-01d1-de9e-a12b",
      "parent": "https://ofn.gov.cz/operation/1767688952001-1519-833e-8be7",
      "dataPsmClass": "https://ofn.gov.cz/class/1767688803999-6ceb-8b05-8c7b",
      "instancesHaveIdentity": "OPTIONAL"
    },
    {
      "types": [
        "core-operation",
        "https://ofn.gov.cz/slovník/psm/SetInstancesSpecifyTypes"
      ],
      "iri": "https://ofn.gov.cz/operation/1767688966224-2122-7dcd-9275",
      "parent": "https://ofn.gov.cz/operation/1767688966215-01d1-de9e-a12b",
      "dataPsmClass": "https://ofn.gov.cz/class/1767688803999-6ceb-8b05-8c7b",
      "instancesSpecifyTypes": "ALWAYS"
    },
    {
      "types": [
        "core-operation",
        "https://ofn.gov.cz/slovník/psm/UnsetChoice"
      ],
      "iri": "https://ofn.gov.cz/operation/1767688970210-82f0-dfc5-bff4",
      "parent": "https://ofn.gov.cz/operation/1767688966224-2122-7dcd-9275",
      "dataPsmOr": "https://ofn.gov.cz/or/1767688925164-0fb9-7111-8ca7",
      "dataPsmChoice": "https://ofn.gov.cz/class/1767688803999-6ceb-8b05-8c7b"
    },
    {
      "types": [
        "core-operation",
        "https://ofn.gov.cz/slovník/psm/CreateAttribute"
      ],
      "iri": "https://ofn.gov.cz/operation/1767688975328-b28f-32bb-9d46",
      "parent": "https://ofn.gov.cz/operation/1767688970210-82f0-dfc5-bff4",
      "dataPsmNewIri": null,
      "dataPsmInterpretation": "947j73hytgbmhetwyyl",
      "dataPsmTechnicalLabel": "datum_konce",
      "dataPsmHumanLabel": null,
      "dataPsmHumanDescription": null,
      "dataPsmOwner": "https://ofn.gov.cz/class/1767688804066-774e-0ede-be49",
      "dataPsmDatatype": "http://www.w3.org/2001/XMLSchema#date"
    },
    {
      "types": [
        "core-operation",
        "https://ofn.gov.cz/slovník/psm/CreateAttribute"
      ],
      "iri": "https://ofn.gov.cz/operation/1767688975370-8c7e-8b57-ae90",
      "parent": "https://ofn.gov.cz/operation/1767688975328-b28f-32bb-9d46",
      "dataPsmNewIri": null,
      "dataPsmInterpretation": "bug0ca1ojwlmhetwyyl",
      "dataPsmTechnicalLabel": "datum_začátku",
      "dataPsmHumanLabel": null,
      "dataPsmHumanDescription": null,
      "dataPsmOwner": "https://ofn.gov.cz/class/1767688804066-774e-0ede-be49",
      "dataPsmDatatype": "http://www.w3.org/2001/XMLSchema#date"
    },
    {
      "types": [
        "core-operation",
        "https://ofn.gov.cz/slovník/psm/SetOrder"
      ],
      "iri": "https://ofn.gov.cz/operation/1767688977080-8ae3-17f8-8831",
      "parent": "https://ofn.gov.cz/operation/1767688975370-8c7e-8b57-ae90",
      "dataPsmOwnerClass": "https://ofn.gov.cz/class/1767688804066-774e-0ede-be49",
      "dataPsmResourceToMove": "https://ofn.gov.cz/attribute/1767688975370-083c-4f65-9e5c",
      "dataPsmMoveAfter": null
    },
    {
      "types": [
        "core-operation",
        "https://ofn.gov.cz/slovník/psm/SetTechnicalLabel"
      ],
      "iri": "https://ofn.gov.cz/operation/1767688988375-0102-20ee-8201",
      "parent": "https://ofn.gov.cz/operation/1767688977080-8ae3-17f8-8831",
      "dataPsmResource": "https://ofn.gov.cz/attribute/1767688975370-083c-4f65-9e5c",
      "dataPsmTechnicalLabel": "začátek"
    },
    {
      "types": [
        "core-operation",
        "https://ofn.gov.cz/slovník/psm/SetTechnicalLabel"
      ],
      "iri": "https://ofn.gov.cz/operation/1767688994083-3991-f097-9eaf",
      "parent": "https://ofn.gov.cz/operation/1767688988375-0102-20ee-8201",
      "dataPsmResource": "https://ofn.gov.cz/attribute/1767688975328-0a29-a017-9416",
      "dataPsmTechnicalLabel": "konec"
    },
    {
      "types": [
        "core-operation",
        "https://ofn.gov.cz/slovník/psm/SetTechnicalLabel"
      ],
      "iri": "https://ofn.gov.cz/operation/1767689016635-a500-5405-86cc",
      "parent": "https://ofn.gov.cz/operation/1767688994083-3991-f097-9eaf",
      "dataPsmResource": "https://ofn.gov.cz/association/1767688803907-b1e0-2d79-bb85",
      "dataPsmTechnicalLabel": "koncept_euroVoc"
    },
    {
      "types": [
        "core-operation",
        "https://ofn.gov.cz/slovník/psm/SetTechnicalLabel"
      ],
      "iri": "https://ofn.gov.cz/operation/1767689027338-78c2-13bd-9e31",
      "parent": "https://ofn.gov.cz/operation/1767689016635-a500-5405-86cc",
      "dataPsmResource": "https://ofn.gov.cz/association/1767688803606-24c3-254e-aaa9",
      "dataPsmTechnicalLabel": "právní_předpis"
    },
    {
      "types": [
        "core-operation",
        "https://ofn.gov.cz/slovník/psm/SetTechnicalLabel"
      ],
      "iri": "https://ofn.gov.cz/operation/1767689044716-1e73-7ab5-896a",
      "parent": "https://ofn.gov.cz/operation/1767689027338-78c2-13bd-9e31",
      "dataPsmResource": "https://ofn.gov.cz/association/1767688803501-6a50-eeb2-afbd",
      "dataPsmTechnicalLabel": "prvek_rúian"
    },
    {
      "types": [
        "core-operation",
        "https://ofn.gov.cz/slovník/psm/SetTechnicalLabel"
      ],
      "iri": "https://ofn.gov.cz/operation/1767689050632-68c7-9b64-b28f",
      "parent": "https://ofn.gov.cz/operation/1767689044716-1e73-7ab5-896a",
      "dataPsmResource": "https://ofn.gov.cz/association/1767688803555-ae92-09d6-a930",
      "dataPsmTechnicalLabel": "geografické_území"
    },
    {
      "types": [
        "core-operation",
        "https://ofn.gov.cz/slovník/psm/SetTechnicalLabel"
      ],
      "iri": "https://ofn.gov.cz/operation/1767689099112-9143-68cb-aec3",
      "parent": "https://ofn.gov.cz/operation/1767689050632-68c7-9b64-b28f",
      "dataPsmResource": "460728c2-35f5-40f5-b88d-71dc6e495733",
      "dataPsmTechnicalLabel": "série-datových-sad"
    },
    {
      "types": [
        "core-operation",
        "https://ofn.gov.cz/slovník/psm/SetJsonLdDefinedTypeMapping"
      ],
      "iri": "https://ofn.gov.cz/operation/1767689099161-674b-c74d-badc",
      "parent": "https://ofn.gov.cz/operation/1767689099112-9143-68cb-aec3",
      "dataPsmEntity": "460728c2-35f5-40f5-b88d-71dc6e495733",
      "jsonLdDefinedTypeMapping": {
        "http://www.w3.org/ns/dcat#DatasetSeries": "Série datových sad"
      }
    },
    {
      "types": [
        "core-operation",
        "https://ofn.gov.cz/slovník/psm/SetJsonEnforceContext"
      ],
      "iri": "https://ofn.gov.cz/operation/1767689099212-ee7d-9d9a-8fd8",
      "parent": "https://ofn.gov.cz/operation/1767689099161-674b-c74d-badc",
      "dataPsmEntity": "460728c2-35f5-40f5-b88d-71dc6e495733",
      "jsonEnforceContext": "no"
    },
    {
      "types": [
        "core-operation",
        "https://ofn.gov.cz/slovník/psm/SetJsonEnforceContext"
      ],
      "iri": "https://ofn.gov.cz/operation/1767689326608-25cb-4ffe-a639",
      "parent": "https://ofn.gov.cz/operation/1767689099212-ee7d-9d9a-8fd8",
      "dataPsmEntity": "460728c2-35f5-40f5-b88d-71dc6e495733",
      "jsonEnforceContext": "with-extensions"
    },
    {
      "types": [
        "core-operation",
        "https://ofn.gov.cz/slovník/psm/extensions/json/setUseKeyValueForLangString"
      ],
      "iri": "https://ofn.gov.cz/operation/1767689383016-b7ac-402f-be95",
      "parent": "https://ofn.gov.cz/operation/1767689326608-25cb-4ffe-a639",
      "dataPsmProperty": "https://ofn.gov.cz/attribute/1767688803421-9c37-1215-aedb",
      "useKeyValueForLangString": true
    },
    {
      "types": [
        "core-operation",
        "https://ofn.gov.cz/slovník/psm/SetInstancesHaveIdentity"
      ],
      "iri": "https://ofn.gov.cz/operation/1767689449196-5908-8b76-a831",
      "parent": "https://ofn.gov.cz/operation/1767689383016-b7ac-402f-be95",
      "dataPsmClass": "https://ofn.gov.cz/class/1767688925206-f237-0873-8d65",
      "instancesHaveIdentity": "OPTIONAL"
    },
    {
      "types": [
        "core-operation",
        "https://ofn.gov.cz/slovník/psm/SetInstancesHaveIdentity"
      ],
      "iri": "https://ofn.gov.cz/operation/1767689453046-f805-214e-a49f",
      "parent": "https://ofn.gov.cz/operation/1767689449196-5908-8b76-a831",
      "dataPsmClass": "https://ofn.gov.cz/class/1767688928128-0b43-b83f-8ef5",
      "instancesHaveIdentity": "OPTIONAL"
    }
  ],
  "resources": {
    "460728c2-35f5-40f5-b88d-71dc6e495733": {
      "types": [
        "https://ofn.gov.cz/slovník/psm/Schema"
      ],
      "iri": "460728c2-35f5-40f5-b88d-71dc6e495733",
      "dataPsmHumanLabel": {
        "en": "Dataset series",
        "cs": "Série datových sad"
      },
      "dataPsmHumanDescription": {
        "en": "Data structure for Dataset series. A collection of datasets that are published separately, but share some characteristics that group them.",
        "cs": "Datová struktura pro Série datových sad. Série datových sad zastřešuje související datové sady a série. Souvislost může být časová (rozpočet v letech), prostorová (seznamy ulic v obcích) či tématická (datové sady z jednoho systému). Datová série je podtřídou Datové sady, ale nemá vlastní distribuce."
      },
      "dataPsmTechnicalLabel": "série-datových-sad",
      "dataPsmRoots": [
        "https://ofn.gov.cz/class/1767688786859-889c-93c8-9d27"
      ],
      "dataPsmParts": [
        "https://ofn.gov.cz/class/1767688786859-889c-93c8-9d27",
        "https://ofn.gov.cz/attribute/1767688803421-9c37-1215-aedb",
        "https://ofn.gov.cz/attribute/1767688803441-815f-0a04-a4bb",
        "https://ofn.gov.cz/attribute/1767688803464-9ced-83bc-b4bd",
        "https://ofn.gov.cz/class/1767688803483-128c-54a3-b489",
        "https://ofn.gov.cz/association/1767688803501-6a50-eeb2-afbd",
        "https://ofn.gov.cz/class/1767688803526-b93c-0c88-b097",
        "https://ofn.gov.cz/association/1767688803555-ae92-09d6-a930",
        "https://ofn.gov.cz/class/1767688803583-9b04-1209-bb73",
        "https://ofn.gov.cz/association/1767688803606-24c3-254e-aaa9",
        "https://ofn.gov.cz/class/1767688803639-3bb5-859b-8721",
        "https://ofn.gov.cz/association/1767688803667-7b87-b4b0-9fad",
        "https://ofn.gov.cz/class/1767688803698-2579-67db-90d0",
        "https://ofn.gov.cz/association/1767688803726-f20f-c96e-b156",
        "https://ofn.gov.cz/class/1767688803759-e1a0-c618-aa45",
        "https://ofn.gov.cz/association/1767688803789-57e0-83b9-bbaa",
        "https://ofn.gov.cz/class/1767688803857-135d-ad15-8996",
        "https://ofn.gov.cz/association/1767688803907-b1e0-2d79-bb85",
        "https://ofn.gov.cz/class/1767688803937-1acd-3008-9869",
        "https://ofn.gov.cz/association/1767688803965-22e2-f822-b83b",
        "https://ofn.gov.cz/class/1767688803999-6ceb-8b05-8c7b",
        "https://ofn.gov.cz/association/1767688804029-ba5e-080a-91a2",
        "https://ofn.gov.cz/class/1767688804066-774e-0ede-be49",
        "https://ofn.gov.cz/association/1767688804097-dc73-54c9-8718",
        "https://ofn.gov.cz/attribute/1767688921854-4f3f-bbab-a811",
        "https://ofn.gov.cz/class/1767688921892-c49d-55ab-a19e",
        "https://ofn.gov.cz/association/1767688921927-277f-c59e-a95c",
        "https://ofn.gov.cz/or/1767688925164-0fb9-7111-8ca7",
        "https://ofn.gov.cz/class/1767688925206-f237-0873-8d65",
        "https://ofn.gov.cz/include/1767688925254-7db9-3f12-855f",
        "https://ofn.gov.cz/class/1767688928128-0b43-b83f-8ef5",
        "https://ofn.gov.cz/include/1767688928170-5d98-6d8a-9d38",
        "https://ofn.gov.cz/attribute/1767688975328-0a29-a017-9416",
        "https://ofn.gov.cz/attribute/1767688975370-083c-4f65-9e5c"
      ],
      "jsonLdDefinedTypeMapping": {
        "http://www.w3.org/ns/dcat#DatasetSeries": "Série datových sad"
      },
      "jsonEnforceContext": "with-extensions"
    },
    "https://ofn.gov.cz/class/1767688786859-889c-93c8-9d27": {
      "types": [
        "https://ofn.gov.cz/slovník/psm/Class"
      ],
      "iri": "https://ofn.gov.cz/class/1767688786859-889c-93c8-9d27",
      "dataPsmHumanLabel": null,
      "dataPsmHumanDescription": null,
      "dataPsmTechnicalLabel": "série_datových_sad",
      "dataPsmInterpretation": "a3axpe3geshmhetwyth",
      "dataPsmExtends": [],
      "dataPsmParts": [
        "https://ofn.gov.cz/attribute/1767688803464-9ced-83bc-b4bd",
        "https://ofn.gov.cz/attribute/1767688803441-815f-0a04-a4bb",
        "https://ofn.gov.cz/association/1767688803667-7b87-b4b0-9fad",
        "https://ofn.gov.cz/association/1767688803726-f20f-c96e-b156",
        "https://ofn.gov.cz/association/1767688803965-22e2-f822-b83b",
        "https://ofn.gov.cz/association/1767688803789-57e0-83b9-bbaa",
        "https://ofn.gov.cz/attribute/1767688803421-9c37-1215-aedb",
        "https://ofn.gov.cz/association/1767688803555-ae92-09d6-a930",
        "https://ofn.gov.cz/association/1767688803501-6a50-eeb2-afbd",
        "https://ofn.gov.cz/association/1767688804097-dc73-54c9-8718",
        "https://ofn.gov.cz/association/1767688804029-ba5e-080a-91a2",
        "https://ofn.gov.cz/association/1767688803907-b1e0-2d79-bb85",
        "https://ofn.gov.cz/association/1767688803606-24c3-254e-aaa9"
      ],
      "dataPsmIsClosed": null
    },
    "https://ofn.gov.cz/attribute/1767688803421-9c37-1215-aedb": {
      "types": [
        "https://ofn.gov.cz/slovník/psm/Attribute"
      ],
      "iri": "https://ofn.gov.cz/attribute/1767688803421-9c37-1215-aedb",
      "dataPsmHumanLabel": null,
      "dataPsmHumanDescription": null,
      "dataPsmTechnicalLabel": "klíčové_slovo",
      "dataPsmInterpretation": "9pg0a7fpvasmk2bxhf1",
      "dataPsmDatatype": "http://www.w3.org/1999/02/22-rdf-syntax-ns#langString",
      "extensions": {
        "https://ofn.gov.cz/slovník/psm/extensions/json": {
          "useKeyValueForLangString": true
        }
      }
    },
    "https://ofn.gov.cz/attribute/1767688803441-815f-0a04-a4bb": {
      "types": [
        "https://ofn.gov.cz/slovník/psm/Attribute"
      ],
      "iri": "https://ofn.gov.cz/attribute/1767688803441-815f-0a04-a4bb",
      "dataPsmHumanLabel": null,
      "dataPsmHumanDescription": null,
      "dataPsmTechnicalLabel": "popis",
      "dataPsmInterpretation": "w3mbgap41qamk2bvf7p",
      "dataPsmDatatype": "http://www.w3.org/1999/02/22-rdf-syntax-ns#langString"
    },
    "https://ofn.gov.cz/attribute/1767688803464-9ced-83bc-b4bd": {
      "types": [
        "https://ofn.gov.cz/slovník/psm/Attribute"
      ],
      "iri": "https://ofn.gov.cz/attribute/1767688803464-9ced-83bc-b4bd",
      "dataPsmHumanLabel": null,
      "dataPsmHumanDescription": null,
      "dataPsmTechnicalLabel": "název",
      "dataPsmInterpretation": "sdnkxtozx87mk2bv7mv",
      "dataPsmDatatype": "https://ofn.gov.cz/zdroj/základní-datové-typy/2020-07-01/text"
    },
    "https://ofn.gov.cz/class/1767688803483-128c-54a3-b489": {
      "types": [
        "https://ofn.gov.cz/slovník/psm/Class"
      ],
      "iri": "https://ofn.gov.cz/class/1767688803483-128c-54a3-b489",
      "dataPsmHumanLabel": null,
      "dataPsmHumanDescription": null,
      "dataPsmTechnicalLabel": "prvek_z_rúian",
      "dataPsmInterpretation": "rbujedu657cmhetwyth",
      "dataPsmExtends": [],
      "dataPsmParts": [],
      "dataPsmIsClosed": null
    },
    "https://ofn.gov.cz/association/1767688803501-6a50-eeb2-afbd": {
      "types": [
        "https://ofn.gov.cz/slovník/psm/AssociationEnd"
      ],
      "iri": "https://ofn.gov.cz/association/1767688803501-6a50-eeb2-afbd",
      "dataPsmHumanLabel": null,
      "dataPsmHumanDescription": null,
      "dataPsmTechnicalLabel": "prvek_rúian",
      "dataPsmInterpretation": "kp64qtfabbsmk2c3i15",
      "dataPsmPart": "https://ofn.gov.cz/class/1767688803483-128c-54a3-b489",
      "dataPsmIsReverse": false,
      "dataPsmIsDematerialize": null
    },
    "https://ofn.gov.cz/class/1767688803526-b93c-0c88-b097": {
      "types": [
        "https://ofn.gov.cz/slovník/psm/Class"
      ],
      "iri": "https://ofn.gov.cz/class/1767688803526-b93c-0c88-b097",
      "dataPsmHumanLabel": null,
      "dataPsmHumanDescription": null,
      "dataPsmTechnicalLabel": "geografické_území",
      "dataPsmInterpretation": "m5ddf6axazmhetwyth",
      "dataPsmExtends": [],
      "dataPsmParts": [],
      "dataPsmIsClosed": null
    },
    "https://ofn.gov.cz/association/1767688803555-ae92-09d6-a930": {
      "types": [
        "https://ofn.gov.cz/slovník/psm/AssociationEnd"
      ],
      "iri": "https://ofn.gov.cz/association/1767688803555-ae92-09d6-a930",
      "dataPsmHumanLabel": null,
      "dataPsmHumanDescription": null,
      "dataPsmTechnicalLabel": "geografické_území",
      "dataPsmInterpretation": "mlkbvxyjzbmk2c39fc",
      "dataPsmPart": "https://ofn.gov.cz/class/1767688803526-b93c-0c88-b097",
      "dataPsmIsReverse": false,
      "dataPsmIsDematerialize": null
    },
    "https://ofn.gov.cz/class/1767688803583-9b04-1209-bb73": {
      "types": [
        "https://ofn.gov.cz/slovník/psm/Class"
      ],
      "iri": "https://ofn.gov.cz/class/1767688803583-9b04-1209-bb73",
      "dataPsmHumanLabel": null,
      "dataPsmHumanDescription": null,
      "dataPsmTechnicalLabel": "právní_předpis",
      "dataPsmInterpretation": "bv8eoo3cifnmhetwyth",
      "dataPsmExtends": [],
      "dataPsmParts": [],
      "dataPsmIsClosed": null
    },
    "https://ofn.gov.cz/association/1767688803606-24c3-254e-aaa9": {
      "types": [
        "https://ofn.gov.cz/slovník/psm/AssociationEnd"
      ],
      "iri": "https://ofn.gov.cz/association/1767688803606-24c3-254e-aaa9",
      "dataPsmHumanLabel": null,
      "dataPsmHumanDescription": null,
      "dataPsmTechnicalLabel": "právní_předpis",
      "dataPsmInterpretation": "bjw624pteemk2c25xf",
      "dataPsmPart": "https://ofn.gov.cz/class/1767688803583-9b04-1209-bb73",
      "dataPsmIsReverse": false,
      "dataPsmIsDematerialize": null
    },
    "https://ofn.gov.cz/class/1767688803639-3bb5-859b-8721": {
      "types": [
        "https://ofn.gov.cz/slovník/psm/Class"
      ],
      "iri": "https://ofn.gov.cz/class/1767688803639-3bb5-859b-8721",
      "dataPsmHumanLabel": null,
      "dataPsmHumanDescription": null,
      "dataPsmTechnicalLabel": "poskytovatel",
      "dataPsmInterpretation": "p8b2yhn5d2dmhetwyth",
      "dataPsmExtends": [],
      "dataPsmParts": [],
      "dataPsmIsClosed": null
    },
    "https://ofn.gov.cz/association/1767688803667-7b87-b4b0-9fad": {
      "types": [
        "https://ofn.gov.cz/slovník/psm/AssociationEnd"
      ],
      "iri": "https://ofn.gov.cz/association/1767688803667-7b87-b4b0-9fad",
      "dataPsmHumanLabel": null,
      "dataPsmHumanDescription": null,
      "dataPsmTechnicalLabel": "poskytovatel",
      "dataPsmInterpretation": "nsxdh0ldhspmk2c1b06",
      "dataPsmPart": "https://ofn.gov.cz/class/1767688803639-3bb5-859b-8721",
      "dataPsmIsReverse": false,
      "dataPsmIsDematerialize": null
    },
    "https://ofn.gov.cz/class/1767688803698-2579-67db-90d0": {
      "types": [
        "https://ofn.gov.cz/slovník/psm/Class"
      ],
      "iri": "https://ofn.gov.cz/class/1767688803698-2579-67db-90d0",
      "dataPsmHumanLabel": null,
      "dataPsmHumanDescription": null,
      "dataPsmTechnicalLabel": "série_datových_sad",
      "dataPsmInterpretation": "a3axpe3geshmhetwyth",
      "dataPsmExtends": [],
      "dataPsmParts": [],
      "dataPsmIsClosed": null
    },
    "https://ofn.gov.cz/association/1767688803726-f20f-c96e-b156": {
      "types": [
        "https://ofn.gov.cz/slovník/psm/AssociationEnd"
      ],
      "iri": "https://ofn.gov.cz/association/1767688803726-f20f-c96e-b156",
      "dataPsmHumanLabel": null,
      "dataPsmHumanDescription": null,
      "dataPsmTechnicalLabel": "je_součástí",
      "dataPsmInterpretation": "lxyx763i8ucmk2c0t04",
      "dataPsmPart": "https://ofn.gov.cz/class/1767688803698-2579-67db-90d0",
      "dataPsmIsReverse": false,
      "dataPsmIsDematerialize": null
    },
    "https://ofn.gov.cz/class/1767688803759-e1a0-c618-aa45": {
      "types": [
        "https://ofn.gov.cz/slovník/psm/Class"
      ],
      "iri": "https://ofn.gov.cz/class/1767688803759-e1a0-c618-aa45",
      "dataPsmHumanLabel": null,
      "dataPsmHumanDescription": null,
      "dataPsmTechnicalLabel": "frekvence",
      "dataPsmInterpretation": "kwdcwqa386mhetwyth",
      "dataPsmExtends": [],
      "dataPsmParts": [],
      "dataPsmIsClosed": null
    },
    "https://ofn.gov.cz/association/1767688803789-57e0-83b9-bbaa": {
      "types": [
        "https://ofn.gov.cz/slovník/psm/AssociationEnd"
      ],
      "iri": "https://ofn.gov.cz/association/1767688803789-57e0-83b9-bbaa",
      "dataPsmHumanLabel": null,
      "dataPsmHumanDescription": null,
      "dataPsmTechnicalLabel": "periodicita_aktualizace",
      "dataPsmInterpretation": "txgj0pbgr7kmk2bz1a5",
      "dataPsmPart": "https://ofn.gov.cz/class/1767688803759-e1a0-c618-aa45",
      "dataPsmIsReverse": false,
      "dataPsmIsDematerialize": null
    },
    "https://ofn.gov.cz/class/1767688803857-135d-ad15-8996": {
      "types": [
        "https://ofn.gov.cz/slovník/psm/Class"
      ],
      "iri": "https://ofn.gov.cz/class/1767688803857-135d-ad15-8996",
      "dataPsmHumanLabel": null,
      "dataPsmHumanDescription": null,
      "dataPsmTechnicalLabel": "téma_eurovoc",
      "dataPsmInterpretation": "o7njvtdi4rhmhetwyth",
      "dataPsmExtends": [],
      "dataPsmParts": [],
      "dataPsmIsClosed": null
    },
    "https://ofn.gov.cz/association/1767688803907-b1e0-2d79-bb85": {
      "types": [
        "https://ofn.gov.cz/slovník/psm/AssociationEnd"
      ],
      "iri": "https://ofn.gov.cz/association/1767688803907-b1e0-2d79-bb85",
      "dataPsmHumanLabel": null,
      "dataPsmHumanDescription": null,
      "dataPsmTechnicalLabel": "koncept_euroVoc",
      "dataPsmInterpretation": "haqclsmre8omk2byflp",
      "dataPsmPart": "https://ofn.gov.cz/class/1767688803857-135d-ad15-8996",
      "dataPsmIsReverse": false,
      "dataPsmIsDematerialize": null
    },
    "https://ofn.gov.cz/class/1767688803937-1acd-3008-9869": {
      "types": [
        "https://ofn.gov.cz/slovník/psm/Class"
      ],
      "iri": "https://ofn.gov.cz/class/1767688803937-1acd-3008-9869",
      "dataPsmHumanLabel": null,
      "dataPsmHumanDescription": null,
      "dataPsmTechnicalLabel": "datové_téma",
      "dataPsmInterpretation": "31nz3fr4xhqmhetwyth",
      "dataPsmExtends": [],
      "dataPsmParts": [],
      "dataPsmIsClosed": null
    },
    "https://ofn.gov.cz/association/1767688803965-22e2-f822-b83b": {
      "types": [
        "https://ofn.gov.cz/slovník/psm/AssociationEnd"
      ],
      "iri": "https://ofn.gov.cz/association/1767688803965-22e2-f822-b83b",
      "dataPsmHumanLabel": null,
      "dataPsmHumanDescription": null,
      "dataPsmTechnicalLabel": "téma",
      "dataPsmInterpretation": "sjaj7nrcg5mk2by549",
      "dataPsmPart": "https://ofn.gov.cz/class/1767688803937-1acd-3008-9869",
      "dataPsmIsReverse": false,
      "dataPsmIsDematerialize": null
    },
    "https://ofn.gov.cz/class/1767688803999-6ceb-8b05-8c7b": {
      "types": [
        "https://ofn.gov.cz/slovník/psm/Class"
      ],
      "iri": "https://ofn.gov.cz/class/1767688803999-6ceb-8b05-8c7b",
      "dataPsmHumanLabel": null,
      "dataPsmHumanDescription": null,
      "dataPsmTechnicalLabel": "kontaktní_bod",
      "dataPsmInterpretation": "lzuqs9rzjkhmhetwyth",
      "dataPsmExtends": [],
      "dataPsmParts": [
        "https://ofn.gov.cz/attribute/1767688921854-4f3f-bbab-a811",
        "https://ofn.gov.cz/association/1767688921927-277f-c59e-a95c"
      ],
      "dataPsmIsClosed": null,
      "instancesHaveIdentity": "OPTIONAL",
      "instancesSpecifyTypes": "ALWAYS"
    },
    "https://ofn.gov.cz/association/1767688804029-ba5e-080a-91a2": {
      "types": [
        "https://ofn.gov.cz/slovník/psm/AssociationEnd"
      ],
      "iri": "https://ofn.gov.cz/association/1767688804029-ba5e-080a-91a2",
      "dataPsmHumanLabel": null,
      "dataPsmHumanDescription": null,
      "dataPsmTechnicalLabel": "kontaktní_bod",
      "dataPsmInterpretation": "ag00hp0rt1omk2bwx9k",
      "dataPsmPart": "https://ofn.gov.cz/or/1767688925164-0fb9-7111-8ca7",
      "dataPsmIsReverse": false,
      "dataPsmIsDematerialize": null
    },
    "https://ofn.gov.cz/class/1767688804066-774e-0ede-be49": {
      "types": [
        "https://ofn.gov.cz/slovník/psm/Class"
      ],
      "iri": "https://ofn.gov.cz/class/1767688804066-774e-0ede-be49",
      "dataPsmHumanLabel": null,
      "dataPsmHumanDescription": null,
      "dataPsmTechnicalLabel": "časový_interval",
      "dataPsmInterpretation": "wb9jm3vantmhetwyth",
      "dataPsmExtends": [],
      "dataPsmParts": [
        "https://ofn.gov.cz/attribute/1767688975370-083c-4f65-9e5c",
        "https://ofn.gov.cz/attribute/1767688975328-0a29-a017-9416"
      ],
      "dataPsmIsClosed": null
    },
    "https://ofn.gov.cz/association/1767688804097-dc73-54c9-8718": {
      "types": [
        "https://ofn.gov.cz/slovník/psm/AssociationEnd"
      ],
      "iri": "https://ofn.gov.cz/association/1767688804097-dc73-54c9-8718",
      "dataPsmHumanLabel": null,
      "dataPsmHumanDescription": null,
      "dataPsmTechnicalLabel": "časové_pokrytí",
      "dataPsmInterpretation": "fe3l7lf523bmk2bup6y",
      "dataPsmPart": "https://ofn.gov.cz/class/1767688804066-774e-0ede-be49",
      "dataPsmIsReverse": false,
      "dataPsmIsDematerialize": null
    },
    "https://ofn.gov.cz/attribute/1767688921854-4f3f-bbab-a811": {
      "types": [
        "https://ofn.gov.cz/slovník/psm/Attribute"
      ],
      "iri": "https://ofn.gov.cz/attribute/1767688921854-4f3f-bbab-a811",
      "dataPsmHumanLabel": null,
      "dataPsmHumanDescription": null,
      "dataPsmTechnicalLabel": "jméno",
      "dataPsmInterpretation": "hsnkjo2csvsmhetwyyl",
      "dataPsmDatatype": "https://ofn.gov.cz/zdroj/základní-datové-typy/2020-07-01/text"
    },
    "https://ofn.gov.cz/class/1767688921892-c49d-55ab-a19e": {
      "types": [
        "https://ofn.gov.cz/slovník/psm/Class"
      ],
      "iri": "https://ofn.gov.cz/class/1767688921892-c49d-55ab-a19e",
      "dataPsmHumanLabel": null,
      "dataPsmHumanDescription": null,
      "dataPsmTechnicalLabel": "e-mailová_adresa",
      "dataPsmInterpretation": "5690qekntmemhetwyth",
      "dataPsmExtends": [],
      "dataPsmParts": [],
      "dataPsmIsClosed": null
    },
    "https://ofn.gov.cz/association/1767688921927-277f-c59e-a95c": {
      "types": [
        "https://ofn.gov.cz/slovník/psm/AssociationEnd"
      ],
      "iri": "https://ofn.gov.cz/association/1767688921927-277f-c59e-a95c",
      "dataPsmHumanLabel": null,
      "dataPsmHumanDescription": null,
      "dataPsmTechnicalLabel": "e-mail",
      "dataPsmInterpretation": "gs1fbl5dmaumhetwyyl",
      "dataPsmPart": "https://ofn.gov.cz/class/1767688921892-c49d-55ab-a19e",
      "dataPsmIsReverse": false,
      "dataPsmIsDematerialize": null
    },
    "https://ofn.gov.cz/or/1767688925164-0fb9-7111-8ca7": {
      "types": [
        "https://ofn.gov.cz/slovník/psm/Or"
      ],
      "iri": "https://ofn.gov.cz/or/1767688925164-0fb9-7111-8ca7",
      "dataPsmHumanLabel": null,
      "dataPsmHumanDescription": null,
      "dataPsmTechnicalLabel": null,
      "dataPsmInterpretation": null,
      "dataPsmChoices": [
        "https://ofn.gov.cz/class/1767688925206-f237-0873-8d65",
        "https://ofn.gov.cz/class/1767688928128-0b43-b83f-8ef5"
      ]
    },
    "https://ofn.gov.cz/class/1767688925206-f237-0873-8d65": {
      "types": [
        "https://ofn.gov.cz/slovník/psm/Class"
      ],
      "iri": "https://ofn.gov.cz/class/1767688925206-f237-0873-8d65",
      "dataPsmHumanLabel": null,
      "dataPsmHumanDescription": null,
      "dataPsmTechnicalLabel": "Organizace",
      "dataPsmInterpretation": "luvlsaoxl09mhetwyth",
      "dataPsmExtends": [],
      "dataPsmParts": [
        "https://ofn.gov.cz/include/1767688925254-7db9-3f12-855f"
      ],
      "dataPsmIsClosed": null,
      "instancesSpecifyTypes": "ALWAYS",
      "instancesHaveIdentity": "OPTIONAL"
    },
    "https://ofn.gov.cz/include/1767688925254-7db9-3f12-855f": {
      "types": [
        "https://ofn.gov.cz/slovník/psm/Include"
      ],
      "iri": "https://ofn.gov.cz/include/1767688925254-7db9-3f12-855f",
      "dataPsmIncludes": "https://ofn.gov.cz/class/1767688803999-6ceb-8b05-8c7b"
    },
    "https://ofn.gov.cz/class/1767688928128-0b43-b83f-8ef5": {
      "types": [
        "https://ofn.gov.cz/slovník/psm/Class"
      ],
      "iri": "https://ofn.gov.cz/class/1767688928128-0b43-b83f-8ef5",
      "dataPsmHumanLabel": null,
      "dataPsmHumanDescription": null,
      "dataPsmTechnicalLabel": "Jednotlivec",
      "dataPsmInterpretation": "01r1r2spdtf3mhetwyth",
      "dataPsmExtends": [],
      "dataPsmParts": [
        "https://ofn.gov.cz/include/1767688928170-5d98-6d8a-9d38"
      ],
      "dataPsmIsClosed": null,
      "instancesSpecifyTypes": "ALWAYS",
      "instancesHaveIdentity": "OPTIONAL"
    },
    "https://ofn.gov.cz/include/1767688928170-5d98-6d8a-9d38": {
      "types": [
        "https://ofn.gov.cz/slovník/psm/Include"
      ],
      "iri": "https://ofn.gov.cz/include/1767688928170-5d98-6d8a-9d38",
      "dataPsmIncludes": "https://ofn.gov.cz/class/1767688803999-6ceb-8b05-8c7b"
    },
    "https://ofn.gov.cz/attribute/1767688975328-0a29-a017-9416": {
      "types": [
        "https://ofn.gov.cz/slovník/psm/Attribute"
      ],
      "iri": "https://ofn.gov.cz/attribute/1767688975328-0a29-a017-9416",
      "dataPsmHumanLabel": null,
      "dataPsmHumanDescription": null,
      "dataPsmTechnicalLabel": "konec",
      "dataPsmInterpretation": "947j73hytgbmhetwyyl",
      "dataPsmDatatype": "http://www.w3.org/2001/XMLSchema#date"
    },
    "https://ofn.gov.cz/attribute/1767688975370-083c-4f65-9e5c": {
      "types": [
        "https://ofn.gov.cz/slovník/psm/Attribute"
      ],
      "iri": "https://ofn.gov.cz/attribute/1767688975370-083c-4f65-9e5c",
      "dataPsmHumanLabel": null,
      "dataPsmHumanDescription": null,
      "dataPsmTechnicalLabel": "začátek",
      "dataPsmInterpretation": "bug0ca1ojwlmhetwyyl",
      "dataPsmDatatype": "http://www.w3.org/2001/XMLSchema#date"
    }
  }
}