{
  "iri": "460728c2-35f5-40f5-b88d-71dc6e495733",
  "types": [
    "http://dataspecer.com/resources/v1/psm"
  ],
  "userMetadata": {
    "label": {
      "en": "Dataset series",
      "cs": "Série datových sad"
    },
    "description": {
      "en": "Data structure for Dataset series. A collection of datasets that are published separately, but share some characteristics that group them.",
      "cs": "Datová struktura pro Série datových sad. Série datových sad zastřešuje související datové sady a série. Souvislost může být časová (rozpočet v letech), prostorová (seznamy ulic v obcích) či tématická (datové sady z jednoho systému). Datová série je podtřídou Datové sady, ale nemá vlastní distribuce."
    }
  },
  "metadata": {
    "creationDate": "2026-01-06T08:39:41.825Z",
    "modificationDate": "2026-01-06T11:43:13.631Z"
  },
  "_version": 1,
  "_exportVersion": 1,
  "_exportedAt": "2026-01-06T11:54:17.849Z",
  "_exportedBy": "http://localhost:3100"
}