{
  "iri": "c6740a11-e59f-4034-8d84-e6898ebadb8a",
  "types": [
    "http://dataspecer.com/resources/local/visual-model"
  ],
  "userMetadata": {
    "label": {
      "en": "View for DCAT-AP-CZ: Datové sady otevřených dat"
    },
    "description": {
      "en": "View model for the profile"
    }
  },
  "metadata": {
    "creationDate": "2025-12-29T16:14:10.737Z",
    "modificationDate": "2026-01-06T11:42:38.037Z"
  },
  "_version": 1,
  "_exportVersion": 1,
  "_exportedAt": "2026-01-06T11:49:00.746Z",
  "_exportedBy": "http://localhost:3100"
}