{
  "iri": "f7149d33-00bb-4afb-a849-7f95debec201",
  "types": [
    "http://dataspecer.com/resources/v1/psm"
  ],
  "userMetadata": {
    "label": {
      "en": "Dataset",
      "cs": "Datová sada"
    },
    "description": {
      "en": "Data structure for Dataset. A conceptual entity that represents the information published.",
      "cs": "Datová struktura pro Datová sada. Kolekce dat poskytovaná či řízená jedním zdrojem, která je k dispozici pro přístup či stažení v jednom či více formátech."
    }
  },
  "metadata": {
    "creationDate": "2025-12-29T15:55:56.681Z",
    "modificationDate": "2025-12-29T15:55:56.705Z"
  },
  "_version": 1,
  "_exportVersion": 1,
  "_exportedAt": "2025-12-29T16:07:29.655Z",
  "_exportedBy": "http://localhost:3100"
}