{
  "iri": "e568105c-e7d2-4971-b9a4-ca2528e8def8",
  "types": [
    "http://dataspecer.com/resources/local/package"
  ],
  "userMetadata": {
    "label": {
      "en": "Návrhy na data k otevření"
    },
    "description": {
      "cs": ""
    }
  },
  "metadata": {
    "creationDate": "2025-03-13T08:31:35.430Z",
    "modificationDate": "2025-03-13T09:13:22.800Z"
  },
  "_version": 1,
  "_exportVersion": 1,
  "_exportedAt": "2025-03-13T09:15:04.748Z",
  "_exportedBy": "http://localhost:3100"
}