{
  "identifier": "87bc7913-1f48-4666-84d9-853854cf8c5d",
  "version": 1,
  "type": "http://dataspecer.com/resources/local/visual-model",
  "entities": [
    {
      "identifier": "87bc7913-1f48-4666-84d9-853854cf8c5d-model-metadata-entity",
      "type": [
        "entity-model-type"
      ],
      "label": {
        "cs": "Návrhy na data k otevření"
      }
    },
    {
      "type": [
        "http://dataspecer.com/resources/local/visual-model"
      ],
      "representedModel": "eda2a3d2-697a-467d-b320-2eec24ebda66",
      "color": "#92bcea",
      "identifier": "to09eg"
    },
    {
      "model": "eda2a3d2-697a-467d-b320-2eec24ebda66",
      "representedEntity": "b8kgf4wrg3jm873ivrg",
      "position": {
        "x": 580,
        "y": 30
      },
      "content": [
        "wu66ut2jzyem873ltsk",
        "bytsrj67lam873mdf5",
        "rx6c62se0fm874j1sd",
        "mx24m3txiqcm874h1gt",
        "qzxy3q3xr6m874mx4f",
        "30vky2a82kmm874hkn9",
        "biuxe5hlagbm874n4g7",
        "n5131gowh5qm874eoqp"
      ],
      "visualModels": [],
      "type": [
        "visual-node"
      ],
      "identifier": "0o7nkg"
    },
    {
      "model": "eda2a3d2-697a-467d-b320-2eec24ebda66",
      "representedEntity": "flo78lsu4egm873jxtj",
      "position": {
        "x": 580,
        "y": 390
      },
      "content": [
        "ahq21668i5dm874kzjo",
        "3oxue9znfs5m874lbd2",
        "2876h8vgvgmm874k3np",
        "ioroaqsxzdnm873ze2m",
        "5vcx92abdvlm873zk4x",
        "89dae3h6xmum873zryk",
        "y02u8xhcevim8740cou",
        "a6olicx3qyhm87417p2",
        "ivstd57tifm874dbji"
      ],
      "visualModels": [],
      "type": [
        "visual-node"
      ],
      "identifier": "xll7l"
    },
    {
      "model": "eda2a3d2-697a-467d-b320-2eec24ebda66",
      "representedEntity": "h27hk5hizlm873nj4x",
      "position": {
        "x": 580,
        "y": 780
      },
      "content": [
        "s4am3enqgl9m874sda9",
        "3v7fzjblc54mb0ghiio"
      ],
      "visualModels": [],
      "type": [
        "visual-node"
      ],
      "identifier": "swcd"
    },
    {
      "model": "eda2a3d2-697a-467d-b320-2eec24ebda66",
      "representedEntity": "thekqvdisacm873ntk9",
      "position": {
        "x": 1610,
        "y": 30
      },
      "content": [
        "81j78vjy5qimb0gmicd"
      ],
      "visualModels": [],
      "type": [
        "visual-node"
      ],
      "identifier": "723y"
    },
    {
      "model": "eda2a3d2-697a-467d-b320-2eec24ebda66",
      "representedEntity": "mp9fqg5xfg8m873qakr",
      "position": {
        "x": 1570,
        "y": 220
      },
      "content": [],
      "visualModels": [],
      "type": [
        "visual-node"
      ],
      "identifier": "x7t7pj"
    },
    {
      "type": [
        "http://dataspecer.com/resources/local/visual-model"
      ],
      "representedModel": "3bdx5",
      "color": "#ff9770",
      "identifier": "vp81p"
    },
    {
      "model": "eda2a3d2-697a-467d-b320-2eec24ebda66",
      "representedRelationship": "a1dufbs3za6m874fk9u",
      "waypoints": [],
      "visualSource": "0o7nkg",
      "visualTarget": "723y",
      "type": [
        "visual-relationship"
      ],
      "identifier": "gs682"
    },
    {
      "model": "eda2a3d2-697a-467d-b320-2eec24ebda66",
      "representedRelationship": "30665xgg8gom874gf1f",
      "waypoints": [],
      "visualSource": "xll7l",
      "visualTarget": "swcd",
      "type": [
        "visual-relationship"
      ],
      "identifier": "uxj3v"
    },
    {
      "model": "eda2a3d2-697a-467d-b320-2eec24ebda66",
      "representedRelationship": "fp2g13y3vi4m874i8ip",
      "waypoints": [],
      "visualSource": "0o7nkg",
      "visualTarget": "x7t7pj",
      "type": [
        "visual-relationship"
      ],
      "identifier": "8brlq"
    },
    {
      "model": "eda2a3d2-697a-467d-b320-2eec24ebda66",
      "representedRelationship": "kebgysy9s2m874o5gv",
      "waypoints": [],
      "visualSource": "0o7nkg",
      "visualTarget": "xll7l",
      "type": [
        "visual-relationship"
      ],
      "identifier": "j4yy5"
    }
  ]
}