{
  "identifier": "87bc7913-1f48-4666-84d9-853854cf8c5d",
  "version": 1,
  "type": "http://dataspecer.com/resources/local/visual-model",
  "entities": [
    {
      "identifier": "87bc7913-1f48-4666-84d9-853854cf8c5d-model-metadata-entity",
      "type": [
        "entity-model-type"
      ],
      "label": {
        "en": "View for Návrhy na data k otevření"
      }
    },
    {
      "type": [
        "http://dataspecer.com/resources/local/visual-model"
      ],
      "representedModel": "eda2a3d2-697a-467d-b320-2eec24ebda66",
      "color": "#92bcea",
      "identifier": "to09eg"
    },
    {
      "type": [
        "http://dataspecer.com/resources/local/visual-model"
      ],
      "representedModel": "e568105c-e7d2-4971-b9a4-ca2528e8def8/981b8f6a-341c-4351-9517-cfa2d00c768a/profile",
      "color": "#ff70a6",
      "identifier": "kdmj3"
    },
    {
      "type": [
        "http://dataspecer.com/resources/local/visual-model"
      ],
      "representedModel": "e568105c-e7d2-4971-b9a4-ca2528e8def8/981b8f6a-341c-4351-9517-cfa2d00c768a/599fc805-ffda-43f4-8f86-150abc6bed95/94be924b-e8f9-41bd-be31-1d7b61f1cfe7",
      "color": "#e63462",
      "identifier": "q77q5"
    },
    {
      "type": [
        "http://dataspecer.com/resources/local/visual-model"
      ],
      "representedModel": "e568105c-e7d2-4971-b9a4-ca2528e8def8/981b8f6a-341c-4351-9517-cfa2d00c768a/599fc805-ffda-43f4-8f86-150abc6bed95/de9d7f74-2e11-4e3f-858d-53fb0041808d",
      "color": "#b8a3d3",
      "identifier": "nhbp4"
    },
    {
      "type": [
        "http://dataspecer.com/resources/local/visual-model"
      ],
      "representedModel": "e568105c-e7d2-4971-b9a4-ca2528e8def8/981b8f6a-341c-4351-9517-cfa2d00c768a/599fc805-ffda-43f4-8f86-150abc6bed95/vocabulary",
      "color": "#ff9770",
      "identifier": "ciahs"
    },
    {
      "type": [
        "http://dataspecer.com/resources/local/visual-model"
      ],
      "representedModel": "e568105c-e7d2-4971-b9a4-ca2528e8def8/981b8f6a-341c-4351-9517-cfa2d00c768a/85cf735e-5405-4d2c-8b10-a3411ad4f5a1/e1053496-bd7c-4ae7-8ec1-8a990e0cf97c",
      "color": "#b4e33d",
      "identifier": "jszyb"
    },
    {
      "type": [
        "http://dataspecer.com/resources/local/visual-model"
      ],
      "representedModel": "e568105c-e7d2-4971-b9a4-ca2528e8def8/981b8f6a-341c-4351-9517-cfa2d00c768a/85cf735e-5405-4d2c-8b10-a3411ad4f5a1/ab4702a6-7f7a-446a-9d2e-2716d839cdfb",
      "color": "#e63462",
      "identifier": "e0lwz"
    },
    {
      "type": [
        "http://dataspecer.com/resources/local/visual-model"
      ],
      "representedModel": "e568105c-e7d2-4971-b9a4-ca2528e8def8/981b8f6a-341c-4351-9517-cfa2d00c768a/85cf735e-5405-4d2c-8b10-a3411ad4f5a1/profile",
      "color": "#4dc9ab",
      "identifier": "fgdtq"
    },
    {
      "type": [
        "http://dataspecer.com/resources/local/visual-model"
      ],
      "representedModel": "e568105c-e7d2-4971-b9a4-ca2528e8def8/981b8f6a-341c-4351-9517-cfa2d00c768a/85cf735e-5405-4d2c-8b10-a3411ad4f5a1/1893abeb-505b-42f2-95b2-7c5f7e54ce24/8d86784b-9668-478d-86d9-ddf8ee4e56d8",
      "color": "#4dc9ab",
      "identifier": "rwr81h"
    },
    {
      "type": [
        "http://dataspecer.com/resources/local/visual-model"
      ],
      "representedModel": "e568105c-e7d2-4971-b9a4-ca2528e8def8/981b8f6a-341c-4351-9517-cfa2d00c768a/85cf735e-5405-4d2c-8b10-a3411ad4f5a1/1893abeb-505b-42f2-95b2-7c5f7e54ce24/57f804b9-eeed-416e-a6eb-8f5febbfcea2",
      "color": "#ff70a6",
      "identifier": "kn1jb"
    },
    {
      "type": [
        "http://dataspecer.com/resources/local/visual-model"
      ],
      "representedModel": "e568105c-e7d2-4971-b9a4-ca2528e8def8/981b8f6a-341c-4351-9517-cfa2d00c768a/85cf735e-5405-4d2c-8b10-a3411ad4f5a1/1893abeb-505b-42f2-95b2-7c5f7e54ce24/f56c60bd-ce55-4527-874a-b6fd6e9c2781",
      "color": "#b8a3d3",
      "identifier": "jjkzp"
    },
    {
      "type": [
        "http://dataspecer.com/resources/local/visual-model"
      ],
      "representedModel": "e568105c-e7d2-4971-b9a4-ca2528e8def8/981b8f6a-341c-4351-9517-cfa2d00c768a/85cf735e-5405-4d2c-8b10-a3411ad4f5a1/1893abeb-505b-42f2-95b2-7c5f7e54ce24/2440512d-8c7a-4f7f-a430-d2289ab44495",
      "color": "#ff70a6",
      "identifier": "krfb1g"
    },
    {
      "type": [
        "http://dataspecer.com/resources/local/visual-model"
      ],
      "representedModel": "e568105c-e7d2-4971-b9a4-ca2528e8def8/981b8f6a-341c-4351-9517-cfa2d00c768a/85cf735e-5405-4d2c-8b10-a3411ad4f5a1/1893abeb-505b-42f2-95b2-7c5f7e54ce24/f43f6008-e820-4ba4-b0e2-328b1b97ee9c",
      "color": "#ff70a6",
      "identifier": "lx9ec"
    },
    {
      "type": [
        "http://dataspecer.com/resources/local/visual-model"
      ],
      "representedModel": "e568105c-e7d2-4971-b9a4-ca2528e8def8/981b8f6a-341c-4351-9517-cfa2d00c768a/85cf735e-5405-4d2c-8b10-a3411ad4f5a1/1893abeb-505b-42f2-95b2-7c5f7e54ce24/f208c2f7-fa59-4bde-b3b7-6a67d0b3e7e5",
      "color": "#e63462",
      "identifier": "aou9dk"
    },
    {
      "type": [
        "http://dataspecer.com/resources/local/visual-model"
      ],
      "representedModel": "e568105c-e7d2-4971-b9a4-ca2528e8def8/981b8f6a-341c-4351-9517-cfa2d00c768a/85cf735e-5405-4d2c-8b10-a3411ad4f5a1/1893abeb-505b-42f2-95b2-7c5f7e54ce24/761c22b3-33c5-4b2e-8403-ac1b541ebb44",
      "color": "#8fab5c",
      "identifier": "6xqmg"
    },
    {
      "type": [
        "http://dataspecer.com/resources/local/visual-model"
      ],
      "representedModel": "e568105c-e7d2-4971-b9a4-ca2528e8def8/981b8f6a-341c-4351-9517-cfa2d00c768a/85cf735e-5405-4d2c-8b10-a3411ad4f5a1/1893abeb-505b-42f2-95b2-7c5f7e54ce24/0c24b924-e7d8-49e4-9942-2a508b57e984",
      "color": "#4dc9ab",
      "identifier": "kvmeo"
    },
    {
      "type": [
        "http://dataspecer.com/resources/local/visual-model"
      ],
      "representedModel": "e568105c-e7d2-4971-b9a4-ca2528e8def8/981b8f6a-341c-4351-9517-cfa2d00c768a/85cf735e-5405-4d2c-8b10-a3411ad4f5a1/1893abeb-505b-42f2-95b2-7c5f7e54ce24/9c74c407-02cb-4413-8247-9414cb165dbe",
      "color": "#4dc9ab",
      "identifier": "acfsq"
    },
    {
      "type": [
        "http://dataspecer.com/resources/local/visual-model"
      ],
      "representedModel": "e568105c-e7d2-4971-b9a4-ca2528e8def8/981b8f6a-341c-4351-9517-cfa2d00c768a/85cf735e-5405-4d2c-8b10-a3411ad4f5a1/1893abeb-505b-42f2-95b2-7c5f7e54ce24/1ab408b3-494c-4069-8cae-5adced9df8b7",
      "color": "#4dc9ab",
      "identifier": "kvbo7"
    },
    {
      "type": [
        "http://dataspecer.com/resources/local/visual-model"
      ],
      "representedModel": "e568105c-e7d2-4971-b9a4-ca2528e8def8/981b8f6a-341c-4351-9517-cfa2d00c768a/85cf735e-5405-4d2c-8b10-a3411ad4f5a1/1893abeb-505b-42f2-95b2-7c5f7e54ce24/5353120c-4b68-4827-9ed4-525331b0ba9f",
      "color": "#ffb770",
      "identifier": "96pox"
    },
    {
      "type": [
        "http://dataspecer.com/resources/local/visual-model"
      ],
      "representedModel": "e568105c-e7d2-4971-b9a4-ca2528e8def8/981b8f6a-341c-4351-9517-cfa2d00c768a/85cf735e-5405-4d2c-8b10-a3411ad4f5a1/1893abeb-505b-42f2-95b2-7c5f7e54ce24/1bbe4763-886a-49c0-9223-8f89f43f4c24",
      "color": "#8da266",
      "identifier": "jb8m2i"
    },
    {
      "type": [
        "http://dataspecer.com/resources/local/visual-model"
      ],
      "representedModel": "e568105c-e7d2-4971-b9a4-ca2528e8def8/981b8f6a-341c-4351-9517-cfa2d00c768a/85cf735e-5405-4d2c-8b10-a3411ad4f5a1/1893abeb-505b-42f2-95b2-7c5f7e54ce24/0f3f0995-eb93-438c-b325-065c2674c434",
      "color": "#d4f2d2",
      "identifier": "ibh6h"
    },
    {
      "type": [
        "http://dataspecer.com/resources/local/visual-model"
      ],
      "representedModel": "e568105c-e7d2-4971-b9a4-ca2528e8def8/981b8f6a-341c-4351-9517-cfa2d00c768a/85cf735e-5405-4d2c-8b10-a3411ad4f5a1/1893abeb-505b-42f2-95b2-7c5f7e54ce24/profile",
      "color": "#8fab5c",
      "identifier": "qwkgg"
    },
    {
      "model": "eda2a3d2-697a-467d-b320-2eec24ebda66",
      "representedEntity": "b8kgf4wrg3jm873ivrg",
      "position": {
        "x": 960,
        "y": 1090
      },
      "content": [
        "wu66ut2jzyem873ltsk",
        "bytsrj67lam873mdf5",
        "rx6c62se0fm874j1sd"
      ],
      "visualModels": [],
      "type": [
        "visual-node"
      ],
      "identifier": "0o7nkg"
    },
    {
      "model": "eda2a3d2-697a-467d-b320-2eec24ebda66",
      "representedEntity": "flo78lsu4egm873jxtj",
      "position": {
        "x": 510,
        "y": 520
      },
      "content": [
        "ahq21668i5dm874kzjo",
        "3oxue9znfs5m874lbd2",
        "2876h8vgvgmm874k3np",
        "ioroaqsxzdnm873ze2m",
        "5vcx92abdvlm873zk4x",
        "89dae3h6xmum873zryk",
        "y02u8xhcevim8740cou"
      ],
      "visualModels": [],
      "type": [
        "visual-node"
      ],
      "identifier": "xll7l"
    },
    {
      "model": "eda2a3d2-697a-467d-b320-2eec24ebda66",
      "representedEntity": "h27hk5hizlm873nj4x",
      "position": {
        "x": 140,
        "y": 150
      },
      "content": [
        "s4am3enqgl9m874sda9"
      ],
      "visualModels": [],
      "type": [
        "visual-node"
      ],
      "identifier": "swcd"
    },
    {
      "model": "eda2a3d2-697a-467d-b320-2eec24ebda66",
      "representedEntity": "thekqvdisacm873ntk9",
      "position": {
        "x": 1390,
        "y": 1590
      },
      "content": [],
      "visualModels": [],
      "type": [
        "visual-node"
      ],
      "identifier": "723y"
    },
    {
      "model": "eda2a3d2-697a-467d-b320-2eec24ebda66",
      "representedEntity": "ametlqu5t24m873pmic",
      "position": {
        "x": 1620,
        "y": 860
      },
      "content": [],
      "visualModels": [],
      "type": [
        "visual-node"
      ],
      "identifier": "6vb1v"
    },
    {
      "model": "eda2a3d2-697a-467d-b320-2eec24ebda66",
      "representedEntity": "mp9fqg5xfg8m873qakr",
      "position": {
        "x": 960,
        "y": 1710
      },
      "content": [],
      "visualModels": [],
      "type": [
        "visual-node"
      ],
      "identifier": "x7t7pj"
    },
    {
      "model": "eda2a3d2-697a-467d-b320-2eec24ebda66",
      "representedEntity": "3tm0mktv7qfm873qmad",
      "position": {
        "x": 350,
        "y": 1260
      },
      "content": [],
      "visualModels": [],
      "type": [
        "visual-node"
      ],
      "identifier": "1d5qq"
    },
    {
      "model": "eda2a3d2-697a-467d-b320-2eec24ebda66",
      "representedEntity": "g45ae6a1m6vm873rebr",
      "position": {
        "x": -80,
        "y": 610
      },
      "content": [],
      "visualModels": [],
      "type": [
        "visual-node"
      ],
      "identifier": "0fr9s"
    },
    {
      "type": [
        "http://dataspecer.com/resources/local/visual-model"
      ],
      "representedModel": "3bdx5",
      "color": "#ff9770",
      "identifier": "vp81p"
    },
    {
      "model": "eda2a3d2-697a-467d-b320-2eec24ebda66",
      "representedEntity": "rn3h7c4w2ddm873stnr",
      "position": {
        "x": 1320,
        "y": 640
      },
      "content": [],
      "visualModels": [],
      "type": [
        "visual-node"
      ],
      "identifier": "gkl3u"
    },
    {
      "model": "eda2a3d2-697a-467d-b320-2eec24ebda66",
      "representedEntity": "lxl4tzzoahdm873svv2",
      "position": {
        "x": 1670,
        "y": 1330
      },
      "content": [],
      "visualModels": [],
      "type": [
        "visual-node"
      ],
      "identifier": "05hee"
    },
    {
      "model": "eda2a3d2-697a-467d-b320-2eec24ebda66",
      "representedEntity": "2iu0opix14sm873tt9c",
      "position": {
        "x": 620,
        "y": 1570
      },
      "content": [],
      "visualModels": [],
      "type": [
        "visual-node"
      ],
      "identifier": "nd7i4"
    },
    {
      "model": "eda2a3d2-697a-467d-b320-2eec24ebda66",
      "representedEntity": "a059jn5k1xdm8740xdz",
      "position": {
        "x": 870,
        "y": 50
      },
      "content": [],
      "visualModels": [],
      "type": [
        "visual-node"
      ],
      "identifier": "et9it"
    },
    {
      "model": "eda2a3d2-697a-467d-b320-2eec24ebda66",
      "representedRelationship": "a6olicx3qyhm87417p2",
      "waypoints": [],
      "visualSource": "xll7l",
      "visualTarget": "et9it",
      "type": [
        "visual-relationship"
      ],
      "identifier": "7cbus"
    },
    {
      "model": "eda2a3d2-697a-467d-b320-2eec24ebda66",
      "representedRelationship": "ivstd57tifm874dbji",
      "waypoints": [],
      "visualSource": "xll7l",
      "visualTarget": "0fr9s",
      "type": [
        "visual-relationship"
      ],
      "identifier": "m0vuog"
    },
    {
      "model": "eda2a3d2-697a-467d-b320-2eec24ebda66",
      "representedRelationship": "n5131gowh5qm874eoqp",
      "waypoints": [],
      "visualSource": "0o7nkg",
      "visualTarget": "nd7i4",
      "type": [
        "visual-relationship"
      ],
      "identifier": "8rwwx"
    },
    {
      "model": "eda2a3d2-697a-467d-b320-2eec24ebda66",
      "representedRelationship": "a1dufbs3za6m874fk9u",
      "waypoints": [],
      "visualSource": "0o7nkg",
      "visualTarget": "723y",
      "type": [
        "visual-relationship"
      ],
      "identifier": "gs682"
    },
    {
      "model": "eda2a3d2-697a-467d-b320-2eec24ebda66",
      "representedRelationship": "30665xgg8gom874gf1f",
      "waypoints": [],
      "visualSource": "xll7l",
      "visualTarget": "swcd",
      "type": [
        "visual-relationship"
      ],
      "identifier": "uxj3v"
    },
    {
      "model": "eda2a3d2-697a-467d-b320-2eec24ebda66",
      "representedRelationship": "mx24m3txiqcm874h1gt",
      "waypoints": [],
      "visualSource": "0o7nkg",
      "visualTarget": "6vb1v",
      "type": [
        "visual-relationship"
      ],
      "identifier": "5ox9fh"
    },
    {
      "model": "eda2a3d2-697a-467d-b320-2eec24ebda66",
      "representedRelationship": "30vky2a82kmm874hkn9",
      "waypoints": [],
      "visualSource": "0o7nkg",
      "visualTarget": "1d5qq",
      "type": [
        "visual-relationship"
      ],
      "identifier": "pxas0j"
    },
    {
      "model": "eda2a3d2-697a-467d-b320-2eec24ebda66",
      "representedRelationship": "fp2g13y3vi4m874i8ip",
      "waypoints": [],
      "visualSource": "0o7nkg",
      "visualTarget": "x7t7pj",
      "type": [
        "visual-relationship"
      ],
      "identifier": "8brlq"
    },
    {
      "model": "eda2a3d2-697a-467d-b320-2eec24ebda66",
      "representedRelationship": "qzxy3q3xr6m874mx4f",
      "waypoints": [],
      "visualSource": "0o7nkg",
      "visualTarget": "05hee",
      "type": [
        "visual-relationship"
      ],
      "identifier": "e5pcb"
    },
    {
      "model": "eda2a3d2-697a-467d-b320-2eec24ebda66",
      "representedRelationship": "biuxe5hlagbm874n4g7",
      "waypoints": [],
      "visualSource": "0o7nkg",
      "visualTarget": "gkl3u",
      "type": [
        "visual-relationship"
      ],
      "identifier": "oe9z2"
    },
    {
      "model": "eda2a3d2-697a-467d-b320-2eec24ebda66",
      "representedRelationship": "kebgysy9s2m874o5gv",
      "waypoints": [],
      "visualSource": "0o7nkg",
      "visualTarget": "xll7l",
      "type": [
        "visual-relationship"
      ],
      "identifier": "j4yy5"
    }
  ]
}