{
  "iri": "87bc7913-1f48-4666-84d9-853854cf8c5d",
  "types": [
    "http://dataspecer.com/resources/local/visual-model"
  ],
  "userMetadata": {
    "label": {
      "en": "View for Návrhy na data k otevření"
    },
    "description": {
      "en": "View model for the profile"
    }
  },
  "metadata": {
    "creationDate": "2025-03-13T08:31:42.934Z",
    "modificationDate": "2025-03-13T09:13:22.795Z"
  },
  "_version": 1,
  "_exportVersion": 1,
  "_exportedAt": "2025-03-13T09:15:04.728Z",
  "_exportedBy": "http://localhost:3100"
}