{
  "type": "http://dataspecer.com/resources/local/semantic-model",
  "modelId": "eda2a3d2-697a-467d-b320-2eec24ebda66",
  "modelAlias": "Návrhy na data k otevření",
  "baseIri": "https://ofn.gov.cz/návrhy-na-data-k-otevření#",
  "entities": {
    "b8kgf4wrg3jm873ivrg": {
      "iri": "KatalogNávrhůDatovýchSadOtevření",
      "profiling": [
        "https://mff-uk.github.io/specifications/dcat-ap/#Catalogue"
      ],
      "name": {
        "en": "Catalogue",
        "it": "Catalogo",
        "fr": "Catalogue",
        "es": "Catálogo",
        "cs": "Katalog návrhů datových sad k otevření",
        "el": "Κατάλογος",
        "ar": "فهرس قوائم البيانات",
        "ja": "カタログ",
        "da": "Katalog"
      },
      "nameFromProfiled": null,
      "description": {
        "en": "A catalogue or repository that hosts the Datasets or Data Services being described.",
        "es": "Una colección curada de metadatos sobre recursos (por ejemplo, conjuntos de datos y servicios de datos en el contexto de un catálogo de datos).",
        "it": "Una raccolta curata di metadati sulle risorse (ad es. sui dataset e relativi servizi nel contesto di cataloghi di dati).",
        "fr": "Une collection élaborée de métadonnées sur les jeux de données",
        "cs": "Řízená kolekce metadat o datových sadách a datových službách",
        "el": "Μια επιμελημένη συλλογή μεταδεδομένων περί συνόλων δεδομένων",
        "ar": "مجموعة من توصيفات قوائم البيانات",
        "ja": "データ・カタログは、データセットに関するキュレートされたメタデータの集合です。",
        "da": "En udvalgt og arrangeret samling af metadata om ressourcer (fx datasæt og datatjenester i kontekst af et datakatalog). "
      },
      "descriptionFromProfiled": "https://mff-uk.github.io/specifications/dcat-ap/#Catalogue",
      "usageNote": {},
      "usageNoteFromProfiled": "https://mff-uk.github.io/specifications/dcat-ap/#Catalogue",
      "id": "b8kgf4wrg3jm873ivrg",
      "type": [
        "class-profile"
      ]
    },
    "flo78lsu4egm873jxtj": {
      "id": "flo78lsu4egm873jxtj",
      "type": [
        "class-profile"
      ],
      "description": {
        "ja": "1つのエージェントによって公開またはキュレートされ、1つ以上の形式でアクセスまたはダウンロードできるデータの集合。",
        "en": "A conceptual entity that represents the information published.",
        "cs": "Kolekce dat poskytovaná či řízená jedním zdrojem, která je k dispozici pro přístup či stažení v jednom či více formátech.",
        "it": "Raccolta di dati, pubblicati o curati da un'unica fonte, disponibili per l'accesso o il download in uno o più formati.",
        "es": "Una colección de datos, publicados o conservados por una única fuente, y disponibles para ser accedidos o descargados en uno o más formatos.",
        "fr": "Une collection de données, publiée ou élaborée par une seule source, et disponible pour accès ou téléchargement dans un ou plusieurs formats.",
        "el": "Μία συλλογή από δεδομένα, δημοσιευμένη ή επιμελημένη από μία και μόνο πηγή, διαθέσιμη δε προς πρόσβαση ή μεταφόρτωση σε μία ή περισσότερες μορφές.",
        "ar": "قائمة بيانات منشورة أو مجموعة من قبل مصدر ما و متاح الوصول إليها أو تحميلها",
        "da": "En samling af data, udgivet eller udvalgt og arrangeret af en enkelt kilde og som er til råde for adgang til eller download af i en eller flere repræsentationer."
      },
      "descriptionFromProfiled": "https://mff-uk.github.io/specifications/dcat-ap/#Dataset",
      "name": {
        "es": "Conjunto de datos",
        "en": "Dataset",
        "it": "Dataset",
        "cs": "Datová sada k otevření",
        "fr": "Jeu de données",
        "el": "Σύνολο Δεδομένων",
        "ar": "قائمة بيانات",
        "ja": "データセット",
        "da": "Datasæt"
      },
      "nameFromProfiled": null,
      "iri": "DatováSadaKOtevřená",
      "usageNote": {},
      "usageNoteFromProfiled": "https://mff-uk.github.io/specifications/dcat-ap/#Dataset",
      "profiling": [
        "https://mff-uk.github.io/specifications/dcat-ap/#Dataset",
        "https://slovník.gov.cz/generický/datový-slovník-návrhů-na-data-k-otevření/pojem/návrh-na-data-k-otevření"
      ]
    },
    "wu66ut2jzyem873ltsk": {
      "ends": [
        {
          "name": null,
          "nameFromProfiled": null,
          "description": null,
          "descriptionFromProfiled": null,
          "iri": null,
          "cardinality": null,
          "usageNote": null,
          "usageNoteFromProfiled": null,
          "profiling": [],
          "concept": "b8kgf4wrg3jm873ivrg"
        },
        {
          "name": {
            "en": "title",
            "cs": "název"
          },
          "nameFromProfiled": null,
          "description": {
            "en": "A name given to the Catalogue."
          },
          "descriptionFromProfiled": "https://mff-uk.github.io/specifications/dcat-ap/#Catalogue.title",
          "iri": "KatalogNávrhůDatovýchSadKOtevření.název",
          "cardinality": [
            1,
            1
          ],
          "usageNote": {},
          "usageNoteFromProfiled": "https://mff-uk.github.io/specifications/dcat-ap/#Catalogue.title",
          "profiling": [
            "https://mff-uk.github.io/specifications/dcat-ap/#Catalogue.title"
          ],
          "concept": "https://ofn.gov.cz/zdroj/základní-datové-typy/2020-07-01/text"
        }
      ],
      "id": "wu66ut2jzyem873ltsk",
      "type": [
        "relationship-profile"
      ]
    },
    "bytsrj67lam873mdf5": {
      "ends": [
        {
          "name": null,
          "nameFromProfiled": null,
          "description": null,
          "descriptionFromProfiled": null,
          "iri": null,
          "cardinality": null,
          "usageNote": null,
          "usageNoteFromProfiled": null,
          "profiling": [],
          "concept": "b8kgf4wrg3jm873ivrg"
        },
        {
          "name": {
            "en": "description",
            "cs": "popis"
          },
          "nameFromProfiled": null,
          "description": {
            "en": "A free-text account of the Catalogue."
          },
          "descriptionFromProfiled": "https://mff-uk.github.io/specifications/dcat-ap/#Catalogue.description",
          "iri": "KatalogNávrhůDatovýchSadKOtevření.popis",
          "cardinality": [
            1,
            1
          ],
          "usageNote": {},
          "usageNoteFromProfiled": "https://mff-uk.github.io/specifications/dcat-ap/#Catalogue.description",
          "profiling": [
            "https://mff-uk.github.io/specifications/dcat-ap/#Catalogue.description"
          ],
          "concept": "https://ofn.gov.cz/zdroj/základní-datové-typy/2020-07-01/text"
        }
      ],
      "id": "bytsrj67lam873mdf5",
      "type": [
        "relationship-profile"
      ]
    },
    "h27hk5hizlm873nj4x": {
      "iri": "PotenciálníPoskytovatel",
      "profiling": [
        "https://ofn.gov.cz/dcat-ap-cz/draft/#Poskytovatel"
      ],
      "name": {
        "en": "Agent",
        "cs": "Potenciální poskytovatel"
      },
      "nameFromProfiled": null,
      "description": {
        "en": "Any entity carrying out actions with respect to the entities Catalogue and the Catalogued Resources.",
        "cs": "Poskytovatel dat"
      },
      "descriptionFromProfiled": "https://ofn.gov.cz/dcat-ap-cz/draft/#Poskytovatel",
      "usageNote": {},
      "usageNoteFromProfiled": "https://ofn.gov.cz/dcat-ap-cz/draft/#Poskytovatel",
      "id": "h27hk5hizlm873nj4x",
      "type": [
        "class-profile"
      ]
    },
    "thekqvdisacm873ntk9": {
      "iri": "Poskytovatel",
      "profiling": [
        "https://ofn.gov.cz/dcat-ap-cz/draft/#Poskytovatel"
      ],
      "name": {
        "en": "Agent",
        "cs": "Poskytovatel"
      },
      "nameFromProfiled": "https://ofn.gov.cz/dcat-ap-cz/draft/#Poskytovatel",
      "description": {
        "en": "Any entity carrying out actions with respect to the entities Catalogue and the Catalogued Resources.",
        "cs": "Poskytovatel dat"
      },
      "descriptionFromProfiled": "https://ofn.gov.cz/dcat-ap-cz/draft/#Poskytovatel",
      "usageNote": {},
      "usageNoteFromProfiled": "https://ofn.gov.cz/dcat-ap-cz/draft/#Poskytovatel",
      "id": "thekqvdisacm873ntk9",
      "type": [
        "class-profile"
      ]
    },
    "ametlqu5t24m873pmic": {
      "iri": "Jazyk",
      "profiling": [
        "https://mff-uk.github.io/specifications/dcat-ap/#LinguisticSystem"
      ],
      "name": {
        "en": "Linguistic System",
        "cs": "Jazyk"
      },
      "nameFromProfiled": null,
      "description": {
        "en": "A system of signs, symbols, sounds, gestures, or rules used in communication, e.g. a language."
      },
      "descriptionFromProfiled": "https://mff-uk.github.io/specifications/dcat-ap/#LinguisticSystem",
      "usageNote": {},
      "usageNoteFromProfiled": "https://mff-uk.github.io/specifications/dcat-ap/#LinguisticSystem",
      "id": "ametlqu5t24m873pmic",
      "type": [
        "class-profile"
      ]
    },
    "mp9fqg5xfg8m873qakr": {
      "iri": "SpecifikacePodmínekUžití",
      "profiling": [
        "https://ofn.gov.cz/dcat-ap-cz/draft/#SpecifikacePodmínekUžití"
      ],
      "name": {
        "cs": "Specifikace podmínek užití",
        "en": "Terms of use specification"
      },
      "nameFromProfiled": "https://ofn.gov.cz/dcat-ap-cz/draft/#SpecifikacePodmínekUžití",
      "description": {},
      "descriptionFromProfiled": "https://ofn.gov.cz/dcat-ap-cz/draft/#SpecifikacePodmínekUžití",
      "usageNote": {},
      "usageNoteFromProfiled": "https://ofn.gov.cz/dcat-ap-cz/draft/#SpecifikacePodmínekUžití",
      "id": "mp9fqg5xfg8m873qakr",
      "type": [
        "class-profile"
      ]
    },
    "3tm0mktv7qfm873qmad": {
      "iri": "Dokument",
      "profiling": [
        "https://ofn.gov.cz/dcat-ap-cz/draft/#Dokument"
      ],
      "name": {
        "en": "Document",
        "cs": "Dokument"
      },
      "nameFromProfiled": "https://ofn.gov.cz/dcat-ap-cz/draft/#Dokument",
      "description": {
        "en": "A textual resource intended for human consumption that contains information, e.g. a web page about a Dataset."
      },
      "descriptionFromProfiled": "https://ofn.gov.cz/dcat-ap-cz/draft/#Dokument",
      "usageNote": {},
      "usageNoteFromProfiled": "https://ofn.gov.cz/dcat-ap-cz/draft/#Dokument",
      "id": "3tm0mktv7qfm873qmad",
      "type": [
        "class-profile"
      ]
    },
    "g45ae6a1m6vm873rebr": {
      "iri": "DatovéTéma",
      "profiling": [
        "https://ofn.gov.cz/dcat-ap-cz/draft/#DatovéTéma"
      ],
      "name": {
        "en": "Concept",
        "cs": "Datové téma"
      },
      "nameFromProfiled": "https://ofn.gov.cz/dcat-ap-cz/draft/#DatovéTéma",
      "description": {
        "en": "An idea or notion; a unit of thought."
      },
      "descriptionFromProfiled": "https://ofn.gov.cz/dcat-ap-cz/draft/#DatovéTéma",
      "usageNote": {},
      "usageNoteFromProfiled": "https://ofn.gov.cz/dcat-ap-cz/draft/#DatovéTéma",
      "id": "g45ae6a1m6vm873rebr",
      "type": [
        "class-profile"
      ]
    },
    "rn3h7c4w2ddm873stnr": {
      "iri": "PrvekRÚIAN",
      "profiling": [
        "https://ofn.gov.cz/dcat-ap-cz/draft/#PrvekRÚIAN"
      ],
      "name": {
        "en": "Location",
        "cs": "Prvek z RÚIAN"
      },
      "nameFromProfiled": "https://ofn.gov.cz/dcat-ap-cz/draft/#PrvekRÚIAN",
      "description": {
        "en": "A spatial region or named place."
      },
      "descriptionFromProfiled": "https://ofn.gov.cz/dcat-ap-cz/draft/#PrvekRÚIAN",
      "usageNote": {},
      "usageNoteFromProfiled": "https://ofn.gov.cz/dcat-ap-cz/draft/#PrvekRÚIAN",
      "id": "rn3h7c4w2ddm873stnr",
      "type": [
        "class-profile"
      ]
    },
    "lxl4tzzoahdm873svv2": {
      "iri": "GeografickéÚzemí",
      "profiling": [
        "https://ofn.gov.cz/dcat-ap-cz/draft/#GeografickéÚzemí"
      ],
      "name": {
        "en": "Location",
        "cs": "Geografické území"
      },
      "nameFromProfiled": "https://ofn.gov.cz/dcat-ap-cz/draft/#GeografickéÚzemí",
      "description": {
        "en": "A spatial region or named place."
      },
      "descriptionFromProfiled": "https://ofn.gov.cz/dcat-ap-cz/draft/#GeografickéÚzemí",
      "usageNote": {},
      "usageNoteFromProfiled": "https://ofn.gov.cz/dcat-ap-cz/draft/#GeografickéÚzemí",
      "id": "lxl4tzzoahdm873svv2",
      "type": [
        "class-profile"
      ]
    },
    "2iu0opix14sm873tt9c": {
      "iri": "SchémKonceptů",
      "profiling": [
        "https://mff-uk.github.io/specifications/dcat-ap/#ConceptScheme"
      ],
      "name": {
        "en": "Concept Scheme",
        "cs": "Schéma konceptů"
      },
      "nameFromProfiled": null,
      "description": {
        "en": "An aggregation of one or more SKOS concepts."
      },
      "descriptionFromProfiled": "https://mff-uk.github.io/specifications/dcat-ap/#ConceptScheme",
      "usageNote": {},
      "usageNoteFromProfiled": "https://mff-uk.github.io/specifications/dcat-ap/#ConceptScheme",
      "id": "2iu0opix14sm873tt9c",
      "type": [
        "class-profile"
      ]
    },
    "ioroaqsxzdnm873ze2m": {
      "id": "ioroaqsxzdnm873ze2m",
      "type": [
        "relationship-profile"
      ],
      "ends": [
        {
          "name": null,
          "nameFromProfiled": null,
          "description": null,
          "descriptionFromProfiled": null,
          "iri": null,
          "cardinality": [
            0,
            null
          ],
          "usageNote": null,
          "usageNoteFromProfiled": null,
          "profiling": [],
          "concept": "flo78lsu4egm873jxtj",
          "externalDocumentationUrl": null,
          "tags": []
        },
        {
          "name": {
            "en": "According to law number 106/1999 an impediment exists",
            "cs": "existuje překážka dle z. 106/1999 Sb."
          },
          "nameFromProfiled": null,
          "description": {},
          "descriptionFromProfiled": "https://slovník.gov.cz/generický/datový-slovník-návrhů-na-data-k-otevření/pojem/existuje-překážka-dle-z--106-1999-sb",
          "iri": "DatováSadaKOtevření.existujePřekážkaDleZ.106/1999Sb.",
          "cardinality": [
            1,
            1
          ],
          "usageNote": {},
          "usageNoteFromProfiled": null,
          "profiling": [
            "https://slovník.gov.cz/generický/datový-slovník-návrhů-na-data-k-otevření/pojem/existuje-překážka-dle-z--106-1999-sb"
          ],
          "concept": "http://www.w3.org/2001/XMLSchema#boolean",
          "externalDocumentationUrl": null,
          "tags": []
        }
      ]
    },
    "5vcx92abdvlm873zk4x": {
      "id": "5vcx92abdvlm873zk4x",
      "type": [
        "relationship-profile"
      ],
      "ends": [
        {
          "name": null,
          "nameFromProfiled": null,
          "description": null,
          "descriptionFromProfiled": null,
          "iri": null,
          "cardinality": [
            0,
            null
          ],
          "usageNote": null,
          "usageNoteFromProfiled": null,
          "profiling": [],
          "concept": "flo78lsu4egm873jxtj",
          "externalDocumentationUrl": null,
          "tags": []
        },
        {
          "name": {
            "cs": "existuje překážka dle zvláštního předpisu",
            "en": "According to special regulation an impediment exists"
          },
          "nameFromProfiled": null,
          "description": {},
          "descriptionFromProfiled": "https://slovník.gov.cz/generický/datový-slovník-návrhů-na-data-k-otevření/pojem/existuje-překážka-dle-zvláštního-předpisu",
          "iri": "DatováSadaKOtevření.existujePřekážkaDleZvláštníhoPředpisu",
          "cardinality": [
            1,
            1
          ],
          "usageNote": {},
          "usageNoteFromProfiled": null,
          "profiling": [
            "https://slovník.gov.cz/generický/datový-slovník-návrhů-na-data-k-otevření/pojem/existuje-překážka-dle-zvláštního-předpisu"
          ],
          "concept": "http://www.w3.org/2001/XMLSchema#boolean",
          "externalDocumentationUrl": null,
          "tags": []
        }
      ]
    },
    "89dae3h6xmum873zryk": {
      "id": "89dae3h6xmum873zryk",
      "type": [
        "relationship-profile"
      ],
      "ends": [
        {
          "name": null,
          "nameFromProfiled": null,
          "description": null,
          "descriptionFromProfiled": null,
          "iri": null,
          "cardinality": [
            0,
            null
          ],
          "usageNote": null,
          "usageNoteFromProfiled": null,
          "profiling": [],
          "concept": "flo78lsu4egm873jxtj",
          "externalDocumentationUrl": null,
          "tags": []
        },
        {
          "name": {
            "en": "Possibility to provide as open data",
            "cs": "možnost poskytovat formou otevřených dat"
          },
          "nameFromProfiled": null,
          "description": {},
          "descriptionFromProfiled": "https://slovník.gov.cz/generický/datový-slovník-návrhů-na-data-k-otevření/pojem/možnost-poskytovat-formou-otevřených-dat",
          "iri": "DatováSadaKOtevření.možnostPoskytovatFormouOtevřenýchDat",
          "cardinality": [
            1,
            1
          ],
          "usageNote": {},
          "usageNoteFromProfiled": null,
          "profiling": [
            "https://slovník.gov.cz/generický/datový-slovník-návrhů-na-data-k-otevření/pojem/možnost-poskytovat-formou-otevřených-dat"
          ],
          "concept": "http://www.w3.org/2001/XMLSchema#boolean",
          "externalDocumentationUrl": null,
          "tags": []
        }
      ]
    },
    "y02u8xhcevim8740cou": {
      "id": "y02u8xhcevim8740cou",
      "type": [
        "relationship-profile"
      ],
      "ends": [
        {
          "name": null,
          "nameFromProfiled": null,
          "description": null,
          "descriptionFromProfiled": null,
          "iri": null,
          "cardinality": [
            0,
            null
          ],
          "usageNote": null,
          "usageNoteFromProfiled": null,
          "profiling": [],
          "concept": "flo78lsu4egm873jxtj",
          "externalDocumentationUrl": null,
          "tags": []
        },
        {
          "name": {
            "cs": "plán zveřejnění",
            "en": "Publication plan"
          },
          "nameFromProfiled": null,
          "description": {},
          "descriptionFromProfiled": "https://slovník.gov.cz/generický/datový-slovník-návrhů-na-data-k-otevření/pojem/plán-zveřejnění",
          "iri": "DatováSadaKOtevření.plánZveřejnění",
          "cardinality": [
            0,
            1
          ],
          "usageNote": {},
          "usageNoteFromProfiled": null,
          "profiling": [
            "https://slovník.gov.cz/generický/datový-slovník-návrhů-na-data-k-otevření/pojem/plán-zveřejnění"
          ],
          "concept": "https://ofn.gov.cz/zdroj/základní-datové-typy/2020-07-01/text",
          "externalDocumentationUrl": null,
          "tags": []
        }
      ]
    },
    "a059jn5k1xdm8740xdz": {
      "iri": "StavNávrhu",
      "profiling": [
        "https://slovník.gov.cz/generický/datový-slovník-návrhů-na-data-k-otevření/pojem/stav-návrhu"
      ],
      "name": {
        "cs": "Stav návrhu",
        "en": "Status of the suggestion"
      },
      "nameFromProfiled": "https://slovník.gov.cz/generický/datový-slovník-návrhů-na-data-k-otevření/pojem/stav-návrhu",
      "description": {},
      "descriptionFromProfiled": "https://slovník.gov.cz/generický/datový-slovník-návrhů-na-data-k-otevření/pojem/stav-návrhu",
      "usageNote": {},
      "usageNoteFromProfiled": null,
      "id": "a059jn5k1xdm8740xdz",
      "type": [
        "class-profile"
      ]
    },
    "a6olicx3qyhm87417p2": {
      "ends": [
        {
          "name": null,
          "nameFromProfiled": null,
          "description": null,
          "descriptionFromProfiled": null,
          "iri": null,
          "cardinality": null,
          "usageNote": null,
          "usageNoteFromProfiled": null,
          "profiling": [],
          "concept": "flo78lsu4egm873jxtj"
        },
        {
          "name": {
            "cs": "má stav návrhu",
            "en": "has suggestion status"
          },
          "nameFromProfiled": "https://slovník.gov.cz/generický/datový-slovník-návrhů-na-data-k-otevření/pojem/má-stav-návrhu",
          "description": {},
          "descriptionFromProfiled": "https://slovník.gov.cz/generický/datový-slovník-návrhů-na-data-k-otevření/pojem/má-stav-návrhu",
          "iri": "DatováSadaKOtevření.máStavNávrhu",
          "cardinality": [
            1,
            1
          ],
          "usageNote": {},
          "usageNoteFromProfiled": null,
          "profiling": [
            "https://slovník.gov.cz/generický/datový-slovník-návrhů-na-data-k-otevření/pojem/má-stav-návrhu"
          ],
          "concept": "a059jn5k1xdm8740xdz"
        }
      ],
      "id": "a6olicx3qyhm87417p2",
      "type": [
        "relationship-profile"
      ]
    },
    "ivstd57tifm874dbji": {
      "ends": [
        {
          "name": null,
          "nameFromProfiled": null,
          "description": null,
          "descriptionFromProfiled": null,
          "iri": null,
          "cardinality": null,
          "usageNote": null,
          "usageNoteFromProfiled": null,
          "profiling": [],
          "concept": "flo78lsu4egm873jxtj"
        },
        {
          "name": {
            "es": "tema",
            "it": "tema",
            "en": "theme",
            "fr": "thème",
            "cs": "téma",
            "el": "Θέμα",
            "ar": "التصنيف",
            "ja": "テーマ/カテゴリー",
            "da": "emne"
          },
          "nameFromProfiled": "https://ofn.gov.cz/dcat-ap-cz/draft/#DatováSada.téma",
          "description": {
            "en": "A category of the Dataset.",
            "cs": "Téma datové sady. Datová sada může být popsána více tématy.",
            "it": "La categoria principale della risorsa. Una risorsa può avere più temi.",
            "es": "La categoría principal del recurso. Un recurso puede tener varios temas.",
            "fr": "La catégorie principale de la ressource. Une ressource peut avoir plusieurs thèmes.",
            "el": "Η κύρια κατηγορία του συνόλου δεδομένων. Ένα σύνολο δεδομένων δύναται να έχει πολλαπλά θέματα.",
            "ar": "التصنيف الرئيسي لقائمة البيانات. قائمة البيانات يمكن أن تملك أكثر من تصنيف رئيسي واحد.",
            "ja": "データセットの主要カテゴリー。データセットは複数のテーマを持つことができます。",
            "da": "Et centralt emne for ressourcen. En ressource kan have flere centrale emner."
          },
          "descriptionFromProfiled": "https://ofn.gov.cz/dcat-ap-cz/draft/#DatováSada.téma",
          "iri": "DatováSadaKOtevření.téma",
          "cardinality": [
            1,
            null
          ],
          "usageNote": {},
          "usageNoteFromProfiled": "https://ofn.gov.cz/dcat-ap-cz/draft/#DatováSada.téma",
          "profiling": [
            "https://ofn.gov.cz/dcat-ap-cz/draft/#DatováSada.téma"
          ],
          "concept": "g45ae6a1m6vm873rebr"
        }
      ],
      "id": "ivstd57tifm874dbji",
      "type": [
        "relationship-profile"
      ]
    },
    "n5131gowh5qm874eoqp": {
      "ends": [
        {
          "name": null,
          "nameFromProfiled": null,
          "description": null,
          "descriptionFromProfiled": null,
          "iri": null,
          "cardinality": null,
          "usageNote": null,
          "usageNoteFromProfiled": null,
          "profiling": [],
          "concept": "b8kgf4wrg3jm873ivrg"
        },
        {
          "name": {
            "it": "tassonomia dei temi",
            "fr": "taxonomie de thèmes",
            "cs": "taxonomie témat",
            "es": "taxonomía de temas",
            "en": "themes",
            "el": "Ταξινομία θεματικών κατηγοριών.",
            "ar": "قائمة التصنيفات",
            "ja": "テーマ",
            "da": "emnetaksonomi"
          },
          "nameFromProfiled": "https://mff-uk.github.io/specifications/dcat-ap/#Catalogue.themes",
          "description": {
            "es": "El sistema de organización del conocimiento utilizado para clasificar conjuntos de datos de catálogos.",
            "it": "Il sistema di organizzazione della conoscenza (KOS) usato per classificare i dataset del catalogo.",
            "fr": "Le systhème d'ogranisation de connaissances utilisé pour classifier les jeux de données du catalogue.",
            "cs": "Systém organizace znalostí (KOS) použitý pro klasifikaci datových sad v katalogu.",
            "en": "A knowledge organization system used to classify the Resources that are in the Catalogue.",
            "el": "Το σύστημα οργάνωσης γνώσης που χρησιμοποιείται για την κατηγοριοποίηση των συνόλων δεδομένων του καταλόγου.",
            "ar": "لائحة التصنيفات المستخدمه لتصنيف قوائم البيانات ضمن الفهرس",
            "ja": "カタログのデータセットを分類するために用いられる知識組織化体系（KOS；knowledge organization system）。",
            "da": "Vidensorganiseringssystem (KOS) som anvendes til at klassificere datasæt i kataloget."
          },
          "descriptionFromProfiled": "https://mff-uk.github.io/specifications/dcat-ap/#Catalogue.themes",
          "iri": "KatalogNávrhůDatovýchSadKOtevření.taxonomieTémat",
          "cardinality": [
            1,
            1
          ],
          "usageNote": {},
          "usageNoteFromProfiled": "https://mff-uk.github.io/specifications/dcat-ap/#Catalogue.themes",
          "profiling": [
            "https://mff-uk.github.io/specifications/dcat-ap/#Catalogue.themes"
          ],
          "concept": "2iu0opix14sm873tt9c"
        }
      ],
      "id": "n5131gowh5qm874eoqp",
      "type": [
        "relationship-profile"
      ]
    },
    "a1dufbs3za6m874fk9u": {
      "id": "a1dufbs3za6m874fk9u",
      "type": [
        "relationship-profile"
      ],
      "ends": [
        {
          "name": null,
          "nameFromProfiled": null,
          "description": null,
          "descriptionFromProfiled": null,
          "iri": null,
          "cardinality": null,
          "usageNote": null,
          "usageNoteFromProfiled": null,
          "profiling": [],
          "concept": "b8kgf4wrg3jm873ivrg",
          "externalDocumentationUrl": null,
          "tags": []
        },
        {
          "name": {
            "en": "publisher",
            "cs": "poskytovatel katalogu návrhů"
          },
          "nameFromProfiled": null,
          "description": {
            "en": "An entity (organisation) responsible for making the Catalogue available."
          },
          "descriptionFromProfiled": "https://mff-uk.github.io/specifications/dcat-ap/#Catalogue.publisher",
          "iri": "KatalogNávrhůDatovýchSadKOtevření.poskytovatelKataloguNávrhů",
          "cardinality": [
            1,
            1
          ],
          "usageNote": {},
          "usageNoteFromProfiled": "https://mff-uk.github.io/specifications/dcat-ap/#Catalogue.publisher",
          "profiling": [
            "https://mff-uk.github.io/specifications/dcat-ap/#Catalogue.publisher"
          ],
          "concept": "thekqvdisacm873ntk9",
          "externalDocumentationUrl": null,
          "tags": []
        }
      ]
    },
    "30665xgg8gom874gf1f": {
      "ends": [
        {
          "name": null,
          "nameFromProfiled": null,
          "description": null,
          "descriptionFromProfiled": null,
          "iri": null,
          "cardinality": null,
          "usageNote": null,
          "usageNoteFromProfiled": null,
          "profiling": [],
          "concept": "flo78lsu4egm873jxtj"
        },
        {
          "name": {
            "en": "publisher",
            "cs": "potenciální poskytovatel"
          },
          "nameFromProfiled": null,
          "description": {
            "en": "An entity (organisation) responsible for making the Dataset available."
          },
          "descriptionFromProfiled": "https://mff-uk.github.io/specifications/dcat-ap/#Dataset.publisher",
          "iri": "DatováSadaKOtevření.potenciálníPoskytovatel",
          "cardinality": [
            1,
            1
          ],
          "usageNote": {},
          "usageNoteFromProfiled": "https://mff-uk.github.io/specifications/dcat-ap/#Dataset.publisher",
          "profiling": [
            "https://mff-uk.github.io/specifications/dcat-ap/#Dataset.publisher"
          ],
          "concept": "h27hk5hizlm873nj4x"
        }
      ],
      "id": "30665xgg8gom874gf1f",
      "type": [
        "relationship-profile"
      ]
    },
    "mx24m3txiqcm874h1gt": {
      "id": "mx24m3txiqcm874h1gt",
      "type": [
        "relationship-profile"
      ],
      "ends": [
        {
          "name": null,
          "nameFromProfiled": null,
          "description": null,
          "descriptionFromProfiled": null,
          "iri": null,
          "cardinality": null,
          "usageNote": null,
          "usageNoteFromProfiled": null,
          "profiling": [],
          "concept": "b8kgf4wrg3jm873ivrg"
        },
        {
          "name": {
            "en": "language",
            "cs": "jazyk katalogu"
          },
          "nameFromProfiled": null,
          "description": {
            "en": "A language used in the textual metadata describing titles, descriptions, etc. of the Datasets in the Catalogue."
          },
          "descriptionFromProfiled": "https://mff-uk.github.io/specifications/dcat-ap/#Catalogue.language",
          "iri": "KatalogNávrhůDatovýchSadKOtevření.jazykKatalogu",
          "cardinality": [
            1,
            null
          ],
          "usageNote": {},
          "usageNoteFromProfiled": "https://mff-uk.github.io/specifications/dcat-ap/#Catalogue.language",
          "profiling": [
            "https://mff-uk.github.io/specifications/dcat-ap/#Catalogue.language"
          ],
          "concept": "ametlqu5t24m873pmic"
        }
      ]
    },
    "30vky2a82kmm874hkn9": {
      "ends": [
        {
          "name": null,
          "nameFromProfiled": null,
          "description": null,
          "descriptionFromProfiled": null,
          "iri": null,
          "cardinality": null,
          "usageNote": null,
          "usageNoteFromProfiled": null,
          "profiling": [],
          "concept": "b8kgf4wrg3jm873ivrg"
        },
        {
          "name": {
            "en": "homepage",
            "cs": "domovská stránka"
          },
          "nameFromProfiled": "https://ofn.gov.cz/dcat-ap-cz/draft/#Katalog.domovskáStránka",
          "description": {
            "en": "A web page that acts as the main page for the Catalogue.",
            "cs": "Tato vlastnost odkazuje na domovskou stránku lokálního katalogu, kam mohou chodit uživatelé."
          },
          "descriptionFromProfiled": "https://ofn.gov.cz/dcat-ap-cz/draft/#Katalog.domovskáStránka",
          "iri": "KatalogNávrhůDatovýchSadKOtevření.domovskáStránka",
          "cardinality": [
            1,
            1
          ],
          "usageNote": {},
          "usageNoteFromProfiled": "https://ofn.gov.cz/dcat-ap-cz/draft/#Katalog.domovskáStránka",
          "profiling": [
            "https://ofn.gov.cz/dcat-ap-cz/draft/#Katalog.domovskáStránka"
          ],
          "concept": "3tm0mktv7qfm873qmad"
        }
      ],
      "id": "30vky2a82kmm874hkn9",
      "type": [
        "relationship-profile"
      ]
    },
    "fp2g13y3vi4m874i8ip": {
      "id": "fp2g13y3vi4m874i8ip",
      "type": [
        "relationship-profile"
      ],
      "ends": [
        {
          "name": null,
          "nameFromProfiled": null,
          "description": null,
          "descriptionFromProfiled": null,
          "iri": null,
          "cardinality": null,
          "usageNote": null,
          "usageNoteFromProfiled": null,
          "profiling": [],
          "concept": "b8kgf4wrg3jm873ivrg",
          "externalDocumentationUrl": null,
          "tags": []
        },
        {
          "name": {
            "en": "licence",
            "cs": "podmínky užití"
          },
          "nameFromProfiled": null,
          "description": {
            "en": "A licence under which the Catalogue can be used or reused."
          },
          "descriptionFromProfiled": "https://mff-uk.github.io/specifications/dcat-ap/#Catalogue.licence",
          "iri": "KatalogNávrhůDatovýchSadKOtevření.",
          "cardinality": [
            1,
            1
          ],
          "usageNote": {},
          "usageNoteFromProfiled": "https://mff-uk.github.io/specifications/dcat-ap/#Catalogue.licence",
          "profiling": [
            "https://mff-uk.github.io/specifications/dcat-ap/#Catalogue.licence"
          ],
          "concept": "mp9fqg5xfg8m873qakr",
          "externalDocumentationUrl": null,
          "tags": []
        }
      ]
    },
    "rx6c62se0fm874j1sd": {
      "ends": [
        {
          "name": null,
          "nameFromProfiled": null,
          "description": null,
          "descriptionFromProfiled": null,
          "iri": null,
          "cardinality": null,
          "usageNote": null,
          "usageNoteFromProfiled": null,
          "profiling": [],
          "concept": "b8kgf4wrg3jm873ivrg"
        },
        {
          "name": {
            "en": "release date",
            "cs": "vydání katalogu"
          },
          "nameFromProfiled": null,
          "description": {
            "en": "The date of formal issuance (e.g., publication) of the Catalogue."
          },
          "descriptionFromProfiled": "https://mff-uk.github.io/specifications/dcat-ap/#Catalogue.releaseDate",
          "iri": "KatalogNávrhůDatovýchSadKOtevření.vydáníKatalogu",
          "cardinality": [
            1,
            1
          ],
          "usageNote": {},
          "usageNoteFromProfiled": "https://mff-uk.github.io/specifications/dcat-ap/#Catalogue.releaseDate",
          "profiling": [
            "https://mff-uk.github.io/specifications/dcat-ap/#Catalogue.releaseDate"
          ],
          "concept": "http://www.w3.org/2001/XMLSchema#date"
        }
      ],
      "id": "rx6c62se0fm874j1sd",
      "type": [
        "relationship-profile"
      ]
    },
    "2876h8vgvgmm874k3np": {
      "ends": [
        {
          "name": null,
          "nameFromProfiled": null,
          "description": null,
          "descriptionFromProfiled": null,
          "iri": null,
          "cardinality": [
            0,
            null
          ],
          "usageNote": null,
          "usageNoteFromProfiled": null,
          "profiling": [],
          "concept": "flo78lsu4egm873jxtj"
        },
        {
          "name": {
            "en": "Date Created",
            "cs": "datum vytvoření"
          },
          "nameFromProfiled": null,
          "description": {
            "en": "Date of creation of the resource."
          },
          "descriptionFromProfiled": "http://purl.org/dc/terms/created",
          "iri": "DatováSadaKOtevření.datumVytvoření",
          "cardinality": [
            1,
            1
          ],
          "usageNote": {},
          "usageNoteFromProfiled": null,
          "profiling": [
            "http://purl.org/dc/terms/created"
          ],
          "concept": "http://www.w3.org/2001/XMLSchema#dateTime"
        }
      ],
      "id": "2876h8vgvgmm874k3np",
      "type": [
        "relationship-profile"
      ]
    },
    "ahq21668i5dm874kzjo": {
      "ends": [
        {
          "name": null,
          "nameFromProfiled": null,
          "description": null,
          "descriptionFromProfiled": null,
          "iri": null,
          "cardinality": null,
          "usageNote": null,
          "usageNoteFromProfiled": null,
          "profiling": [],
          "concept": "flo78lsu4egm873jxtj"
        },
        {
          "name": {
            "en": "title",
            "cs": "název"
          },
          "nameFromProfiled": "https://ofn.gov.cz/dcat-ap-cz/draft/#DatováSada.název",
          "description": {
            "en": "Název datové sady"
          },
          "descriptionFromProfiled": "https://ofn.gov.cz/dcat-ap-cz/draft/#DatováSada.název",
          "iri": "DatováSadaKOtevření.název",
          "cardinality": [
            1,
            1
          ],
          "usageNote": {},
          "usageNoteFromProfiled": "https://ofn.gov.cz/dcat-ap-cz/draft/#DatováSada.název",
          "profiling": [
            "https://ofn.gov.cz/dcat-ap-cz/draft/#DatováSada.název"
          ],
          "concept": "https://ofn.gov.cz/zdroj/základní-datové-typy/2020-07-01/text"
        }
      ],
      "id": "ahq21668i5dm874kzjo",
      "type": [
        "relationship-profile"
      ]
    },
    "3oxue9znfs5m874lbd2": {
      "ends": [
        {
          "name": null,
          "nameFromProfiled": null,
          "description": null,
          "descriptionFromProfiled": null,
          "iri": null,
          "cardinality": null,
          "usageNote": null,
          "usageNoteFromProfiled": null,
          "profiling": [],
          "concept": "flo78lsu4egm873jxtj"
        },
        {
          "name": {
            "en": "description",
            "cs": "popis"
          },
          "nameFromProfiled": "https://ofn.gov.cz/dcat-ap-cz/draft/#DatováSada.popis",
          "description": {
            "en": "A free-text account of the Dataset.",
            "cs": "Volný text s popisem datové sady"
          },
          "descriptionFromProfiled": "https://ofn.gov.cz/dcat-ap-cz/draft/#DatováSada.popis",
          "iri": "DatováSadaKOtevření.popis",
          "cardinality": [
            1,
            1
          ],
          "usageNote": {},
          "usageNoteFromProfiled": "https://ofn.gov.cz/dcat-ap-cz/draft/#DatováSada.popis",
          "profiling": [
            "https://ofn.gov.cz/dcat-ap-cz/draft/#DatováSada.popis"
          ],
          "concept": "https://ofn.gov.cz/zdroj/základní-datové-typy/2020-07-01/text"
        }
      ],
      "id": "3oxue9znfs5m874lbd2",
      "type": [
        "relationship-profile"
      ]
    },
    "qzxy3q3xr6m874mx4f": {
      "id": "qzxy3q3xr6m874mx4f",
      "type": [
        "relationship-profile"
      ],
      "ends": [
        {
          "name": null,
          "nameFromProfiled": null,
          "description": null,
          "descriptionFromProfiled": null,
          "iri": null,
          "cardinality": null,
          "usageNote": null,
          "usageNoteFromProfiled": null,
          "profiling": [],
          "concept": "b8kgf4wrg3jm873ivrg",
          "externalDocumentationUrl": null,
          "tags": []
        },
        {
          "name": {
            "en": "geographical coverage",
            "cs": "související geografické území"
          },
          "nameFromProfiled": null,
          "description": {
            "en": "The geographical area covered by the dataset."
          },
          "descriptionFromProfiled": "https://ofn.gov.cz/dcat-ap-cz/draft/#DatováSada.souvisejícíGeografickéÚzemí",
          "iri": "KatalogNávrhůDatovýchSadKOtevření.souvisejícíGeografickéÚzemí",
          "cardinality": [
            1,
            1
          ],
          "usageNote": {},
          "usageNoteFromProfiled": "https://ofn.gov.cz/dcat-ap-cz/draft/#DatováSada.souvisejícíGeografickéÚzemí",
          "profiling": [
            "https://ofn.gov.cz/dcat-ap-cz/draft/#DatováSada.souvisejícíGeografickéÚzemí"
          ],
          "concept": "lxl4tzzoahdm873svv2",
          "externalDocumentationUrl": null,
          "tags": []
        }
      ]
    },
    "biuxe5hlagbm874n4g7": {
      "id": "biuxe5hlagbm874n4g7",
      "type": [
        "relationship-profile"
      ],
      "ends": [
        {
          "name": null,
          "nameFromProfiled": null,
          "description": null,
          "descriptionFromProfiled": null,
          "iri": null,
          "cardinality": null,
          "usageNote": null,
          "usageNoteFromProfiled": null,
          "profiling": [],
          "concept": "b8kgf4wrg3jm873ivrg",
          "externalDocumentationUrl": null,
          "tags": []
        },
        {
          "name": {
            "en": "geographical coverage",
            "cs": "související geografické území - prvek z RÚIAN"
          },
          "nameFromProfiled": null,
          "description": {
            "en": "The geographical area covered by the dataset."
          },
          "descriptionFromProfiled": "https://ofn.gov.cz/dcat-ap-cz/draft/#DatováSada.souvisejícíGeografickéÚzemí-PrvekZRúian",
          "iri": "KatalogNávrhůDatovýchSadKOtevření.souvisejícíGeografickéÚzemí-PrvekZRúian",
          "cardinality": [
            1,
            1
          ],
          "usageNote": {},
          "usageNoteFromProfiled": "https://ofn.gov.cz/dcat-ap-cz/draft/#DatováSada.souvisejícíGeografickéÚzemí-PrvekZRúian",
          "profiling": [
            "https://ofn.gov.cz/dcat-ap-cz/draft/#DatováSada.souvisejícíGeografickéÚzemí-PrvekZRúian"
          ],
          "concept": "rn3h7c4w2ddm873stnr",
          "externalDocumentationUrl": null,
          "tags": []
        }
      ]
    },
    "kebgysy9s2m874o5gv": {
      "ends": [
        {
          "name": null,
          "nameFromProfiled": null,
          "description": null,
          "descriptionFromProfiled": null,
          "iri": null,
          "cardinality": null,
          "usageNote": null,
          "usageNoteFromProfiled": null,
          "profiling": [],
          "concept": "b8kgf4wrg3jm873ivrg"
        },
        {
          "name": {
            "es": "conjunto de datos",
            "en": "dataset",
            "it": "dataset",
            "cs": "datová sada",
            "fr": "jeu de données",
            "el": "σύνολο δεδομένων",
            "ar": "قائمة بيانات",
            "ja": "データセット",
            "da": "datasæt"
          },
          "nameFromProfiled": "https://mff-uk.github.io/specifications/dcat-ap/#Catalogue.dataset",
          "description": {
            "en": "A Dataset that is part of the Catalogue.",
            "cs": "Kolekce dat, která je katalogizována v katalogu.",
            "fr": "Relie un catalogue à un jeu de données faisant partie de ce catalogue.",
            "es": "Un conjunto de datos que se lista en el catálogo.",
            "it": "Una raccolta di dati che è elencata nel catalogo.",
            "el": "Συνδέει έναν κατάλογο με ένα σύνολο δεδομένων το οποίο ανήκει στον εν λόγω κατάλογο.",
            "ar": "تربط الفهرس بقائمة بيانات ضمنه",
            "ja": "カタログの一部であるデータセット。",
            "da": "En samling af data som er opført i kataloget."
          },
          "descriptionFromProfiled": "https://mff-uk.github.io/specifications/dcat-ap/#Catalogue.dataset",
          "iri": "KatalogNávrhůDatovýchSadKOtevření.datováSada",
          "cardinality": [
            0,
            null
          ],
          "usageNote": {},
          "usageNoteFromProfiled": "https://mff-uk.github.io/specifications/dcat-ap/#Catalogue.dataset",
          "profiling": [
            "https://mff-uk.github.io/specifications/dcat-ap/#Catalogue.dataset"
          ],
          "concept": "flo78lsu4egm873jxtj"
        }
      ],
      "id": "kebgysy9s2m874o5gv",
      "type": [
        "relationship-profile"
      ]
    },
    "s4am3enqgl9m874sda9": {
      "ends": [
        {
          "name": null,
          "nameFromProfiled": null,
          "description": null,
          "descriptionFromProfiled": null,
          "iri": null,
          "cardinality": [
            0,
            null
          ],
          "usageNote": null,
          "usageNoteFromProfiled": null,
          "profiling": [],
          "concept": "h27hk5hizlm873nj4x"
        },
        {
          "name": {
            "cs": "je povinným subjektem podle §2 z. 106/1999 Sb"
          },
          "nameFromProfiled": "https://slovník.gov.cz/generický/datový-slovník-podnětů-na-data-k-otevření/pojem/je-povinným-subjektem-dle-106",
          "description": {
            "cs": ""
          },
          "descriptionFromProfiled": "https://slovník.gov.cz/generický/datový-slovník-podnětů-na-data-k-otevření/pojem/je-povinným-subjektem-dle-106",
          "iri": "PotenciálníPoskytovatel.jePovinnýmSubjektemPodle§2Z.106/1999Sb",
          "cardinality": [
            1,
            1
          ],
          "usageNote": {},
          "usageNoteFromProfiled": null,
          "profiling": [
            "https://slovník.gov.cz/generický/datový-slovník-podnětů-na-data-k-otevření/pojem/je-povinným-subjektem-dle-106"
          ],
          "concept": "http://www.w3.org/2001/XMLSchema#boolean"
        }
      ],
      "id": "s4am3enqgl9m874sda9",
      "type": [
        "relationship-profile"
      ]
    },
    "3v7fzjblc54mb0ghiio": {
      "ends": [
        {
          "name": null,
          "nameFromProfiled": null,
          "description": null,
          "descriptionFromProfiled": null,
          "iri": null,
          "cardinality": null,
          "usageNote": null,
          "usageNoteFromProfiled": null,
          "profiling": [],
          "externalDocumentationUrl": null,
          "tags": [],
          "concept": "h27hk5hizlm873nj4x"
        },
        {
          "name": {
            "en": "name",
            "cs": "jméno"
          },
          "nameFromProfiled": null,
          "description": {
            "en": "A name of the agent.",
            "cs": "Jméno potencionálního poskytovatele"
          },
          "descriptionFromProfiled": null,
          "iri": "PotenciálníPoskytovatel.jméno",
          "cardinality": [
            1,
            1
          ],
          "usageNote": {},
          "usageNoteFromProfiled": "https://mff-uk.github.io/specifications/dcat-ap/#Agent.name",
          "profiling": [
            "https://mff-uk.github.io/specifications/dcat-ap/#Agent.name"
          ],
          "externalDocumentationUrl": null,
          "tags": [],
          "concept": "https://ofn.gov.cz/zdroj/základní-datové-typy/2020-07-01/text"
        }
      ],
      "id": "3v7fzjblc54mb0ghiio",
      "type": [
        "relationship-profile"
      ]
    },
    "81j78vjy5qimb0gmicd": {
      "ends": [
        {
          "name": null,
          "nameFromProfiled": null,
          "description": null,
          "descriptionFromProfiled": null,
          "iri": null,
          "cardinality": null,
          "usageNote": null,
          "usageNoteFromProfiled": null,
          "profiling": [],
          "externalDocumentationUrl": null,
          "tags": [],
          "concept": "thekqvdisacm873ntk9"
        },
        {
          "name": {
            "en": "name",
            "cs": "jméno"
          },
          "nameFromProfiled": null,
          "description": {
            "en": "A name of the agent.",
            "cs": "Jméno poskytovatele"
          },
          "descriptionFromProfiled": null,
          "iri": "Poskytovatel.jméno",
          "cardinality": [
            1,
            1
          ],
          "usageNote": {},
          "usageNoteFromProfiled": "https://mff-uk.github.io/specifications/dcat-ap/#Agent.name",
          "profiling": [
            "https://mff-uk.github.io/specifications/dcat-ap/#Agent.name"
          ],
          "externalDocumentationUrl": null,
          "tags": [],
          "concept": "https://ofn.gov.cz/zdroj/základní-datové-typy/2020-07-01/text"
        }
      ],
      "id": "81j78vjy5qimb0gmicd",
      "type": [
        "relationship-profile"
      ]
    }
  }
}