{
  "iri": "eda2a3d2-697a-467d-b320-2eec24ebda66",
  "types": [
    "http://dataspecer.com/resources/local/semantic-model"
  ],
  "userMetadata": {
    "label": {
      "en": "Návrhy na data k otevření"
    },
    "description": {
      "en": "Semantic model for the profile"
    }
  },
  "metadata": {
    "creationDate": "2025-05-23T06:57:49.177Z",
    "modificationDate": "2025-05-23T07:09:06.975Z"
  },
  "_version": 1,
  "_exportVersion": 1,
  "_exportedAt": "2025-05-23T07:10:57.288Z",
  "_exportedBy": "http://localhost:3100"
}