{
  "iri": "eda2a3d2-697a-467d-b320-2eec24ebda66",
  "types": [
    "http://dataspecer.com/resources/local/semantic-model"
  ],
  "userMetadata": {
    "label": {
      "en": "Návrhy na data k otevření"
    },
    "description": {
      "en": "Semantic model for the profile"
    }
  },
  "metadata": {
    "creationDate": "2025-03-13T08:31:42.867Z",
    "modificationDate": "2025-03-13T09:13:20.711Z"
  },
  "_version": 1,
  "_exportVersion": 1,
  "_exportedAt": "2025-03-13T09:15:04.727Z",
  "_exportedBy": "http://localhost:3100"
}