{
  "iri": "db2ad74f-ec45-4d46-84f8-24d36fbb4200/960a9e59-bcfa-43e8-a40d-c6cfa6cb9b2b/0ba309fb-a4cc-4adb-8524-a2e3bc2ed635/14194c7d-0cb0-4baf-9069-e7f655e6f5af",
  "types": [
    "https://dataspecer.com/core/model-descriptor/pim-store-wrapper"
  ],
  "userMetadata": {
    "documentBaseUrl": "https://semiceu.github.io/DCAT-AP/r5r/releases/3.0.0/voc/r5r.jsonld",
    "label": {
      "en": "r5r"
    }
  },
  "metadata": {
    "creationDate": "2025-06-10T07:47:44.584Z",
    "modificationDate": "2025-06-10T07:47:44.626Z"
  },
  "_version": 1,
  "_exportVersion": 1,
  "_exportedAt": "2025-06-10T07:49:28.927Z",
  "_exportedBy": "http://localhost:3100"
}