{
  "iri": "db2ad74f-ec45-4d46-84f8-24d36fbb4200/960a9e59-bcfa-43e8-a40d-c6cfa6cb9b2b/0ba309fb-a4cc-4adb-8524-a2e3bc2ed635/a5b8e107-59f2-4f22-9530-fda3c1db8e0f",
  "types": [
    "https://dataspecer.com/core/model-descriptor/pim-store-wrapper"
  ],
  "userMetadata": {
    "documentBaseUrl": "https://op.europa.eu/documents/3938058/11669184/eli.owl/",
    "label": {
      "en": "eli"
    }
  },
  "metadata": {
    "creationDate": "2025-06-10T07:47:44.909Z",
    "modificationDate": "2025-06-10T07:47:45.173Z"
  },
  "_version": 1,
  "_exportVersion": 1,
  "_exportedAt": "2025-06-10T07:49:28.928Z",
  "_exportedBy": "http://localhost:3100"
}