{
  "iri": "db2ad74f-ec45-4d46-84f8-24d36fbb4200/64736231-109c-407c-806e-aecf269849ec/1e366730-1152-4559-ac90-e227fae012d8/d1bbe750-32ff-48ad-99cd-9faa245a5509/1628bf33-a39d-453d-b3ce-30a627332096",
  "types": [
    "https://dataspecer.com/core/model-descriptor/pim-store-wrapper"
  ],
  "userMetadata": {
    "documentBaseUrl": "https://datagov-cz.github.io/cache-slovniku/time.ttl",
    "label": {
      "en": "time"
    }
  },
  "metadata": {
    "creationDate": "2025-08-12T08:31:25.212Z",
    "modificationDate": "2025-08-12T08:31:25.319Z"
  },
  "_version": 1,
  "_exportVersion": 1,
  "_exportedAt": "2025-08-12T08:32:05.249Z",
  "_exportedBy": "http://localhost:3100"
}