{
  "iri": "db2ad74f-ec45-4d46-84f8-24d36fbb4200/64736231-109c-407c-806e-aecf269849ec/1e366730-1152-4559-ac90-e227fae012d8/d1bbe750-32ff-48ad-99cd-9faa245a5509/6bf36e36-ceda-463a-8bfb-a2707f7abfeb",
  "types": [
    "https://dataspecer.com/core/model-descriptor/pim-store-wrapper"
  ],
  "userMetadata": {
    "documentBaseUrl": "https://www.w3.org/ns/legacy_adms",
    "label": {
      "en": "legacy_adms"
    }
  },
  "metadata": {
    "creationDate": "2025-08-12T08:31:25.507Z",
    "modificationDate": "2025-08-15T06:57:34.066Z"
  },
  "_version": 1,
  "_exportVersion": 1,
  "_exportedAt": "2025-08-15T06:57:45.709Z",
  "_exportedBy": "http://localhost:3100"
}