{
  "iri": "db2ad74f-ec45-4d46-84f8-24d36fbb4200/64736231-109c-407c-806e-aecf269849ec/1e366730-1152-4559-ac90-e227fae012d8/d1bbe750-32ff-48ad-99cd-9faa245a5509/73ed5122-385b-49d3-8e32-76c9f7ec2a6d",
  "types": [
    "https://dataspecer.com/core/model-descriptor/pim-store-wrapper"
  ],
  "userMetadata": {
    "documentBaseUrl": "https://www.w3.org/2006/vcard/ns",
    "label": {
      "en": "ns"
    }
  },
  "metadata": {
    "creationDate": "2025-08-12T08:31:29.179Z",
    "modificationDate": "2025-08-12T08:31:29.372Z"
  },
  "_version": 1,
  "_exportVersion": 1,
  "_exportedAt": "2025-08-12T08:32:05.301Z",
  "_exportedBy": "http://localhost:3100"
}