{
  "iri": "db2ad74f-ec45-4d46-84f8-24d36fbb4200/64736231-109c-407c-806e-aecf269849ec/1e366730-1152-4559-ac90-e227fae012d8/d1bbe750-32ff-48ad-99cd-9faa245a5509/9699ee14-b950-4fa3-9686-61bd12146cb4",
  "types": [
    "https://dataspecer.com/core/model-descriptor/pim-store-wrapper"
  ],
  "userMetadata": {
    "documentBaseUrl": "https://datagov-cz.github.io/cache-slovniku/foaf.ttl",
    "label": {
      "en": "foaf"
    }
  },
  "metadata": {
    "creationDate": "2025-08-12T08:31:28.283Z",
    "modificationDate": "2025-08-15T06:57:34.571Z"
  },
  "_version": 1,
  "_exportVersion": 1,
  "_exportedAt": "2025-08-15T06:57:45.725Z",
  "_exportedBy": "http://localhost:3100"
}