{
  "iri": "db2ad74f-ec45-4d46-84f8-24d36fbb4200/64736231-109c-407c-806e-aecf269849ec/1e366730-1152-4559-ac90-e227fae012d8/d1bbe750-32ff-48ad-99cd-9faa245a5509/b1273ae1-788c-4c1a-b6ce-522679190306",
  "types": [
    "https://dataspecer.com/core/model-descriptor/pim-store-wrapper"
  ],
  "userMetadata": {
    "documentBaseUrl": "https://semiceu.github.io/Core-Location-Vocabulary/releases/2.00/voc/core-location-ap.ttl",
    "label": {
      "en": "core-location-ap"
    }
  },
  "metadata": {
    "creationDate": "2025-08-12T08:31:25.928Z",
    "modificationDate": "2025-08-12T08:31:25.988Z"
  },
  "_version": 1,
  "_exportVersion": 1,
  "_exportedAt": "2025-08-12T08:32:05.262Z",
  "_exportedBy": "http://localhost:3100"
}