{
  "iri": "192e1c39-405f-468a-93b9-40ff51b28489/520d0cba-00fd-4261-9335-930ecd7c9c37/c7b27a82-a8db-48ac-8c0f-9bc70c93a51f/59e701a5-eb1b-4d10-b218-a7325d6df861",
  "types": [
    "https://dataspecer.com/core/model-descriptor/pim-store-wrapper"
  ],
  "userMetadata": {
    "documentBaseUrl": "https://op.europa.eu/documents/3938058/11669184/eli.owl/",
    "label": {
      "en": "eli"
    }
  },
  "metadata": {
    "creationDate": "2025-12-31T10:21:53.939Z",
    "modificationDate": "2026-01-06T08:50:54.212Z"
  },
  "_version": 1,
  "_exportVersion": 1,
  "_exportedAt": "2026-01-06T08:52:03.783Z",
  "_exportedBy": "http://localhost:3100"
}