{
  "iri": "31c15e62-6f46-4c53-ad4d-cf900421feb6/5133c912-957e-48fd-b9bb-15874c16698a/11c109fd-d94a-4130-8310-6012c7aa5000",
  "types": [
    "https://dataspecer.com/core/model-descriptor/pim-store-wrapper"
  ],
  "userMetadata": {
    "documentBaseUrl": "https://www.dublincore.org/specifications/dublin-core/dcmi-terms/dublin_core_terms.ttl",
    "label": {
      "en": "dublin_core_terms"
    }
  },
  "metadata": {
    "creationDate": "2025-07-17T08:51:50.891Z",
    "modificationDate": "2025-07-17T08:51:50.994Z"
  },
  "_version": 1,
  "_exportVersion": 1,
  "_exportedAt": "2025-07-17T08:57:59.571Z",
  "_exportedBy": "http://localhost:3100"
}