{
  "iri": "31c15e62-6f46-4c53-ad4d-cf900421feb6/5133c912-957e-48fd-b9bb-15874c16698a/20a55414-2845-45fa-8338-3f7232b105e9",
  "types": [
    "https://dataspecer.com/core/model-descriptor/pim-store-wrapper"
  ],
  "userMetadata": {
    "documentBaseUrl": "https://www.w3.org/ns/dcat3.ttl",
    "label": {
      "en": "dcat3"
    }
  },
  "metadata": {
    "creationDate": "2025-07-17T08:51:51.198Z",
    "modificationDate": "2025-07-17T08:51:51.582Z"
  },
  "_version": 1,
  "_exportVersion": 1,
  "_exportedAt": "2025-07-17T08:57:59.574Z",
  "_exportedBy": "http://localhost:3100"
}