{
  "iri": "31c15e62-6f46-4c53-ad4d-cf900421feb6/5133c912-957e-48fd-b9bb-15874c16698a/vocabulary",
  "types": [
    "http://dataspecer.com/resources/local/semantic-model"
  ],
  "userMetadata": {
    "label": {
      "en": "DCAT-AP-CZ - terms of use"
    },
    "documentBaseUrl": "https://ofn.gov.cz/dcat-ap-cz-podmínky-užití/draft/"
  },
  "metadata": {
    "creationDate": "2025-07-17T08:51:51.654Z",
    "modificationDate": "2025-07-17T08:51:51.688Z"
  },
  "_version": 1,
  "_exportVersion": 1,
  "_exportedAt": "2025-07-17T08:57:59.577Z",
  "_exportedBy": "http://localhost:3100"
}