{
  "iri": "31c15e62-6f46-4c53-ad4d-cf900421feb6/d39d0a25-871d-4422-94cd-fed1a7588a77/451ad9f0-bab0-4282-a1ca-2f35e6791f97/836fb665-1a1c-4cf4-baa1-bc3df7973af5",
  "types": [
    "https://dataspecer.com/core/model-descriptor/pim-store-wrapper"
  ],
  "userMetadata": {
    "documentBaseUrl": "https://www.dublincore.org/specifications/dublin-core/dcmi-terms/dublin_core_terms.ttl",
    "label": {
      "en": "dublin_core_terms"
    }
  },
  "metadata": {
    "creationDate": "2025-05-13T11:52:27.821Z",
    "modificationDate": "2025-05-13T11:52:27.919Z"
  },
  "_version": 1,
  "_exportVersion": 1,
  "_exportedAt": "2025-05-13T11:53:23.663Z",
  "_exportedBy": "http://localhost:3100"
}