{
  "iri": "31c15e62-6f46-4c53-ad4d-cf900421feb6/d39d0a25-871d-4422-94cd-fed1a7588a77/451ad9f0-bab0-4282-a1ca-2f35e6791f97/ac1290a2-b557-484c-aa84-76107f4a3f03",
  "types": [
    "https://dataspecer.com/core/model-descriptor/pim-store-wrapper"
  ],
  "userMetadata": {
    "documentBaseUrl": "https://datagov-cz.github.io/cache-slovniku/rdfs.ttl",
    "label": {
      "en": "rdfs"
    }
  },
  "metadata": {
    "creationDate": "2025-05-13T11:52:29.960Z",
    "modificationDate": "2025-05-13T11:52:30.002Z"
  },
  "_version": 1,
  "_exportVersion": 1,
  "_exportedAt": "2025-05-13T11:53:23.678Z",
  "_exportedBy": "http://localhost:3100"
}