{
  "iri": "31c15e62-6f46-4c53-ad4d-cf900421feb6/d39d0a25-871d-4422-94cd-fed1a7588a77/451ad9f0-bab0-4282-a1ca-2f35e6791f97/f7aef58f-08cf-4a4a-98be-f0cce977dfc4",
  "types": [
    "https://dataspecer.com/core/model-descriptor/pim-store-wrapper"
  ],
  "userMetadata": {
    "documentBaseUrl": "https://datagov-cz.github.io/cache-slovniku/time.ttl",
    "label": {
      "en": "time"
    }
  },
  "metadata": {
    "creationDate": "2025-05-13T11:52:28.043Z",
    "modificationDate": "2025-05-13T11:52:28.113Z"
  },
  "_version": 1,
  "_exportVersion": 1,
  "_exportedAt": "2025-05-13T11:53:23.667Z",
  "_exportedBy": "http://localhost:3100"
}