{
  "iri": "db2ad74f-ec45-4d46-84f8-24d36fbb4200",
  "types": [
    "http://dataspecer.com/resources/local/package"
  ],
  "userMetadata": {
    "label": {
      "cs": "DCAT-AP-CZ: Specifikace pro vyhlášku č. 360/2023 Sb., o dlouhodobém řízení informačních systémů veřejné správy"
    },
    "description": {}
  },
  "metadata": {
    "creationDate": "2025-03-06T13:04:29.089Z",
    "modificationDate": "2025-03-14T07:32:56.637Z"
  },
  "_version": 1,
  "_exportVersion": 1,
  "_exportedAt": "2025-03-14T07:38:38.338Z",
  "_exportedBy": "http://localhost:3100"
}