{
  "modelCompositionConfiguration": {
    "modelType": "application-profile",
    "model": "e5ed78a2-1b08-4e95-8602-f8160caf223c",
    "canAddEntities": false,
    "canModify": false,
    "profiles": {
      "modelType": "merge",
      "models": null
    }
  },
  "userPreferences": {},
  "configuration": {
    "https://schemas.dataspecer.com/documentation-generator-config/": {
      "partials": {
        "specification": "{{> definitions}}\n<!DOCTYPE html>\n  <html lang=\"cs\">\n    <head>\n      {{> html-head}}\n    </head>\n    <body>\n      <p class=\"copyright\"></p>\n      <section id=\"abstract\">\n        {{> abstract-cs}}\n      </section>\n\n      {{> introduction-cs}}\n\n<!--      <section>\n        <h2>{{#iflng \"cs\"}}Přehled{{lng}}Overview{{/iflng}}</h2>\n\n        {{#each externalArtifacts.svg}}\n          <a href=\"{{{URL}}}\">\n            <figure>\n              <img src=\"{{{URL}}}\" alt=\"{{translate ./label}}\" />\n              <figcaption>{{translate ./label}}</figcaption>\n            </figure>\n          </a>\n        {{/each}}\n      </section>-->\n\n      <section>\n        <h2>{{#iflng \"cs\"}}Třídy{{lng}}Classes{{/iflng}}</h2>\n\n        {{#if locallyDefinedSemanticEntityByTags.[https://w3id.org/dsv/class-role#main]}}\n          <section>\n            <h3>{{#iflng \"cs\"}}Hlavní třídy{{lng}}Main classes{{/iflng}}</h3>\n\n            {{#each locallyDefinedSemanticEntityByTags.[https://w3id.org/dsv/class-role#main]}}\n              {{#ifEquals type.[0] \"class-profile\"}}\n                {{> class-profile}}\n              {{/ifEquals}}\n            {{/each}}\n          </section>\n        {{/if}}\n\n        {{#if locallyDefinedSemanticEntityByTags.[https://w3id.org/dsv/class-role#supportive]}}\n          <section>\n            <h3>{{#iflng \"cs\"}}Podpůrné třídy{{lng}}Supportive classes{{/iflng}}</h3>\n\n            {{#each locallyDefinedSemanticEntityByTags.[https://w3id.org/dsv/class-role#supportive]}}\n              {{#ifEquals type.[0] \"class-profile\"}}\n                {{> class-profile}}\n              {{/ifEquals}}\n            {{/each}}\n          </section>\n        {{/if}}\n\n        {{#each locallyDefinedSemanticEntity}}\n          {{#ifEquals type.[0] \"class\"}}\n            {{> semantic-model-class}}\n          {{/ifEquals}}\n        {{/each}}\n\n        {{#each locallyDefinedSemanticEntityByTags.default}}\n          {{#ifEquals type.[0] \"class-profile\"}}\n            {{> class-profile}}\n          {{/ifEquals}}\n        {{/each}}\n\n        </section>\n\n        <!--<section>\n        <h2>{{#iflng \"cs\"}}Vlastnosti{{lng}}Properties{{/iflng}}</h2>\n        {{#each locallyDefinedSemanticEntity}}\n          {{#ifEquals type.[0] \"relationship\"}}\n            {{> semantic-model-relationship}}\n          {{/ifEquals}}\n        {{/each}}\n\n        {{#each locallyDefinedSemanticEntity}}\n          {{#ifEquals type.[0] \"relationship-profile\"}}\n\n          {{/ifEquals}}\n        {{/each}}\n        </section>-->\n\n      {{#structureModels}}\n        <section>\n        <h2>Specifikace struktury pro {{translate humanLabel}}</h2>\n        <p>{{translate humanDescription}}</p>\n\n        {{#artifacts}}{{#getDocumentation}}{{> (useTemplate)}}{{/getDocumentation}}{{/artifacts}}\n        </section>\n      {{/structureModels}}\n\n      {{> used-prefixes}}\n\n      {{> attachments}}\n    </body>\n  </html>",
        "html-head": "<meta charset=\"utf-8\" />\n<title>{{translate label}}</title>\n<meta name=\"color-scheme\" content=\"light dark\">\n<script type=\"application/ld+json\">\n  {{{json dsv}}}\n</script>\n<script\n  src=\"https://ofn.gov.cz/static/js/respec-odcz.js\"\n  class=\"remove\"\n  defer\n></script>\n<script class=\"remove\">\n  // All config options at https://respec.org/docs/\n  var respecConfig = {\n    specStatus: \"ED\",\n    shortName: \"dcat-ap-cz-360\",               \n    showPreviousVersion: false,\n    prevVersion: \"https://ofn.gov.cz/dcat-ap-cz-360-2023/draft/\",\n    thisVersion: \"https://ofn.gov.cz/dcat-ap-cz-360-2023/draft/\",\n    noRecTrack: true,\n    latestVersion: \"https://ofn.gov.cz/dcat-ap-cz-360-2023/\",\n    editors: [{\n      name: \"Jakub Klímek\",\n      orcid: \"0000-0001-7234-3051\",\n      company:    \"Digitální a informační agentura\",\n      companyURL: \"https://dia.gov.cz\"\n    }],\n    inlineCSS: \"true\",\n    github: \"https://github.com/datagov-cz/otevrene-formalni-normy/\",\n    otherLinks: [{\n        key: \"Links\",\n        data: [{\n            value: \"Portál otevřených dat\",\n            href: \"https://data.gov.cz\"\n        },{\n            value: \"Kontaktní e-mail\",\n            href: \"mailto:otevrenadata@dia.gov.cz\"\n        }]\n    }]\n  };\n</script>\n\n<style>\n  .figure img, .sidefigure img, figure img, .figure object, .sidefigure object, figure object, img, .img {\n    max-width: 100%;\n    margin: auto;\n    height: auto;\n  }\n\n  table.simple {\n    margin: auto;\n    border-spacing: 0;\n    border-collapse: collapse;\n  }\n\n  table.simple th {\n    padding: 3px 10px;\n    text-align: left;\n  }\n\n  table.simple td {\n    border-top: 1px solid #ddd;\n    padding: 3px 10px;\n  }\n</style>",
        "abstract-cs": "<p>\r\n    Cílem tohoto dokumentu je poskytnout specifikaci pro naplnění <a href=\"https://www.e-sbirka.cz/eli/cz/sb/2023/360/2024-07-01/dokument/norma/cast_2/hlava_7/par_24/odst_2\">§ 24 odst. 2 vyhlášky č. 360/2023 Sb., o dlouhodobém řízení informačních systémů veřejné správy</a>, který říká:\r\n    <cite>Údaje vedené v informačním systému jsou poskytovány podle otevřené formální normy pro rozhraní katalogů otevřených dat, kterou zveřejňuje Digitální a informační agentura způsobem umožňujícím dálkový přístup.</cite>\r\n</p>\r\n<p>\r\n  Tento dokument specifikuje, jak mají úřady v rámci metadat popisujících datové sady a rozhraní zaznamenat kategorie dle <a href=\"https://www.e-sbirka.cz/eli/cz/sb/2023/360/2024-07-01/dokument/norma/cast_2/hlava_6/par_23\">§ 23 vyhlášky 360/2023 Sb.</a> Určení a zaznamenání kategorií je nutným předpokladem pro samotné naplnění § 23 a § 24 vyhlášky, tj. pro následné kroky, kterými má správce ISVS na základě takto provedené kategorizace řídit aplikační architekturu řešení a enterprise architekturu úřadu tak, aby odpovídala různým způsobům zacházení s různými kategoriemi dat. \r\n</p>",
        "introduction-cs": "<section>\r\n<h2>Úvod</h2>\r\n<p>\r\n  Kategorizace dat bude provedena na třech úrovních:\r\n  <ol>\r\n    <li>\r\n      <strong>Kategorizace na úrovni pojmů v datovém slovníku</strong> předpokládá tvorbu datových slovníků dle <a href=\"../../slovníky/\">OFN Slovníky</a>, které budou obsahovat pojmy klasifikované kategoriemi dle <a href=\"https://www.e-sbirka.cz/eli/cz/sb/2023/360/2024-07-01/dokument/norma/cast_2/hlava_6/par_23\">§ 23 vyhlášky č. 360/2023 Sb., o dlouhodobém řízení informačních systémů veřejné správy</a>.\r\n    </li>\r\n    <li>\r\n      <strong>Kategorizace na úrovni datového rozhraní</strong> předpokládá klasifikaci datového rozhraní jako celku kategoriemi dle <a href=\"https://www.e-sbirka.cz/eli/cz/sb/2023/360/2024-07-01/dokument/norma/cast_2/hlava_6/par_23\">§ 23 vyhlášky č. 360/2023 Sb., o dlouhodobém řízení informačních systémů veřejné správy</a>.   \r\n    </li>\r\n    <li>\r\n      <strong>Kategorizace na úrovni pojmů v konkrétním datovém rozhraní</strong> předpokládá, že pojmy z vytvořených datových slovníků budou použity pro anotaci datových sad a datových rozhraní a uplatněním kategorizace dle <a href=\"https://www.e-sbirka.cz/eli/cz/sb/2023/360/2024-07-01/dokument/norma/cast_2/hlava_6/par_23\">§ 23 vyhlášky č. 360/2023 Sb., o dlouhodobém řízení informačních systémů veřejné správy</a> zde bude dále upřesněna informace o konkrétním údaji sdíleném v daném rozhraní. \r\n    </li>\r\n  </ol>\r\n</p>\r\n<p>\r\n    Specifikace proto obsahuje celkem 3 oblasti, ve kterých rozšiřuje obecný metadatový model <a href=\"../../dcat-ap-cz/\">DCAT-AP-CZ</a>.\r\n</p>\r\n<ol>\r\n    <li><a href=\"#datové-sady\">Anotace datových sad použitými pojmy</a> ze slovníků dle <a href=\"../../slovníky/\">OFN Slovníky</a></li>\r\n    <li><a href=\"#datová-rozhraní\">Klasifikace datových rozhraní</a> jako celku kategoriemi dle <a href=\"https://www.e-sbirka.cz/eli/cz/sb/2023/360/2024-07-01/dokument/norma/cast_2/hlava_6/par_23\">§ 23 vyhlášky č. 360/2023 Sb., o dlouhodobém řízení informačních systémů veřejné správy</a></li>\r\n    <li><a href=\"#údaje-v-rozhraních\">Anotace datových rozhraní</a> kategoriemi dle <a href=\"https://www.e-sbirka.cz/eli/cz/sb/2023/360/2024-07-01/dokument/norma/cast_2/hlava_6/par_23\">§ 23 vyhlášky č. 360/2023 Sb., o dlouhodobém řízení informačních systémů veřejné správy</a> pro jednotlivé sdílené údaje odpovídající pojmům z datových slovníků dle <a href=\"../../slovníky/\">OFN Slovníky</a></li>\r\n</ol>\r\n<p>\r\n  Jedná se o specifikaci založenou na propojených datech, předpokládá se tedy znalost <a href=\"../../propojená-data/\">Otevřené formální normy Propojená data</a> a serializace JSON-LD 1.1 [[json-ld11]].\r\n</p>\r\n<p>\r\n    Specifikace obsahuje následující technické artefakty:\r\n</p>\r\n<ol>\r\n    <li>\r\n        Katalog - obsahuje metadata katalogu a odkazy na záznamy datových sad\r\n        <ul>\r\n            <li><a href=\"schémata/katalog.json\">JSON Schéma Katalogu datových sad sdílených datovým rozhraním</a></li>\r\n            <li><a href=\"kontexty/katalog.jsonld\">JSON-LD kontext Katalogu datových sad sdílených datovým rozhraním</a></li>\r\n            <li><a href=\"příklady/katalog.jsonld\">Příklad Katalogu datových sad sdílených datovým rozhraním</a></li>        \r\n        </ul>\r\n    </li>\r\n    <li>\r\n        Datová sada sdílená datovým rozhraním\r\n        <ul>\r\n            <li><a href=\"schémata/datová-sada.json\">JSON Schéma Datové sady sdílené datovým rozhraním</a></li>\r\n            <li><a href=\"kontexty/datová-sada.jsonld\">JSON-LD kontext Datové sady sdílené datovým rozhraním</a></li>\r\n            <li><a href=\"příklady/datová-sada-s-popisem.jsonld\">Příklad Datové sady sdílené datovým rozhraním</a></li>        \r\n        </ul>\r\n    </li>\r\n</ol>\r\n\r\n<section id=\"datové-sady\">\r\n  <h3>Anotace datových sad použitými pojmy</h3>\r\n  <p>\r\n    Datové sady a rozhraní budou anotovány pomocí pojmů z datových slovníků vytvořených dle <a href=\"../../slovníky/\">OFN Slovníky</a> a anotovaných pro <a href=\"https://www.e-sbirka.cz/eli/cz/sb/2023/360/2024-07-01/dokument/norma/cast_2/hlava_6/par_23\">§ 23 vyhlášky č. 360/2023 Sb.</a>\r\n  </p>\r\n  <a href=\"./sp64j.svg?iri=db2ad74f-ec45-4d46-84f8-24d36fbb4200\">\r\n    <figure>\r\n      <img src=\"./sp64j.svg?iri=db2ad74f-ec45-4d46-84f8-24d36fbb4200\">\r\n      <figcaption>Anotace datových sad použitými pojmy</figcaption>\r\n    </figure>\r\n  </a>\r\n\r\n  <aside class=\"example\" title=\"Vzorový soubor se záznamem datové sady, souvisejících pojmů, datových rozhraní a jejich klasifikací a klasifikací pojmů sdílených skrz datová ve formátu JSON-LD\">\r\n                    <p>\r\n                        <a href=\"příklady/datová-sada-jen-klasifikace.jsonld\">JSON-LD</a>\r\n                    </p>\r\n                    <pre class=\"json\">{\r\n\"@context\": \"https://ofn.gov.cz/dcat-ap-cz-360-2023/draft/kontexty/datová-sada.jsonld\",\r\n\"iri\": \"https://data.md.gov.cz/registr-řidičů/řidiči\",\r\n\"typ\": \"Datová sada\",\r\n\"týká_se_pojmu\": [\r\n    \"https://slovník.gov.cz/legislativní/sbírka/361/2000/pojem/řidič-evidovaný-v-registru-řidičů\",\r\n    \"https://slovník.gov.cz/legislativní/sbírka/361/2000/pojem/řidič\"\r\n],\r\n\"právní_předpis\": [\r\n    \"https://www.e-sbirka.cz/eli/cz/sb/2000/365/2024-01-20\",\r\n    \"https://www.e-sbirka.cz/sb/2023/360/2024-07-01\"\r\n],\r\n\"distribuce\": [\r\n    {\r\n        \"iri\": \"https://data.md.gov.cz/isvs/1000/datová-rozhraní/1\",\r\n        \"typ\": [\r\n            \"Distribuce\",\r\n            \"Datové rozhraní\"\r\n        ],\r\n        \"způsob_získání_sdílených_údajů\": [\r\n            \"způsoby-získání:vlastní\"\r\n        ],\r\n        \"způsob_sdílení_údajů\": \"způsoby-sdílení:veřejně-přístupné\",\r\n        \"typ_obsahu_sdílených_údajů\": [\r\n            \"typy-obsahu:identifikační\",\r\n            \"typy-obsahu:statistické\"\r\n        ],\r\n        \"právní_předpis\": [\r\n            \"https://www.e-sbirka.cz/eli/cz/sb/2000/365/2024-01-20\",\r\n            \"https://www.e-sbirka.cz/sb/2023/360/2024-07-01\"\r\n        ]\r\n    },\r\n    {\r\n        \"iri\": \"https://data.md.gov.cz/isvs/1000/datová-rozhraní/2\",\r\n        \"typ\": [\r\n            \"Distribuce\",\r\n            \"Datové rozhraní\"\r\n        ],\r\n        \"způsob_získání_sdílených_údajů\": [\r\n            \"způsoby-získání:jiných-agend\",\r\n            \"způsoby-získání:základních-registrů\"\r\n        ],\r\n        \"způsob_sdílení_údajů\": \"způsoby-sdílení:poskytované-na-žádost\",\r\n        \"typ_obsahu_sdílených_údajů\": [\r\n            \"typy-obsahu:statistické\",\r\n            \"typy-obsahu:evidenční\"\r\n        ],\r\n        \"právní_předpis\": [\r\n            \"https://www.e-sbirka.cz/eli/cz/sb/2000/365/2024-01-20\",\r\n            \"https://www.e-sbirka.cz/sb/2023/360/2024-07-01\"\r\n        ],\r\n        \"sdílí_údaj\": [\r\n            {\r\n                \"typ\": \"Sdílení údaje\",\r\n                \"odpovídající_pojem\": \"https://slovník.gov.cz/legislativní/sbírka/361/2000/pojem/řidič\",\r\n                \"způsob_získání_sdílených_údajů\": \"způsoby-získání:vlastní\",\r\n                \"způsob_sdílení_údajů\": \"způsoby-sdílení:veřejně-přístupné\",\r\n                \"typ_obsahu_sdílených_údajů\": \"typy-obsahu:identifikační\"\r\n            },\r\n            {\r\n                \"typ\": \"Sdílení údaje\",\r\n                \"odpovídající_pojem\": \"https://slovník.gov.cz/legislativní/sbírka/361/2000/pojem/řidič-evidovaný-v-registru-řidičů\",\r\n                \"způsob_získání_sdílených_údajů\": \"způsoby-získání:vlastní\",\r\n                \"způsob_sdílení_údajů\": \"způsoby-sdílení:veřejně-přístupné\",\r\n                \"typ_obsahu_sdílených_údajů\": \"typy-obsahu:statistické\"\r\n            }\r\n        ]\r\n    }\r\n]}</pre>\r\n                </aside>\r\n\r\n                <aside class=\"example\" title=\"Vzorový soubor s úplným záznamem datové sady, souvisejících pojmů, datových rozhraní a jejich klasifikací a klasifikací pojmů sdílených skrz datová ve formátu JSON-LD\">\r\n                    <p>\r\n                        <a href=\"příklady/datová-sada-s-popisem.jsonld\">JSON-LD</a>, , <a href=\"kontexty/datová-sada.jsonld\">JSON-LD kontext</a>, <a href=\"schémata/datová-sada.json\">JSON schéma</a>.\r\n                    </p>\r\n                    <pre class=\"json\">{\r\n\"@context\": \"https://ofn.gov.cz/dcat-ap-cz-360-2023/draft/kontexty/datová-sada.jsonld\",\r\n\"iri\": \"https://data.gov.cz/lkod/mdcr/datové-sady/vld\",\r\n\"typ\": \"Datová sada\",\r\n\"název\": {\r\n    \"cs\": \"Jízdní řády veřejné linkové dopravy\",\r\n    \"en\": \"Public transport timetables\"\r\n},\r\n\"popis\": {\r\n    \"cs\": \"Obsahem datové sady jsou schválené a aktuálně platné jízdní řády veřejné linkové dopravy postoupené do Celostátního informačního systému o jízdních řádech ve strojově zpracovatelném formátu.\",\r\n    \"en\": \"This dataset contains approved timetables and timetables in effect for public transport entered into the state-wide timetable information system.\"\r\n},\r\n\"poskytovatel\": \"ovm:66003008\",\r\n\"téma\": [\r\n    \"témata:GOVE\"\r\n],\r\n\"periodicita_aktualizace\": \"frekvence:WEEKLY_3\",\r\n\"klíčové_slovo\": {\r\n    \"cs\": [\r\n        \"jízdní řády\",\r\n        \"veřejná linková doprava\",\r\n        \"autobus\"\r\n    ],\r\n    \"en\": [\r\n        \"timetable\",\r\n        \"public transport\",\r\n        \"bus\"\r\n    ]\r\n},\r\n\"časové_pokrytí\": {\r\n    \"typ\": \"Časový interval\",\r\n    \"začátek\": \"2009-01-01\",\r\n    \"konec\": \"2017-12-31\"\r\n},\r\n\"kontaktní_bod\": {\r\n    \"typ\": \"Organizace\",\r\n    \"jméno\": {\r\n        \"cs\": \"Ministerstvo dopravy, Odbor veřejné dopravy\",\r\n        \"en\": \"Ministry of Transport\"\r\n    },\r\n    \"e-mail\": \"mailto:sekretariat.190@mdcr.cz\"\r\n},\r\n\"dokumentace\": \"https://www.mdcr.cz/Dokumenty/Verejna-doprava/Jizdni-rady,-kalendare-pro-jizdni-rady,-metodi-(1)/Jizdni-rady-verejne-dopravy\",\r\n\"specifikace\": [\r\n    \"https://ofn.gov.cz/jízdní-řády/2020-05-01/\"\r\n],\r\n\"koncept_euroVoc\": [\r\n    \"euroVoc:4512\"\r\n],\r\n\"právní_předpis\": [\r\n    \"https://www.e-sbirka.cz/eli/cz/sb/2000/365/2024-01-20\",\r\n    \"https://www.e-sbirka.cz/sb/2023/360/2024-07-01\"\r\n],\r\n\"týká_se_pojmu\": [\r\n    \"https://slovník.gov.cz/legislativní/sbírka/361/2000/pojem/řidič-evidovaný-v-registru-řidičů\",\r\n    \"https://slovník.gov.cz/legislativní/sbírka/361/2000/pojem/řidič\"\r\n],\r\n\"je_zahrnuta_v_isvs\": \"isvs:3\",\r\n\"distribuce\": [\r\n    {\r\n        \"iri\": \"https://data.md.gov.cz/isvs/1000/datová-rozhraní/1\",\r\n        \"typ\": [\r\n            \"Distribuce\",\r\n            \"Datové rozhraní\"\r\n        ],\r\n        \"podmínky_užití\": {\r\n            \"typ\": \"Specifikace podmínek užití\",\r\n            \"autorské_dílo\": \"https://data.gov.cz/podmínky-užití/neobsahuje-autorská-díla/\",\r\n            \"databáze_chráněná_zvláštními_právy\": \"https://data.gov.cz/podmínky-užití/není-chráněna-zvláštním-právem-pořizovatele-databáze/\",\r\n            \"databáze_jako_autorské_dílo\": \"https://data.gov.cz/podmínky-užití/není-autorskoprávně-chráněnou-databází/\",\r\n            \"osobní_údaje\": \"https://data.gov.cz/podmínky-užití/neobsahuje-osobní-údaje/\"\r\n        },\r\n        \"přístupové_url\": \"https://portal.cisjr.cz/pub/draha/mestske/JDF.zip\",\r\n        \"soubor_ke_stažení\": \"https://portal.cisjr.cz/pub/draha/mestske/JDF.zip\",\r\n        \"formát\": \"formáty:ZIP\",\r\n        \"typ_média\": \"mediaTypes:application/json\",\r\n        \"schéma\": \"https://portal.cisjr.cz/schemata/json-schema.json\",\r\n        \"typ_média_komprese\": \"mediaTypes:application/zip\",\r\n        \"typ_média_balíčku\": \"mediaTypes:application/zip\",\r\n        \"název\": {\r\n            \"en\": \"JSON file in ZIP file\",\r\n            \"cs\": \"JSON soubor v ZIP soubrou\"\r\n        },\r\n        \"způsob_získání_sdílených_údajů\": [\r\n            \"způsoby-získání:vlastní\"\r\n        ],\r\n        \"způsob_sdílení_údajů\": \"způsoby-sdílení:veřejně-přístupné\",\r\n        \"typ_obsahu_sdílených_údajů\": [\r\n            \"typy-obsahu:identifikační\",\r\n            \"typy-obsahu:statistické\"\r\n        ],\r\n        \"právní_předpis\": [\r\n            \"https://www.e-sbirka.cz/eli/cz/sb/2000/365/2024-01-20\",\r\n            \"https://www.e-sbirka.cz/sb/2023/360/2024-07-01\"\r\n        ]\r\n    },\r\n    {\r\n        \"iri\": \"https://data.md.gov.cz/isvs/1000/datová-rozhraní/2\",\r\n        \"typ\": [\r\n            \"Distribuce\",\r\n            \"Datové rozhraní\"\r\n        ],\r\n        \"podmínky_užití\": {\r\n            \"typ\": \"Specifikace podmínek užití\",\r\n            \"autorské_dílo\": \"https://data.gov.cz/podmínky-užití/neobsahuje-autorská-díla/\",\r\n            \"databáze_chráněná_zvláštními_právy\": \"https://data.gov.cz/podmínky-užití/není-chráněna-zvláštním-právem-pořizovatele-databáze/\",\r\n            \"databáze_jako_autorské_dílo\": \"https://data.gov.cz/podmínky-užití/není-autorskoprávně-chráněnou-databází/\",\r\n            \"osobní_údaje\": \"https://data.gov.cz/podmínky-užití/neobsahuje-osobní-údaje/\"\r\n        },\r\n        \"přístupové_url\": \"https://portal.iscrr.cz/sparql\",\r\n        \"název\": {\r\n            \"en\": \"SPARQL endpoint for drivers\",\r\n            \"cs\": \"SPARQL endpoint pro řidiče\"\r\n        },\r\n        \"přístupová_služba\": {\r\n            \"iri\": \"https://data.md.gov.cz/isvs/1000/datová-rozhraní/2/služba/1\",\r\n            \"typ\": \"Datová služba\",\r\n            \"název\": {\r\n                \"cs\": \"SPARQL endpoint pro řidiče\",\r\n                \"en\": \"SPARQL endpoint for drivers\"\r\n            },\r\n            \"specifikace\": [\r\n                \"https://www.w3.org/TR/sparql11-protocol/\"\r\n            ],\r\n            \"přístupový_bod\": \"https://portal.iscrr.cz/sparql\",\r\n            \"popis_přístupového_bodu\": \"https://portal.iscrr.cz/sparql\",\r\n            \"právní_předpis\": [\r\n                \"https://www.e-sbirka.cz/eli/cz/sb/2000/365/2024-01-20\",\r\n                \"https://www.e-sbirka.cz/sb/2023/360/2024-07-01\"\r\n            ]\r\n        },\r\n        \"způsob_získání_sdílených_údajů\": [\r\n            \"způsoby-získání:jiných-agend\",\r\n            \"způsoby-získání:základních-registrů\"\r\n        ],\r\n        \"způsob_sdílení_údajů\": \"způsoby-sdílení:poskytované-na-žádost\",\r\n        \"typ_obsahu_sdílených_údajů\": [\r\n            \"typy-obsahu:statistické\",\r\n            \"typy-obsahu:evidenční\"\r\n        ],\r\n        \"právní_předpis\": [\r\n            \"https://www.e-sbirka.cz/eli/cz/sb/2000/365/2024-01-20\",\r\n            \"https://www.e-sbirka.cz/sb/2023/360/2024-07-01\"\r\n        ],\r\n        \"sdílí_údaj\": [\r\n            {\r\n                \"typ\": \"Sdílení údaje\",\r\n                \"odpovídající_pojem\": \"https://slovník.gov.cz/legislativní/sbírka/361/2000/pojem/řidič\",\r\n                \"způsob_získání_sdílených_údajů\": \"způsoby-získání:vlastní\",\r\n                \"způsob_sdílení_údajů\": \"způsoby-sdílení:veřejně-přístupné\",\r\n                \"typ_obsahu_sdílených_údajů\": \"typy-obsahu:identifikační\"\r\n            },\r\n            {\r\n                \"typ\": \"Sdílení údaje\",\r\n                \"odpovídající_pojem\": \"https://slovník.gov.cz/legislativní/sbírka/361/2000/pojem/řidič-evidovaný-v-registru-řidičů\",\r\n                \"způsob_získání_sdílených_údajů\": \"způsoby-získání:vlastní\",\r\n                \"způsob_sdílení_údajů\": \"způsoby-sdílení:veřejně-přístupné\",\r\n                \"typ_obsahu_sdílených_údajů\": \"typy-obsahu:statistické\"\r\n            }\r\n        ]\r\n    }\r\n]}</pre>\r\n    </aside>\r\n</section>\r\n\r\n<section id=\"datová-rozhraní\">\r\n  <h3>Klasifikace datových rozhraní</h3>\r\n  <p>\r\n    Všechny tři způsoby kategorizace dle <a href=\"https://www.e-sbirka.cz/eli/cz/sb/2023/360/2024-07-01/dokument/norma/cast_2/hlava_6/par_23\">§ 23 vyhlášky č. 360/2023 Sb., o dlouhodobém řízení informačních systémů veřejné správy</a>, tj. kategorie podle odst. 1 (způsob získání), odst. 2 (způsob sdílení) a odst. 3 (obsah), budou uplatněny také na úrovni datového rozhraní jako celku, čímž bude definován skutečný aktuální stav získávání a sdílení dat, tj. „jak to je“ - „de facto“. Bude tím řečeno, že přes dané (konkrétní, již existující a metadaty popsané) datové rozhraní poskytovatel sdílí např. svá vlastní agendová data (1c) a to buď veřejně (2a), na žádost (2b) nebo jiným agendám přes ISSS (2c).\r\n  </p>\r\n  <p>\r\n    Datové rozhraní musí mít přiřazenu právě jednu z kategorií podle odst. 2 (způsob sdílení), ale může (a často bude) mít přiřazenu více než jednu z kategorií podle odst. 1 (způsob získání) a 3 (obsah), pokud obsahuje data různého charakteru (např. identifikační i evidenční) a různě získaná (např. ze základních registrů i vlastní). \r\n  </p>\r\n  <a href=\"./ih19v.svg?iri=db2ad74f-ec45-4d46-84f8-24d36fbb4200\">\r\n  <figure>\r\n    <img src=\"./ih19v.svg?iri=db2ad74f-ec45-4d46-84f8-24d36fbb4200\">\r\n    <figcaption>Klasifikace datových rozhraní</figcaption>\r\n  </figure>\r\n  </a>\r\n\r\n  <aside class=\"example\" title=\"Vzorový soubor s klasifikací datových rozhraní ve formátu JSON-LD\">\r\n                    <p>\r\n                        <a href=\"příklady/datové-rozhraní.jsonld\">JSON-LD</a>.\r\n                    </p>\r\n                    <pre class=\"json\">[\r\n    {\r\n        \"iri\": \"https://data.md.gov.cz/isvs/1000/datová-rozhraní/1\",\r\n        \"typ\": [\"Distribuce\", \"Datové rozhraní\"],\r\n        \"způsob_získání_sdílených_údajů\": [\r\n            \"způsoby-získání:vlastní\"\r\n        ],\r\n        \"způsob_sdílení_údajů\": \"způsoby-sdílení:veřejně-přístupné\",\r\n        \"typ_obsahu_sdílených_údajů\": [\r\n            \"typy-obsahu:identifikační\",\r\n            \"typy-obsahu:statistické\"\r\n        ]\r\n    },\r\n    {\r\n        \"iri\": \"https://data.md.gov.cz/isvs/1000/datová-rozhraní/2\",\r\n        \"typ\": [\"Distribuce\", \"Datové rozhraní\"],\r\n        \"způsob_získání_sdílených_údajů\": [\r\n            \"způsoby-získání:jiných-agend\",\r\n            \"způsoby-získání:základních-registrů\"\r\n        ],\r\n        \"způsob_sdílení_údajů\": \"způsoby-sdílení:poskytované-na-žádost\",\r\n        \"typ_obsahu_sdílených_údajů\": [\r\n            \"typy-obsahu:statistické\",\r\n            \"typy-obsahu:evidenční\"\r\n        ]\r\n    }\r\n]</pre>\r\n                </aside>\r\n\r\n                <aside class=\"example\" title=\"Vzorový soubor s kompletním popisem datových rozhraní a jejich klasifikace ve formátu JSON-LD\">\r\n                    <p>\r\n                        <a href=\"příklady/datové-rozhraní-s-popisem.jsonld\">JSON-LD</a>.\r\n                    </p>\r\n                    <pre class=\"json\">[\r\n{\r\n    \"iri\": \"https://data.md.gov.cz/isvs/1000/datová-rozhraní/1\",\r\n    \"typ\": [\r\n        \"Distribuce\",\r\n        \"Datové rozhraní\"\r\n    ],\r\n    \"právní_předpis\": [\r\n        \"https://www.e-sbirka.cz/eli/cz/sb/2000/365/2024-01-20\",\r\n        \"https://www.e-sbirka.cz/sb/2023/360/2024-07-01\"\r\n    ],\r\n    \"podmínky_užití\": {\r\n        \"typ\": \"Specifikace podmínek užití\",\r\n        \"autorské_dílo\": \"https://data.gov.cz/podmínky-užití/neobsahuje-autorská-díla/\",\r\n        \"databáze_chráněná_zvláštními_právy\": \"https://data.gov.cz/podmínky-užití/není-chráněna-zvláštním-právem-pořizovatele-databáze/\",\r\n        \"databáze_jako_autorské_dílo\": \"https://data.gov.cz/podmínky-užití/není-autorskoprávně-chráněnou-databází/\",\r\n        \"osobní_údaje\": \"https://data.gov.cz/podmínky-užití/neobsahuje-osobní-údaje/\"\r\n    },\r\n    \"přístupové_url\": \"https://portal.cisjr.cz/pub/draha/mestske/JDF.zip\",\r\n    \"soubor_ke_stažení\": \"https://portal.cisjr.cz/pub/draha/mestske/JDF.zip\",\r\n    \"formát\": \"formáty:ZIP\",\r\n    \"typ_média\": \"mediaTypes:application/json\",\r\n    \"schéma\": \"https://portal.cisjr.cz/schemata/json-schema.json\",\r\n    \"typ_média_komprese\": \"mediaTypes:application/zip\",\r\n    \"typ_média_balíčku\": \"mediaTypes:application/zip\",\r\n    \"název\": {\r\n        \"en\": \"JSON file in ZIP file\",\r\n        \"cs\": \"JSON soubor v ZIP soubrou\"\r\n    },\r\n    \"způsob_získání_sdílených_údajů\": [\r\n        \"způsoby-získání:vlastní\"\r\n    ],\r\n    \"způsob_sdílení_údajů\": \"způsoby-sdílení:veřejně-přístupné\",\r\n    \"typ_obsahu_sdílených_údajů\": [\r\n        \"typy-obsahu:identifikační\",\r\n        \"typy-obsahu:statistické\"\r\n    ]\r\n},\r\n{\r\n    \"iri\": \"https://data.md.gov.cz/isvs/1000/datová-rozhraní/2\",\r\n    \"typ\": [\r\n        \"Distribuce\",\r\n        \"Datové rozhraní\"\r\n    ],\r\n    \"právní_předpis\": [\r\n        \"https://www.e-sbirka.cz/eli/cz/sb/2000/365/2024-01-20\",\r\n        \"https://www.e-sbirka.cz/sb/2023/360/2024-07-01\"\r\n    ],\r\n    \"podmínky_užití\": {\r\n        \"typ\": \"Specifikace podmínek užití\",\r\n        \"autorské_dílo\": \"https://data.gov.cz/podmínky-užití/neobsahuje-autorská-díla/\",\r\n        \"databáze_chráněná_zvláštními_právy\": \"https://data.gov.cz/podmínky-užití/není-chráněna-zvláštním-právem-pořizovatele-databáze/\",\r\n        \"databáze_jako_autorské_dílo\": \"https://data.gov.cz/podmínky-užití/není-autorskoprávně-chráněnou-databází/\",\r\n        \"osobní_údaje\": \"https://data.gov.cz/podmínky-užití/neobsahuje-osobní-údaje/\"\r\n    },\r\n    \"přístupové_url\": \"https://portal.iscrr.cz/sparql\",\r\n    \"název\": {\r\n        \"en\": \"SPARQL endpoint for drivers\",\r\n        \"cs\": \"SPARQL endpoint pro řidiče\"\r\n    },\r\n    \"přístupová_služba\": {\r\n        \"iri\": \"https://data.md.gov.cz/isvs/1000/datová-rozhraní/2/služba/1\",\r\n        \"typ\": \"Datová služba\",\r\n        \"název\": {\r\n            \"cs\": \"SPARQL endpoint pro řidiče\",\r\n            \"en\": \"SPARQL endpoint for drivers\"\r\n        },\r\n        \"specifikace\": [\r\n            \"https://www.w3.org/TR/sparql11-protocol/\"\r\n        ],\r\n        \"přístupový_bod\": \"https://portal.iscrr.cz/sparql\",\r\n        \"popis_přístupového_bodu\": \"https://portal.iscrr.cz/sparql\"\r\n    },\r\n    \"způsob_získání_sdílených_údajů\": [\r\n        \"způsoby-získání:jiných-agend\",\r\n        \"způsoby-získání:základních-registrů\"\r\n    ],\r\n    \"způsob_sdílení_údajů\": \"způsoby-sdílení:poskytované-na-žádost\",\r\n    \"typ_obsahu_sdílených_údajů\": [\r\n        \"typy-obsahu:statistické\",\r\n        \"typy-obsahu:evidenční\"\r\n    ],\r\n    \"sdílí_údaj\": [\r\n        {\r\n            \"typ\": \"Sdílení údaje\",\r\n            \"odpovídající_pojem\": \"https://slovník.gov.cz/legislativní/sbírka/361/2000/pojem/řidič\",\r\n            \"způsob_získání_sdílených_údajů\": \"způsoby-získání:vlastní\",\r\n            \"způsob_sdílení_údajů\": \"způsoby-sdílení:veřejně-přístupné\",\r\n            \"typ_obsahu_sdílených_údajů\": \"typy-obsahu:identifikační\"\r\n        },\r\n        {\r\n            \"typ\": \"Sdílení údaje\",\r\n            \"odpovídající_pojem\": \"https://slovník.gov.cz/legislativní/sbírka/361/2000/pojem/řidič-evidovaný-v-registru-řidičů\",\r\n            \"způsob_získání_sdílených_údajů\": \"způsoby-získání:vlastní\",\r\n            \"způsob_sdílení_údajů\": \"způsoby-sdílení:veřejně-přístupné\",\r\n            \"typ_obsahu_sdílených_údajů\": \"typy-obsahu:statistické\"\r\n        }\r\n    ]\r\n}]</pre>\r\n</aside>\r\n</section>\r\n\r\n<section id=\"údaje-v-rozhraních\">\r\n  <h3>Anotace datových rozhraní</h3>\r\n  <p>\r\n    Uplatnění všech tří způsobů kategorizace dle <a href=\"https://www.e-sbirka.cz/eli/cz/sb/2023/360/2024-07-01/dokument/norma/cast_2/hlava_6/par_23\">§ 23 vyhlášky č. 360/2023 Sb., o dlouhodobém řízení informačních systémů veřejné správy</a>, tj. kategorií podle odst. 1 (způsob získání), odst. 2 (způsob sdílení) a odst. 3 (obsah), je možné (a často žádoucí) také na úrovni konkrétního pojmu v konkrétním datovém rozhraní. Umožňuje to dále upřesnit informaci o tom, jak je konkrétní údaj v daném rozhraní „de facto“ zpřístupněn. Zároveň je možné díky tomu řešit situace, kdy má např. pojem obecně v datovém slovníku přiřazenu „de iure“ určitou kategorii, ale jeho konkrétní výskyt v daném rozhraní této kategorii reálně neodpovídá. Např. se může jednat o údaj, který je dostupný v základních registrech nebo získatelný od jiných úřadů, ale úřad jej zatím namísto z ISZR/ISSS získává přímo od klientů svých služeb. V popisu datového rozhraní, kterým tento údaj zpřístupňuje, pak odpovídající pojem kategorizuje jako „de facto“ vlastní agendový (1c ), přestože v datovém slovníku je „de iure“ kategorizován jako údaj základních registrů (1a) nebo jiných agend (1b). \r\n  </p>\r\n  <p>\r\n    Pokud nebude uvedena kategorizace na úrovni pojmů v katalogizačním záznamu rozhraní, bude se automaticky předpokládat, že reálný stav pojmu v daném rozhraní odpovídá stavu “de iure”. \r\n  </p>\r\n  <a href=\"./hvxg5.svg?iri=db2ad74f-ec45-4d46-84f8-24d36fbb4200\">\r\n    <figure>\r\n      <img src=\"./hvxg5.svg?iri=db2ad74f-ec45-4d46-84f8-24d36fbb4200\">\r\n      <figcaption>Anotace datových rozhraní</figcaption>\r\n    </figure>\r\n  </a>\r\n\r\n  <aside class=\"example\" title=\"Vzorový soubor s klasifikací údajů sdílených skrze datové rozhraní ve formátu JSON-LD\">\r\n                    <p>\r\n                        <a href=\"příklady/údaje-v-rozhraních.jsonld\">JSON-LD</a>.\r\n                    </p>\r\n                    <pre class=\"json\">[\r\n{\r\n  \"iri\": \"https://data.md.gov.cz/isvs/1000/datová-rozhraní/1\",\r\n  \"typ\": [\"Distribuce\", \"Datové rozhraní\"],\r\n  \"právní_předpis\": [\r\n      \"https://www.e-sbirka.cz/eli/cz/sb/2000/365/2024-01-20\",\r\n      \"https://www.e-sbirka.cz/sb/2023/360/2024-07-01\"\r\n  ],\r\n  \"sdílí_údaj\": [\r\n      {\r\n          \"typ\": \"Sdílení údaje\",\r\n          \"odpovídající_pojem\": [\r\n              \"https://slovník.gov.cz/legislativní/sbírka/361/2000/pojem/řidič\"\r\n          ],\r\n          \"způsob_získání_sdílených_údajů\": [\r\n              \"způsoby-získání:vlastní\"\r\n          ],\r\n          \"způsob_sdílení_údajů\": \"způsoby-sdílení:veřejně-přístupné\",\r\n          \"typ_obsahu_sdílených_údajů\": [\r\n              \"typy-obsahu:identifikační\"\r\n          ]\r\n      },\r\n      {\r\n          \"typ\": \"Sdílení údaje\",\r\n          \"odpovídající_pojem\": [\r\n              \"https://slovník.gov.cz/legislativní/sbírka/361/2000/pojem/řidič-evidovaný-v-registru-řidičů\"\r\n          ],\r\n          \"způsob_získání_sdílených_údajů\": [\r\n              \"způsoby-získání:vlastní\"\r\n          ],\r\n          \"způsob_sdílení_údajů\": \"způsoby-sdílení:veřejně-přístupné\",\r\n          \"typ_obsahu_sdílených_údajů\": [\r\n              \"typy-obsahu:statistické\"\r\n          ]\r\n      }\r\n  ]\r\n}]</pre>\r\n</aside>\r\n</section>\r\n\r\n</section>"
      }
    },
    "http://dataspecer.com/resources/local/layout-configuration": {
      "main": {
        "none": {
          "layout_alg": "none",
          "run_layered_after": false,
          "run_node_overlap_removal_after": false,
          "interactive": false
        },
        "elk_stress": {
          "layout_alg": "elk_stress",
          "stress_edge_len": 800,
          "number_of_new_algorithm_runs": 10,
          "advanced_settings": {},
          "run_layered_after": false,
          "run_node_overlap_removal_after": true,
          "interactive": false
        },
        "elk_layered": {
          "layout_alg": "elk_layered",
          "alg_direction": "UP",
          "layer_gap": 200,
          "in_layer_gap": 100,
          "edge_routing": "ORTHOGONAL",
          "advanced_settings": {},
          "run_layered_after": false,
          "run_node_overlap_removal_after": false,
          "interactive": false
        },
        "elk_force": {
          "layout_alg": "elk_force",
          "min_distance_between_nodes": 400,
          "force_alg_type": "FRUCHTERMAN_REINGOLD",
          "number_of_new_algorithm_runs": 10,
          "advanced_settings": {},
          "run_layered_after": false,
          "run_node_overlap_removal_after": true,
          "interactive": false
        },
        "random": {
          "layout_alg": "random",
          "advanced_settings": {},
          "run_layered_after": false,
          "run_node_overlap_removal_after": true,
          "interactive": false
        },
        "elk_radial": {
          "layout_alg": "elk_radial",
          "min_distance_between_nodes": 500,
          "advanced_settings": {},
          "run_layered_after": false,
          "run_node_overlap_removal_after": false,
          "interactive": false
        },
        "elk_overlapRemoval": {
          "layout_alg": "elk_overlapRemoval",
          "min_distance_between_nodes": 0,
          "advanced_settings": {},
          "run_layered_after": false,
          "run_node_overlap_removal_after": false,
          "interactive": true
        },
        "elk_stress_advanced_using_clusters": {
          "layout_alg": "elk_stress_advanced_using_clusters",
          "stress_edge_len": 800,
          "number_of_new_algorithm_runs": 10,
          "advanced_settings": {},
          "run_layered_after": false,
          "run_node_overlap_removal_after": true,
          "interactive": false
        },
        "elk_stress_profile": {
          "layout_alg": "elk_stress_profile",
          "profileEdgeLength": 400,
          "preferredProfileDirection": "UP",
          "stress_edge_len": 800,
          "number_of_new_algorithm_runs": 1,
          "advanced_settings": {},
          "run_layered_after": false,
          "run_node_overlap_removal_after": true,
          "interactive": true
        },
        "automatic": {
          "layout_alg": "automatic",
          "min_distance_between_nodes": 500,
          "number_of_new_algorithm_runs": 1,
          "advanced_settings": {},
          "run_layered_after": false,
          "run_node_overlap_removal_after": false,
          "interactive": false
        }
      },
      "general": {
        "none": {
          "layout_alg": "none",
          "run_layered_after": false,
          "run_node_overlap_removal_after": false,
          "interactive": false
        },
        "elk_stress": {
          "layout_alg": "elk_stress",
          "stress_edge_len": 800,
          "number_of_new_algorithm_runs": 10,
          "advanced_settings": {},
          "run_layered_after": false,
          "run_node_overlap_removal_after": true,
          "interactive": false
        },
        "elk_layered": {
          "layout_alg": "elk_layered",
          "alg_direction": "UP",
          "layer_gap": 200,
          "in_layer_gap": 100,
          "edge_routing": "ORTHOGONAL",
          "advanced_settings": {},
          "run_layered_after": false,
          "run_node_overlap_removal_after": false,
          "interactive": false
        },
        "elk_force": {
          "layout_alg": "elk_force",
          "min_distance_between_nodes": 400,
          "force_alg_type": "FRUCHTERMAN_REINGOLD",
          "number_of_new_algorithm_runs": 10,
          "advanced_settings": {},
          "run_layered_after": false,
          "run_node_overlap_removal_after": true,
          "interactive": false
        },
        "random": {
          "layout_alg": "random",
          "advanced_settings": {},
          "run_layered_after": false,
          "run_node_overlap_removal_after": true,
          "interactive": false
        },
        "elk_radial": {
          "layout_alg": "elk_radial",
          "min_distance_between_nodes": 500,
          "advanced_settings": {},
          "run_layered_after": false,
          "run_node_overlap_removal_after": false,
          "interactive": false
        },
        "elk_overlapRemoval": {
          "layout_alg": "elk_overlapRemoval",
          "min_distance_between_nodes": 0,
          "advanced_settings": {},
          "run_layered_after": false,
          "run_node_overlap_removal_after": false,
          "interactive": true
        },
        "elk_stress_advanced_using_clusters": {
          "layout_alg": "elk_stress_advanced_using_clusters",
          "stress_edge_len": 800,
          "number_of_new_algorithm_runs": 10,
          "advanced_settings": {},
          "run_layered_after": false,
          "run_node_overlap_removal_after": true,
          "interactive": false
        },
        "elk_stress_profile": {
          "layout_alg": "elk_stress_profile",
          "profileEdgeLength": 400,
          "preferredProfileDirection": "UP",
          "stress_edge_len": 800,
          "number_of_new_algorithm_runs": 10,
          "advanced_settings": {},
          "run_layered_after": false,
          "run_node_overlap_removal_after": true,
          "interactive": true
        },
        "automatic": {
          "layout_alg": "automatic",
          "min_distance_between_nodes": 500,
          "number_of_new_algorithm_runs": 1,
          "advanced_settings": {},
          "run_layered_after": false,
          "run_node_overlap_removal_after": false,
          "interactive": false
        }
      },
      "chosenMainAlgorithm": "elk_stress_profile",
      "chosenGeneralAlgorithm": "none",
      "additionalSteps": {}
    }
  }
}