{
  "iri": "48192f17-b300-4eb3-8c46-b3ed63bab12f",
  "types": [
    "http://dataspecer.com/resources/v1/psm"
  ],
  "userMetadata": {
    "label": {
      "cs": "Datová sada",
      "en": "Dataset"
    },
    "description": {
      "cs": "Datová struktura pro Datová sada. Kolekce dat poskytovaná či řízená jedním zdrojem, která je k dispozici pro přístup či stažení v jednom či více formátech.",
      "en": "Data structure for Dataset. A conceptual entity that represents the information published."
    }
  },
  "metadata": {
    "creationDate": "2025-03-07T09:51:59.976Z",
    "modificationDate": "2025-03-14T08:46:06.126Z"
  },
  "_version": 1,
  "_exportVersion": 1,
  "_exportedAt": "2025-03-14T08:46:34.156Z",
  "_exportedBy": "http://localhost:3100"
}