{
  "identifier": "c9af2149-e59f-4a6a-8e89-84d94a42442c",
  "version": 1,
  "type": "http://dataspecer.com/resources/local/visual-model",
  "entities": [
    {
      "identifier": "c9af2149-e59f-4a6a-8e89-84d94a42442c-model-metadata-entity",
      "type": [
        "entity-model-type"
      ],
      "label": {
        "en": "View for DCAT-AP-CZ: Specifikace pro vyhlášku č. 360/2023 Sb., o dlouhodobém řízení informačních systémů veřejné správy"
      }
    },
    {
      "type": [
        "http://dataspecer.com/resources/local/visual-model"
      ],
      "representedModel": "e5ed78a2-1b08-4e95-8602-f8160caf223c",
      "color": "#fc440f",
      "identifier": "abrntk"
    },
    {
      "type": [
        "http://dataspecer.com/resources/local/visual-model"
      ],
      "representedModel": "db2ad74f-ec45-4d46-84f8-24d36fbb4200/a6adac7d-aa67-4e4d-9262-b61bfe8ab276/profile",
      "color": "#92bcea",
      "identifier": "ogwmo"
    },
    {
      "type": [
        "http://dataspecer.com/resources/local/visual-model"
      ],
      "representedModel": "db2ad74f-ec45-4d46-84f8-24d36fbb4200/a6adac7d-aa67-4e4d-9262-b61bfe8ab276/7e202ce9-0e82-4e15-b69c-7dc126b89b12/7599e139-f0b4-4b86-bc33-8ce97b356f1b",
      "color": "#b8d6b8",
      "identifier": "83zqh"
    },
    {
      "type": [
        "http://dataspecer.com/resources/local/visual-model"
      ],
      "representedModel": "db2ad74f-ec45-4d46-84f8-24d36fbb4200/a6adac7d-aa67-4e4d-9262-b61bfe8ab276/7e202ce9-0e82-4e15-b69c-7dc126b89b12/b8ef93ef-ba5f-468d-8ba7-a4ea688fd35c",
      "color": "#8fab5c",
      "identifier": "qscrq"
    },
    {
      "type": [
        "http://dataspecer.com/resources/local/visual-model"
      ],
      "representedModel": "db2ad74f-ec45-4d46-84f8-24d36fbb4200/a6adac7d-aa67-4e4d-9262-b61bfe8ab276/7e202ce9-0e82-4e15-b69c-7dc126b89b12/vocabulary",
      "color": "#b8a3d3",
      "identifier": "u29py"
    },
    {
      "type": [
        "http://dataspecer.com/resources/local/visual-model"
      ],
      "representedModel": "db2ad74f-ec45-4d46-84f8-24d36fbb4200/a6adac7d-aa67-4e4d-9262-b61bfe8ab276/b007f8be-2b45-4d3f-93b2-944b06c610d4/481117db-1c04-4dca-a7de-4a273147aa3c",
      "color": "#e63462",
      "identifier": "3pzwn"
    },
    {
      "type": [
        "http://dataspecer.com/resources/local/visual-model"
      ],
      "representedModel": "db2ad74f-ec45-4d46-84f8-24d36fbb4200/a6adac7d-aa67-4e4d-9262-b61bfe8ab276/b007f8be-2b45-4d3f-93b2-944b06c610d4/00aebbef-d8d1-42b6-8235-5b8e5e7fd16c",
      "color": "#fc440f",
      "identifier": "zh1sn"
    },
    {
      "type": [
        "http://dataspecer.com/resources/local/visual-model"
      ],
      "representedModel": "db2ad74f-ec45-4d46-84f8-24d36fbb4200/a6adac7d-aa67-4e4d-9262-b61bfe8ab276/b007f8be-2b45-4d3f-93b2-944b06c610d4/profile",
      "color": "#b4e33d",
      "identifier": "fw6vhk"
    },
    {
      "type": [
        "http://dataspecer.com/resources/local/visual-model"
      ],
      "representedModel": "db2ad74f-ec45-4d46-84f8-24d36fbb4200/a6adac7d-aa67-4e4d-9262-b61bfe8ab276/b007f8be-2b45-4d3f-93b2-944b06c610d4/5858aa58-769f-484d-a2d3-3b82b0f26a10/a7fef5bb-f03f-44dc-874c-c03942716c3d",
      "color": "#b8a3d3",
      "identifier": "eds5v"
    },
    {
      "type": [
        "http://dataspecer.com/resources/local/visual-model"
      ],
      "representedModel": "db2ad74f-ec45-4d46-84f8-24d36fbb4200/a6adac7d-aa67-4e4d-9262-b61bfe8ab276/b007f8be-2b45-4d3f-93b2-944b06c610d4/5858aa58-769f-484d-a2d3-3b82b0f26a10/c6deb6a5-5ff3-49e3-aa4c-585ac3bc69a4",
      "color": "#d4f2d2",
      "identifier": "sy76q"
    },
    {
      "type": [
        "http://dataspecer.com/resources/local/visual-model"
      ],
      "representedModel": "db2ad74f-ec45-4d46-84f8-24d36fbb4200/a6adac7d-aa67-4e4d-9262-b61bfe8ab276/b007f8be-2b45-4d3f-93b2-944b06c610d4/5858aa58-769f-484d-a2d3-3b82b0f26a10/6a295ea9-58d7-4f86-a00e-ad81c32362c2",
      "color": "#b4e33d",
      "identifier": "a4125"
    },
    {
      "type": [
        "http://dataspecer.com/resources/local/visual-model"
      ],
      "representedModel": "db2ad74f-ec45-4d46-84f8-24d36fbb4200/a6adac7d-aa67-4e4d-9262-b61bfe8ab276/b007f8be-2b45-4d3f-93b2-944b06c610d4/5858aa58-769f-484d-a2d3-3b82b0f26a10/95b5a504-e22f-4355-b612-f1f31a531507",
      "color": "#8fab5c",
      "identifier": "ld55e"
    },
    {
      "type": [
        "http://dataspecer.com/resources/local/visual-model"
      ],
      "representedModel": "db2ad74f-ec45-4d46-84f8-24d36fbb4200/a6adac7d-aa67-4e4d-9262-b61bfe8ab276/b007f8be-2b45-4d3f-93b2-944b06c610d4/5858aa58-769f-484d-a2d3-3b82b0f26a10/6001e54c-6b07-4e1b-bec3-921c528d4b4d",
      "color": "#d4f2d2",
      "identifier": "69gsi"
    },
    {
      "type": [
        "http://dataspecer.com/resources/local/visual-model"
      ],
      "representedModel": "db2ad74f-ec45-4d46-84f8-24d36fbb4200/a6adac7d-aa67-4e4d-9262-b61bfe8ab276/b007f8be-2b45-4d3f-93b2-944b06c610d4/5858aa58-769f-484d-a2d3-3b82b0f26a10/399dc392-b0d7-4a45-801e-f0fdb0720eca",
      "color": "#8fab5c",
      "identifier": "cdc8c"
    },
    {
      "type": [
        "http://dataspecer.com/resources/local/visual-model"
      ],
      "representedModel": "db2ad74f-ec45-4d46-84f8-24d36fbb4200/a6adac7d-aa67-4e4d-9262-b61bfe8ab276/b007f8be-2b45-4d3f-93b2-944b06c610d4/5858aa58-769f-484d-a2d3-3b82b0f26a10/b51250d9-721e-44d5-8038-e6001851ab1b",
      "color": "#ff70a6",
      "identifier": "as7zhh"
    },
    {
      "type": [
        "http://dataspecer.com/resources/local/visual-model"
      ],
      "representedModel": "db2ad74f-ec45-4d46-84f8-24d36fbb4200/a6adac7d-aa67-4e4d-9262-b61bfe8ab276/b007f8be-2b45-4d3f-93b2-944b06c610d4/5858aa58-769f-484d-a2d3-3b82b0f26a10/a0a5940d-c082-4b91-acc9-0c4e482eb561",
      "color": "#ff70a6",
      "identifier": "0t43f"
    },
    {
      "type": [
        "http://dataspecer.com/resources/local/visual-model"
      ],
      "representedModel": "db2ad74f-ec45-4d46-84f8-24d36fbb4200/a6adac7d-aa67-4e4d-9262-b61bfe8ab276/b007f8be-2b45-4d3f-93b2-944b06c610d4/5858aa58-769f-484d-a2d3-3b82b0f26a10/3570508a-2aec-495e-8438-fbe1db5a1554",
      "color": "#8fab5c",
      "identifier": "riaesj"
    },
    {
      "type": [
        "http://dataspecer.com/resources/local/visual-model"
      ],
      "representedModel": "db2ad74f-ec45-4d46-84f8-24d36fbb4200/a6adac7d-aa67-4e4d-9262-b61bfe8ab276/b007f8be-2b45-4d3f-93b2-944b06c610d4/5858aa58-769f-484d-a2d3-3b82b0f26a10/d2c921e2-a39f-415f-bb30-1075692dac82",
      "color": "#4dc9ab",
      "identifier": "0tvtf"
    },
    {
      "type": [
        "http://dataspecer.com/resources/local/visual-model"
      ],
      "representedModel": "db2ad74f-ec45-4d46-84f8-24d36fbb4200/a6adac7d-aa67-4e4d-9262-b61bfe8ab276/b007f8be-2b45-4d3f-93b2-944b06c610d4/5858aa58-769f-484d-a2d3-3b82b0f26a10/3dd81a83-6b83-4f5f-9110-ae1e384d9988",
      "color": "#8da266",
      "identifier": "nk1jt"
    },
    {
      "type": [
        "http://dataspecer.com/resources/local/visual-model"
      ],
      "representedModel": "db2ad74f-ec45-4d46-84f8-24d36fbb4200/a6adac7d-aa67-4e4d-9262-b61bfe8ab276/b007f8be-2b45-4d3f-93b2-944b06c610d4/5858aa58-769f-484d-a2d3-3b82b0f26a10/c0c989a5-f93e-4601-9a09-1dc409c5bcc4",
      "color": "#d4f2d2",
      "identifier": "i4ohd"
    },
    {
      "type": [
        "http://dataspecer.com/resources/local/visual-model"
      ],
      "representedModel": "db2ad74f-ec45-4d46-84f8-24d36fbb4200/a6adac7d-aa67-4e4d-9262-b61bfe8ab276/b007f8be-2b45-4d3f-93b2-944b06c610d4/5858aa58-769f-484d-a2d3-3b82b0f26a10/1c9d30e5-c189-4fed-b0c4-b63524c90d54",
      "color": "#4dc9ab",
      "identifier": "xxmav"
    },
    {
      "type": [
        "http://dataspecer.com/resources/local/visual-model"
      ],
      "representedModel": "db2ad74f-ec45-4d46-84f8-24d36fbb4200/a6adac7d-aa67-4e4d-9262-b61bfe8ab276/b007f8be-2b45-4d3f-93b2-944b06c610d4/5858aa58-769f-484d-a2d3-3b82b0f26a10/profile",
      "color": "#1effbc",
      "identifier": "1k30l"
    },
    {
      "type": [
        "http://dataspecer.com/resources/local/visual-model"
      ],
      "representedModel": "rlmju",
      "color": "#92bcea",
      "identifier": "kfboa"
    },
    {
      "model": "e5ed78a2-1b08-4e95-8602-f8160caf223c",
      "representedEntity": "y1zfn4ysx6fm7xdp67s",
      "position": {
        "x": 2000,
        "y": 850
      },
      "content": [
        "aruiwuwt1x9m7xe0s93",
        "kam9hp4v0em7xe0zdp",
        "jja52o2dm3m7xe1iky"
      ],
      "visualModels": [],
      "type": [
        "visual-node"
      ],
      "identifier": "w0yfj"
    },
    {
      "model": "e5ed78a2-1b08-4e95-8602-f8160caf223c",
      "representedEntity": "2k7wafeu31gm7xdp9kd",
      "position": {
        "x": 1330,
        "y": 760
      },
      "content": [
        "98q2szno0mkm7xdybsv",
        "lcijh8jykwcm7xdy8b4"
      ],
      "visualModels": [],
      "type": [
        "visual-node"
      ],
      "identifier": "uvoxah"
    },
    {
      "model": "e5ed78a2-1b08-4e95-8602-f8160caf223c",
      "representedEntity": "rfatetrz4hdm7xdpcsw",
      "position": {
        "x": 670,
        "y": 950,
        "anchored": null
      },
      "content": [
        "6qkwwzp7obm7xdws89"
      ],
      "visualModels": [],
      "type": [
        "visual-node"
      ],
      "identifier": "xfkzy"
    },
    {
      "model": "e5ed78a2-1b08-4e95-8602-f8160caf223c",
      "representedEntity": "j9d4jypnb7jm7xdpeqw",
      "position": {
        "x": 2250,
        "y": 140,
        "anchored": null
      },
      "content": [],
      "visualModels": [],
      "type": [
        "visual-node"
      ],
      "identifier": "k59p"
    },
    {
      "model": "e5ed78a2-1b08-4e95-8602-f8160caf223c",
      "representedEntity": "djstwrb2xmdm7xdpjib",
      "position": {
        "x": 1660,
        "y": 1650
      },
      "content": [
        "88laiu8pqwhm7xdvt7u"
      ],
      "visualModels": [],
      "type": [
        "visual-node"
      ],
      "identifier": "808zi"
    },
    {
      "model": "e5ed78a2-1b08-4e95-8602-f8160caf223c",
      "representedEntity": "73y1fhyeajim7xdpukp",
      "position": {
        "x": 1940,
        "y": 50,
        "anchored": null
      },
      "content": [
        "vv09m8eabzm7xdus52",
        "vjnyqzdvedbm7xduxml"
      ],
      "visualModels": [],
      "type": [
        "visual-node"
      ],
      "identifier": "aa5hb"
    },
    {
      "model": "e5ed78a2-1b08-4e95-8602-f8160caf223c",
      "representedEntity": "wb6ljn9dy4m7xdq2xp",
      "position": {
        "x": 680,
        "y": 2740,
        "anchored": null
      },
      "content": [],
      "visualModels": [],
      "type": [
        "visual-node"
      ],
      "identifier": "pxhlx"
    },
    {
      "model": "e5ed78a2-1b08-4e95-8602-f8160caf223c",
      "representedEntity": "wiip9i1415m7xdq4uv",
      "position": {
        "x": 1330,
        "y": 3000,
        "anchored": null
      },
      "content": [],
      "visualModels": [],
      "type": [
        "visual-node"
      ],
      "identifier": "19d4w"
    },
    {
      "model": "e5ed78a2-1b08-4e95-8602-f8160caf223c",
      "representedEntity": "pmd6l80pgsm7xdq6t0",
      "position": {
        "x": 1580,
        "y": 170,
        "anchored": null
      },
      "content": [],
      "visualModels": [],
      "type": [
        "visual-node"
      ],
      "identifier": "u5b3i"
    },
    {
      "model": "e5ed78a2-1b08-4e95-8602-f8160caf223c",
      "representedEntity": "fc4k3ler8am7xdq8l6",
      "position": {
        "x": 2680,
        "y": 510,
        "anchored": null
      },
      "content": [],
      "visualModels": [],
      "type": [
        "visual-node"
      ],
      "identifier": "0dkqe"
    },
    {
      "model": "e5ed78a2-1b08-4e95-8602-f8160caf223c",
      "representedEntity": "cekoncua9cfm7xdqb4i",
      "position": {
        "x": 4190,
        "y": 50,
        "anchored": null
      },
      "content": [],
      "visualModels": [],
      "type": [
        "visual-node"
      ],
      "identifier": "kffjq"
    },
    {
      "model": "e5ed78a2-1b08-4e95-8602-f8160caf223c",
      "representedEntity": "1apgucxrfgxm7xdqdn3",
      "position": {
        "x": 2550,
        "y": 900,
        "anchored": null
      },
      "content": [],
      "visualModels": [],
      "type": [
        "visual-node"
      ],
      "identifier": "xxb3n"
    },
    {
      "model": "e5ed78a2-1b08-4e95-8602-f8160caf223c",
      "representedEntity": "m1p5jioy8lgm7xdqg2g",
      "position": {
        "x": 1390,
        "y": 390,
        "anchored": null
      },
      "content": [],
      "visualModels": [],
      "type": [
        "visual-node"
      ],
      "identifier": "lgbay"
    },
    {
      "model": "e5ed78a2-1b08-4e95-8602-f8160caf223c",
      "representedEntity": "7etnubafpvwm7xdqo72",
      "position": {
        "x": 1360,
        "y": 1090
      },
      "content": [],
      "visualModels": [],
      "type": [
        "visual-node"
      ],
      "identifier": "evxnj"
    },
    {
      "model": "e5ed78a2-1b08-4e95-8602-f8160caf223c",
      "representedEntity": "h6cudvufeim7xdqqkp",
      "position": {
        "x": 1900,
        "y": 410
      },
      "content": [],
      "visualModels": [],
      "type": [
        "visual-node"
      ],
      "identifier": "5odki"
    },
    {
      "model": "e5ed78a2-1b08-4e95-8602-f8160caf223c",
      "representedEntity": "xmdv5sqg1am7xdqslu",
      "position": {
        "x": 1210,
        "y": 1300
      },
      "content": [],
      "visualModels": [],
      "type": [
        "visual-node"
      ],
      "identifier": "dyemx"
    },
    {
      "model": "e5ed78a2-1b08-4e95-8602-f8160caf223c",
      "representedEntity": "j21j8492tvcm7xdqu9k",
      "position": {
        "x": 2490,
        "y": 300,
        "anchored": null
      },
      "content": [],
      "visualModels": [],
      "type": [
        "visual-node"
      ],
      "identifier": "wf3i1"
    },
    {
      "model": "e5ed78a2-1b08-4e95-8602-f8160caf223c",
      "representedEntity": "6lmyixr5t8cm7xdqw2v",
      "position": {
        "x": 50,
        "y": 630,
        "anchored": null
      },
      "content": [],
      "visualModels": [],
      "type": [
        "visual-node"
      ],
      "identifier": "lf24bl"
    },
    {
      "model": "e5ed78a2-1b08-4e95-8602-f8160caf223c",
      "representedEntity": "tolz24h39om7xdqxzd",
      "position": {
        "x": 710,
        "y": 1830
      },
      "content": [
        "mrshipfuv3m7xdssi5",
        "iounwan0zu8m7xdswu9"
      ],
      "visualModels": [],
      "type": [
        "visual-node"
      ],
      "identifier": "hge1k"
    },
    {
      "model": "e5ed78a2-1b08-4e95-8602-f8160caf223c",
      "representedEntity": "8ughfpv5uhm7xdqzye",
      "position": {
        "x": 70,
        "y": 2120,
        "anchored": null
      },
      "content": [],
      "visualModels": [],
      "type": [
        "visual-node"
      ],
      "identifier": "mswj2"
    },
    {
      "model": "e5ed78a2-1b08-4e95-8602-f8160caf223c",
      "representedRelationship": "tways7gfo2m7xds2od",
      "waypoints": [],
      "visualSource": "hge1k",
      "visualTarget": "mswj2",
      "type": [
        "visual-relationship"
      ],
      "identifier": "yoe1a"
    },
    {
      "model": "e5ed78a2-1b08-4e95-8602-f8160caf223c",
      "representedRelationship": "svar8c8y6mom7xds8x4",
      "waypoints": [],
      "visualSource": "hge1k",
      "visualTarget": "mswj2",
      "type": [
        "visual-relationship"
      ],
      "identifier": "doxjok"
    },
    {
      "model": "e5ed78a2-1b08-4e95-8602-f8160caf223c",
      "representedRelationship": "22sss622cnmm7xdsejh",
      "waypoints": [],
      "visualSource": "hge1k",
      "visualTarget": "mswj2",
      "type": [
        "visual-relationship"
      ],
      "identifier": "95ztj"
    },
    {
      "model": "e5ed78a2-1b08-4e95-8602-f8160caf223c",
      "representedRelationship": "cccbj879bem7xdsnn7",
      "waypoints": [],
      "visualSource": "hge1k",
      "visualTarget": "mswj2",
      "type": [
        "visual-relationship"
      ],
      "identifier": "u05xy"
    },
    {
      "model": "e5ed78a2-1b08-4e95-8602-f8160caf223c",
      "representedRelationship": "g5wd8wc7b4nm7xdt9sn",
      "waypoints": [],
      "visualSource": "808zi",
      "visualTarget": "dyemx",
      "type": [
        "visual-relationship"
      ],
      "identifier": "8nh3n"
    },
    {
      "model": "e5ed78a2-1b08-4e95-8602-f8160caf223c",
      "representedRelationship": "y9sjfldnhrm7xdtfwa",
      "waypoints": [],
      "visualSource": "808zi",
      "visualTarget": "pxhlx",
      "type": [
        "visual-relationship"
      ],
      "identifier": "p625r"
    },
    {
      "model": "e5ed78a2-1b08-4e95-8602-f8160caf223c",
      "representedRelationship": "fu6evxdjesim7xdtknb",
      "waypoints": [],
      "visualSource": "808zi",
      "visualTarget": "19d4w",
      "type": [
        "visual-relationship"
      ],
      "identifier": "ha7y2"
    },
    {
      "model": "e5ed78a2-1b08-4e95-8602-f8160caf223c",
      "representedRelationship": "p7ppncf3zudm7xdtu79",
      "waypoints": [],
      "visualSource": "808zi",
      "visualTarget": "19d4w",
      "type": [
        "visual-relationship"
      ],
      "identifier": "fngqc"
    },
    {
      "model": "e5ed78a2-1b08-4e95-8602-f8160caf223c",
      "representedRelationship": "tmm7gjapuhkm7xdtyw8",
      "waypoints": [],
      "visualSource": "808zi",
      "visualTarget": "19d4w",
      "type": [
        "visual-relationship"
      ],
      "identifier": "252xm"
    },
    {
      "model": "e5ed78a2-1b08-4e95-8602-f8160caf223c",
      "representedRelationship": "iph9x4wy2gm7xdu45j",
      "waypoints": [],
      "visualSource": "808zi",
      "visualTarget": "dyemx",
      "type": [
        "visual-relationship"
      ],
      "identifier": "vp5aw"
    },
    {
      "model": "e5ed78a2-1b08-4e95-8602-f8160caf223c",
      "representedRelationship": "jog0s12jtkm7xdud9y",
      "waypoints": [],
      "visualSource": "808zi",
      "visualTarget": "xfkzy",
      "type": [
        "visual-relationship"
      ],
      "identifier": "43w7y"
    },
    {
      "model": "e5ed78a2-1b08-4e95-8602-f8160caf223c",
      "representedRelationship": "tjia4f1n2tom7xdv48x",
      "waypoints": [],
      "visualSource": "9vu4s",
      "visualTarget": "04vw3i",
      "type": [
        "visual-relationship"
      ],
      "identifier": "molb6"
    },
    {
      "model": "e5ed78a2-1b08-4e95-8602-f8160caf223c",
      "representedRelationship": "qz46qp7tuncm7xdvetj",
      "waypoints": [],
      "visualSource": "808zi",
      "visualTarget": "dyemx",
      "type": [
        "visual-relationship"
      ],
      "identifier": "mjcsx"
    },
    {
      "model": "e5ed78a2-1b08-4e95-8602-f8160caf223c",
      "representedRelationship": "moeqz9l0qpqm7xdvkl0",
      "waypoints": [],
      "visualSource": "808zi",
      "visualTarget": "evxnj",
      "type": [
        "visual-relationship"
      ],
      "identifier": "3hfitf"
    },
    {
      "model": "e5ed78a2-1b08-4e95-8602-f8160caf223c",
      "representedRelationship": "qxlnqxd3yf9m7xdvpao",
      "waypoints": [],
      "visualSource": "808zi",
      "visualTarget": "hge1k",
      "type": [
        "visual-relationship"
      ],
      "identifier": "s3fw7k"
    },
    {
      "model": "e5ed78a2-1b08-4e95-8602-f8160caf223c",
      "representedRelationship": "4bd9615pbt5m7xdw73v",
      "waypoints": [],
      "visualSource": "xfkzy",
      "visualTarget": "evxnj",
      "type": [
        "visual-relationship"
      ],
      "identifier": "hpnh1"
    },
    {
      "model": "e5ed78a2-1b08-4e95-8602-f8160caf223c",
      "representedRelationship": "nl5im307nam7xdwbr7",
      "waypoints": [],
      "visualSource": "xfkzy",
      "visualTarget": "dyemx",
      "type": [
        "visual-relationship"
      ],
      "identifier": "4sxdu"
    },
    {
      "model": "e5ed78a2-1b08-4e95-8602-f8160caf223c",
      "representedRelationship": "0lkod53lt9km7xdwgoh",
      "waypoints": [],
      "visualSource": "xfkzy",
      "visualTarget": "dyemx",
      "type": [
        "visual-relationship"
      ],
      "identifier": "qij5og"
    },
    {
      "model": "e5ed78a2-1b08-4e95-8602-f8160caf223c",
      "representedRelationship": "4l7iccl2wam7xdwndp",
      "waypoints": [],
      "visualSource": "xfkzy",
      "visualTarget": "lf24bl",
      "type": [
        "visual-relationship"
      ],
      "identifier": "nqipx"
    },
    {
      "model": "e5ed78a2-1b08-4e95-8602-f8160caf223c",
      "representedRelationship": "1kli1hfzvcim7xdx29e",
      "waypoints": [],
      "visualSource": "xfkzy",
      "visualTarget": "98s47",
      "type": [
        "visual-relationship"
      ],
      "identifier": "spqas"
    },
    {
      "model": "e5ed78a2-1b08-4e95-8602-f8160caf223c",
      "representedRelationship": "tbh88f5hu3m7xdxkup",
      "waypoints": [],
      "visualSource": "uvoxah",
      "visualTarget": "5odki",
      "type": [
        "visual-relationship"
      ],
      "identifier": "0sac5h"
    },
    {
      "model": "e5ed78a2-1b08-4e95-8602-f8160caf223c",
      "representedRelationship": "k09epdgsawrm7xdxr4r",
      "waypoints": [],
      "visualSource": "uvoxah",
      "visualTarget": "9vu4s",
      "type": [
        "visual-relationship"
      ],
      "identifier": "dx4jb"
    },
    {
      "model": "e5ed78a2-1b08-4e95-8602-f8160caf223c",
      "representedRelationship": "dljka6pvjntm7xdxwxb",
      "waypoints": [],
      "visualSource": "uvoxah",
      "visualTarget": "98s47",
      "type": [
        "visual-relationship"
      ],
      "identifier": "mnq4"
    },
    {
      "model": "e5ed78a2-1b08-4e95-8602-f8160caf223c",
      "representedRelationship": "kz3jpri852hm7xdy3id",
      "waypoints": [],
      "visualSource": "uvoxah",
      "visualTarget": "w0yfj",
      "type": [
        "visual-relationship"
      ],
      "identifier": "q24hq"
    },
    {
      "model": "e5ed78a2-1b08-4e95-8602-f8160caf223c",
      "representedRelationship": "uw4phv10muam7xe21gk",
      "waypoints": [],
      "visualSource": "w0yfj",
      "visualTarget": "k59p",
      "type": [
        "visual-relationship"
      ],
      "identifier": "cnmfs"
    },
    {
      "model": "e5ed78a2-1b08-4e95-8602-f8160caf223c",
      "representedRelationship": "0lb2zoohzimm7xe27kb",
      "waypoints": [],
      "visualSource": "w0yfj",
      "visualTarget": "5odki",
      "type": [
        "visual-relationship"
      ],
      "identifier": "rtzht"
    },
    {
      "model": "e5ed78a2-1b08-4e95-8602-f8160caf223c",
      "representedRelationship": "7co6dd363q3m7xe2ez0",
      "waypoints": [],
      "visualSource": "w0yfj",
      "visualTarget": "lgbay",
      "type": [
        "visual-relationship"
      ],
      "identifier": "rrzlck"
    },
    {
      "model": "e5ed78a2-1b08-4e95-8602-f8160caf223c",
      "representedRelationship": "fuqpunkj6jjm7xe2mrl",
      "waypoints": [],
      "visualSource": "w0yfj",
      "visualTarget": "0dkqe",
      "type": [
        "visual-relationship"
      ],
      "identifier": "r1q1z"
    },
    {
      "model": "e5ed78a2-1b08-4e95-8602-f8160caf223c",
      "representedRelationship": "rpgcq6y88srm7xe2s72",
      "waypoints": [],
      "visualSource": "w0yfj",
      "visualTarget": "wf3i1",
      "type": [
        "visual-relationship"
      ],
      "identifier": "h7fm6h"
    },
    {
      "model": "e5ed78a2-1b08-4e95-8602-f8160caf223c",
      "representedRelationship": "d88cq8t66vkm7xe35nn",
      "waypoints": [],
      "visualSource": "w0yfj",
      "visualTarget": "u5b3i",
      "type": [
        "visual-relationship"
      ],
      "identifier": "czdus"
    },
    {
      "model": "e5ed78a2-1b08-4e95-8602-f8160caf223c",
      "representedRelationship": "nrg8nr4b47gm7xe3ctd",
      "waypoints": [],
      "visualSource": "w0yfj",
      "visualTarget": "aa5hb",
      "type": [
        "visual-relationship"
      ],
      "identifier": "8fam7"
    },
    {
      "model": "e5ed78a2-1b08-4e95-8602-f8160caf223c",
      "representedRelationship": "uaanb7hdmmm7xe3j6o",
      "waypoints": [],
      "visualSource": "w0yfj",
      "visualTarget": "9vu4s",
      "type": [
        "visual-relationship"
      ],
      "identifier": "6w84n"
    },
    {
      "model": "e5ed78a2-1b08-4e95-8602-f8160caf223c",
      "representedRelationship": "veoj86rdnxm7xe3op2",
      "waypoints": [],
      "visualSource": "w0yfj",
      "visualTarget": "98s47",
      "type": [
        "visual-relationship"
      ],
      "identifier": "trhom"
    },
    {
      "model": "e5ed78a2-1b08-4e95-8602-f8160caf223c",
      "representedRelationship": "49ctob5alw8m7xe3trz",
      "waypoints": [],
      "visualSource": "w0yfj",
      "visualTarget": "lf24bl",
      "type": [
        "visual-relationship"
      ],
      "identifier": "p8zsp"
    },
    {
      "model": "e5ed78a2-1b08-4e95-8602-f8160caf223c",
      "representedRelationship": "qu14bgxoafim7xe3zpc",
      "waypoints": [],
      "visualSource": "w0yfj",
      "visualTarget": "xxb3n",
      "type": [
        "visual-relationship"
      ],
      "identifier": "0xry3"
    },
    {
      "model": "e5ed78a2-1b08-4e95-8602-f8160caf223c",
      "representedRelationship": "3pwrjufegvlm7xe44xe",
      "waypoints": [],
      "visualSource": "w0yfj",
      "visualTarget": "evxnj",
      "type": [
        "visual-relationship"
      ],
      "identifier": "iarmx"
    },
    {
      "model": "e5ed78a2-1b08-4e95-8602-f8160caf223c",
      "representedRelationship": "6lqwon1f80bm7xe4boy",
      "waypoints": [],
      "visualSource": "w0yfj",
      "visualTarget": "808zi",
      "type": [
        "visual-relationship"
      ],
      "identifier": "2vpl3"
    },
    {
      "model": "e5ed78a2-1b08-4e95-8602-f8160caf223c",
      "representedEntity": "d9r04ar8r58m7xecuvl",
      "position": {
        "x": 2930,
        "y": 1540
      },
      "content": [],
      "visualModels": [],
      "type": [
        "visual-node"
      ],
      "identifier": "l9pi6"
    },
    {
      "model": "e5ed78a2-1b08-4e95-8602-f8160caf223c",
      "representedEntity": "sto9ksncv8jm7xeczsj",
      "position": {
        "x": 2430,
        "y": 2010
      },
      "content": [],
      "visualModels": [],
      "type": [
        "visual-node"
      ],
      "identifier": "5h0xv"
    },
    {
      "model": "e5ed78a2-1b08-4e95-8602-f8160caf223c",
      "representedEntity": "br9bchepgmqm7xed2dj",
      "position": {
        "x": 2370,
        "y": 1470
      },
      "content": [],
      "visualModels": [],
      "type": [
        "visual-node"
      ],
      "identifier": "51ifu"
    },
    {
      "model": "e5ed78a2-1b08-4e95-8602-f8160caf223c",
      "representedEntity": "2y8vsaemeecm7xed4vf",
      "position": {
        "x": 2440,
        "y": 2360
      },
      "content": [],
      "visualModels": [],
      "type": [
        "visual-node"
      ],
      "identifier": "esxb2l"
    },
    {
      "model": "e5ed78a2-1b08-4e95-8602-f8160caf223c",
      "representedEntity": "te27euyub6hm7xed7ev",
      "position": {
        "x": 3150,
        "y": 2010
      },
      "content": [],
      "visualModels": [],
      "type": [
        "visual-node"
      ],
      "identifier": "n5u7c"
    },
    {
      "model": "e5ed78a2-1b08-4e95-8602-f8160caf223c",
      "representedRelationship": "d91gp9mzp5m7xedn1n",
      "waypoints": [],
      "visualSource": "w0yfj",
      "visualTarget": "l9pi6",
      "type": [
        "visual-relationship"
      ],
      "identifier": "1kq0a"
    },
    {
      "model": "e5ed78a2-1b08-4e95-8602-f8160caf223c",
      "representedEntity": "hykk71m5hkdm7xefe0a",
      "position": {
        "x": 2820,
        "y": 840
      },
      "content": [],
      "visualModels": [],
      "type": [
        "visual-node"
      ],
      "identifier": "e0z0b"
    },
    {
      "model": "e5ed78a2-1b08-4e95-8602-f8160caf223c",
      "representedRelationship": "phjz1zpm3fkm7xefoj8",
      "waypoints": [],
      "visualSource": "e0z0b",
      "visualTarget": "w0yfj",
      "type": [
        "visual-relationship"
      ],
      "identifier": "mi94ih"
    },
    {
      "model": "e5ed78a2-1b08-4e95-8602-f8160caf223c",
      "representedRelationship": "me3smiynutem7xejnrm",
      "waypoints": [],
      "visualSource": "5h0xv",
      "visualTarget": "51ifu",
      "type": [
        "visual-relationship"
      ],
      "identifier": "ecrvn"
    },
    {
      "model": "e5ed78a2-1b08-4e95-8602-f8160caf223c",
      "representedRelationship": "0bccwq1h24pom7xek7ct",
      "waypoints": [],
      "visualSource": "5h0xv",
      "visualTarget": "n5u7c",
      "type": [
        "visual-relationship"
      ],
      "identifier": "mdljpl"
    },
    {
      "model": "e5ed78a2-1b08-4e95-8602-f8160caf223c",
      "representedRelationship": "3ku6ag5qtm7xekgna",
      "waypoints": [],
      "visualSource": "5h0xv",
      "visualTarget": "esxb2l",
      "type": [
        "visual-relationship"
      ],
      "identifier": "arscel"
    },
    {
      "model": "e5ed78a2-1b08-4e95-8602-f8160caf223c",
      "representedRelationship": "m3oftz2tbwm7xel3kn",
      "waypoints": [],
      "visualSource": "5h0xv",
      "visualTarget": "l9pi6",
      "type": [
        "visual-relationship"
      ],
      "identifier": "wpnk9j"
    },
    {
      "model": "e5ed78a2-1b08-4e95-8602-f8160caf223c",
      "representedRelationship": "tw8t5cbun6em7xeljuw",
      "waypoints": [],
      "visualSource": "808zi",
      "visualTarget": "5h0xv",
      "type": [
        "visual-relationship"
      ],
      "identifier": "d88co"
    },
    {
      "model": "e5ed78a2-1b08-4e95-8602-f8160caf223c",
      "representedRelationship": "kgmvqybqxzm7xemnkg",
      "waypoints": [],
      "visualSource": "808zi",
      "visualTarget": "n5u7c",
      "type": [
        "visual-relationship"
      ],
      "identifier": "1mki6"
    },
    {
      "model": "e5ed78a2-1b08-4e95-8602-f8160caf223c",
      "representedRelationship": "j4oqnbars4rm7xemypq",
      "waypoints": [],
      "visualSource": "808zi",
      "visualTarget": "51ifu",
      "type": [
        "visual-relationship"
      ],
      "identifier": "mpn0b"
    },
    {
      "model": "e5ed78a2-1b08-4e95-8602-f8160caf223c",
      "representedRelationship": "67z2yrsubx6m7xena7w",
      "waypoints": [],
      "visualSource": "808zi",
      "visualTarget": "esxb2l",
      "type": [
        "visual-relationship"
      ],
      "identifier": "mdlhif"
    },
    {
      "model": "e5ed78a2-1b08-4e95-8602-f8160caf223c",
      "representedEntity": "54zigbpv5dpm7yl98ce",
      "position": {
        "x": 1490,
        "y": 1630,
        "anchored": null
      },
      "content": [],
      "visualModels": [],
      "type": [
        "visual-node"
      ],
      "identifier": "04vw3i"
    },
    {
      "type": [
        "http://dataspecer.com/resources/local/visual-model"
      ],
      "representedModel": "db2ad74f-ec45-4d46-84f8-24d36fbb4200/05ce3820-90df-4746-96ae-2f23ef1369d5/profile",
      "color": "#b4e33d",
      "identifier": "bv31i"
    },
    {
      "type": [
        "http://dataspecer.com/resources/local/visual-model"
      ],
      "representedModel": "db2ad74f-ec45-4d46-84f8-24d36fbb4200/05ce3820-90df-4746-96ae-2f23ef1369d5/4871bd10-5939-4fc9-a750-d6bd5fa7e1fd/d09bfbb7-4333-458b-a80a-47d0f33db459",
      "color": "#e63462",
      "identifier": "f698v"
    },
    {
      "type": [
        "http://dataspecer.com/resources/local/visual-model"
      ],
      "representedModel": "db2ad74f-ec45-4d46-84f8-24d36fbb4200/05ce3820-90df-4746-96ae-2f23ef1369d5/4871bd10-5939-4fc9-a750-d6bd5fa7e1fd/42b7fccc-75b7-4aa8-ae44-5e130e91c591",
      "color": "#fc440f",
      "identifier": "9rfohf"
    },
    {
      "type": [
        "http://dataspecer.com/resources/local/visual-model"
      ],
      "representedModel": "db2ad74f-ec45-4d46-84f8-24d36fbb4200/05ce3820-90df-4746-96ae-2f23ef1369d5/4871bd10-5939-4fc9-a750-d6bd5fa7e1fd/vocabulary",
      "color": "#70d6ff",
      "identifier": "a59x7"
    },
    {
      "type": [
        "http://dataspecer.com/resources/local/visual-model"
      ],
      "representedModel": "db2ad74f-ec45-4d46-84f8-24d36fbb4200/05ce3820-90df-4746-96ae-2f23ef1369d5/c9a8ba71-7824-4796-bb45-b77ca05e4f90/86285bef-ff85-45ab-befa-535a75794bfc",
      "color": "#e63462",
      "identifier": "ryuvv"
    },
    {
      "type": [
        "http://dataspecer.com/resources/local/visual-model"
      ],
      "representedModel": "db2ad74f-ec45-4d46-84f8-24d36fbb4200/05ce3820-90df-4746-96ae-2f23ef1369d5/c9a8ba71-7824-4796-bb45-b77ca05e4f90/9393486b-1126-4d1a-b001-3df2b896112a",
      "color": "#ffd670",
      "identifier": "jz57f"
    },
    {
      "type": [
        "http://dataspecer.com/resources/local/visual-model"
      ],
      "representedModel": "db2ad74f-ec45-4d46-84f8-24d36fbb4200/05ce3820-90df-4746-96ae-2f23ef1369d5/c9a8ba71-7824-4796-bb45-b77ca05e4f90/profile",
      "color": "#ff70a6",
      "identifier": "t13gb"
    },
    {
      "type": [
        "http://dataspecer.com/resources/local/visual-model"
      ],
      "representedModel": "db2ad74f-ec45-4d46-84f8-24d36fbb4200/05ce3820-90df-4746-96ae-2f23ef1369d5/c9a8ba71-7824-4796-bb45-b77ca05e4f90/b7981750-8950-47be-81de-fe92c90bc12e/bdf7a4a6-cd61-4513-834b-a3e5bc7be4a1",
      "color": "#8fab5c",
      "identifier": "x1firk"
    },
    {
      "type": [
        "http://dataspecer.com/resources/local/visual-model"
      ],
      "representedModel": "db2ad74f-ec45-4d46-84f8-24d36fbb4200/05ce3820-90df-4746-96ae-2f23ef1369d5/c9a8ba71-7824-4796-bb45-b77ca05e4f90/b7981750-8950-47be-81de-fe92c90bc12e/905a9da6-6c7a-44a3-958e-370b1e32af81",
      "color": "#d4f2d2",
      "identifier": "9qabi"
    },
    {
      "type": [
        "http://dataspecer.com/resources/local/visual-model"
      ],
      "representedModel": "db2ad74f-ec45-4d46-84f8-24d36fbb4200/05ce3820-90df-4746-96ae-2f23ef1369d5/c9a8ba71-7824-4796-bb45-b77ca05e4f90/b7981750-8950-47be-81de-fe92c90bc12e/ce0136e1-1e8f-4224-be27-544f749b4e09",
      "color": "#ff848b",
      "identifier": "caurm"
    },
    {
      "type": [
        "http://dataspecer.com/resources/local/visual-model"
      ],
      "representedModel": "db2ad74f-ec45-4d46-84f8-24d36fbb4200/05ce3820-90df-4746-96ae-2f23ef1369d5/c9a8ba71-7824-4796-bb45-b77ca05e4f90/b7981750-8950-47be-81de-fe92c90bc12e/17f996e4-a8cf-4d61-a35b-6143a903e7ef",
      "color": "#8da266",
      "identifier": "syqpm"
    },
    {
      "type": [
        "http://dataspecer.com/resources/local/visual-model"
      ],
      "representedModel": "db2ad74f-ec45-4d46-84f8-24d36fbb4200/05ce3820-90df-4746-96ae-2f23ef1369d5/c9a8ba71-7824-4796-bb45-b77ca05e4f90/b7981750-8950-47be-81de-fe92c90bc12e/c6670dcf-8782-46ca-8b17-d7c9b1b0125d",
      "color": "#b8a3d3",
      "identifier": "zud2lj"
    },
    {
      "type": [
        "http://dataspecer.com/resources/local/visual-model"
      ],
      "representedModel": "db2ad74f-ec45-4d46-84f8-24d36fbb4200/05ce3820-90df-4746-96ae-2f23ef1369d5/c9a8ba71-7824-4796-bb45-b77ca05e4f90/b7981750-8950-47be-81de-fe92c90bc12e/fa454b39-0cd8-4246-94b5-18b756c40bcb",
      "color": "#e63462",
      "identifier": "4lw2"
    },
    {
      "type": [
        "http://dataspecer.com/resources/local/visual-model"
      ],
      "representedModel": "db2ad74f-ec45-4d46-84f8-24d36fbb4200/05ce3820-90df-4746-96ae-2f23ef1369d5/c9a8ba71-7824-4796-bb45-b77ca05e4f90/b7981750-8950-47be-81de-fe92c90bc12e/16481b29-ee41-4eeb-a4c3-58aa63fee761",
      "color": "#1effbc",
      "identifier": "05c9d"
    },
    {
      "type": [
        "http://dataspecer.com/resources/local/visual-model"
      ],
      "representedModel": "db2ad74f-ec45-4d46-84f8-24d36fbb4200/05ce3820-90df-4746-96ae-2f23ef1369d5/c9a8ba71-7824-4796-bb45-b77ca05e4f90/b7981750-8950-47be-81de-fe92c90bc12e/1beb1631-5a4d-4c5b-98cb-afd7ad6750bc",
      "color": "#70d6ff",
      "identifier": "cwbwrj"
    },
    {
      "type": [
        "http://dataspecer.com/resources/local/visual-model"
      ],
      "representedModel": "db2ad74f-ec45-4d46-84f8-24d36fbb4200/05ce3820-90df-4746-96ae-2f23ef1369d5/c9a8ba71-7824-4796-bb45-b77ca05e4f90/b7981750-8950-47be-81de-fe92c90bc12e/025d4dd0-b613-4c7b-8d3b-3ecfb8e78870",
      "color": "#8da266",
      "identifier": "22evz"
    },
    {
      "type": [
        "http://dataspecer.com/resources/local/visual-model"
      ],
      "representedModel": "db2ad74f-ec45-4d46-84f8-24d36fbb4200/05ce3820-90df-4746-96ae-2f23ef1369d5/c9a8ba71-7824-4796-bb45-b77ca05e4f90/b7981750-8950-47be-81de-fe92c90bc12e/18070fd6-b6f8-475c-bb1f-00abad9049ef",
      "color": "#8da266",
      "identifier": "59ggp"
    },
    {
      "type": [
        "http://dataspecer.com/resources/local/visual-model"
      ],
      "representedModel": "db2ad74f-ec45-4d46-84f8-24d36fbb4200/05ce3820-90df-4746-96ae-2f23ef1369d5/c9a8ba71-7824-4796-bb45-b77ca05e4f90/b7981750-8950-47be-81de-fe92c90bc12e/11cebceb-e11b-4ab9-ba1a-d54828dc491d",
      "color": "#b8d6b8",
      "identifier": "iq9lyj"
    },
    {
      "type": [
        "http://dataspecer.com/resources/local/visual-model"
      ],
      "representedModel": "db2ad74f-ec45-4d46-84f8-24d36fbb4200/05ce3820-90df-4746-96ae-2f23ef1369d5/c9a8ba71-7824-4796-bb45-b77ca05e4f90/b7981750-8950-47be-81de-fe92c90bc12e/c840db7d-73bc-4c82-8b1f-4f312e1d64cd",
      "color": "#b8d6b8",
      "identifier": "xh8n1"
    },
    {
      "type": [
        "http://dataspecer.com/resources/local/visual-model"
      ],
      "representedModel": "db2ad74f-ec45-4d46-84f8-24d36fbb4200/05ce3820-90df-4746-96ae-2f23ef1369d5/c9a8ba71-7824-4796-bb45-b77ca05e4f90/b7981750-8950-47be-81de-fe92c90bc12e/79924582-34dc-4254-a4be-67d5d1b17257",
      "color": "#92bcea",
      "identifier": "ym5kgf"
    },
    {
      "type": [
        "http://dataspecer.com/resources/local/visual-model"
      ],
      "representedModel": "db2ad74f-ec45-4d46-84f8-24d36fbb4200/05ce3820-90df-4746-96ae-2f23ef1369d5/c9a8ba71-7824-4796-bb45-b77ca05e4f90/b7981750-8950-47be-81de-fe92c90bc12e/profile",
      "color": "#ffb770",
      "identifier": "hl9gz"
    },
    {
      "model": "e5ed78a2-1b08-4e95-8602-f8160caf223c",
      "representedEntity": "a9q572mr9e7m7yofh1w",
      "position": {
        "x": 610,
        "y": 590,
        "anchored": null
      },
      "content": [],
      "visualModels": [],
      "type": [
        "visual-node"
      ],
      "identifier": "98s47"
    },
    {
      "type": [
        "http://dataspecer.com/resources/local/visual-model"
      ],
      "representedModel": "db2ad74f-ec45-4d46-84f8-24d36fbb4200/4647bae8-bd76-48f9-b32d-dbbebdf10666/profile",
      "color": "#70d6ff",
      "identifier": "3y68k"
    },
    {
      "type": [
        "http://dataspecer.com/resources/local/visual-model"
      ],
      "representedModel": "db2ad74f-ec45-4d46-84f8-24d36fbb4200/4647bae8-bd76-48f9-b32d-dbbebdf10666/b20535c6-f7bb-454c-935a-8b8e25265106/4a9de9c4-f22c-4964-aa55-a7008d8082ed",
      "color": "#4dc9ab",
      "identifier": "9x6j5"
    },
    {
      "type": [
        "http://dataspecer.com/resources/local/visual-model"
      ],
      "representedModel": "db2ad74f-ec45-4d46-84f8-24d36fbb4200/4647bae8-bd76-48f9-b32d-dbbebdf10666/b20535c6-f7bb-454c-935a-8b8e25265106/6ccf24f0-4353-48ca-ad58-33d502ee519a",
      "color": "#ffb770",
      "identifier": "8d3co"
    },
    {
      "type": [
        "http://dataspecer.com/resources/local/visual-model"
      ],
      "representedModel": "db2ad74f-ec45-4d46-84f8-24d36fbb4200/4647bae8-bd76-48f9-b32d-dbbebdf10666/b20535c6-f7bb-454c-935a-8b8e25265106/vocabulary",
      "color": "#b4e33d",
      "identifier": "r7jrbl"
    },
    {
      "type": [
        "http://dataspecer.com/resources/local/visual-model"
      ],
      "representedModel": "db2ad74f-ec45-4d46-84f8-24d36fbb4200/4647bae8-bd76-48f9-b32d-dbbebdf10666/395b8090-0dbb-4a5f-8581-a9b3a81c3db3/bb9a50f5-efda-46f2-b26c-fe5a68570aa5",
      "color": "#e63462",
      "identifier": "9vd6m"
    },
    {
      "type": [
        "http://dataspecer.com/resources/local/visual-model"
      ],
      "representedModel": "db2ad74f-ec45-4d46-84f8-24d36fbb4200/4647bae8-bd76-48f9-b32d-dbbebdf10666/395b8090-0dbb-4a5f-8581-a9b3a81c3db3/e99c2b8a-1744-4ee5-b368-79b40454ab64",
      "color": "#ffb770",
      "identifier": "zv9md"
    },
    {
      "type": [
        "http://dataspecer.com/resources/local/visual-model"
      ],
      "representedModel": "db2ad74f-ec45-4d46-84f8-24d36fbb4200/4647bae8-bd76-48f9-b32d-dbbebdf10666/395b8090-0dbb-4a5f-8581-a9b3a81c3db3/profile",
      "color": "#b8a3d3",
      "identifier": "ppitg"
    },
    {
      "type": [
        "http://dataspecer.com/resources/local/visual-model"
      ],
      "representedModel": "db2ad74f-ec45-4d46-84f8-24d36fbb4200/4647bae8-bd76-48f9-b32d-dbbebdf10666/395b8090-0dbb-4a5f-8581-a9b3a81c3db3/85ae0008-8d16-425a-b761-88936488d683/2ccfa945-fbff-4e7a-a23a-540c91935700",
      "color": "#b8a3d3",
      "identifier": "fllnmg"
    },
    {
      "type": [
        "http://dataspecer.com/resources/local/visual-model"
      ],
      "representedModel": "db2ad74f-ec45-4d46-84f8-24d36fbb4200/4647bae8-bd76-48f9-b32d-dbbebdf10666/395b8090-0dbb-4a5f-8581-a9b3a81c3db3/85ae0008-8d16-425a-b761-88936488d683/bcbd93b9-f91c-4570-9484-c5c73fe9f96f",
      "color": "#b8a3d3",
      "identifier": "n8t2v"
    },
    {
      "type": [
        "http://dataspecer.com/resources/local/visual-model"
      ],
      "representedModel": "db2ad74f-ec45-4d46-84f8-24d36fbb4200/4647bae8-bd76-48f9-b32d-dbbebdf10666/395b8090-0dbb-4a5f-8581-a9b3a81c3db3/85ae0008-8d16-425a-b761-88936488d683/0b7b3926-f27e-4a05-a7d1-205ea85d1d46",
      "color": "#70d6ff",
      "identifier": "jguqi"
    },
    {
      "type": [
        "http://dataspecer.com/resources/local/visual-model"
      ],
      "representedModel": "db2ad74f-ec45-4d46-84f8-24d36fbb4200/4647bae8-bd76-48f9-b32d-dbbebdf10666/395b8090-0dbb-4a5f-8581-a9b3a81c3db3/85ae0008-8d16-425a-b761-88936488d683/42538793-ce41-40cb-b0ed-7bd3dff127bf",
      "color": "#8fab5c",
      "identifier": "dxqmk"
    },
    {
      "type": [
        "http://dataspecer.com/resources/local/visual-model"
      ],
      "representedModel": "db2ad74f-ec45-4d46-84f8-24d36fbb4200/4647bae8-bd76-48f9-b32d-dbbebdf10666/395b8090-0dbb-4a5f-8581-a9b3a81c3db3/85ae0008-8d16-425a-b761-88936488d683/3a6f21ea-2417-417a-a44a-0698015cda4c",
      "color": "#ff70a6",
      "identifier": "9t9hn"
    },
    {
      "type": [
        "http://dataspecer.com/resources/local/visual-model"
      ],
      "representedModel": "db2ad74f-ec45-4d46-84f8-24d36fbb4200/4647bae8-bd76-48f9-b32d-dbbebdf10666/395b8090-0dbb-4a5f-8581-a9b3a81c3db3/85ae0008-8d16-425a-b761-88936488d683/1d74d68a-c88b-47f4-9a8a-ca75c49ac823",
      "color": "#ffb770",
      "identifier": "op6ew"
    },
    {
      "type": [
        "http://dataspecer.com/resources/local/visual-model"
      ],
      "representedModel": "db2ad74f-ec45-4d46-84f8-24d36fbb4200/4647bae8-bd76-48f9-b32d-dbbebdf10666/395b8090-0dbb-4a5f-8581-a9b3a81c3db3/85ae0008-8d16-425a-b761-88936488d683/29905b4f-027f-4a20-b28f-5e5682e833cd",
      "color": "#ff848b",
      "identifier": "y8skl"
    },
    {
      "type": [
        "http://dataspecer.com/resources/local/visual-model"
      ],
      "representedModel": "db2ad74f-ec45-4d46-84f8-24d36fbb4200/4647bae8-bd76-48f9-b32d-dbbebdf10666/395b8090-0dbb-4a5f-8581-a9b3a81c3db3/85ae0008-8d16-425a-b761-88936488d683/2567c1d2-ac87-4cb5-bac2-b43911e931e6",
      "color": "#ff9770",
      "identifier": "do0fv"
    },
    {
      "type": [
        "http://dataspecer.com/resources/local/visual-model"
      ],
      "representedModel": "db2ad74f-ec45-4d46-84f8-24d36fbb4200/4647bae8-bd76-48f9-b32d-dbbebdf10666/395b8090-0dbb-4a5f-8581-a9b3a81c3db3/85ae0008-8d16-425a-b761-88936488d683/b5323293-3fa0-496e-8fbc-8cd1d53fb24c",
      "color": "#fc440f",
      "identifier": "c8fdsg"
    },
    {
      "type": [
        "http://dataspecer.com/resources/local/visual-model"
      ],
      "representedModel": "db2ad74f-ec45-4d46-84f8-24d36fbb4200/4647bae8-bd76-48f9-b32d-dbbebdf10666/395b8090-0dbb-4a5f-8581-a9b3a81c3db3/85ae0008-8d16-425a-b761-88936488d683/a395d90a-6597-4403-9428-62b290cb87e2",
      "color": "#b4e33d",
      "identifier": "0evis"
    },
    {
      "type": [
        "http://dataspecer.com/resources/local/visual-model"
      ],
      "representedModel": "db2ad74f-ec45-4d46-84f8-24d36fbb4200/4647bae8-bd76-48f9-b32d-dbbebdf10666/395b8090-0dbb-4a5f-8581-a9b3a81c3db3/85ae0008-8d16-425a-b761-88936488d683/51f360b2-dbf0-46eb-b422-108b5d639c8b",
      "color": "#ffd670",
      "identifier": "q7ttl"
    },
    {
      "type": [
        "http://dataspecer.com/resources/local/visual-model"
      ],
      "representedModel": "db2ad74f-ec45-4d46-84f8-24d36fbb4200/4647bae8-bd76-48f9-b32d-dbbebdf10666/395b8090-0dbb-4a5f-8581-a9b3a81c3db3/85ae0008-8d16-425a-b761-88936488d683/40018027-664e-4462-b395-f62318c22dfa",
      "color": "#d4f2d2",
      "identifier": "38v9eg"
    },
    {
      "type": [
        "http://dataspecer.com/resources/local/visual-model"
      ],
      "representedModel": "db2ad74f-ec45-4d46-84f8-24d36fbb4200/4647bae8-bd76-48f9-b32d-dbbebdf10666/395b8090-0dbb-4a5f-8581-a9b3a81c3db3/85ae0008-8d16-425a-b761-88936488d683/56056563-69df-4d01-b22c-92b33734c587",
      "color": "#70d6ff",
      "identifier": "on5ex"
    },
    {
      "type": [
        "http://dataspecer.com/resources/local/visual-model"
      ],
      "representedModel": "db2ad74f-ec45-4d46-84f8-24d36fbb4200/4647bae8-bd76-48f9-b32d-dbbebdf10666/395b8090-0dbb-4a5f-8581-a9b3a81c3db3/85ae0008-8d16-425a-b761-88936488d683/profile",
      "color": "#ff9770",
      "identifier": "idtyei"
    },
    {
      "model": "e5ed78a2-1b08-4e95-8602-f8160caf223c",
      "representedEntity": "i16b2q5y6g9m87efzyf",
      "position": {
        "x": 600,
        "y": 410,
        "anchored": null
      },
      "content": [
        "fibv6k08v37m7xdv927"
      ],
      "visualModels": [],
      "type": [
        "visual-node"
      ],
      "identifier": "9vu4s"
    }
  ]
}