{
  "iri": "c9af2149-e59f-4a6a-8e89-84d94a42442c",
  "types": [
    "http://dataspecer.com/resources/local/visual-model"
  ],
  "userMetadata": {
    "label": {
      "en": "View for DCAT-AP-CZ: Specifikace pro vyhlášku č. 360/2023 Sb., o dlouhodobém řízení informačních systémů veřejné správy"
    },
    "description": {
      "en": "View model for the profile"
    }
  },
  "metadata": {
    "creationDate": "2025-03-06T13:04:37.259Z",
    "modificationDate": "2025-03-13T13:46:01.162Z"
  },
  "_version": 1,
  "_exportVersion": 1,
  "_exportedAt": "2025-03-14T07:38:38.186Z",
  "_exportedBy": "http://localhost:3100"
}