{
  "iri": "e5ed78a2-1b08-4e95-8602-f8160caf223c",
  "types": [
    "http://dataspecer.com/resources/local/semantic-model"
  ],
  "userMetadata": {
    "label": {
      "en": "DCAT-AP-CZ: Specifikace pro vyhlášku č. 360/2023 Sb., o dlouhodobém řízení informačních systémů veřejné správy"
    },
    "description": {
      "en": "Semantic model for the profile"
    }
  },
  "metadata": {
    "creationDate": "2025-03-06T13:04:37.213Z",
    "modificationDate": "2025-03-13T16:13:51.000Z"
  },
  "_version": 1,
  "_exportVersion": 1,
  "_exportedAt": "2025-03-13T16:14:18.333Z",
  "_exportedBy": "http://localhost:3100"
}