{
  "identifier": "hvxg5",
  "version": 1,
  "type": "http://dataspecer.com/resources/local/visual-model",
  "entities": [
    {
      "type": [
        "http://dataspecer.com/resources/local/visual-model"
      ],
      "representedModel": "e5ed78a2-1b08-4e95-8602-f8160caf223c",
      "color": "#fc440f",
      "identifier": "82e06"
    },
    {
      "type": [
        "http://dataspecer.com/resources/local/visual-model"
      ],
      "representedModel": "db2ad74f-ec45-4d46-84f8-24d36fbb4200/a6adac7d-aa67-4e4d-9262-b61bfe8ab276/profile",
      "color": "#92bcea",
      "identifier": "2zc64h"
    },
    {
      "type": [
        "http://dataspecer.com/resources/local/visual-model"
      ],
      "representedModel": "db2ad74f-ec45-4d46-84f8-24d36fbb4200/a6adac7d-aa67-4e4d-9262-b61bfe8ab276/7e202ce9-0e82-4e15-b69c-7dc126b89b12/7599e139-f0b4-4b86-bc33-8ce97b356f1b",
      "color": "#b8d6b8",
      "identifier": "j8m4v"
    },
    {
      "type": [
        "http://dataspecer.com/resources/local/visual-model"
      ],
      "representedModel": "db2ad74f-ec45-4d46-84f8-24d36fbb4200/a6adac7d-aa67-4e4d-9262-b61bfe8ab276/7e202ce9-0e82-4e15-b69c-7dc126b89b12/b8ef93ef-ba5f-468d-8ba7-a4ea688fd35c",
      "color": "#8fab5c",
      "identifier": "a9rs6"
    },
    {
      "type": [
        "http://dataspecer.com/resources/local/visual-model"
      ],
      "representedModel": "db2ad74f-ec45-4d46-84f8-24d36fbb4200/a6adac7d-aa67-4e4d-9262-b61bfe8ab276/7e202ce9-0e82-4e15-b69c-7dc126b89b12/vocabulary",
      "color": "#b8a3d3",
      "identifier": "nnu7y"
    },
    {
      "type": [
        "http://dataspecer.com/resources/local/visual-model"
      ],
      "representedModel": "db2ad74f-ec45-4d46-84f8-24d36fbb4200/a6adac7d-aa67-4e4d-9262-b61bfe8ab276/b007f8be-2b45-4d3f-93b2-944b06c610d4/481117db-1c04-4dca-a7de-4a273147aa3c",
      "color": "#e63462",
      "identifier": "lsoqd"
    },
    {
      "type": [
        "http://dataspecer.com/resources/local/visual-model"
      ],
      "representedModel": "db2ad74f-ec45-4d46-84f8-24d36fbb4200/a6adac7d-aa67-4e4d-9262-b61bfe8ab276/b007f8be-2b45-4d3f-93b2-944b06c610d4/00aebbef-d8d1-42b6-8235-5b8e5e7fd16c",
      "color": "#fc440f",
      "identifier": "r0r7fh"
    },
    {
      "type": [
        "http://dataspecer.com/resources/local/visual-model"
      ],
      "representedModel": "db2ad74f-ec45-4d46-84f8-24d36fbb4200/a6adac7d-aa67-4e4d-9262-b61bfe8ab276/b007f8be-2b45-4d3f-93b2-944b06c610d4/profile",
      "color": "#b4e33d",
      "identifier": "6jf34"
    },
    {
      "type": [
        "http://dataspecer.com/resources/local/visual-model"
      ],
      "representedModel": "db2ad74f-ec45-4d46-84f8-24d36fbb4200/a6adac7d-aa67-4e4d-9262-b61bfe8ab276/b007f8be-2b45-4d3f-93b2-944b06c610d4/5858aa58-769f-484d-a2d3-3b82b0f26a10/a7fef5bb-f03f-44dc-874c-c03942716c3d",
      "color": "#b8a3d3",
      "identifier": "yd4tr"
    },
    {
      "type": [
        "http://dataspecer.com/resources/local/visual-model"
      ],
      "representedModel": "db2ad74f-ec45-4d46-84f8-24d36fbb4200/a6adac7d-aa67-4e4d-9262-b61bfe8ab276/b007f8be-2b45-4d3f-93b2-944b06c610d4/5858aa58-769f-484d-a2d3-3b82b0f26a10/c6deb6a5-5ff3-49e3-aa4c-585ac3bc69a4",
      "color": "#d4f2d2",
      "identifier": "m6dmj"
    },
    {
      "type": [
        "http://dataspecer.com/resources/local/visual-model"
      ],
      "representedModel": "db2ad74f-ec45-4d46-84f8-24d36fbb4200/a6adac7d-aa67-4e4d-9262-b61bfe8ab276/b007f8be-2b45-4d3f-93b2-944b06c610d4/5858aa58-769f-484d-a2d3-3b82b0f26a10/6a295ea9-58d7-4f86-a00e-ad81c32362c2",
      "color": "#b4e33d",
      "identifier": "c7w2k"
    },
    {
      "type": [
        "http://dataspecer.com/resources/local/visual-model"
      ],
      "representedModel": "db2ad74f-ec45-4d46-84f8-24d36fbb4200/a6adac7d-aa67-4e4d-9262-b61bfe8ab276/b007f8be-2b45-4d3f-93b2-944b06c610d4/5858aa58-769f-484d-a2d3-3b82b0f26a10/95b5a504-e22f-4355-b612-f1f31a531507",
      "color": "#8fab5c",
      "identifier": "tp2rh"
    },
    {
      "type": [
        "http://dataspecer.com/resources/local/visual-model"
      ],
      "representedModel": "db2ad74f-ec45-4d46-84f8-24d36fbb4200/a6adac7d-aa67-4e4d-9262-b61bfe8ab276/b007f8be-2b45-4d3f-93b2-944b06c610d4/5858aa58-769f-484d-a2d3-3b82b0f26a10/6001e54c-6b07-4e1b-bec3-921c528d4b4d",
      "color": "#d4f2d2",
      "identifier": "5nsui"
    },
    {
      "type": [
        "http://dataspecer.com/resources/local/visual-model"
      ],
      "representedModel": "db2ad74f-ec45-4d46-84f8-24d36fbb4200/a6adac7d-aa67-4e4d-9262-b61bfe8ab276/b007f8be-2b45-4d3f-93b2-944b06c610d4/5858aa58-769f-484d-a2d3-3b82b0f26a10/399dc392-b0d7-4a45-801e-f0fdb0720eca",
      "color": "#8fab5c",
      "identifier": "dlht5"
    },
    {
      "type": [
        "http://dataspecer.com/resources/local/visual-model"
      ],
      "representedModel": "db2ad74f-ec45-4d46-84f8-24d36fbb4200/a6adac7d-aa67-4e4d-9262-b61bfe8ab276/b007f8be-2b45-4d3f-93b2-944b06c610d4/5858aa58-769f-484d-a2d3-3b82b0f26a10/b51250d9-721e-44d5-8038-e6001851ab1b",
      "color": "#ff70a6",
      "identifier": "gcckej"
    },
    {
      "type": [
        "http://dataspecer.com/resources/local/visual-model"
      ],
      "representedModel": "db2ad74f-ec45-4d46-84f8-24d36fbb4200/a6adac7d-aa67-4e4d-9262-b61bfe8ab276/b007f8be-2b45-4d3f-93b2-944b06c610d4/5858aa58-769f-484d-a2d3-3b82b0f26a10/a0a5940d-c082-4b91-acc9-0c4e482eb561",
      "color": "#ff70a6",
      "identifier": "9g6s5"
    },
    {
      "type": [
        "http://dataspecer.com/resources/local/visual-model"
      ],
      "representedModel": "db2ad74f-ec45-4d46-84f8-24d36fbb4200/a6adac7d-aa67-4e4d-9262-b61bfe8ab276/b007f8be-2b45-4d3f-93b2-944b06c610d4/5858aa58-769f-484d-a2d3-3b82b0f26a10/3570508a-2aec-495e-8438-fbe1db5a1554",
      "color": "#8fab5c",
      "identifier": "vzjl6k"
    },
    {
      "type": [
        "http://dataspecer.com/resources/local/visual-model"
      ],
      "representedModel": "db2ad74f-ec45-4d46-84f8-24d36fbb4200/a6adac7d-aa67-4e4d-9262-b61bfe8ab276/b007f8be-2b45-4d3f-93b2-944b06c610d4/5858aa58-769f-484d-a2d3-3b82b0f26a10/d2c921e2-a39f-415f-bb30-1075692dac82",
      "color": "#4dc9ab",
      "identifier": "0psx8"
    },
    {
      "type": [
        "http://dataspecer.com/resources/local/visual-model"
      ],
      "representedModel": "db2ad74f-ec45-4d46-84f8-24d36fbb4200/a6adac7d-aa67-4e4d-9262-b61bfe8ab276/b007f8be-2b45-4d3f-93b2-944b06c610d4/5858aa58-769f-484d-a2d3-3b82b0f26a10/3dd81a83-6b83-4f5f-9110-ae1e384d9988",
      "color": "#8da266",
      "identifier": "ollhg"
    },
    {
      "type": [
        "http://dataspecer.com/resources/local/visual-model"
      ],
      "representedModel": "db2ad74f-ec45-4d46-84f8-24d36fbb4200/a6adac7d-aa67-4e4d-9262-b61bfe8ab276/b007f8be-2b45-4d3f-93b2-944b06c610d4/5858aa58-769f-484d-a2d3-3b82b0f26a10/c0c989a5-f93e-4601-9a09-1dc409c5bcc4",
      "color": "#d4f2d2",
      "identifier": "df8fg"
    },
    {
      "type": [
        "http://dataspecer.com/resources/local/visual-model"
      ],
      "representedModel": "db2ad74f-ec45-4d46-84f8-24d36fbb4200/a6adac7d-aa67-4e4d-9262-b61bfe8ab276/b007f8be-2b45-4d3f-93b2-944b06c610d4/5858aa58-769f-484d-a2d3-3b82b0f26a10/1c9d30e5-c189-4fed-b0c4-b63524c90d54",
      "color": "#4dc9ab",
      "identifier": "81zwf"
    },
    {
      "type": [
        "http://dataspecer.com/resources/local/visual-model"
      ],
      "representedModel": "db2ad74f-ec45-4d46-84f8-24d36fbb4200/a6adac7d-aa67-4e4d-9262-b61bfe8ab276/b007f8be-2b45-4d3f-93b2-944b06c610d4/5858aa58-769f-484d-a2d3-3b82b0f26a10/profile",
      "color": "#1effbc",
      "identifier": "t4s7x"
    },
    {
      "type": [
        "http://dataspecer.com/resources/local/visual-model"
      ],
      "representedModel": "rlmju",
      "color": "#92bcea",
      "identifier": "uwpxqj"
    },
    {
      "type": [
        "http://dataspecer.com/resources/local/visual-model"
      ],
      "representedModel": "db2ad74f-ec45-4d46-84f8-24d36fbb4200/05ce3820-90df-4746-96ae-2f23ef1369d5/profile",
      "color": "#b4e33d",
      "identifier": "gn404"
    },
    {
      "type": [
        "http://dataspecer.com/resources/local/visual-model"
      ],
      "representedModel": "db2ad74f-ec45-4d46-84f8-24d36fbb4200/05ce3820-90df-4746-96ae-2f23ef1369d5/4871bd10-5939-4fc9-a750-d6bd5fa7e1fd/d09bfbb7-4333-458b-a80a-47d0f33db459",
      "color": "#e63462",
      "identifier": "0wq0u"
    },
    {
      "type": [
        "http://dataspecer.com/resources/local/visual-model"
      ],
      "representedModel": "db2ad74f-ec45-4d46-84f8-24d36fbb4200/05ce3820-90df-4746-96ae-2f23ef1369d5/4871bd10-5939-4fc9-a750-d6bd5fa7e1fd/42b7fccc-75b7-4aa8-ae44-5e130e91c591",
      "color": "#fc440f",
      "identifier": "4c144"
    },
    {
      "type": [
        "http://dataspecer.com/resources/local/visual-model"
      ],
      "representedModel": "db2ad74f-ec45-4d46-84f8-24d36fbb4200/05ce3820-90df-4746-96ae-2f23ef1369d5/4871bd10-5939-4fc9-a750-d6bd5fa7e1fd/vocabulary",
      "color": "#70d6ff",
      "identifier": "3m5p7"
    },
    {
      "type": [
        "http://dataspecer.com/resources/local/visual-model"
      ],
      "representedModel": "db2ad74f-ec45-4d46-84f8-24d36fbb4200/05ce3820-90df-4746-96ae-2f23ef1369d5/c9a8ba71-7824-4796-bb45-b77ca05e4f90/86285bef-ff85-45ab-befa-535a75794bfc",
      "color": "#e63462",
      "identifier": "d7vxbf"
    },
    {
      "type": [
        "http://dataspecer.com/resources/local/visual-model"
      ],
      "representedModel": "db2ad74f-ec45-4d46-84f8-24d36fbb4200/05ce3820-90df-4746-96ae-2f23ef1369d5/c9a8ba71-7824-4796-bb45-b77ca05e4f90/9393486b-1126-4d1a-b001-3df2b896112a",
      "color": "#ffd670",
      "identifier": "tiogt"
    },
    {
      "type": [
        "http://dataspecer.com/resources/local/visual-model"
      ],
      "representedModel": "db2ad74f-ec45-4d46-84f8-24d36fbb4200/05ce3820-90df-4746-96ae-2f23ef1369d5/c9a8ba71-7824-4796-bb45-b77ca05e4f90/profile",
      "color": "#ff70a6",
      "identifier": "cog6j"
    },
    {
      "type": [
        "http://dataspecer.com/resources/local/visual-model"
      ],
      "representedModel": "db2ad74f-ec45-4d46-84f8-24d36fbb4200/05ce3820-90df-4746-96ae-2f23ef1369d5/c9a8ba71-7824-4796-bb45-b77ca05e4f90/b7981750-8950-47be-81de-fe92c90bc12e/bdf7a4a6-cd61-4513-834b-a3e5bc7be4a1",
      "color": "#8fab5c",
      "identifier": "nbn49"
    },
    {
      "type": [
        "http://dataspecer.com/resources/local/visual-model"
      ],
      "representedModel": "db2ad74f-ec45-4d46-84f8-24d36fbb4200/05ce3820-90df-4746-96ae-2f23ef1369d5/c9a8ba71-7824-4796-bb45-b77ca05e4f90/b7981750-8950-47be-81de-fe92c90bc12e/905a9da6-6c7a-44a3-958e-370b1e32af81",
      "color": "#d4f2d2",
      "identifier": "y1dbe"
    },
    {
      "type": [
        "http://dataspecer.com/resources/local/visual-model"
      ],
      "representedModel": "db2ad74f-ec45-4d46-84f8-24d36fbb4200/05ce3820-90df-4746-96ae-2f23ef1369d5/c9a8ba71-7824-4796-bb45-b77ca05e4f90/b7981750-8950-47be-81de-fe92c90bc12e/ce0136e1-1e8f-4224-be27-544f749b4e09",
      "color": "#ff848b",
      "identifier": "4dute"
    },
    {
      "type": [
        "http://dataspecer.com/resources/local/visual-model"
      ],
      "representedModel": "db2ad74f-ec45-4d46-84f8-24d36fbb4200/05ce3820-90df-4746-96ae-2f23ef1369d5/c9a8ba71-7824-4796-bb45-b77ca05e4f90/b7981750-8950-47be-81de-fe92c90bc12e/17f996e4-a8cf-4d61-a35b-6143a903e7ef",
      "color": "#8da266",
      "identifier": "hl1tz"
    },
    {
      "type": [
        "http://dataspecer.com/resources/local/visual-model"
      ],
      "representedModel": "db2ad74f-ec45-4d46-84f8-24d36fbb4200/05ce3820-90df-4746-96ae-2f23ef1369d5/c9a8ba71-7824-4796-bb45-b77ca05e4f90/b7981750-8950-47be-81de-fe92c90bc12e/c6670dcf-8782-46ca-8b17-d7c9b1b0125d",
      "color": "#b8a3d3",
      "identifier": "klz6mf"
    },
    {
      "type": [
        "http://dataspecer.com/resources/local/visual-model"
      ],
      "representedModel": "db2ad74f-ec45-4d46-84f8-24d36fbb4200/05ce3820-90df-4746-96ae-2f23ef1369d5/c9a8ba71-7824-4796-bb45-b77ca05e4f90/b7981750-8950-47be-81de-fe92c90bc12e/fa454b39-0cd8-4246-94b5-18b756c40bcb",
      "color": "#e63462",
      "identifier": "hkeya"
    },
    {
      "type": [
        "http://dataspecer.com/resources/local/visual-model"
      ],
      "representedModel": "db2ad74f-ec45-4d46-84f8-24d36fbb4200/05ce3820-90df-4746-96ae-2f23ef1369d5/c9a8ba71-7824-4796-bb45-b77ca05e4f90/b7981750-8950-47be-81de-fe92c90bc12e/16481b29-ee41-4eeb-a4c3-58aa63fee761",
      "color": "#1effbc",
      "identifier": "x8zu1j"
    },
    {
      "type": [
        "http://dataspecer.com/resources/local/visual-model"
      ],
      "representedModel": "db2ad74f-ec45-4d46-84f8-24d36fbb4200/05ce3820-90df-4746-96ae-2f23ef1369d5/c9a8ba71-7824-4796-bb45-b77ca05e4f90/b7981750-8950-47be-81de-fe92c90bc12e/1beb1631-5a4d-4c5b-98cb-afd7ad6750bc",
      "color": "#70d6ff",
      "identifier": "qze9w"
    },
    {
      "type": [
        "http://dataspecer.com/resources/local/visual-model"
      ],
      "representedModel": "db2ad74f-ec45-4d46-84f8-24d36fbb4200/05ce3820-90df-4746-96ae-2f23ef1369d5/c9a8ba71-7824-4796-bb45-b77ca05e4f90/b7981750-8950-47be-81de-fe92c90bc12e/025d4dd0-b613-4c7b-8d3b-3ecfb8e78870",
      "color": "#8da266",
      "identifier": "02ruk"
    },
    {
      "type": [
        "http://dataspecer.com/resources/local/visual-model"
      ],
      "representedModel": "db2ad74f-ec45-4d46-84f8-24d36fbb4200/05ce3820-90df-4746-96ae-2f23ef1369d5/c9a8ba71-7824-4796-bb45-b77ca05e4f90/b7981750-8950-47be-81de-fe92c90bc12e/18070fd6-b6f8-475c-bb1f-00abad9049ef",
      "color": "#8da266",
      "identifier": "4v4g8g"
    },
    {
      "type": [
        "http://dataspecer.com/resources/local/visual-model"
      ],
      "representedModel": "db2ad74f-ec45-4d46-84f8-24d36fbb4200/05ce3820-90df-4746-96ae-2f23ef1369d5/c9a8ba71-7824-4796-bb45-b77ca05e4f90/b7981750-8950-47be-81de-fe92c90bc12e/11cebceb-e11b-4ab9-ba1a-d54828dc491d",
      "color": "#b8d6b8",
      "identifier": "02hptf"
    },
    {
      "type": [
        "http://dataspecer.com/resources/local/visual-model"
      ],
      "representedModel": "db2ad74f-ec45-4d46-84f8-24d36fbb4200/05ce3820-90df-4746-96ae-2f23ef1369d5/c9a8ba71-7824-4796-bb45-b77ca05e4f90/b7981750-8950-47be-81de-fe92c90bc12e/c840db7d-73bc-4c82-8b1f-4f312e1d64cd",
      "color": "#b8d6b8",
      "identifier": "kwyki"
    },
    {
      "type": [
        "http://dataspecer.com/resources/local/visual-model"
      ],
      "representedModel": "db2ad74f-ec45-4d46-84f8-24d36fbb4200/05ce3820-90df-4746-96ae-2f23ef1369d5/c9a8ba71-7824-4796-bb45-b77ca05e4f90/b7981750-8950-47be-81de-fe92c90bc12e/79924582-34dc-4254-a4be-67d5d1b17257",
      "color": "#92bcea",
      "identifier": "rtfiq"
    },
    {
      "type": [
        "http://dataspecer.com/resources/local/visual-model"
      ],
      "representedModel": "db2ad74f-ec45-4d46-84f8-24d36fbb4200/05ce3820-90df-4746-96ae-2f23ef1369d5/c9a8ba71-7824-4796-bb45-b77ca05e4f90/b7981750-8950-47be-81de-fe92c90bc12e/profile",
      "color": "#ffb770",
      "identifier": "r30ux"
    },
    {
      "type": [
        "http://dataspecer.com/resources/local/visual-model"
      ],
      "representedModel": "db2ad74f-ec45-4d46-84f8-24d36fbb4200/4647bae8-bd76-48f9-b32d-dbbebdf10666/profile",
      "color": "#70d6ff",
      "identifier": "lq0f7"
    },
    {
      "type": [
        "http://dataspecer.com/resources/local/visual-model"
      ],
      "representedModel": "db2ad74f-ec45-4d46-84f8-24d36fbb4200/4647bae8-bd76-48f9-b32d-dbbebdf10666/b20535c6-f7bb-454c-935a-8b8e25265106/4a9de9c4-f22c-4964-aa55-a7008d8082ed",
      "color": "#4dc9ab",
      "identifier": "25uk4h"
    },
    {
      "type": [
        "http://dataspecer.com/resources/local/visual-model"
      ],
      "representedModel": "db2ad74f-ec45-4d46-84f8-24d36fbb4200/4647bae8-bd76-48f9-b32d-dbbebdf10666/b20535c6-f7bb-454c-935a-8b8e25265106/6ccf24f0-4353-48ca-ad58-33d502ee519a",
      "color": "#ffb770",
      "identifier": "3c0p2"
    },
    {
      "type": [
        "http://dataspecer.com/resources/local/visual-model"
      ],
      "representedModel": "db2ad74f-ec45-4d46-84f8-24d36fbb4200/4647bae8-bd76-48f9-b32d-dbbebdf10666/b20535c6-f7bb-454c-935a-8b8e25265106/vocabulary",
      "color": "#b4e33d",
      "identifier": "7ur0e"
    },
    {
      "type": [
        "http://dataspecer.com/resources/local/visual-model"
      ],
      "representedModel": "db2ad74f-ec45-4d46-84f8-24d36fbb4200/4647bae8-bd76-48f9-b32d-dbbebdf10666/395b8090-0dbb-4a5f-8581-a9b3a81c3db3/bb9a50f5-efda-46f2-b26c-fe5a68570aa5",
      "color": "#e63462",
      "identifier": "uuzhh"
    },
    {
      "type": [
        "http://dataspecer.com/resources/local/visual-model"
      ],
      "representedModel": "db2ad74f-ec45-4d46-84f8-24d36fbb4200/4647bae8-bd76-48f9-b32d-dbbebdf10666/395b8090-0dbb-4a5f-8581-a9b3a81c3db3/e99c2b8a-1744-4ee5-b368-79b40454ab64",
      "color": "#ffb770",
      "identifier": "m7bibf"
    },
    {
      "type": [
        "http://dataspecer.com/resources/local/visual-model"
      ],
      "representedModel": "db2ad74f-ec45-4d46-84f8-24d36fbb4200/4647bae8-bd76-48f9-b32d-dbbebdf10666/395b8090-0dbb-4a5f-8581-a9b3a81c3db3/profile",
      "color": "#b8a3d3",
      "identifier": "l4lk3h"
    },
    {
      "type": [
        "http://dataspecer.com/resources/local/visual-model"
      ],
      "representedModel": "db2ad74f-ec45-4d46-84f8-24d36fbb4200/4647bae8-bd76-48f9-b32d-dbbebdf10666/395b8090-0dbb-4a5f-8581-a9b3a81c3db3/85ae0008-8d16-425a-b761-88936488d683/2ccfa945-fbff-4e7a-a23a-540c91935700",
      "color": "#b8a3d3",
      "identifier": "q9gjp"
    },
    {
      "type": [
        "http://dataspecer.com/resources/local/visual-model"
      ],
      "representedModel": "db2ad74f-ec45-4d46-84f8-24d36fbb4200/4647bae8-bd76-48f9-b32d-dbbebdf10666/395b8090-0dbb-4a5f-8581-a9b3a81c3db3/85ae0008-8d16-425a-b761-88936488d683/bcbd93b9-f91c-4570-9484-c5c73fe9f96f",
      "color": "#b8a3d3",
      "identifier": "8uzdg"
    },
    {
      "type": [
        "http://dataspecer.com/resources/local/visual-model"
      ],
      "representedModel": "db2ad74f-ec45-4d46-84f8-24d36fbb4200/4647bae8-bd76-48f9-b32d-dbbebdf10666/395b8090-0dbb-4a5f-8581-a9b3a81c3db3/85ae0008-8d16-425a-b761-88936488d683/0b7b3926-f27e-4a05-a7d1-205ea85d1d46",
      "color": "#70d6ff",
      "identifier": "9cn3h"
    },
    {
      "type": [
        "http://dataspecer.com/resources/local/visual-model"
      ],
      "representedModel": "db2ad74f-ec45-4d46-84f8-24d36fbb4200/4647bae8-bd76-48f9-b32d-dbbebdf10666/395b8090-0dbb-4a5f-8581-a9b3a81c3db3/85ae0008-8d16-425a-b761-88936488d683/42538793-ce41-40cb-b0ed-7bd3dff127bf",
      "color": "#8fab5c",
      "identifier": "m3w9xg"
    },
    {
      "type": [
        "http://dataspecer.com/resources/local/visual-model"
      ],
      "representedModel": "db2ad74f-ec45-4d46-84f8-24d36fbb4200/4647bae8-bd76-48f9-b32d-dbbebdf10666/395b8090-0dbb-4a5f-8581-a9b3a81c3db3/85ae0008-8d16-425a-b761-88936488d683/3a6f21ea-2417-417a-a44a-0698015cda4c",
      "color": "#ff70a6",
      "identifier": "7pyq3k"
    },
    {
      "type": [
        "http://dataspecer.com/resources/local/visual-model"
      ],
      "representedModel": "db2ad74f-ec45-4d46-84f8-24d36fbb4200/4647bae8-bd76-48f9-b32d-dbbebdf10666/395b8090-0dbb-4a5f-8581-a9b3a81c3db3/85ae0008-8d16-425a-b761-88936488d683/1d74d68a-c88b-47f4-9a8a-ca75c49ac823",
      "color": "#ffb770",
      "identifier": "9j02a"
    },
    {
      "type": [
        "http://dataspecer.com/resources/local/visual-model"
      ],
      "representedModel": "db2ad74f-ec45-4d46-84f8-24d36fbb4200/4647bae8-bd76-48f9-b32d-dbbebdf10666/395b8090-0dbb-4a5f-8581-a9b3a81c3db3/85ae0008-8d16-425a-b761-88936488d683/29905b4f-027f-4a20-b28f-5e5682e833cd",
      "color": "#ff848b",
      "identifier": "ztqxyi"
    },
    {
      "type": [
        "http://dataspecer.com/resources/local/visual-model"
      ],
      "representedModel": "db2ad74f-ec45-4d46-84f8-24d36fbb4200/4647bae8-bd76-48f9-b32d-dbbebdf10666/395b8090-0dbb-4a5f-8581-a9b3a81c3db3/85ae0008-8d16-425a-b761-88936488d683/2567c1d2-ac87-4cb5-bac2-b43911e931e6",
      "color": "#ff9770",
      "identifier": "axoyz"
    },
    {
      "type": [
        "http://dataspecer.com/resources/local/visual-model"
      ],
      "representedModel": "db2ad74f-ec45-4d46-84f8-24d36fbb4200/4647bae8-bd76-48f9-b32d-dbbebdf10666/395b8090-0dbb-4a5f-8581-a9b3a81c3db3/85ae0008-8d16-425a-b761-88936488d683/b5323293-3fa0-496e-8fbc-8cd1d53fb24c",
      "color": "#fc440f",
      "identifier": "8he66l"
    },
    {
      "type": [
        "http://dataspecer.com/resources/local/visual-model"
      ],
      "representedModel": "db2ad74f-ec45-4d46-84f8-24d36fbb4200/4647bae8-bd76-48f9-b32d-dbbebdf10666/395b8090-0dbb-4a5f-8581-a9b3a81c3db3/85ae0008-8d16-425a-b761-88936488d683/a395d90a-6597-4403-9428-62b290cb87e2",
      "color": "#b4e33d",
      "identifier": "0l0r2"
    },
    {
      "type": [
        "http://dataspecer.com/resources/local/visual-model"
      ],
      "representedModel": "db2ad74f-ec45-4d46-84f8-24d36fbb4200/4647bae8-bd76-48f9-b32d-dbbebdf10666/395b8090-0dbb-4a5f-8581-a9b3a81c3db3/85ae0008-8d16-425a-b761-88936488d683/51f360b2-dbf0-46eb-b422-108b5d639c8b",
      "color": "#ffd670",
      "identifier": "la5pb"
    },
    {
      "type": [
        "http://dataspecer.com/resources/local/visual-model"
      ],
      "representedModel": "db2ad74f-ec45-4d46-84f8-24d36fbb4200/4647bae8-bd76-48f9-b32d-dbbebdf10666/395b8090-0dbb-4a5f-8581-a9b3a81c3db3/85ae0008-8d16-425a-b761-88936488d683/40018027-664e-4462-b395-f62318c22dfa",
      "color": "#d4f2d2",
      "identifier": "vpp9r"
    },
    {
      "type": [
        "http://dataspecer.com/resources/local/visual-model"
      ],
      "representedModel": "db2ad74f-ec45-4d46-84f8-24d36fbb4200/4647bae8-bd76-48f9-b32d-dbbebdf10666/395b8090-0dbb-4a5f-8581-a9b3a81c3db3/85ae0008-8d16-425a-b761-88936488d683/56056563-69df-4d01-b22c-92b33734c587",
      "color": "#70d6ff",
      "identifier": "asqmz"
    },
    {
      "type": [
        "http://dataspecer.com/resources/local/visual-model"
      ],
      "representedModel": "db2ad74f-ec45-4d46-84f8-24d36fbb4200/4647bae8-bd76-48f9-b32d-dbbebdf10666/395b8090-0dbb-4a5f-8581-a9b3a81c3db3/85ae0008-8d16-425a-b761-88936488d683/profile",
      "color": "#ff9770",
      "identifier": "84q0b"
    },
    {
      "identifier": "hvxg5-model-metadata-entity",
      "type": [
        "entity-model-type"
      ],
      "label": {
        "en": "View"
      }
    },
    {
      "model": "e5ed78a2-1b08-4e95-8602-f8160caf223c",
      "representedEntity": "br9bchepgmqm7xed2dj",
      "position": {
        "x": 3110,
        "y": 730
      },
      "content": [],
      "visualModels": [],
      "type": [
        "visual-node"
      ],
      "identifier": "nouq1"
    },
    {
      "model": "e5ed78a2-1b08-4e95-8602-f8160caf223c",
      "representedEntity": "2y8vsaemeecm7xed4vf",
      "position": {
        "x": 3140,
        "y": 280
      },
      "content": [],
      "visualModels": [],
      "type": [
        "visual-node"
      ],
      "identifier": "pg4xbk"
    },
    {
      "model": "e5ed78a2-1b08-4e95-8602-f8160caf223c",
      "representedEntity": "te27euyub6hm7xed7ev",
      "position": {
        "x": 3200,
        "y": 560
      },
      "content": [],
      "visualModels": [],
      "type": [
        "visual-node"
      ],
      "identifier": "gdw4y"
    },
    {
      "model": "e5ed78a2-1b08-4e95-8602-f8160caf223c",
      "representedEntity": "sto9ksncv8jm7xeczsj",
      "position": {
        "x": 2490,
        "y": 450
      },
      "content": [],
      "visualModels": [],
      "type": [
        "visual-node"
      ],
      "identifier": "hnkyfj"
    },
    {
      "model": "e5ed78a2-1b08-4e95-8602-f8160caf223c",
      "representedRelationship": "3ku6ag5qtm7xekgna",
      "waypoints": [],
      "visualSource": "hnkyfj",
      "visualTarget": "pg4xbk",
      "type": [
        "visual-relationship"
      ],
      "identifier": "r3zmh"
    },
    {
      "model": "e5ed78a2-1b08-4e95-8602-f8160caf223c",
      "representedRelationship": "0bccwq1h24pom7xek7ct",
      "waypoints": [],
      "visualSource": "hnkyfj",
      "visualTarget": "gdw4y",
      "type": [
        "visual-relationship"
      ],
      "identifier": "j9jwc"
    },
    {
      "model": "e5ed78a2-1b08-4e95-8602-f8160caf223c",
      "representedRelationship": "me3smiynutem7xejnrm",
      "waypoints": [],
      "visualSource": "hnkyfj",
      "visualTarget": "nouq1",
      "type": [
        "visual-relationship"
      ],
      "identifier": "uf8zj"
    },
    {
      "model": "e5ed78a2-1b08-4e95-8602-f8160caf223c",
      "representedEntity": "d9r04ar8r58m7xecuvl",
      "position": {
        "x": 2530,
        "y": 190
      },
      "content": [],
      "visualModels": [],
      "type": [
        "visual-node"
      ],
      "identifier": "g42p2"
    },
    {
      "model": "e5ed78a2-1b08-4e95-8602-f8160caf223c",
      "representedRelationship": "m3oftz2tbwm7xel3kn",
      "waypoints": [],
      "visualSource": "hnkyfj",
      "visualTarget": "g42p2",
      "type": [
        "visual-relationship"
      ],
      "identifier": "vz7bm"
    },
    {
      "model": "e5ed78a2-1b08-4e95-8602-f8160caf223c",
      "representedEntity": "djstwrb2xmdm7xdpjib",
      "position": {
        "x": 2370,
        "y": 750
      },
      "content": [
        "88laiu8pqwhm7xdvt7u"
      ],
      "visualModels": [],
      "type": [
        "visual-node"
      ],
      "identifier": "f8okxh"
    },
    {
      "model": "e5ed78a2-1b08-4e95-8602-f8160caf223c",
      "representedRelationship": "tw8t5cbun6em7xeljuw",
      "waypoints": [],
      "visualSource": "f8okxh",
      "visualTarget": "hnkyfj",
      "type": [
        "visual-relationship"
      ],
      "identifier": "jdbr8g"
    }
  ]
}