{
  "iri": "33ddec23-f525-4d63-ab25-245c7b940990",
  "types": [
    "http://dataspecer.com/resources/local/semantic-model"
  ],
  "userMetadata": {
    "label": {
      "en": "DCAT-AP-CZ - podmínky užití"
    },
    "description": {
      "en": "Semantic model for the vocabulary"
    }
  },
  "metadata": {
    "creationDate": "2025-03-04T10:39:55.589Z",
    "modificationDate": "2025-08-12T07:32:02.440Z"
  },
  "_version": 1,
  "_exportVersion": 1,
  "_exportedAt": "2025-08-12T07:37:21.970Z",
  "_exportedBy": "http://localhost:3100"
}