{
  "operations": [
    {
      "types": [
        "core-operation",
        "https://ofn.gov.cz/slovník/psm/CreateClass"
      ],
      "iri": "https://ofn.gov.cz/operation/1748351497809-a87c-8d5e-ae0e",
      "parent": null,
      "dataPsmNewIri": null,
      "dataPsmInterpretation": "h31s6hbky1im9ibc54o",
      "dataPsmTechnicalLabel": "tezaurus",
      "dataPsmHumanLabel": null,
      "dataPsmHumanDescription": null,
      "dataPsmExtends": [],
      "dataPsmIsClosed": null
    },
    {
      "types": [
        "core-operation",
        "https://ofn.gov.cz/slovník/psm/SetRoots"
      ],
      "iri": "https://ofn.gov.cz/operation/1748351497850-4770-d1fb-8902",
      "parent": "https://ofn.gov.cz/operation/1748351497809-a87c-8d5e-ae0e",
      "dataPsmRoots": [
        "https://ofn.gov.cz/class/1748351497809-724e-b863-922f"
      ]
    },
    {
      "types": [
        "core-operation",
        "https://ofn.gov.cz/slovník/psm/SetHumanLabel"
      ],
      "iri": "https://ofn.gov.cz/operation/1748351497889-dda0-76b3-bca7",
      "parent": "https://ofn.gov.cz/operation/1748351497850-4770-d1fb-8902",
      "dataPsmResource": "1d139bc3-9cde-40fb-9307-f7b0391c5b80",
      "dataPsmHumanLabel": {
        "en": "Concept Scheme",
        "cs": "Tezaurus"
      }
    },
    {
      "types": [
        "core-operation",
        "https://ofn.gov.cz/slovník/psm/SetHumanDescription"
      ],
      "iri": "https://ofn.gov.cz/operation/1748351497927-ec2a-c271-abdc",
      "parent": "https://ofn.gov.cz/operation/1748351497889-dda0-76b3-bca7",
      "dataPsmResource": "1d139bc3-9cde-40fb-9307-f7b0391c5b80",
      "dataPsmHumanDescription": {
        "en": "Data structure for Concept Scheme. Tezaurus je nejjednodušším typem slovníku.",
        "cs": "Datová struktura pro Tezaurus. Tezaurus je nejjednodušším typem slovníku."
      }
    },
    {
      "types": [
        "core-operation",
        "https://ofn.gov.cz/slovník/psm/CreateClass"
      ],
      "iri": "https://ofn.gov.cz/operation/1748351507181-c855-a2df-81f0",
      "parent": "https://ofn.gov.cz/operation/1748351497927-ec2a-c271-abdc",
      "dataPsmNewIri": null,
      "dataPsmInterpretation": "102gw4osjd3rm9ibdkxp",
      "dataPsmTechnicalLabel": "pojem",
      "dataPsmHumanLabel": null,
      "dataPsmHumanDescription": null,
      "dataPsmExtends": [],
      "dataPsmIsClosed": null
    },
    {
      "types": [
        "core-operation",
        "https://ofn.gov.cz/slovník/psm/CreateAssociationEnd"
      ],
      "iri": "https://ofn.gov.cz/operation/1748351507214-c08c-6135-b1ff",
      "parent": "https://ofn.gov.cz/operation/1748351507181-c855-a2df-81f0",
      "dataPsmNewIri": null,
      "dataPsmInterpretation": "pg2qpy5ymmdm9ibfrd6",
      "dataPsmTechnicalLabel": "je-v-tezauru",
      "dataPsmHumanLabel": null,
      "dataPsmHumanDescription": null,
      "dataPsmOwner": "https://ofn.gov.cz/class/1748351497809-724e-b863-922f",
      "dataPsmPart": "https://ofn.gov.cz/class/1748351507181-0d59-3e89-992d",
      "dataPsmIsReverse": true,
      "dataPsmIsDematerialize": null
    },
    {
      "types": [
        "core-operation",
        "https://ofn.gov.cz/slovník/psm/CreateAttribute"
      ],
      "iri": "https://ofn.gov.cz/operation/1748351507254-2a49-d3df-bbd1",
      "parent": "https://ofn.gov.cz/operation/1748351507214-c08c-6135-b1ff",
      "dataPsmNewIri": null,
      "dataPsmInterpretation": "18iz808lfd9m9ib6nnk",
      "dataPsmTechnicalLabel": "popis",
      "dataPsmHumanLabel": null,
      "dataPsmHumanDescription": null,
      "dataPsmOwner": "https://ofn.gov.cz/class/1748351497809-724e-b863-922f",
      "dataPsmDatatype": "https://ofn.gov.cz/zdroj/základní-datové-typy/2020-07-01/text"
    },
    {
      "types": [
        "core-operation",
        "https://ofn.gov.cz/slovník/psm/CreateAttribute"
      ],
      "iri": "https://ofn.gov.cz/operation/1748351507289-189e-d83e-beb8",
      "parent": "https://ofn.gov.cz/operation/1748351507254-2a49-d3df-bbd1",
      "dataPsmNewIri": null,
      "dataPsmInterpretation": "2ynzqcmfszmm9ib60al",
      "dataPsmTechnicalLabel": "název",
      "dataPsmHumanLabel": null,
      "dataPsmHumanDescription": null,
      "dataPsmOwner": "https://ofn.gov.cz/class/1748351497809-724e-b863-922f",
      "dataPsmDatatype": "https://ofn.gov.cz/zdroj/základní-datové-typy/2020-07-01/text"
    },
    {
      "types": [
        "core-operation",
        "https://ofn.gov.cz/slovník/psm/CreateClass"
      ],
      "iri": "https://ofn.gov.cz/operation/1748351507325-ba49-6f8e-9a19",
      "parent": "https://ofn.gov.cz/operation/1748351507289-189e-d83e-beb8",
      "dataPsmNewIri": null,
      "dataPsmInterpretation": "rug4doxs6wfm9jxqxsy",
      "dataPsmTechnicalLabel": "časový-okamžik",
      "dataPsmHumanLabel": null,
      "dataPsmHumanDescription": null,
      "dataPsmExtends": [],
      "dataPsmIsClosed": null
    },
    {
      "types": [
        "core-operation",
        "https://ofn.gov.cz/slovník/psm/CreateAssociationEnd"
      ],
      "iri": "https://ofn.gov.cz/operation/1748351507361-98b5-0445-b4fc",
      "parent": "https://ofn.gov.cz/operation/1748351507325-ba49-6f8e-9a19",
      "dataPsmNewIri": null,
      "dataPsmInterpretation": "jjbalad349m9l9rmka",
      "dataPsmTechnicalLabel": "okamžik-vytvoření",
      "dataPsmHumanLabel": null,
      "dataPsmHumanDescription": null,
      "dataPsmOwner": "https://ofn.gov.cz/class/1748351497809-724e-b863-922f",
      "dataPsmPart": "https://ofn.gov.cz/class/1748351507325-6f75-586a-8cae",
      "dataPsmIsReverse": false,
      "dataPsmIsDematerialize": null
    },
    {
      "types": [
        "core-operation",
        "https://ofn.gov.cz/slovník/psm/CreateClass"
      ],
      "iri": "https://ofn.gov.cz/operation/1748351507400-4344-a5ec-8e93",
      "parent": "https://ofn.gov.cz/operation/1748351507361-98b5-0445-b4fc",
      "dataPsmNewIri": null,
      "dataPsmInterpretation": "rug4doxs6wfm9jxqxsy",
      "dataPsmTechnicalLabel": "časový-okamžik",
      "dataPsmHumanLabel": null,
      "dataPsmHumanDescription": null,
      "dataPsmExtends": [],
      "dataPsmIsClosed": null
    },
    {
      "types": [
        "core-operation",
        "https://ofn.gov.cz/slovník/psm/CreateAssociationEnd"
      ],
      "iri": "https://ofn.gov.cz/operation/1748351507437-5df8-740b-a9e7",
      "parent": "https://ofn.gov.cz/operation/1748351507400-4344-a5ec-8e93",
      "dataPsmNewIri": null,
      "dataPsmInterpretation": "ngmfpqclzobm9l9relu",
      "dataPsmTechnicalLabel": "okamžik-poslední-změny",
      "dataPsmHumanLabel": null,
      "dataPsmHumanDescription": null,
      "dataPsmOwner": "https://ofn.gov.cz/class/1748351497809-724e-b863-922f",
      "dataPsmPart": "https://ofn.gov.cz/class/1748351507400-1b0f-f2df-be5d",
      "dataPsmIsReverse": false,
      "dataPsmIsDematerialize": null
    },
    {
      "types": [
        "core-operation",
        "https://ofn.gov.cz/slovník/psm/SetTechnicalLabel"
      ],
      "iri": "https://ofn.gov.cz/operation/1748351512988-d8d4-19fe-b0bc",
      "parent": "https://ofn.gov.cz/operation/1748351507437-5df8-740b-a9e7",
      "dataPsmResource": "https://ofn.gov.cz/association/1748351507361-1d52-5fb2-87ad",
      "dataPsmTechnicalLabel": "vytvořeno"
    },
    {
      "types": [
        "core-operation",
        "https://ofn.gov.cz/slovník/psm/SetOrder"
      ],
      "iri": "https://ofn.gov.cz/operation/1748351515743-c328-62c5-9781",
      "parent": "https://ofn.gov.cz/operation/1748351512988-d8d4-19fe-b0bc",
      "dataPsmOwnerClass": "https://ofn.gov.cz/class/1748351497809-724e-b863-922f",
      "dataPsmResourceToMove": "https://ofn.gov.cz/attribute/1748351507289-73e4-1085-bfb6",
      "dataPsmMoveAfter": null
    },
    {
      "types": [
        "core-operation",
        "https://ofn.gov.cz/slovník/psm/SetOrder"
      ],
      "iri": "https://ofn.gov.cz/operation/1748351516691-f95b-7fa0-ad36",
      "parent": "https://ofn.gov.cz/operation/1748351515743-c328-62c5-9781",
      "dataPsmOwnerClass": "https://ofn.gov.cz/class/1748351497809-724e-b863-922f",
      "dataPsmResourceToMove": "https://ofn.gov.cz/association/1748351507214-4105-e0f5-af81",
      "dataPsmMoveAfter": "https://ofn.gov.cz/association/1748351507437-3f91-77b8-9c9b"
    },
    {
      "types": [
        "core-operation",
        "https://ofn.gov.cz/slovník/psm/SetTechnicalLabel"
      ],
      "iri": "https://ofn.gov.cz/operation/1748351523015-7457-35e8-942e",
      "parent": "https://ofn.gov.cz/operation/1748351516691-f95b-7fa0-ad36",
      "dataPsmResource": "https://ofn.gov.cz/association/1748351507437-3f91-77b8-9c9b",
      "dataPsmTechnicalLabel": "aktualizováno"
    },
    {
      "types": [
        "core-operation",
        "https://ofn.gov.cz/slovník/psm/SetHumanLabel"
      ],
      "iri": "https://ofn.gov.cz/operation/1748351640062-281b-1c99-bc58",
      "parent": "https://ofn.gov.cz/operation/1748351523015-7457-35e8-942e",
      "dataPsmResource": "1d139bc3-9cde-40fb-9307-f7b0391c5b80",
      "dataPsmHumanLabel": {
        "en": "Concept Scheme",
        "cs": "Anotace pro § 23 vyhlášky 360/2023 Sb."
      }
    },
    {
      "types": [
        "core-operation",
        "https://ofn.gov.cz/slovník/psm/SetHumanDescription"
      ],
      "iri": "https://ofn.gov.cz/operation/1748351640128-1b91-d6d1-90a1",
      "parent": "https://ofn.gov.cz/operation/1748351640062-281b-1c99-bc58",
      "dataPsmResource": "1d139bc3-9cde-40fb-9307-f7b0391c5b80",
      "dataPsmHumanDescription": {
        "en": "Data structure for Concept Scheme. Tezaurus je nejjednodušším typem slovníku.",
        "cs": "Anotace pro § 23 vyhlášky 360/2023 Sb."
      }
    },
    {
      "types": [
        "core-operation",
        "https://ofn.gov.cz/slovník/psm/SetHumanLabel"
      ],
      "iri": "https://ofn.gov.cz/operation/1748351644067-5b39-55e7-a6d8",
      "parent": "https://ofn.gov.cz/operation/1748351640128-1b91-d6d1-90a1",
      "dataPsmResource": "1d139bc3-9cde-40fb-9307-f7b0391c5b80",
      "dataPsmHumanLabel": {
        "en": "Concept Scheme",
        "cs": "Anotace pro § 23 vyhlášky 360/2023 Sb."
      }
    },
    {
      "types": [
        "core-operation",
        "https://ofn.gov.cz/slovník/psm/SetHumanDescription"
      ],
      "iri": "https://ofn.gov.cz/operation/1748351644125-1406-d077-b4c8",
      "parent": "https://ofn.gov.cz/operation/1748351644067-5b39-55e7-a6d8",
      "dataPsmResource": "1d139bc3-9cde-40fb-9307-f7b0391c5b80",
      "dataPsmHumanDescription": {
        "en": "Data structure for Concept Scheme. Tezaurus je nejjednodušším typem slovníku.",
        "cs": "Anotace pro § 23 vyhlášky 360/2023 Sb."
      }
    },
    {
      "types": [
        "core-operation",
        "https://ofn.gov.cz/slovník/psm/SetJsonLdDefinedPrefixes"
      ],
      "iri": "https://ofn.gov.cz/operation/1748351728862-8f69-7beb-a48d",
      "parent": "https://ofn.gov.cz/operation/1748351644125-1406-d077-b4c8",
      "dataPsmEntity": "1d139bc3-9cde-40fb-9307-f7b0391c5b80",
      "jsonLdDefinedPrefixes": {
        "čas": "https://slovník.gov.cz/generický/čas/pojem/",
        "111-2009": "https://slovník.gov.cz/legislativní/sbírka/111/2009/pojem/",
        "dcterms": "http://purl.org/dc/terms/",
        "skos": "http://www.w3.org/2004/02/skos/core#",
        "slovníky": "https://slovník.gov.cz/generický/datový-slovník-ofn-slovníků/pojem/",
        "vsgov": "https://slovník.gov.cz/veřejný-sektor/pojem/"
      }
    },
    {
      "types": [
        "core-operation",
        "https://ofn.gov.cz/slovník/psm/SetJsonLdDefinedTypeMapping"
      ],
      "iri": "https://ofn.gov.cz/operation/1748351728906-a72f-de00-b089",
      "parent": "https://ofn.gov.cz/operation/1748351728862-8f69-7beb-a48d",
      "dataPsmEntity": "1d139bc3-9cde-40fb-9307-f7b0391c5b80",
      "jsonLdDefinedTypeMapping": {
        "http://www.w3.org/2004/02/skos/core#Concept": "Koncept",
        "http://www.w3.org/2004/02/skos/core#ConceptScheme": "Tezaurus"
      }
    },
    {
      "types": [
        "core-operation",
        "https://ofn.gov.cz/slovník/psm/SetJsonEnforceContext"
      ],
      "iri": "https://ofn.gov.cz/operation/1748351728965-cc95-ac1b-a5e4",
      "parent": "https://ofn.gov.cz/operation/1748351728906-a72f-de00-b089",
      "dataPsmEntity": "1d139bc3-9cde-40fb-9307-f7b0391c5b80",
      "jsonEnforceContext": "with-extensions"
    },
    {
      "types": [
        "core-operation",
        "https://ofn.gov.cz/slovník/psm/SetInstancesHaveIdentity"
      ],
      "iri": "https://ofn.gov.cz/operation/1748351735295-ae53-864b-9dfa",
      "parent": "https://ofn.gov.cz/operation/1748351728965-cc95-ac1b-a5e4",
      "dataPsmClass": "https://ofn.gov.cz/class/1748351507325-6f75-586a-8cae",
      "instancesHaveIdentity": "OPTIONAL"
    },
    {
      "types": [
        "core-operation",
        "https://ofn.gov.cz/slovník/psm/SetInstancesHaveIdentity"
      ],
      "iri": "https://ofn.gov.cz/operation/1748351739824-267c-1bc4-b515",
      "parent": "https://ofn.gov.cz/operation/1748351735295-ae53-864b-9dfa",
      "dataPsmClass": "https://ofn.gov.cz/class/1748351507400-1b0f-f2df-be5d",
      "instancesHaveIdentity": "OPTIONAL"
    },
    {
      "types": [
        "core-operation",
        "https://ofn.gov.cz/slovník/psm/CreateAttribute"
      ],
      "iri": "https://ofn.gov.cz/operation/1748351743053-382e-a60d-8e6f",
      "parent": "https://ofn.gov.cz/operation/1748351739824-267c-1bc4-b515",
      "dataPsmNewIri": null,
      "dataPsmInterpretation": "6fp4bg315jom9jxs2i9",
      "dataPsmTechnicalLabel": "je-nespecifikovaný",
      "dataPsmHumanLabel": null,
      "dataPsmHumanDescription": null,
      "dataPsmOwner": "https://ofn.gov.cz/class/1748351507325-6f75-586a-8cae",
      "dataPsmDatatype": "http://www.w3.org/2001/XMLSchema#boolean"
    },
    {
      "types": [
        "core-operation",
        "https://ofn.gov.cz/slovník/psm/CreateAttribute"
      ],
      "iri": "https://ofn.gov.cz/operation/1748351743091-7747-7062-8f52",
      "parent": "https://ofn.gov.cz/operation/1748351743053-382e-a60d-8e6f",
      "dataPsmNewIri": null,
      "dataPsmInterpretation": "0fls5k4qesp5m9jxrrl6",
      "dataPsmTechnicalLabel": "datum-a-čas",
      "dataPsmHumanLabel": null,
      "dataPsmHumanDescription": null,
      "dataPsmOwner": "https://ofn.gov.cz/class/1748351507325-6f75-586a-8cae",
      "dataPsmDatatype": "http://www.w3.org/2001/XMLSchema#dateTimeStamp"
    },
    {
      "types": [
        "core-operation",
        "https://ofn.gov.cz/slovník/psm/CreateAttribute"
      ],
      "iri": "https://ofn.gov.cz/operation/1748351743130-742e-0f42-bac5",
      "parent": "https://ofn.gov.cz/operation/1748351743091-7747-7062-8f52",
      "dataPsmNewIri": null,
      "dataPsmInterpretation": "4ee912iphv7m9jxrjjm",
      "dataPsmTechnicalLabel": "datum",
      "dataPsmHumanLabel": null,
      "dataPsmHumanDescription": null,
      "dataPsmOwner": "https://ofn.gov.cz/class/1748351507325-6f75-586a-8cae",
      "dataPsmDatatype": "http://www.w3.org/2001/XMLSchema#date"
    },
    {
      "types": [
        "core-operation",
        "https://ofn.gov.cz/slovník/psm/CreateAttribute"
      ],
      "iri": "https://ofn.gov.cz/operation/1748351746575-f495-97e0-8e55",
      "parent": "https://ofn.gov.cz/operation/1748351743130-742e-0f42-bac5",
      "dataPsmNewIri": null,
      "dataPsmInterpretation": "6fp4bg315jom9jxs2i9",
      "dataPsmTechnicalLabel": "je-nespecifikovaný",
      "dataPsmHumanLabel": null,
      "dataPsmHumanDescription": null,
      "dataPsmOwner": "https://ofn.gov.cz/class/1748351507400-1b0f-f2df-be5d",
      "dataPsmDatatype": "http://www.w3.org/2001/XMLSchema#boolean"
    },
    {
      "types": [
        "core-operation",
        "https://ofn.gov.cz/slovník/psm/CreateAttribute"
      ],
      "iri": "https://ofn.gov.cz/operation/1748351746615-f194-7734-a9e8",
      "parent": "https://ofn.gov.cz/operation/1748351746575-f495-97e0-8e55",
      "dataPsmNewIri": null,
      "dataPsmInterpretation": "0fls5k4qesp5m9jxrrl6",
      "dataPsmTechnicalLabel": "datum-a-čas",
      "dataPsmHumanLabel": null,
      "dataPsmHumanDescription": null,
      "dataPsmOwner": "https://ofn.gov.cz/class/1748351507400-1b0f-f2df-be5d",
      "dataPsmDatatype": "http://www.w3.org/2001/XMLSchema#dateTimeStamp"
    },
    {
      "types": [
        "core-operation",
        "https://ofn.gov.cz/slovník/psm/CreateAttribute"
      ],
      "iri": "https://ofn.gov.cz/operation/1748351746654-f988-0857-9a4f",
      "parent": "https://ofn.gov.cz/operation/1748351746615-f194-7734-a9e8",
      "dataPsmNewIri": null,
      "dataPsmInterpretation": "4ee912iphv7m9jxrjjm",
      "dataPsmTechnicalLabel": "datum",
      "dataPsmHumanLabel": null,
      "dataPsmHumanDescription": null,
      "dataPsmOwner": "https://ofn.gov.cz/class/1748351507400-1b0f-f2df-be5d",
      "dataPsmDatatype": "http://www.w3.org/2001/XMLSchema#date"
    },
    {
      "types": [
        "core-operation",
        "https://ofn.gov.cz/slovník/psm/SetTechnicalLabel"
      ],
      "iri": "https://ofn.gov.cz/operation/1748351751262-275d-4ff8-9fc1",
      "parent": "https://ofn.gov.cz/operation/1748351746654-f988-0857-9a4f",
      "dataPsmResource": "https://ofn.gov.cz/attribute/1748351743053-3194-d053-b66c",
      "dataPsmTechnicalLabel": "je_nespecifikovaný"
    },
    {
      "types": [
        "core-operation",
        "https://ofn.gov.cz/slovník/psm/SetTechnicalLabel"
      ],
      "iri": "https://ofn.gov.cz/operation/1748351755933-f308-eec1-908e",
      "parent": "https://ofn.gov.cz/operation/1748351751262-275d-4ff8-9fc1",
      "dataPsmResource": "https://ofn.gov.cz/attribute/1748351743091-fb87-909f-8770",
      "dataPsmTechnicalLabel": "datum_a_čas"
    },
    {
      "types": [
        "core-operation",
        "https://ofn.gov.cz/slovník/psm/SetTechnicalLabel"
      ],
      "iri": "https://ofn.gov.cz/operation/1748351763419-8fc8-7ea3-a1a3",
      "parent": "https://ofn.gov.cz/operation/1748351755933-f308-eec1-908e",
      "dataPsmResource": "https://ofn.gov.cz/attribute/1748351746575-07ba-858e-ab5a",
      "dataPsmTechnicalLabel": "je_nespecifikovaný"
    },
    {
      "types": [
        "core-operation",
        "https://ofn.gov.cz/slovník/psm/SetTechnicalLabel"
      ],
      "iri": "https://ofn.gov.cz/operation/1748351769779-e5b4-feb1-892e",
      "parent": "https://ofn.gov.cz/operation/1748351763419-8fc8-7ea3-a1a3",
      "dataPsmResource": "https://ofn.gov.cz/attribute/1748351746615-d738-780b-9e1b",
      "dataPsmTechnicalLabel": "datum_a_čas"
    },
    {
      "types": [
        "core-operation",
        "https://ofn.gov.cz/slovník/psm/SetIsClosed"
      ],
      "iri": "https://ofn.gov.cz/operation/1748351775205-a031-ba8a-936c",
      "parent": "https://ofn.gov.cz/operation/1748351769779-e5b4-feb1-892e",
      "dataPsmClass": "https://ofn.gov.cz/class/1748351507400-1b0f-f2df-be5d",
      "dataPsmIsClosed": true
    },
    {
      "types": [
        "core-operation",
        "https://ofn.gov.cz/slovník/psm/SetIsClosed"
      ],
      "iri": "https://ofn.gov.cz/operation/1748351781926-ab9d-96ea-8275",
      "parent": "https://ofn.gov.cz/operation/1748351775205-a031-ba8a-936c",
      "dataPsmClass": "https://ofn.gov.cz/class/1748351507325-6f75-586a-8cae",
      "dataPsmIsClosed": true
    },
    {
      "types": [
        "core-operation",
        "https://ofn.gov.cz/slovník/psm/SetTechnicalLabel"
      ],
      "iri": "https://ofn.gov.cz/operation/1748351787054-50ab-cdd3-8179",
      "parent": "https://ofn.gov.cz/operation/1748351781926-ab9d-96ea-8275",
      "dataPsmResource": "https://ofn.gov.cz/association/1748351507214-4105-e0f5-af81",
      "dataPsmTechnicalLabel": "pojmy"
    },
    {
      "types": [
        "core-operation",
        "https://ofn.gov.cz/slovník/psm/CreateAttribute"
      ],
      "iri": "https://ofn.gov.cz/operation/1748351797461-4944-0914-8ba7",
      "parent": "https://ofn.gov.cz/operation/1748351787054-50ab-cdd3-8179",
      "dataPsmNewIri": null,
      "dataPsmInterpretation": "z9q9byb7wjim9ibmksb",
      "dataPsmTechnicalLabel": "název",
      "dataPsmHumanLabel": null,
      "dataPsmHumanDescription": null,
      "dataPsmOwner": "https://ofn.gov.cz/class/1748351507181-0d59-3e89-992d",
      "dataPsmDatatype": "https://ofn.gov.cz/zdroj/základní-datové-typy/2020-07-01/text"
    },
    {
      "types": [
        "core-operation",
        "https://ofn.gov.cz/slovník/psm/CreateClass"
      ],
      "iri": "https://ofn.gov.cz/operation/1748351797503-2e2f-c191-a863",
      "parent": "https://ofn.gov.cz/operation/1748351797461-4944-0914-8ba7",
      "dataPsmNewIri": null,
      "dataPsmInterpretation": "z6i6ivlayvhm9id87gq",
      "dataPsmTechnicalLabel": "způsob-získání-údaje",
      "dataPsmHumanLabel": null,
      "dataPsmHumanDescription": null,
      "dataPsmExtends": [],
      "dataPsmIsClosed": null
    },
    {
      "types": [
        "core-operation",
        "https://ofn.gov.cz/slovník/psm/CreateAssociationEnd"
      ],
      "iri": "https://ofn.gov.cz/operation/1748351797544-f36a-9933-a99d",
      "parent": "https://ofn.gov.cz/operation/1748351797503-2e2f-c191-a863",
      "dataPsmNewIri": null,
      "dataPsmInterpretation": "3rccf03reh6m9idaolw",
      "dataPsmTechnicalLabel": "má-způsob-získání-údaje",
      "dataPsmHumanLabel": null,
      "dataPsmHumanDescription": null,
      "dataPsmOwner": "https://ofn.gov.cz/class/1748351507181-0d59-3e89-992d",
      "dataPsmPart": "https://ofn.gov.cz/class/1748351797503-55c0-4ce6-873d",
      "dataPsmIsReverse": false,
      "dataPsmIsDematerialize": null
    },
    {
      "types": [
        "core-operation",
        "https://ofn.gov.cz/slovník/psm/CreateClass"
      ],
      "iri": "https://ofn.gov.cz/operation/1748351797586-fdb2-43f7-aa07",
      "parent": "https://ofn.gov.cz/operation/1748351797544-f36a-9933-a99d",
      "dataPsmNewIri": null,
      "dataPsmInterpretation": "4mmt1tvw6ndm9id8rq3",
      "dataPsmTechnicalLabel": "typ-obsahu-údaje",
      "dataPsmHumanLabel": null,
      "dataPsmHumanDescription": null,
      "dataPsmExtends": [],
      "dataPsmIsClosed": null
    },
    {
      "types": [
        "core-operation",
        "https://ofn.gov.cz/slovník/psm/CreateAssociationEnd"
      ],
      "iri": "https://ofn.gov.cz/operation/1748351797630-52f7-fd8e-8c83",
      "parent": "https://ofn.gov.cz/operation/1748351797586-fdb2-43f7-aa07",
      "dataPsmNewIri": null,
      "dataPsmInterpretation": "7dv6zdmktzkm9idab31",
      "dataPsmTechnicalLabel": "má-typ-obsahu-údaje",
      "dataPsmHumanLabel": null,
      "dataPsmHumanDescription": null,
      "dataPsmOwner": "https://ofn.gov.cz/class/1748351507181-0d59-3e89-992d",
      "dataPsmPart": "https://ofn.gov.cz/class/1748351797586-1686-7035-a402",
      "dataPsmIsReverse": false,
      "dataPsmIsDematerialize": null
    },
    {
      "types": [
        "core-operation",
        "https://ofn.gov.cz/slovník/psm/CreateClass"
      ],
      "iri": "https://ofn.gov.cz/operation/1748351797673-1efd-bfca-bbcd",
      "parent": "https://ofn.gov.cz/operation/1748351797630-52f7-fd8e-8c83",
      "dataPsmNewIri": null,
      "dataPsmInterpretation": "l91vbqid9wem9id8i9v",
      "dataPsmTechnicalLabel": "způsob-sdílení-údaje",
      "dataPsmHumanLabel": null,
      "dataPsmHumanDescription": null,
      "dataPsmExtends": [],
      "dataPsmIsClosed": null
    },
    {
      "types": [
        "core-operation",
        "https://ofn.gov.cz/slovník/psm/CreateAssociationEnd"
      ],
      "iri": "https://ofn.gov.cz/operation/1748351797715-47e3-33a0-a0dc",
      "parent": "https://ofn.gov.cz/operation/1748351797673-1efd-bfca-bbcd",
      "dataPsmNewIri": null,
      "dataPsmInterpretation": "rzuaqm7f1vm9id9yd3",
      "dataPsmTechnicalLabel": "má-způsob-sdílení-údaje",
      "dataPsmHumanLabel": null,
      "dataPsmHumanDescription": null,
      "dataPsmOwner": "https://ofn.gov.cz/class/1748351507181-0d59-3e89-992d",
      "dataPsmPart": "https://ofn.gov.cz/class/1748351797673-867b-ab6a-8c55",
      "dataPsmIsReverse": false,
      "dataPsmIsDematerialize": null
    },
    {
      "types": [
        "core-operation",
        "https://ofn.gov.cz/slovník/psm/SetTechnicalLabel"
      ],
      "iri": "https://ofn.gov.cz/operation/1748351808824-f13e-a357-ba14",
      "parent": "https://ofn.gov.cz/operation/1748351797715-47e3-33a0-a0dc",
      "dataPsmResource": "https://ofn.gov.cz/association/1748351797544-5606-90c8-916f",
      "dataPsmTechnicalLabel": "způsob-získání-údaje"
    },
    {
      "types": [
        "core-operation",
        "https://ofn.gov.cz/slovník/psm/SetTechnicalLabel"
      ],
      "iri": "https://ofn.gov.cz/operation/1748351812958-2e8c-e248-93a7",
      "parent": "https://ofn.gov.cz/operation/1748351808824-f13e-a357-ba14",
      "dataPsmResource": "https://ofn.gov.cz/association/1748351797630-7c40-c5a5-8d14",
      "dataPsmTechnicalLabel": "typ-obsahu-údaje"
    },
    {
      "types": [
        "core-operation",
        "https://ofn.gov.cz/slovník/psm/SetTechnicalLabel"
      ],
      "iri": "https://ofn.gov.cz/operation/1748351824462-5c1d-60d5-bfc7",
      "parent": "https://ofn.gov.cz/operation/1748351812958-2e8c-e248-93a7",
      "dataPsmResource": "https://ofn.gov.cz/association/1748351797715-c26b-e7b8-b088",
      "dataPsmTechnicalLabel": "způsoby-sdílení-údaje"
    },
    {
      "types": [
        "core-operation",
        "https://ofn.gov.cz/slovník/psm/SetJsonLdDefinedPrefixes"
      ],
      "iri": "https://ofn.gov.cz/operation/1748352270757-8edb-6f34-935f",
      "parent": "https://ofn.gov.cz/operation/1748351824462-5c1d-60d5-bfc7",
      "dataPsmEntity": "1d139bc3-9cde-40fb-9307-f7b0391c5b80",
      "jsonLdDefinedPrefixes": {
        "čas": "https://slovník.gov.cz/generický/čas/pojem/",
        "111-2009": "https://slovník.gov.cz/legislativní/sbírka/111/2009/pojem/",
        "dcterms": "http://purl.org/dc/terms/",
        "skos": "http://www.w3.org/2004/02/skos/core#",
        "slovníky": "https://slovník.gov.cz/generický/datový-slovník-ofn-slovníků/pojem/",
        "vsgov": "https://slovník.gov.cz/veřejný-sektor/pojem/",
        "způsoby-sdílení": "https://data.dia.gov.cz/zdroj/číselníky/způsoby-sdílení-údajů/položky/",
        "způsoby-získání": "https://data.dia.gov.cz/zdroj/číselníky/způsoby-získání-údajů/položky/",
        "typy-obsahu": "https://data.dia.gov.cz/zdroj/číselníky/typy-obsahu-údajů/položky/"
      }
    }
  ],
  "resources": {
    "1d139bc3-9cde-40fb-9307-f7b0391c5b80": {
      "types": [
        "https://ofn.gov.cz/slovník/psm/Schema"
      ],
      "iri": "1d139bc3-9cde-40fb-9307-f7b0391c5b80",
      "dataPsmHumanLabel": {
        "en": "Concept Scheme",
        "cs": "Anotace pro § 23 vyhlášky 360/2023 Sb."
      },
      "dataPsmHumanDescription": {
        "en": "Data structure for Concept Scheme. Tezaurus je nejjednodušším typem slovníku.",
        "cs": "Anotace pro § 23 vyhlášky 360/2023 Sb."
      },
      "dataPsmTechnicalLabel": null,
      "dataPsmRoots": [
        "https://ofn.gov.cz/class/1748351497809-724e-b863-922f"
      ],
      "dataPsmParts": [
        "https://ofn.gov.cz/class/1748351497809-724e-b863-922f",
        "https://ofn.gov.cz/class/1748351507181-0d59-3e89-992d",
        "https://ofn.gov.cz/association/1748351507214-4105-e0f5-af81",
        "https://ofn.gov.cz/attribute/1748351507254-5f22-1dc3-9313",
        "https://ofn.gov.cz/attribute/1748351507289-73e4-1085-bfb6",
        "https://ofn.gov.cz/class/1748351507325-6f75-586a-8cae",
        "https://ofn.gov.cz/association/1748351507361-1d52-5fb2-87ad",
        "https://ofn.gov.cz/class/1748351507400-1b0f-f2df-be5d",
        "https://ofn.gov.cz/association/1748351507437-3f91-77b8-9c9b",
        "https://ofn.gov.cz/attribute/1748351743053-3194-d053-b66c",
        "https://ofn.gov.cz/attribute/1748351743091-fb87-909f-8770",
        "https://ofn.gov.cz/attribute/1748351743130-ded2-e66f-afd9",
        "https://ofn.gov.cz/attribute/1748351746575-07ba-858e-ab5a",
        "https://ofn.gov.cz/attribute/1748351746615-d738-780b-9e1b",
        "https://ofn.gov.cz/attribute/1748351746654-e663-1f0d-9828",
        "https://ofn.gov.cz/attribute/1748351797461-6dad-40db-99b3",
        "https://ofn.gov.cz/class/1748351797503-55c0-4ce6-873d",
        "https://ofn.gov.cz/association/1748351797544-5606-90c8-916f",
        "https://ofn.gov.cz/class/1748351797586-1686-7035-a402",
        "https://ofn.gov.cz/association/1748351797630-7c40-c5a5-8d14",
        "https://ofn.gov.cz/class/1748351797673-867b-ab6a-8c55",
        "https://ofn.gov.cz/association/1748351797715-c26b-e7b8-b088"
      ],
      "jsonLdDefinedPrefixes": {
        "čas": "https://slovník.gov.cz/generický/čas/pojem/",
        "111-2009": "https://slovník.gov.cz/legislativní/sbírka/111/2009/pojem/",
        "dcterms": "http://purl.org/dc/terms/",
        "skos": "http://www.w3.org/2004/02/skos/core#",
        "slovníky": "https://slovník.gov.cz/generický/datový-slovník-ofn-slovníků/pojem/",
        "vsgov": "https://slovník.gov.cz/veřejný-sektor/pojem/",
        "způsoby-sdílení": "https://data.dia.gov.cz/zdroj/číselníky/způsoby-sdílení-údajů/položky/",
        "způsoby-získání": "https://data.dia.gov.cz/zdroj/číselníky/způsoby-získání-údajů/položky/",
        "typy-obsahu": "https://data.dia.gov.cz/zdroj/číselníky/typy-obsahu-údajů/položky/"
      },
      "jsonLdDefinedTypeMapping": {
        "http://www.w3.org/2004/02/skos/core#Concept": "Koncept",
        "http://www.w3.org/2004/02/skos/core#ConceptScheme": "Tezaurus"
      },
      "jsonEnforceContext": "with-extensions"
    },
    "https://ofn.gov.cz/class/1748351497809-724e-b863-922f": {
      "types": [
        "https://ofn.gov.cz/slovník/psm/Class"
      ],
      "iri": "https://ofn.gov.cz/class/1748351497809-724e-b863-922f",
      "dataPsmHumanLabel": null,
      "dataPsmHumanDescription": null,
      "dataPsmTechnicalLabel": "tezaurus",
      "dataPsmInterpretation": "h31s6hbky1im9ibc54o",
      "dataPsmExtends": [],
      "dataPsmParts": [
        "https://ofn.gov.cz/attribute/1748351507289-73e4-1085-bfb6",
        "https://ofn.gov.cz/attribute/1748351507254-5f22-1dc3-9313",
        "https://ofn.gov.cz/association/1748351507361-1d52-5fb2-87ad",
        "https://ofn.gov.cz/association/1748351507437-3f91-77b8-9c9b",
        "https://ofn.gov.cz/association/1748351507214-4105-e0f5-af81"
      ],
      "dataPsmIsClosed": null
    },
    "https://ofn.gov.cz/class/1748351507181-0d59-3e89-992d": {
      "types": [
        "https://ofn.gov.cz/slovník/psm/Class"
      ],
      "iri": "https://ofn.gov.cz/class/1748351507181-0d59-3e89-992d",
      "dataPsmHumanLabel": null,
      "dataPsmHumanDescription": null,
      "dataPsmTechnicalLabel": "pojem",
      "dataPsmInterpretation": "102gw4osjd3rm9ibdkxp",
      "dataPsmExtends": [],
      "dataPsmParts": [
        "https://ofn.gov.cz/attribute/1748351797461-6dad-40db-99b3",
        "https://ofn.gov.cz/association/1748351797544-5606-90c8-916f",
        "https://ofn.gov.cz/association/1748351797630-7c40-c5a5-8d14",
        "https://ofn.gov.cz/association/1748351797715-c26b-e7b8-b088"
      ],
      "dataPsmIsClosed": null
    },
    "https://ofn.gov.cz/association/1748351507214-4105-e0f5-af81": {
      "types": [
        "https://ofn.gov.cz/slovník/psm/AssociationEnd"
      ],
      "iri": "https://ofn.gov.cz/association/1748351507214-4105-e0f5-af81",
      "dataPsmHumanLabel": null,
      "dataPsmHumanDescription": null,
      "dataPsmTechnicalLabel": "pojmy",
      "dataPsmInterpretation": "pg2qpy5ymmdm9ibfrd6",
      "dataPsmPart": "https://ofn.gov.cz/class/1748351507181-0d59-3e89-992d",
      "dataPsmIsReverse": true,
      "dataPsmIsDematerialize": null
    },
    "https://ofn.gov.cz/attribute/1748351507254-5f22-1dc3-9313": {
      "types": [
        "https://ofn.gov.cz/slovník/psm/Attribute"
      ],
      "iri": "https://ofn.gov.cz/attribute/1748351507254-5f22-1dc3-9313",
      "dataPsmHumanLabel": null,
      "dataPsmHumanDescription": null,
      "dataPsmTechnicalLabel": "popis",
      "dataPsmInterpretation": "18iz808lfd9m9ib6nnk",
      "dataPsmDatatype": "https://ofn.gov.cz/zdroj/základní-datové-typy/2020-07-01/text"
    },
    "https://ofn.gov.cz/attribute/1748351507289-73e4-1085-bfb6": {
      "types": [
        "https://ofn.gov.cz/slovník/psm/Attribute"
      ],
      "iri": "https://ofn.gov.cz/attribute/1748351507289-73e4-1085-bfb6",
      "dataPsmHumanLabel": null,
      "dataPsmHumanDescription": null,
      "dataPsmTechnicalLabel": "název",
      "dataPsmInterpretation": "2ynzqcmfszmm9ib60al",
      "dataPsmDatatype": "https://ofn.gov.cz/zdroj/základní-datové-typy/2020-07-01/text"
    },
    "https://ofn.gov.cz/class/1748351507325-6f75-586a-8cae": {
      "types": [
        "https://ofn.gov.cz/slovník/psm/Class"
      ],
      "iri": "https://ofn.gov.cz/class/1748351507325-6f75-586a-8cae",
      "dataPsmHumanLabel": null,
      "dataPsmHumanDescription": null,
      "dataPsmTechnicalLabel": "časový-okamžik",
      "dataPsmInterpretation": "rug4doxs6wfm9jxqxsy",
      "dataPsmExtends": [],
      "dataPsmParts": [
        "https://ofn.gov.cz/attribute/1748351743053-3194-d053-b66c",
        "https://ofn.gov.cz/attribute/1748351743091-fb87-909f-8770",
        "https://ofn.gov.cz/attribute/1748351743130-ded2-e66f-afd9"
      ],
      "dataPsmIsClosed": true,
      "instancesHaveIdentity": "OPTIONAL"
    },
    "https://ofn.gov.cz/association/1748351507361-1d52-5fb2-87ad": {
      "types": [
        "https://ofn.gov.cz/slovník/psm/AssociationEnd"
      ],
      "iri": "https://ofn.gov.cz/association/1748351507361-1d52-5fb2-87ad",
      "dataPsmHumanLabel": null,
      "dataPsmHumanDescription": null,
      "dataPsmTechnicalLabel": "vytvořeno",
      "dataPsmInterpretation": "jjbalad349m9l9rmka",
      "dataPsmPart": "https://ofn.gov.cz/class/1748351507325-6f75-586a-8cae",
      "dataPsmIsReverse": false,
      "dataPsmIsDematerialize": null
    },
    "https://ofn.gov.cz/class/1748351507400-1b0f-f2df-be5d": {
      "types": [
        "https://ofn.gov.cz/slovník/psm/Class"
      ],
      "iri": "https://ofn.gov.cz/class/1748351507400-1b0f-f2df-be5d",
      "dataPsmHumanLabel": null,
      "dataPsmHumanDescription": null,
      "dataPsmTechnicalLabel": "časový-okamžik",
      "dataPsmInterpretation": "rug4doxs6wfm9jxqxsy",
      "dataPsmExtends": [],
      "dataPsmParts": [
        "https://ofn.gov.cz/attribute/1748351746575-07ba-858e-ab5a",
        "https://ofn.gov.cz/attribute/1748351746615-d738-780b-9e1b",
        "https://ofn.gov.cz/attribute/1748351746654-e663-1f0d-9828"
      ],
      "dataPsmIsClosed": true,
      "instancesHaveIdentity": "OPTIONAL"
    },
    "https://ofn.gov.cz/association/1748351507437-3f91-77b8-9c9b": {
      "types": [
        "https://ofn.gov.cz/slovník/psm/AssociationEnd"
      ],
      "iri": "https://ofn.gov.cz/association/1748351507437-3f91-77b8-9c9b",
      "dataPsmHumanLabel": null,
      "dataPsmHumanDescription": null,
      "dataPsmTechnicalLabel": "aktualizováno",
      "dataPsmInterpretation": "ngmfpqclzobm9l9relu",
      "dataPsmPart": "https://ofn.gov.cz/class/1748351507400-1b0f-f2df-be5d",
      "dataPsmIsReverse": false,
      "dataPsmIsDematerialize": null
    },
    "https://ofn.gov.cz/attribute/1748351743053-3194-d053-b66c": {
      "types": [
        "https://ofn.gov.cz/slovník/psm/Attribute"
      ],
      "iri": "https://ofn.gov.cz/attribute/1748351743053-3194-d053-b66c",
      "dataPsmHumanLabel": null,
      "dataPsmHumanDescription": null,
      "dataPsmTechnicalLabel": "je_nespecifikovaný",
      "dataPsmInterpretation": "6fp4bg315jom9jxs2i9",
      "dataPsmDatatype": "http://www.w3.org/2001/XMLSchema#boolean"
    },
    "https://ofn.gov.cz/attribute/1748351743091-fb87-909f-8770": {
      "types": [
        "https://ofn.gov.cz/slovník/psm/Attribute"
      ],
      "iri": "https://ofn.gov.cz/attribute/1748351743091-fb87-909f-8770",
      "dataPsmHumanLabel": null,
      "dataPsmHumanDescription": null,
      "dataPsmTechnicalLabel": "datum_a_čas",
      "dataPsmInterpretation": "0fls5k4qesp5m9jxrrl6",
      "dataPsmDatatype": "http://www.w3.org/2001/XMLSchema#dateTimeStamp"
    },
    "https://ofn.gov.cz/attribute/1748351743130-ded2-e66f-afd9": {
      "types": [
        "https://ofn.gov.cz/slovník/psm/Attribute"
      ],
      "iri": "https://ofn.gov.cz/attribute/1748351743130-ded2-e66f-afd9",
      "dataPsmHumanLabel": null,
      "dataPsmHumanDescription": null,
      "dataPsmTechnicalLabel": "datum",
      "dataPsmInterpretation": "4ee912iphv7m9jxrjjm",
      "dataPsmDatatype": "http://www.w3.org/2001/XMLSchema#date"
    },
    "https://ofn.gov.cz/attribute/1748351746575-07ba-858e-ab5a": {
      "types": [
        "https://ofn.gov.cz/slovník/psm/Attribute"
      ],
      "iri": "https://ofn.gov.cz/attribute/1748351746575-07ba-858e-ab5a",
      "dataPsmHumanLabel": null,
      "dataPsmHumanDescription": null,
      "dataPsmTechnicalLabel": "je_nespecifikovaný",
      "dataPsmInterpretation": "6fp4bg315jom9jxs2i9",
      "dataPsmDatatype": "http://www.w3.org/2001/XMLSchema#boolean"
    },
    "https://ofn.gov.cz/attribute/1748351746615-d738-780b-9e1b": {
      "types": [
        "https://ofn.gov.cz/slovník/psm/Attribute"
      ],
      "iri": "https://ofn.gov.cz/attribute/1748351746615-d738-780b-9e1b",
      "dataPsmHumanLabel": null,
      "dataPsmHumanDescription": null,
      "dataPsmTechnicalLabel": "datum_a_čas",
      "dataPsmInterpretation": "0fls5k4qesp5m9jxrrl6",
      "dataPsmDatatype": "http://www.w3.org/2001/XMLSchema#dateTimeStamp"
    },
    "https://ofn.gov.cz/attribute/1748351746654-e663-1f0d-9828": {
      "types": [
        "https://ofn.gov.cz/slovník/psm/Attribute"
      ],
      "iri": "https://ofn.gov.cz/attribute/1748351746654-e663-1f0d-9828",
      "dataPsmHumanLabel": null,
      "dataPsmHumanDescription": null,
      "dataPsmTechnicalLabel": "datum",
      "dataPsmInterpretation": "4ee912iphv7m9jxrjjm",
      "dataPsmDatatype": "http://www.w3.org/2001/XMLSchema#date"
    },
    "https://ofn.gov.cz/attribute/1748351797461-6dad-40db-99b3": {
      "types": [
        "https://ofn.gov.cz/slovník/psm/Attribute"
      ],
      "iri": "https://ofn.gov.cz/attribute/1748351797461-6dad-40db-99b3",
      "dataPsmHumanLabel": null,
      "dataPsmHumanDescription": null,
      "dataPsmTechnicalLabel": "název",
      "dataPsmInterpretation": "z9q9byb7wjim9ibmksb",
      "dataPsmDatatype": "https://ofn.gov.cz/zdroj/základní-datové-typy/2020-07-01/text"
    },
    "https://ofn.gov.cz/class/1748351797503-55c0-4ce6-873d": {
      "types": [
        "https://ofn.gov.cz/slovník/psm/Class"
      ],
      "iri": "https://ofn.gov.cz/class/1748351797503-55c0-4ce6-873d",
      "dataPsmHumanLabel": null,
      "dataPsmHumanDescription": null,
      "dataPsmTechnicalLabel": "způsob-získání-údaje",
      "dataPsmInterpretation": "z6i6ivlayvhm9id87gq",
      "dataPsmExtends": [],
      "dataPsmParts": [],
      "dataPsmIsClosed": null
    },
    "https://ofn.gov.cz/association/1748351797544-5606-90c8-916f": {
      "types": [
        "https://ofn.gov.cz/slovník/psm/AssociationEnd"
      ],
      "iri": "https://ofn.gov.cz/association/1748351797544-5606-90c8-916f",
      "dataPsmHumanLabel": null,
      "dataPsmHumanDescription": null,
      "dataPsmTechnicalLabel": "způsob-získání-údaje",
      "dataPsmInterpretation": "3rccf03reh6m9idaolw",
      "dataPsmPart": "https://ofn.gov.cz/class/1748351797503-55c0-4ce6-873d",
      "dataPsmIsReverse": false,
      "dataPsmIsDematerialize": null
    },
    "https://ofn.gov.cz/class/1748351797586-1686-7035-a402": {
      "types": [
        "https://ofn.gov.cz/slovník/psm/Class"
      ],
      "iri": "https://ofn.gov.cz/class/1748351797586-1686-7035-a402",
      "dataPsmHumanLabel": null,
      "dataPsmHumanDescription": null,
      "dataPsmTechnicalLabel": "typ-obsahu-údaje",
      "dataPsmInterpretation": "4mmt1tvw6ndm9id8rq3",
      "dataPsmExtends": [],
      "dataPsmParts": [],
      "dataPsmIsClosed": null
    },
    "https://ofn.gov.cz/association/1748351797630-7c40-c5a5-8d14": {
      "types": [
        "https://ofn.gov.cz/slovník/psm/AssociationEnd"
      ],
      "iri": "https://ofn.gov.cz/association/1748351797630-7c40-c5a5-8d14",
      "dataPsmHumanLabel": null,
      "dataPsmHumanDescription": null,
      "dataPsmTechnicalLabel": "typ-obsahu-údaje",
      "dataPsmInterpretation": "7dv6zdmktzkm9idab31",
      "dataPsmPart": "https://ofn.gov.cz/class/1748351797586-1686-7035-a402",
      "dataPsmIsReverse": false,
      "dataPsmIsDematerialize": null
    },
    "https://ofn.gov.cz/class/1748351797673-867b-ab6a-8c55": {
      "types": [
        "https://ofn.gov.cz/slovník/psm/Class"
      ],
      "iri": "https://ofn.gov.cz/class/1748351797673-867b-ab6a-8c55",
      "dataPsmHumanLabel": null,
      "dataPsmHumanDescription": null,
      "dataPsmTechnicalLabel": "způsob-sdílení-údaje",
      "dataPsmInterpretation": "l91vbqid9wem9id8i9v",
      "dataPsmExtends": [],
      "dataPsmParts": [],
      "dataPsmIsClosed": null
    },
    "https://ofn.gov.cz/association/1748351797715-c26b-e7b8-b088": {
      "types": [
        "https://ofn.gov.cz/slovník/psm/AssociationEnd"
      ],
      "iri": "https://ofn.gov.cz/association/1748351797715-c26b-e7b8-b088",
      "dataPsmHumanLabel": null,
      "dataPsmHumanDescription": null,
      "dataPsmTechnicalLabel": "způsoby-sdílení-údaje",
      "dataPsmInterpretation": "rzuaqm7f1vm9id9yd3",
      "dataPsmPart": "https://ofn.gov.cz/class/1748351797673-867b-ab6a-8c55",
      "dataPsmIsReverse": false,
      "dataPsmIsDematerialize": null
    }
  }
}