{
  "identifier": "g0ysq",
  "version": 1,
  "type": "http://dataspecer.com/resources/local/visual-model",
  "entities": [
    {
      "type": [
        "http://dataspecer.com/resources/local/visual-model"
      ],
      "representedModel": "815a5011-4023-4b81-a601-3b8c58d91652",
      "color": "#b4e33d",
      "identifier": "g370s"
    },
    {
      "type": [
        "http://dataspecer.com/resources/local/visual-model"
      ],
      "representedModel": "rwotq",
      "color": "#d4f2d2",
      "identifier": "tl2hk"
    },
    {
      "type": [
        "http://dataspecer.com/resources/local/visual-model"
      ],
      "representedModel": "a5y9r",
      "color": "#92bcea",
      "identifier": "elkb2"
    },
    {
      "type": [
        "http://dataspecer.com/resources/local/visual-model"
      ],
      "representedModel": "tiarv",
      "color": "#ffb770",
      "identifier": "xhikh"
    },
    {
      "type": [
        "http://dataspecer.com/resources/local/visual-model"
      ],
      "representedModel": "z26uol",
      "color": "#8fab5c",
      "identifier": "unm1r"
    },
    {
      "type": [
        "http://dataspecer.com/resources/local/visual-model"
      ],
      "representedModel": "p37vu",
      "color": "#ff9770",
      "identifier": "uvf8x"
    },
    {
      "type": [
        "http://dataspecer.com/resources/local/visual-model"
      ],
      "representedModel": "3q0s9",
      "color": "#ff848b",
      "identifier": "5tz72"
    },
    {
      "type": [
        "http://dataspecer.com/resources/local/visual-model"
      ],
      "representedModel": "x2oahj",
      "color": "#e63462",
      "identifier": "pqra4"
    },
    {
      "type": [
        "http://dataspecer.com/resources/local/visual-model"
      ],
      "representedModel": "qc8uy",
      "color": "#4dc9ab",
      "identifier": "8aw1lf"
    },
    {
      "identifier": "g0ysq-model-metadata-entity",
      "type": [
        "entity-model-type"
      ],
      "label": {
        "en": "Typy subjektu/objektu"
      }
    },
    {
      "model": "x2oahj",
      "representedEntity": "https://slovník.gov.cz/veřejný-sektor/pojem/typ-subjektu-práva",
      "position": {
        "x": 1140,
        "y": -160
      },
      "content": [],
      "visualModels": [],
      "type": [
        "visual-node"
      ],
      "identifier": "if99f"
    },
    {
      "model": "x2oahj",
      "representedEntity": "https://slovník.gov.cz/veřejný-sektor/pojem/typ-objektu-práva",
      "position": {
        "x": 630,
        "y": -160
      },
      "content": [],
      "visualModels": [],
      "type": [
        "visual-node"
      ],
      "identifier": "i07hw"
    },
    {
      "model": "x2oahj",
      "representedEntity": "https://slovník.gov.cz/agendový/104/pojem/objekt-nebo-subjekt-údajů",
      "position": {
        "x": 350,
        "y": -560
      },
      "content": [],
      "visualModels": [],
      "type": [
        "visual-node"
      ],
      "identifier": "3c9v2h"
    },
    {
      "model": "x2oahj",
      "representedEntity": "https://slovník.gov.cz/legislativní/sbírka/111/2009/pojem/agenda",
      "position": {
        "x": 1460,
        "y": -560
      },
      "content": [],
      "visualModels": [],
      "type": [
        "visual-node"
      ],
      "identifier": "2oewy"
    },
    {
      "model": "x2oahj",
      "representedRelationship": "https://slovník.gov.cz/agendový/104/pojem/sdružuje-údaje-vedené-nebo-vytvářené-v-rámci-agendy",
      "waypoints": [],
      "visualSource": "3c9v2h",
      "visualTarget": "2oewy",
      "type": [
        "visual-relationship"
      ],
      "identifier": "nvpt9h"
    },
    {
      "model": "x2oahj",
      "representedEntity": "https://slovník.gov.cz/základní/pojem/typ-objektu",
      "position": {
        "x": 890,
        "y": -310
      },
      "content": [],
      "visualModels": [],
      "type": [
        "visual-node"
      ],
      "identifier": "kpyd8"
    },
    {
      "model": "815a5011-4023-4b81-a601-3b8c58d91652",
      "representedRelationship": "mxvmg6vll6lm9jr6hk6",
      "waypoints": [],
      "visualSource": "i07hw",
      "visualTarget": "kpyd8",
      "type": [
        "visual-relationship"
      ],
      "identifier": "neztl"
    },
    {
      "model": "815a5011-4023-4b81-a601-3b8c58d91652",
      "representedRelationship": "sydglw27nocm9jr6lug",
      "waypoints": [],
      "visualSource": "if99f",
      "visualTarget": "kpyd8",
      "type": [
        "visual-relationship"
      ],
      "identifier": "cszo8"
    },
    {
      "model": "815a5011-4023-4b81-a601-3b8c58d91652",
      "representedEntity": "t4eg5mv7t2m9jr939w",
      "position": {
        "x": 440,
        "y": -440
      },
      "content": [],
      "visualModels": [],
      "type": [
        "visual-node"
      ],
      "identifier": "isy39"
    },
    {
      "model": "815a5011-4023-4b81-a601-3b8c58d91652",
      "representedRelationship": "qxtlaor7gxqm9jr9793",
      "waypoints": [],
      "visualSource": "isy39",
      "visualTarget": "3c9v2h",
      "type": [
        "visual-relationship"
      ],
      "identifier": "wxd6cl"
    },
    {
      "type": [
        "http://dataspecer.com/resources/local/visual-model"
      ],
      "representedModel": "ok7n6",
      "color": "#ff848b",
      "identifier": "3tehsf"
    }
  ]
}