{
  "iri": "5e5aae98-4594-4b4c-9059-e64a65ef3562/44e5aa86-f24f-47a4-9dc4-5fe8cfb47049/3320aeaa-92b5-471e-bf8b-98eaf18e8c20/8f9b8a53-9ce9-4a7c-ae52-93a24ba1f3d0/85cd4e98-b04c-4997-a176-6ea5e8f7146b",
  "types": [
    "https://dataspecer.com/core/model-descriptor/pim-store-wrapper"
  ],
  "userMetadata": {
    "documentBaseUrl": "https://www.dublincore.org/specifications/dublin-core/dcmi-terms/dublin_core_terms.ttl",
    "label": {
      "en": "dublin_core_terms"
    }
  },
  "metadata": {
    "creationDate": "2026-01-14T13:19:13.025Z",
    "modificationDate": "2026-02-26T10:16:06.760Z"
  },
  "_version": 1,
  "_exportVersion": 1,
  "_exportedAt": "2026-02-26T10:21:44.632Z",
  "_exportedBy": "http://localhost:3100"
}