{
  "iri": "5e5aae98-4594-4b4c-9059-e64a65ef3562/44e5aa86-f24f-47a4-9dc4-5fe8cfb47049/3320aeaa-92b5-471e-bf8b-98eaf18e8c20/8f9b8a53-9ce9-4a7c-ae52-93a24ba1f3d0/generator-configuration",
  "types": [
    "http://dataspecer.com/resources/v1/generator-configuration"
  ],
  "userMetadata": {},
  "metadata": {
    "creationDate": "2026-02-26T10:11:40.806Z",
    "modificationDate": "2026-02-26T10:16:06.574Z"
  },
  "_version": 1,
  "_exportVersion": 1,
  "_exportedAt": "2026-02-26T10:21:44.641Z",
  "_exportedBy": "http://localhost:3100"
}