{
  "iri": "31c15e62-6f46-4c53-ad4d-cf900421feb6/c08674e5-2492-4e22-b04a-b069d8d7e2eb",
  "types": [
    "http://dataspecer.com/resources/local/package"
  ],
  "userMetadata": {
    "label": {
      "en": "DCAT-AP 3.0.1 based on DCAT 3 DAP",
      "cs": "DCAT-AP 3.0.1 na základě DCAT 3 DAP"
    },
    "description": {},
    "importedFromUrl": "https://mff-uk.github.io/specifications/dcat-ap/",
    "documentBaseUrl": "https://mff-uk.github.io/specifications/dcat-ap/"
  },
  "metadata": {
    "creationDate": "2025-07-15T08:26:19.461Z",
    "modificationDate": "2025-07-15T08:55:00.973Z"
  },
  "_version": 1,
  "_exportVersion": 1,
  "_exportedAt": "2025-07-15T08:55:40.912Z",
  "_exportedBy": "http://localhost:3100"
}