{
  "iri": "192e1c39-405f-468a-93b9-40ff51b28489/59e65794-2eb0-4448-ba26-ad75aa65db1a/56204330-25a0-4546-862f-31635a73710d/91323836-123f-41d0-be22-b17babc2b485/0b91fa54-81b9-4e44-b8ed-fbc63d39efb0",
  "types": [
    "https://dataspecer.com/core/model-descriptor/pim-store-wrapper"
  ],
  "userMetadata": {
    "documentBaseUrl": "https://www.w3.org/ns/odrl/2/ODRL22.ttl",
    "label": {
      "en": "ODRL22"
    }
  },
  "metadata": {
    "creationDate": "2026-01-06T10:48:15.772Z",
    "modificationDate": "2026-01-06T11:43:14.079Z"
  },
  "_version": 1,
  "_exportVersion": 1,
  "_exportedAt": "2026-01-06T11:54:17.967Z",
  "_exportedBy": "http://localhost:3100"
}