{
  "iri": "192e1c39-405f-468a-93b9-40ff51b28489/59e65794-2eb0-4448-ba26-ad75aa65db1a/56204330-25a0-4546-862f-31635a73710d/91323836-123f-41d0-be22-b17babc2b485/4ab9b244-7b18-46f4-a854-80fdd1c68203",
  "types": [
    "https://dataspecer.com/core/model-descriptor/pim-store-wrapper"
  ],
  "userMetadata": {
    "documentBaseUrl": "https://datagov-cz.github.io/cache-slovniku/spdx-ontology.2.3.1.ttl",
    "label": {
      "en": "spdx-ontology"
    }
  },
  "metadata": {
    "creationDate": "2026-01-06T10:48:13.224Z",
    "modificationDate": "2026-01-06T11:43:13.887Z"
  },
  "_version": 1,
  "_exportVersion": 1,
  "_exportedAt": "2026-01-06T11:54:17.948Z",
  "_exportedBy": "http://localhost:3100"
}