{
  "iri": "192e1c39-405f-468a-93b9-40ff51b28489/59e65794-2eb0-4448-ba26-ad75aa65db1a/56204330-25a0-4546-862f-31635a73710d/91323836-123f-41d0-be22-b17babc2b485/68d6f829-60ca-4a63-ab89-62ae9ae03318",
  "types": [
    "https://dataspecer.com/core/model-descriptor/pim-store-wrapper"
  ],
  "userMetadata": {
    "documentBaseUrl": "https://www.w3.org/ns/legacy_locn.ttl",
    "label": {
      "en": "legacy_locn"
    }
  },
  "metadata": {
    "creationDate": "2026-01-06T10:48:14.031Z",
    "modificationDate": "2026-01-06T11:43:13.933Z"
  },
  "_version": 1,
  "_exportVersion": 1,
  "_exportedAt": "2026-01-06T11:49:00.830Z",
  "_exportedBy": "http://localhost:3100"
}