{
  "iri": "192e1c39-405f-468a-93b9-40ff51b28489/59e65794-2eb0-4448-ba26-ad75aa65db1a/56204330-25a0-4546-862f-31635a73710d/91323836-123f-41d0-be22-b17babc2b485/748af96d-5798-472c-a133-98ed8a385265",
  "types": [
    "https://dataspecer.com/core/model-descriptor/pim-store-wrapper"
  ],
  "userMetadata": {
    "documentBaseUrl": "https://www.dublincore.org/specifications/dublin-core/dcmi-terms/dublin_core_terms.ttl",
    "label": {
      "en": "dublin_core_terms"
    }
  },
  "metadata": {
    "creationDate": "2026-01-06T10:48:12.664Z",
    "modificationDate": "2026-01-06T11:43:13.818Z"
  },
  "_version": 1,
  "_exportVersion": 1,
  "_exportedAt": "2026-01-06T11:49:00.819Z",
  "_exportedBy": "http://localhost:3100"
}