{
  "iri": "192e1c39-405f-468a-93b9-40ff51b28489/59e65794-2eb0-4448-ba26-ad75aa65db1a/56204330-25a0-4546-862f-31635a73710d/91323836-123f-41d0-be22-b17babc2b485/deb1a70e-eafe-43bc-b37a-494a2f32a899",
  "types": [
    "https://dataspecer.com/core/model-descriptor/pim-store-wrapper"
  ],
  "userMetadata": {
    "documentBaseUrl": "https://www.w3.org/ns/prov-o",
    "label": {
      "en": "prov-o"
    }
  },
  "metadata": {
    "creationDate": "2026-01-06T10:48:11.973Z",
    "modificationDate": "2026-01-06T11:43:13.919Z"
  },
  "_version": 1,
  "_exportVersion": 1,
  "_exportedAt": "2026-01-06T11:49:00.817Z",
  "_exportedBy": "http://localhost:3100"
}