{
  "iri": "31c15e62-6f46-4c53-ad4d-cf900421feb6",
  "types": [
    "http://dataspecer.com/resources/local/package"
  ],
  "userMetadata": {
    "label": {
      "en": "DCAT-AP-CZ: Basic data model for data catalogs",
      "cs": "DCAT-AP-CZ: Základní datový model pro katalogy dat"
    },
    "description": {}
  },
  "metadata": {
    "creationDate": "2025-03-04T07:59:26.745Z",
    "modificationDate": "2025-05-13T11:52:35.168Z"
  },
  "_version": 1,
  "_exportVersion": 1,
  "_exportedAt": "2025-05-13T11:53:23.703Z",
  "_exportedBy": "http://localhost:3100"
}