{
  "iri": "31c15e62-6f46-4c53-ad4d-cf900421feb6",
  "types": [
    "http://dataspecer.com/resources/local/package"
  ],
  "userMetadata": {
    "label": {
      "en": "DCAT-AP-CZ: Basic data model for data catalogs",
      "cs": "DCAT-AP-CZ: Základní datový model pro katalogy dat"
    },
    "description": {}
  },
  "metadata": {
    "creationDate": "2025-06-24T10:54:36.256Z",
    "modificationDate": "2025-07-17T08:57:39.600Z"
  },
  "_version": 1,
  "_exportVersion": 1,
  "_exportedAt": "2025-07-17T08:57:59.631Z",
  "_exportedBy": "http://localhost:3100"
}