{
  "iri": "118ae430-a2fa-403a-a3e6-6657cda471b3",
  "types": [
    "http://dataspecer.com/resources/local/semantic-model"
  ],
  "userMetadata": {
    "label": {
      "en": "DCAT-AP-CZ"
    },
    "description": {
      "en": "Semantic model for the profile"
    }
  },
  "metadata": {
    "creationDate": "2025-03-04T07:59:32.557Z",
    "modificationDate": "2025-05-09T06:33:32.205Z"
  },
  "_version": 1,
  "_exportVersion": 1,
  "_exportedAt": "2025-05-13T11:53:23.605Z",
  "_exportedBy": "http://localhost:3100"
}