{
  "iri": "118ae430-a2fa-403a-a3e6-6657cda471b3",
  "types": [
    "http://dataspecer.com/resources/local/semantic-model"
  ],
  "userMetadata": {
    "label": {
      "en": "DCAT-AP-CZ"
    },
    "description": {
      "en": "Semantic model for the profile"
    }
  },
  "metadata": {
    "creationDate": "2025-05-14T05:26:21.199Z",
    "modificationDate": "2025-06-10T07:44:25.433Z"
  },
  "_version": 1,
  "_exportVersion": 1,
  "_exportedAt": "2025-06-10T07:44:59.620Z",
  "_exportedBy": "http://localhost:3100"
}