{
  "iri": "118ae430-a2fa-403a-a3e6-6657cda471b3",
  "types": [
    "http://dataspecer.com/resources/local/semantic-model"
  ],
  "userMetadata": {
    "label": {
      "en": "DCAT-AP-CZ"
    },
    "description": {
      "en": "Semantic model for the profile"
    }
  },
  "metadata": {
    "creationDate": "2025-06-24T10:54:36.367Z",
    "modificationDate": "2025-07-15T08:54:59.216Z"
  },
  "_version": 1,
  "_exportVersion": 1,
  "_exportedAt": "2025-07-15T08:55:40.769Z",
  "_exportedBy": "http://localhost:3100"
}