{
  "iri": "46bb5571-27d1-411d-aa82-55f9c639fbfd",
  "types": [
    "http://dataspecer.com/resources/v1/psm"
  ],
  "userMetadata": {
    "label": {
      "cs": "Datová sada",
      "en": "Dataset"
    },
    "description": {
      "cs": "Datová struktura pro Datová sada. Kolekce dat poskytovaná či řízená jedním zdrojem, která je k dispozici pro přístup či stažení v jednom či více formátech.",
      "en": "Data structure for Dataset. A conceptual entity that represents the information published."
    }
  },
  "metadata": {
    "creationDate": "2025-06-24T10:54:36.483Z",
    "modificationDate": "2025-06-24T10:54:36.538Z"
  },
  "_version": 1,
  "_exportVersion": 1,
  "_exportedAt": "2025-06-24T10:55:17.354Z",
  "_exportedBy": "http://localhost:3100"
}