{
  "iri": "a9aad48a-7018-43ea-975b-55bd8137e36d",
  "types": [
    "http://dataspecer.com/resources/local/visual-model"
  ],
  "userMetadata": {
    "label": {
      "en": "View for DCAT-AP-CZ"
    },
    "description": {
      "en": "View model for the profile"
    }
  },
  "metadata": {
    "creationDate": "2025-05-14T05:26:21.327Z",
    "modificationDate": "2025-06-10T07:44:27.569Z"
  },
  "_version": 1,
  "_exportVersion": 1,
  "_exportedAt": "2025-06-10T07:44:59.623Z",
  "_exportedBy": "http://localhost:3100"
}