{
  "iri": "a9aad48a-7018-43ea-975b-55bd8137e36d",
  "types": [
    "http://dataspecer.com/resources/local/visual-model"
  ],
  "userMetadata": {
    "label": {
      "en": "View for DCAT-AP-CZ"
    },
    "description": {
      "en": "View model for the profile"
    }
  },
  "metadata": {
    "creationDate": "2025-06-24T10:54:37.013Z",
    "modificationDate": "2025-07-01T08:27:59.914Z"
  },
  "_version": 1,
  "_exportVersion": 1,
  "_exportedAt": "2025-07-01T09:50:25.484Z",
  "_exportedBy": "http://localhost:3100"
}