{
  "iri": "ca67d1e6-db71-4268-8685-b9a1ee710a15",
  "types": [
    "http://dataspecer.com/resources/v1/psm"
  ],
  "userMetadata": {
    "label": {
      "cs": "Katalog",
      "en": "Catalogue"
    },
    "description": {
      "cs": "Datová struktura pro Katalog. Řízená kolekce metadat o datových sadách a datových službách",
      "en": "Data structure for Catalogue. A catalogue or repository that hosts the Datasets or Data Services being described."
    }
  },
  "metadata": {
    "creationDate": "2025-04-14T06:43:34.379Z",
    "modificationDate": "2025-04-28T14:59:25.315Z"
  },
  "_version": 1,
  "_exportVersion": 1,
  "_exportedAt": "2025-05-13T11:53:23.644Z",
  "_exportedBy": "http://localhost:3100"
}