{
  "iri": "192e1c39-405f-468a-93b9-40ff51b28489/07df68f1-3239-4898-82e1-b42e608f3c21",
  "types": [
    "http://dataspecer.com/resources/local/package"
  ],
  "userMetadata": {
    "label": {
      "en": "DCAT-AP-CZ: Basic data model for data catalogs",
      "cs": "DCAT-AP-CZ: Základní datový model pro katalogy dat"
    },
    "description": {},
    "importedFromUrl": "https://ofn.gov.cz/dcat-ap-cz/draft/",
    "documentBaseUrl": "https://ofn.gov.cz/dcat-ap-cz/draft/"
  },
  "metadata": {
    "creationDate": "2025-12-29T15:55:54.780Z",
    "modificationDate": "2025-12-29T16:07:07.492Z"
  },
  "_version": 1,
  "_exportVersion": 1,
  "_exportedAt": "2025-12-29T16:07:29.637Z",
  "_exportedBy": "http://localhost:3100"
}