{
  "iri": "3fa68912-ad39-453e-abce-1956e4ca23cf/78601ae1-2a7f-4a83-8171-032510466914/14969f59-30ed-403c-8b99-2f9baa0b8f30/e4d13037-9d4c-48d0-88bc-a6ae8ef5dff4/5671e13b-acb0-44da-a666-6ef90802ef5a",
  "types": [
    "https://dataspecer.com/core/model-descriptor/pim-store-wrapper"
  ],
  "userMetadata": {
    "documentBaseUrl": "https://www.w3.org/ns/dcat3.ttl",
    "label": {
      "en": "dcat3"
    }
  },
  "metadata": {
    "creationDate": "2026-01-09T13:03:21.595Z",
    "modificationDate": "2026-01-13T09:28:35.672Z"
  },
  "_version": 1,
  "_exportVersion": 1,
  "_exportedAt": "2026-01-13T09:29:55.298Z",
  "_exportedBy": "http://localhost:3100"
}