{
  "iri": "3fa68912-ad39-453e-abce-1956e4ca23cf/78601ae1-2a7f-4a83-8171-032510466914/14969f59-30ed-403c-8b99-2f9baa0b8f30/e4d13037-9d4c-48d0-88bc-a6ae8ef5dff4/vocabulary",
  "types": [
    "http://dataspecer.com/resources/local/semantic-model"
  ],
  "userMetadata": {
    "label": {
      "en": "DCAT-AP-CZ - terms of use"
    },
    "documentBaseUrl": "https://ofn.gov.cz/dcat-ap-cz-podmínky-užití/2025-08-12/"
  },
  "metadata": {
    "creationDate": "2026-01-09T13:03:22.366Z",
    "modificationDate": "2026-01-13T16:21:21.575Z"
  },
  "_version": 1,
  "_exportVersion": 1,
  "_exportedAt": "2026-01-13T16:21:49.725Z",
  "_exportedBy": "http://localhost:3100"
}