{
  "iri": "31c15e62-6f46-4c53-ad4d-cf900421feb6/750dc79e-3768-4047-bab7-bde31c4a6353/55408be0-3027-41a3-a9cd-35d6cbd35645",
  "types": [
    "https://dataspecer.com/core/model-descriptor/pim-store-wrapper"
  ],
  "userMetadata": {
    "documentBaseUrl": "https://www.dublincore.org/specifications/dublin-core/dcmi-terms/dublin_core_terms.ttl",
    "label": {
      "en": "dublin_core_terms"
    }
  },
  "metadata": {
    "creationDate": "2025-08-12T08:02:34.007Z",
    "modificationDate": "2026-01-09T11:34:28.657Z"
  },
  "_version": 1,
  "_exportVersion": 1,
  "_exportedAt": "2026-01-09T12:21:49.989Z",
  "_exportedBy": "http://localhost:3100"
}