{
  "iri": "31c15e62-6f46-4c53-ad4d-cf900421feb6/750dc79e-3768-4047-bab7-bde31c4a6353/9a0ed01e-be05-42f8-9068-27fa16135186",
  "types": [
    "https://dataspecer.com/core/model-descriptor/pim-store-wrapper"
  ],
  "userMetadata": {
    "documentBaseUrl": "https://www.w3.org/ns/dcat3.ttl",
    "label": {
      "en": "dcat3"
    }
  },
  "metadata": {
    "creationDate": "2025-08-12T08:02:34.316Z",
    "modificationDate": "2026-01-09T11:34:28.774Z"
  },
  "_version": 1,
  "_exportVersion": 1,
  "_exportedAt": "2026-01-09T12:21:49.992Z",
  "_exportedBy": "http://localhost:3100"
}