{
  "iri": "31c15e62-6f46-4c53-ad4d-cf900421feb6/750dc79e-3768-4047-bab7-bde31c4a6353/vocabulary",
  "types": [
    "http://dataspecer.com/resources/local/semantic-model"
  ],
  "userMetadata": {
    "label": {
      "en": "DCAT-AP-CZ - terms of use"
    },
    "documentBaseUrl": "https://ofn.gov.cz/dcat-ap-cz-podmínky-užití/2025-08-12/"
  },
  "metadata": {
    "creationDate": "2025-08-12T08:02:34.741Z",
    "modificationDate": "2026-01-06T10:39:54.517Z"
  },
  "_version": 1,
  "_exportVersion": 1,
  "_exportedAt": "2026-01-06T10:40:15.649Z",
  "_exportedBy": "http://localhost:3100"
}