{
  "iri": "31c15e62-6f46-4c53-ad4d-cf900421feb6/865caedb-3799-4b20-8e41-94daa98e66a9/profile",
  "types": [
    "http://dataspecer.com/resources/local/semantic-model"
  ],
  "userMetadata": {
    "label": {
      "en": "DCAT-AP 3.0.1 based on DCAT 3 DAP"
    },
    "documentBaseUrl": "https://mff-uk.github.io/specifications/dcat-ap/"
  },
  "metadata": {
    "creationDate": "2025-08-12T08:02:19.012Z",
    "modificationDate": "2025-08-12T08:02:19.053Z"
  },
  "_version": 1,
  "_exportVersion": 1,
  "_exportedAt": "2025-08-12T08:06:02.663Z",
  "_exportedBy": "http://localhost:3100"
}