{
  "iri": "db2ad74f-ec45-4d46-84f8-24d36fbb4200/64736231-109c-407c-806e-aecf269849ec/1e366730-1152-4559-ac90-e227fae012d8/1eada9c2-c24f-4a51-b3b9-9fdb6f95daeb",
  "types": [
    "https://dataspecer.com/core/model-descriptor/pim-store-wrapper"
  ],
  "userMetadata": {
    "documentBaseUrl": "https://op.europa.eu/documents/3938058/11669184/eli.owl/",
    "label": {
      "en": "eli"
    }
  },
  "metadata": {
    "creationDate": "2025-08-12T08:31:30.917Z",
    "modificationDate": "2025-08-12T08:31:31.106Z"
  },
  "_version": 1,
  "_exportVersion": 1,
  "_exportedAt": "2025-08-12T08:32:05.327Z",
  "_exportedBy": "http://localhost:3100"
}