{
  "iri": "31c15e62-6f46-4c53-ad4d-cf900421feb6/7664e515-344d-4a1e-944c-100bd18a823f",
  "types": [
    "http://dataspecer.com/resources/local/package"
  ],
  "userMetadata": {
    "label": {
      "cs": "DCAT-AP-CZ - podmínky užití",
      "en": "DCAT-AP-CZ - terms of use"
    },
    "description": {},
    "importedFromUrl": "https://ofn.gov.cz/dcat-ap-cz-podmínky-užití/draft/",
    "documentBaseUrl": "https://ofn.gov.cz/dcat-ap-cz-podmínky-užití/draft/"
  },
  "metadata": {
    "creationDate": "2025-07-23T10:52:37.303Z",
    "modificationDate": "2025-07-23T10:52:38.515Z"
  },
  "_version": 1,
  "_exportVersion": 1,
  "_exportedAt": "2025-07-23T10:52:55.307Z",
  "_exportedBy": "http://localhost:3100"
}