{
  "iri": "31c15e62-6f46-4c53-ad4d-cf900421feb6/7664e515-344d-4a1e-944c-100bd18a823f/88fa533c-5f14-471f-8747-dab6b90e1a46",
  "types": [
    "https://dataspecer.com/core/model-descriptor/pim-store-wrapper"
  ],
  "userMetadata": {
    "documentBaseUrl": "https://www.dublincore.org/specifications/dublin-core/dcmi-terms/dublin_core_terms.ttl",
    "label": {
      "en": "dublin_core_terms"
    }
  },
  "metadata": {
    "creationDate": "2025-07-23T10:52:37.362Z",
    "modificationDate": "2025-07-23T10:52:37.568Z"
  },
  "_version": 1,
  "_exportVersion": 1,
  "_exportedAt": "2025-07-23T10:52:55.300Z",
  "_exportedBy": "http://localhost:3100"
}