{
  "iri": "31c15e62-6f46-4c53-ad4d-cf900421feb6/7664e515-344d-4a1e-944c-100bd18a823f/e70d900a-4773-4168-903e-eb00aaf4e347",
  "types": [
    "https://dataspecer.com/core/model-descriptor/pim-store-wrapper"
  ],
  "userMetadata": {
    "documentBaseUrl": "https://www.w3.org/ns/dcat3.ttl",
    "label": {
      "en": "dcat3"
    }
  },
  "metadata": {
    "creationDate": "2025-07-23T10:52:37.734Z",
    "modificationDate": "2025-07-23T10:52:38.398Z"
  },
  "_version": 1,
  "_exportVersion": 1,
  "_exportedAt": "2025-07-23T10:52:55.303Z",
  "_exportedBy": "http://localhost:3100"
}