{
  "iri": "31c15e62-6f46-4c53-ad4d-cf900421feb6/7664e515-344d-4a1e-944c-100bd18a823f/vocabulary",
  "types": [
    "http://dataspecer.com/resources/local/semantic-model"
  ],
  "userMetadata": {
    "label": {
      "en": "DCAT-AP-CZ - terms of use"
    },
    "documentBaseUrl": "https://ofn.gov.cz/dcat-ap-cz-podmínky-užití/draft/"
  },
  "metadata": {
    "creationDate": "2025-07-23T10:52:38.474Z",
    "modificationDate": "2025-07-23T10:52:38.510Z"
  },
  "_version": 1,
  "_exportVersion": 1,
  "_exportedAt": "2025-07-23T10:52:55.306Z",
  "_exportedBy": "http://localhost:3100"
}