{
  "iri": "192e1c39-405f-468a-93b9-40ff51b28489/ce15384d-2046-4629-98d6-299791446449/c783c107-c49b-4207-8922-c480616a2083/03c47b75-f240-4973-85a5-8cf425db53d1",
  "types": [
    "https://dataspecer.com/core/model-descriptor/pim-store-wrapper"
  ],
  "userMetadata": {
    "documentBaseUrl": "https://www.w3.org/ns/dcat3.ttl",
    "label": {
      "en": "dcat3"
    }
  },
  "metadata": {
    "creationDate": "2026-01-09T11:44:43.422Z",
    "modificationDate": "2026-01-09T11:44:43.878Z"
  },
  "_version": 1,
  "_exportVersion": 1,
  "_exportedAt": "2026-01-20T06:59:13.695Z",
  "_exportedBy": "http://localhost:3100"
}