{
  "iri": "5e5aae98-4594-4b4c-9059-e64a65ef3562/0a0f6381-8ec3-4040-941f-825c309241ca/6a7d3db8-d5f5-405a-a2a1-4a239e26d9ec/108cbe41-fc8e-42cb-99e8-9492e06d7099/f010c852-a1f9-4f51-901c-41d2c75fd22f",
  "types": [
    "https://dataspecer.com/core/model-descriptor/pim-store-wrapper"
  ],
  "userMetadata": {
    "documentBaseUrl": "https://www.w3.org/ns/prov-o",
    "label": {
      "en": "prov-o"
    }
  },
  "metadata": {
    "creationDate": "2026-01-14T13:19:28.962Z",
    "modificationDate": "2026-02-19T07:35:39.302Z"
  },
  "_version": 1,
  "_exportVersion": 1,
  "_exportedAt": "2026-02-26T10:21:44.743Z",
  "_exportedBy": "http://localhost:3100"
}