{
  "iri": "118ae430-a2fa-403a-a3e6-6657cda471b3",
  "types": [
    "http://dataspecer.com/resources/local/semantic-model"
  ],
  "userMetadata": {
    "label": {
      "en": "DCAT-AP-CZ"
    },
    "description": {
      "en": "Semantic model for the profile"
    }
  },
  "metadata": {
    "creationDate": "2025-08-12T08:02:17.610Z",
    "modificationDate": "2025-12-29T15:35:13.782Z"
  },
  "_version": 1,
  "_exportVersion": 1,
  "_exportedAt": "2025-12-29T15:37:55.384Z",
  "_exportedBy": "http://localhost:3100"
}