{
  "iri": "a9aad48a-7018-43ea-975b-55bd8137e36d",
  "types": [
    "http://dataspecer.com/resources/local/visual-model"
  ],
  "userMetadata": {
    "label": {
      "en": "View for DCAT-AP-CZ"
    },
    "description": {
      "en": "View model for the profile"
    }
  },
  "metadata": {
    "creationDate": "2025-08-12T08:02:19.073Z",
    "modificationDate": "2025-08-12T08:02:19.199Z"
  },
  "_version": 1,
  "_exportVersion": 1,
  "_exportedAt": "2025-08-12T08:06:02.673Z",
  "_exportedBy": "http://localhost:3100"
}