{
  "iri": "3fa68912-ad39-453e-abce-1956e4ca23cf/6d2ad0b5-a06b-4a88-b175-0a3ea2d49536/b4595a5f-8456-4277-9b75-d926bbd47534/07349c94-64c6-474a-b948-01897dfa769e/ea11533c-198b-4eac-b9e0-ee4ef602382c",
  "types": [
    "https://dataspecer.com/core/model-descriptor/pim-store-wrapper"
  ],
  "userMetadata": {
    "documentBaseUrl": "https://www.w3.org/ns/legacy_adms",
    "label": {
      "en": "legacy_adms"
    }
  },
  "metadata": {
    "creationDate": "2026-01-09T13:03:36.090Z",
    "modificationDate": "2026-01-13T08:26:06.753Z"
  },
  "_version": 1,
  "_exportVersion": 1,
  "_exportedAt": "2026-01-13T08:29:02.353Z",
  "_exportedBy": "http://localhost:3100"
}