{
  "iri": "3fa68912-ad39-453e-abce-1956e4ca23cf/6d2ad0b5-a06b-4a88-b175-0a3ea2d49536/b4595a5f-8456-4277-9b75-d926bbd47534/07349c94-64c6-474a-b948-01897dfa769e/ef355a6e-7896-437b-864d-6f0e12c99e1a",
  "types": [
    "https://dataspecer.com/core/model-descriptor/pim-store-wrapper"
  ],
  "userMetadata": {
    "documentBaseUrl": "https://datagov-cz.github.io/cache-slovniku/skos.rdf",
    "label": {
      "en": "skos"
    }
  },
  "metadata": {
    "creationDate": "2026-01-09T13:03:39.019Z",
    "modificationDate": "2026-01-13T16:21:24.751Z"
  },
  "_version": 1,
  "_exportVersion": 1,
  "_exportedAt": "2026-01-13T16:21:49.823Z",
  "_exportedBy": "http://localhost:3100"
}