{
  "iri": "3fa68912-ad39-453e-abce-1956e4ca23cf/78601ae1-2a7f-4a83-8171-032510466914/14969f59-30ed-403c-8b99-2f9baa0b8f30",
  "types": [
    "http://dataspecer.com/resources/local/package"
  ],
  "userMetadata": {
    "label": {
      "cs": "DCAT-AP-CZ: Základní datový model pro katalogy dat",
      "en": "DCAT-AP-CZ: Basic data model for data catalogs"
    },
    "description": {},
    "importedFromUrl": "https://ofn.gov.cz/dcat-ap-cz/draft/cs/",
    "documentBaseUrl": "https://ofn.gov.cz/dcat-ap-cz/draft/cs/"
  },
  "metadata": {
    "creationDate": "2026-01-09T13:03:20.710Z",
    "modificationDate": "2026-01-09T15:03:18.907Z"
  },
  "_version": 1,
  "_exportVersion": 1,
  "_exportedAt": "2026-01-09T15:15:32.099Z",
  "_exportedBy": "http://localhost:3100"
}