{
  "iri": "e568105c-e7d2-4971-b9a4-ca2528e8def8/981b8f6a-341c-4351-9517-cfa2d00c768a/85cf735e-5405-4d2c-8b10-a3411ad4f5a1/1893abeb-505b-42f2-95b2-7c5f7e54ce24/0c24b924-e7d8-49e4-9942-2a508b57e984",
  "types": [
    "https://dataspecer.com/core/model-descriptor/pim-store-wrapper"
  ],
  "userMetadata": {
    "documentBaseUrl": "https://www.w3.org/2006/vcard/ns",
    "label": {
      "en": "ns"
    }
  },
  "metadata": {
    "creationDate": "2025-03-13T08:31:38.769Z",
    "modificationDate": "2025-03-13T09:13:21.872Z"
  },
  "_version": 1,
  "_exportVersion": 1,
  "_exportedAt": "2025-03-13T09:15:04.700Z",
  "_exportedBy": "http://localhost:3100"
}