{
  "iri": "e568105c-e7d2-4971-b9a4-ca2528e8def8/981b8f6a-341c-4351-9517-cfa2d00c768a/85cf735e-5405-4d2c-8b10-a3411ad4f5a1/1893abeb-505b-42f2-95b2-7c5f7e54ce24/761c22b3-33c5-4b2e-8403-ac1b541ebb44",
  "types": [
    "https://dataspecer.com/core/model-descriptor/pim-store-wrapper"
  ],
  "userMetadata": {
    "documentBaseUrl": "https://www.dublincore.org/specifications/dublin-core/dcmi-terms/dublin_core_terms.ttl",
    "label": {
      "en": "dublin_core_terms"
    }
  },
  "metadata": {
    "creationDate": "2025-03-13T08:31:38.466Z",
    "modificationDate": "2025-03-13T09:13:21.786Z"
  },
  "_version": 1,
  "_exportVersion": 1,
  "_exportedAt": "2025-03-13T09:15:04.697Z",
  "_exportedBy": "http://localhost:3100"
}