{
  "iri": "e568105c-e7d2-4971-b9a4-ca2528e8def8/981b8f6a-341c-4351-9517-cfa2d00c768a/85cf735e-5405-4d2c-8b10-a3411ad4f5a1/1893abeb-505b-42f2-95b2-7c5f7e54ce24/f43f6008-e820-4ba4-b0e2-328b1b97ee9c",
  "types": [
    "https://dataspecer.com/core/model-descriptor/pim-store-wrapper"
  ],
  "userMetadata": {
    "documentBaseUrl": "https://datagov-cz.github.io/cache-slovniku/time.ttl",
    "label": {
      "en": "time"
    }
  },
  "metadata": {
    "creationDate": "2025-03-13T08:31:38.068Z",
    "modificationDate": "2025-03-13T09:13:21.622Z"
  },
  "_version": 1,
  "_exportVersion": 1,
  "_exportedAt": "2025-03-13T09:15:04.691Z",
  "_exportedBy": "http://localhost:3100"
}