{
  "iri": "e568105c-e7d2-4971-b9a4-ca2528e8def8/981b8f6a-341c-4351-9517-cfa2d00c768a/85cf735e-5405-4d2c-8b10-a3411ad4f5a1/1893abeb-505b-42f2-95b2-7c5f7e54ce24/f56c60bd-ce55-4527-874a-b6fd6e9c2781",
  "types": [
    "https://dataspecer.com/core/model-descriptor/pim-store-wrapper"
  ],
  "userMetadata": {
    "documentBaseUrl": "https://datagov-cz.github.io/cache-slovniku/skos.rdf",
    "label": {
      "en": "skos"
    }
  },
  "metadata": {
    "creationDate": "2025-03-13T08:31:37.609Z",
    "modificationDate": "2025-03-13T09:13:21.461Z"
  },
  "_version": 1,
  "_exportVersion": 1,
  "_exportedAt": "2025-03-13T09:15:04.687Z",
  "_exportedBy": "http://localhost:3100"
}