{
  "iri": "db2ad74f-ec45-4d46-84f8-24d36fbb4200/057a08c3-715f-4078-a579-b648781f1029/642c5de9-ef40-4000-8553-ad2450711ec4/56ff3ef7-3543-4111-80d4-592cf864d5be",
  "types": [
    "https://dataspecer.com/core/model-descriptor/pim-store-wrapper"
  ],
  "userMetadata": {
    "documentBaseUrl": "https://www.w3.org/ns/dcat3.ttl",
    "label": {
      "en": "dcat3"
    }
  },
  "metadata": {
    "creationDate": "2025-07-15T08:57:43.667Z",
    "modificationDate": "2025-07-15T14:34:34.976Z"
  },
  "_version": 1,
  "_exportVersion": 1,
  "_exportedAt": "2025-07-15T15:30:39.443Z",
  "_exportedBy": "http://localhost:3100"
}