{
  "iri": "db2ad74f-ec45-4d46-84f8-24d36fbb4200/ee216e25-cd02-439a-864a-9e4f13bbd330/397e5356-5183-4520-82c6-89ce16e92b7b/e3298f21-8a43-432e-9c88-77cce794edb5",
  "types": [
    "https://dataspecer.com/core/model-descriptor/pim-store-wrapper"
  ],
  "userMetadata": {
    "documentBaseUrl": "https://www.dublincore.org/specifications/dublin-core/dcmi-terms/dublin_core_terms.ttl",
    "label": {
      "en": "dublin_core_terms"
    }
  },
  "metadata": {
    "creationDate": "2025-07-23T10:55:09.346Z",
    "modificationDate": "2025-07-30T14:09:57.967Z"
  },
  "_version": 1,
  "_exportVersion": 1,
  "_exportedAt": "2025-07-30T14:14:24.298Z",
  "_exportedBy": "http://localhost:3100"
}