{
  "iri": "db2ad74f-ec45-4d46-84f8-24d36fbb4200/960a9e59-bcfa-43e8-a40d-c6cfa6cb9b2b/6f026026-cdcc-476d-baed-f0f0d7a94b7f/121e812e-b276-467c-b35a-db4c3eb25913",
  "types": [
    "https://dataspecer.com/core/model-descriptor/pim-store-wrapper"
  ],
  "userMetadata": {
    "documentBaseUrl": "https://www.dublincore.org/specifications/dublin-core/dcmi-terms/dublin_core_terms.ttl",
    "label": {
      "en": "dublin_core_terms"
    }
  },
  "metadata": {
    "creationDate": "2025-06-10T07:47:38.849Z",
    "modificationDate": "2025-06-10T07:47:38.977Z"
  },
  "_version": 1,
  "_exportVersion": 1,
  "_exportedAt": "2025-06-10T07:49:28.880Z",
  "_exportedBy": "http://localhost:3100"
}