{
  "iri": "db2ad74f-ec45-4d46-84f8-24d36fbb4200/960a9e59-bcfa-43e8-a40d-c6cfa6cb9b2b/6f026026-cdcc-476d-baed-f0f0d7a94b7f/bfd2ba58-d674-4dd8-a5ef-431b2805990f",
  "types": [
    "https://dataspecer.com/core/model-descriptor/pim-store-wrapper"
  ],
  "userMetadata": {
    "documentBaseUrl": "https://www.w3.org/ns/dcat3.ttl",
    "label": {
      "en": "dcat3"
    }
  },
  "metadata": {
    "creationDate": "2025-06-10T07:47:39.173Z",
    "modificationDate": "2025-06-10T07:47:39.385Z"
  },
  "_version": 1,
  "_exportVersion": 1,
  "_exportedAt": "2025-06-10T07:49:28.882Z",
  "_exportedBy": "http://localhost:3100"
}