{
  "modelId": "db2ad74f-ec45-4d46-84f8-24d36fbb4200/960a9e59-bcfa-43e8-a40d-c6cfa6cb9b2b/6f026026-cdcc-476d-baed-f0f0d7a94b7f/vocabulary",
  "modelAlias": "DCAT-AP-CZ - terms of use",
  "entities": {
    "https://data.gov.cz/slovník/podmínky-užití/databáze-jako-autorské-dílo": {
      "id": "https://data.gov.cz/slovník/podmínky-užití/databáze-jako-autorské-dílo",
      "iri": null,
      "type": [
        "relationship"
      ],
      "name": {
        "cs": "Originální databáze",
        "en": "Copyrighted database"
      },
      "description": {},
      "ends": [
        {
          "cardinality": null,
          "name": {},
          "description": {},
          "concept": "https://data.gov.cz/slovník/podmínky-užití/Specifikace"
        },
        {
          "cardinality": [
            0,
            null
          ],
          "name": {
            "cs": "Originální databáze",
            "en": "Copyrighted database"
          },
          "description": {},
          "concept": "http://purl.org/dc/terms/LicenseDocument",
          "iri": "databáze-jako-autorské-dílo"
        }
      ]
    },
    "https://data.gov.cz/slovník/podmínky-užití/osobní-údaje": {
      "id": "https://data.gov.cz/slovník/podmínky-užití/osobní-údaje",
      "iri": null,
      "type": [
        "relationship"
      ],
      "name": {
        "cs": "Osobní údaje",
        "en": "Personal data"
      },
      "description": {},
      "ends": [
        {
          "cardinality": null,
          "name": {},
          "description": {},
          "concept": "https://data.gov.cz/slovník/podmínky-užití/Specifikace"
        },
        {
          "cardinality": [
            0,
            null
          ],
          "name": {
            "cs": "Osobní údaje",
            "en": "Personal data"
          },
          "description": {},
          "concept": "http://purl.org/dc/terms/LicenseDocument",
          "iri": "osobní-údaje"
        }
      ]
    },
    "https://data.gov.cz/slovník/podmínky-užití/autorské-dílo": {
      "id": "https://data.gov.cz/slovník/podmínky-užití/autorské-dílo",
      "iri": null,
      "type": [
        "relationship"
      ],
      "name": {
        "cs": "Autorské dílo",
        "en": "Copyrighted work"
      },
      "description": {},
      "ends": [
        {
          "cardinality": null,
          "name": {},
          "description": {},
          "concept": "https://data.gov.cz/slovník/podmínky-užití/Specifikace"
        },
        {
          "cardinality": [
            0,
            null
          ],
          "name": {
            "cs": "Autorské dílo",
            "en": "Copyrighted work"
          },
          "description": {},
          "concept": "http://purl.org/dc/terms/LicenseDocument",
          "iri": "autorské-dílo"
        }
      ]
    },
    "https://data.gov.cz/slovník/podmínky-užití/autor-databáze": {
      "id": "https://data.gov.cz/slovník/podmínky-užití/autor-databáze",
      "iri": null,
      "type": [
        "relationship"
      ],
      "name": {},
      "description": {},
      "ends": [
        {
          "cardinality": [
            0,
            null
          ],
          "name": {},
          "description": {},
          "concept": "https://data.gov.cz/slovník/podmínky-užití/Specifikace"
        },
        {
          "cardinality": [
            0,
            null
          ],
          "name": {
            "cs": "Jména autorů originální databáze",
            "en": "Names of authors of database"
          },
          "description": {},
          "concept": "http://www.w3.org/1999/02/22-rdf-syntax-ns#langString",
          "iri": "autor-databáze"
        }
      ]
    },
    "https://data.gov.cz/slovník/podmínky-užití/databáze-chráněná-zvláštními-právy": {
      "id": "https://data.gov.cz/slovník/podmínky-užití/databáze-chráněná-zvláštními-právy",
      "iri": null,
      "type": [
        "relationship"
      ],
      "name": {
        "cs": "Zvláštní právo pořizovatele databáze",
        "en": "Sui generis database rights"
      },
      "description": {},
      "ends": [
        {
          "cardinality": null,
          "name": {},
          "description": {},
          "concept": "https://data.gov.cz/slovník/podmínky-užití/Specifikace"
        },
        {
          "cardinality": [
            0,
            null
          ],
          "name": {
            "cs": "Zvláštní právo pořizovatele databáze",
            "en": "Sui generis database rights"
          },
          "description": {},
          "concept": "http://purl.org/dc/terms/LicenseDocument",
          "iri": "databáze-chráněná-zvláštními-právy"
        }
      ]
    },
    "https://data.gov.cz/slovník/podmínky-užití/autor": {
      "id": "https://data.gov.cz/slovník/podmínky-užití/autor",
      "iri": null,
      "type": [
        "relationship"
      ],
      "name": {},
      "description": {},
      "ends": [
        {
          "cardinality": [
            0,
            null
          ],
          "name": {},
          "description": {},
          "concept": "https://data.gov.cz/slovník/podmínky-užití/Specifikace"
        },
        {
          "cardinality": [
            0,
            null
          ],
          "name": {
            "cs": "Jména autorů díla",
            "en": "Names of authors"
          },
          "description": {},
          "concept": "http://www.w3.org/1999/02/22-rdf-syntax-ns#langString",
          "iri": "autor"
        }
      ]
    },
    "https://data.gov.cz/slovník/podmínky-užití/specifikace": {
      "id": "https://data.gov.cz/slovník/podmínky-užití/specifikace",
      "iri": null,
      "type": [
        "relationship"
      ],
      "name": {
        "cs": "Specifikace podmínek užití",
        "en": "Terms of use specification"
      },
      "description": {},
      "ends": [
        {
          "cardinality": null,
          "name": {},
          "description": {},
          "concept": "http://www.w3.org/ns/dcat#Distribution"
        },
        {
          "cardinality": [
            0,
            null
          ],
          "name": {
            "cs": "Specifikace podmínek užití",
            "en": "Terms of use specification"
          },
          "description": {},
          "concept": "https://data.gov.cz/slovník/podmínky-užití/Specifikace",
          "iri": "specifikace"
        }
      ]
    },
    "https://dataspecer.com/semantic-models/generalizationfromIri=https%3A%2F%2Fdata.gov.cz%2Fslovn%C3%ADk%2Fpodm%C3%ADnky-u%C5%BEit%C3%AD%2Fspecifikace&toIri=http%3A%2F%2Fpurl.org%2Fdc%2Fterms%2Flicense": {
      "id": "https://dataspecer.com/semantic-models/generalizationfromIri=https%3A%2F%2Fdata.gov.cz%2Fslovn%C3%ADk%2Fpodm%C3%ADnky-u%C5%BEit%C3%AD%2Fspecifikace&toIri=http%3A%2F%2Fpurl.org%2Fdc%2Fterms%2Flicense",
      "iri": null,
      "type": [
        "generalization"
      ],
      "child": "https://data.gov.cz/slovník/podmínky-užití/specifikace",
      "parent": "http://purl.org/dc/terms/license"
    },
    "https://data.gov.cz/slovník/podmínky-užití/Specifikace": {
      "id": "https://data.gov.cz/slovník/podmínky-užití/Specifikace",
      "iri": "Specifikace",
      "name": {
        "cs": "Specifikace podmínek užití",
        "en": "Terms of use specification"
      },
      "description": {},
      "type": [
        "class"
      ]
    },
    "https://dataspecer.com/semantic-models/generalizationfromIri=https%3A%2F%2Fdata.gov.cz%2Fslovn%C3%ADk%2Fpodm%C3%ADnky-u%C5%BEit%C3%AD%2FSpecifikace&toIri=http%3A%2F%2Fpurl.org%2Fdc%2Fterms%2FLicenseDocument": {
      "id": "https://dataspecer.com/semantic-models/generalizationfromIri=https%3A%2F%2Fdata.gov.cz%2Fslovn%C3%ADk%2Fpodm%C3%ADnky-u%C5%BEit%C3%AD%2FSpecifikace&toIri=http%3A%2F%2Fpurl.org%2Fdc%2Fterms%2FLicenseDocument",
      "iri": null,
      "type": [
        "generalization"
      ],
      "child": "https://data.gov.cz/slovník/podmínky-užití/Specifikace",
      "parent": "http://purl.org/dc/terms/LicenseDocument"
    },
    "https://dataspecer.com/semantic-models/generalizationfromIri=https%3A%2F%2Fdata.gov.cz%2Fslovn%C3%ADk%2Fpodm%C3%ADnky-u%C5%BEit%C3%AD%2FSpecifikace&toIri=http%3A%2F%2Fwww.w3.org%2F2002%2F07%2Fowl%23Thing": {
      "id": "https://dataspecer.com/semantic-models/generalizationfromIri=https%3A%2F%2Fdata.gov.cz%2Fslovn%C3%ADk%2Fpodm%C3%ADnky-u%C5%BEit%C3%AD%2FSpecifikace&toIri=http%3A%2F%2Fwww.w3.org%2F2002%2F07%2Fowl%23Thing",
      "iri": null,
      "type": [
        "generalization"
      ],
      "child": "https://data.gov.cz/slovník/podmínky-užití/Specifikace",
      "parent": "http://www.w3.org/2002/07/owl#Thing"
    }
  },
  "baseIri": "https://data.gov.cz/slovník/podmínky-užití/"
}