{
  "iri": "fe29a614-bbc7-4064-823b-7eaa1eda6580",
  "types": [
    "http://dataspecer.com/resources/local/package"
  ],
  "userMetadata": {
    "label": {
      "cs": "DCAT-AP-CZ - typy datových sad podle zdroje",
      "en": "DCAT-AP-CZ - types of datasets according to their source"
    },
    "description": {}
  },
  "metadata": {
    "creationDate": "2025-03-04T10:56:06.276Z",
    "modificationDate": "2025-08-12T07:55:12.746Z"
  },
  "_version": 1,
  "_exportVersion": 1,
  "_exportedAt": "2025-08-12T07:55:25.775Z",
  "_exportedBy": "http://localhost:3100"
}