{
  "iri": "db2ad74f-ec45-4d46-84f8-24d36fbb4200/64736231-109c-407c-806e-aecf269849ec/b18295f7-9079-4032-b944-033d18c71046/e8865ce9-563e-4a9b-a6b9-573d5028c33e",
  "types": [
    "https://dataspecer.com/core/model-descriptor/pim-store-wrapper"
  ],
  "userMetadata": {
    "documentBaseUrl": "https://www.w3.org/ns/dcat3.ttl",
    "label": {
      "en": "dcat3"
    }
  },
  "metadata": {
    "creationDate": "2025-08-12T08:31:23.715Z",
    "modificationDate": "2025-08-12T08:31:24.386Z"
  },
  "_version": 1,
  "_exportVersion": 1,
  "_exportedAt": "2025-08-12T08:32:05.225Z",
  "_exportedBy": "http://localhost:3100"
}