{
  "iri": "69160fc4-9370-4130-8795-a4ff50a70a28/3a15ca7d-7a61-4a6f-849b-43ae52dedaff/c76605cb-98a7-4c4f-b3ec-620c43d30210/fd3c2217-5b45-4cf9-8e0c-5d4bc12cd339/bb285575-6f95-40f0-bf93-ce116d5c9637",
  "types": [
    "https://dataspecer.com/core/model-descriptor/pim-store-wrapper"
  ],
  "userMetadata": {
    "documentBaseUrl": "https://www.w3.org/ns/legacy_locn.ttl",
    "label": {
      "en": "legacy_locn"
    }
  },
  "metadata": {
    "creationDate": "2025-10-14T14:15:21.983Z",
    "modificationDate": "2025-10-31T11:52:21.128Z"
  },
  "_version": 1,
  "_exportVersion": 1,
  "_exportedAt": "2025-10-31T11:52:39.484Z",
  "_exportedBy": "http://localhost:3100"
}