{
  "iri": "69160fc4-9370-4130-8795-a4ff50a70a28/3a15ca7d-7a61-4a6f-849b-43ae52dedaff/c76605cb-98a7-4c4f-b3ec-620c43d30210/fd3c2217-5b45-4cf9-8e0c-5d4bc12cd339/e06b2531-a179-47a3-b15e-50c93c5435c6",
  "types": [
    "https://dataspecer.com/core/model-descriptor/pim-store-wrapper"
  ],
  "userMetadata": {
    "documentBaseUrl": "https://datagov-cz.github.io/cache-slovniku/rdfs.ttl",
    "label": {
      "en": "rdfs"
    }
  },
  "metadata": {
    "creationDate": "2025-10-14T14:15:22.860Z",
    "modificationDate": "2025-10-31T12:03:11.320Z"
  },
  "_version": 1,
  "_exportVersion": 1,
  "_exportedAt": "2025-10-31T12:03:56.689Z",
  "_exportedBy": "http://localhost:3100"
}