{
  "iri": "69160fc4-9370-4130-8795-a4ff50a70a28/3a15ca7d-7a61-4a6f-849b-43ae52dedaff/c76605cb-98a7-4c4f-b3ec-620c43d30210/fd3c2217-5b45-4cf9-8e0c-5d4bc12cd339/profile",
  "types": [
    "http://dataspecer.com/resources/local/semantic-model"
  ],
  "userMetadata": {
    "label": {
      "en": "DCAT 3 Default Application Profile"
    },
    "documentBaseUrl": "https://mff-uk.github.io/specifications/dcat-dap/"
  },
  "metadata": {
    "creationDate": "2025-10-14T14:15:23.601Z",
    "modificationDate": "2025-10-31T11:43:44.096Z"
  },
  "_version": 1,
  "_exportVersion": 1,
  "_exportedAt": "2025-10-31T12:10:28.619Z",
  "_exportedBy": "http://localhost:3100"
}