{
  "iri": "db2ad74f-ec45-4d46-84f8-24d36fbb4200/4647bae8-bd76-48f9-b32d-dbbebdf10666",
  "types": [
    "http://dataspecer.com/resources/local/package"
  ],
  "userMetadata": {
    "label": {
      "cs": "DCAT-AP-CZ",
      "en": "DCAT-AP-CZ"
    },
    "description": {},
    "importedFromUrl": "https://mff-uk.github.io/specifications/dcat-ap-cz/",
    "documentBaseUrl": "https://mff-uk.github.io/specifications/dcat-ap-cz/"
  },
  "metadata": {
    "creationDate": "2025-03-10T12:19:46.547Z",
    "modificationDate": "2025-03-14T07:32:56.592Z"
  },
  "_version": 1,
  "_exportVersion": 1,
  "_exportedAt": "2025-03-14T07:38:38.326Z",
  "_exportedBy": "http://localhost:3100"
}