{
  "iri": "db2ad74f-ec45-4d46-84f8-24d36fbb4200/4647bae8-bd76-48f9-b32d-dbbebdf10666/profile",
  "types": [
    "http://dataspecer.com/resources/local/semantic-model"
  ],
  "userMetadata": {
    "label": {
      "en": "DCAT-AP-CZ"
    },
    "documentBaseUrl": "https://mff-uk.github.io/specifications/dcat-ap-cz/"
  },
  "metadata": {
    "creationDate": "2025-03-10T12:19:53.627Z",
    "modificationDate": "2025-03-13T13:45:58.635Z"
  },
  "_version": 1,
  "_exportVersion": 1,
  "_exportedAt": "2025-03-14T08:46:34.222Z",
  "_exportedBy": "http://localhost:3100"
}