{
  "iri": "6b8df4a2-cb30-4329-b5bd-34a1559c2387/a818c984-2b61-4a7e-a336-eb41c370cebd/b1ca675b-4cbc-4d07-84c8-dff7f21fe19f",
  "types": [
    "http://dataspecer.com/resources/local/package"
  ],
  "userMetadata": {
    "label": {
      "en": "DCAT Default Application Profile",
      "cs": "Výchozí aplikační profil DCAT"
    },
    "description": {},
    "importedFromUrl": "https://mff-uk.github.io/specifications/dcat-dap/",
    "documentBaseUrl": "https://mff-uk.github.io/specifications/dcat-dap/"
  },
  "metadata": {
    "creationDate": "2025-03-13T07:53:09.698Z",
    "modificationDate": "2025-03-13T07:53:14.028Z"
  },
  "_version": 1,
  "_exportVersion": 1,
  "_exportedAt": "2025-03-13T08:01:55.294Z",
  "_exportedBy": "http://localhost:3100"
}