{
  "iri": "6b8df4a2-cb30-4329-b5bd-34a1559c2387/a818c984-2b61-4a7e-a336-eb41c370cebd/b1ca675b-4cbc-4d07-84c8-dff7f21fe19f/16c59ee3-2664-485d-b99c-7f40b696e530",
  "types": [
    "https://dataspecer.com/core/model-descriptor/pim-store-wrapper"
  ],
  "userMetadata": {
    "documentBaseUrl": "https://www.dublincore.org/specifications/dublin-core/dcmi-terms/dublin_core_terms.ttl",
    "label": {
      "en": "dublin_core_terms"
    }
  },
  "metadata": {
    "creationDate": "2025-03-13T07:53:11.255Z",
    "modificationDate": "2025-03-13T07:53:11.360Z"
  },
  "_version": 1,
  "_exportVersion": 1,
  "_exportedAt": "2025-03-13T08:01:55.277Z",
  "_exportedBy": "http://localhost:3100"
}