{
  "iri": "6b8df4a2-cb30-4329-b5bd-34a1559c2387/a818c984-2b61-4a7e-a336-eb41c370cebd/b1ca675b-4cbc-4d07-84c8-dff7f21fe19f/2cb79abf-92ba-45d2-b0c3-84c226bac42f",
  "types": [
    "https://dataspecer.com/core/model-descriptor/pim-store-wrapper"
  ],
  "userMetadata": {
    "documentBaseUrl": "https://www.w3.org/ns/odrl/2/ODRL22.ttl",
    "label": {
      "en": "ODRL22"
    }
  },
  "metadata": {
    "creationDate": "2025-03-13T07:53:13.077Z",
    "modificationDate": "2025-03-13T07:53:13.290Z"
  },
  "_version": 1,
  "_exportVersion": 1,
  "_exportedAt": "2025-03-13T08:01:55.289Z",
  "_exportedBy": "http://localhost:3100"
}