{
  "iri": "6b8df4a2-cb30-4329-b5bd-34a1559c2387/a818c984-2b61-4a7e-a336-eb41c370cebd/b1ca675b-4cbc-4d07-84c8-dff7f21fe19f/4f422eac-bc5b-446c-9ed6-37c1f465c115",
  "types": [
    "https://dataspecer.com/core/model-descriptor/pim-store-wrapper"
  ],
  "userMetadata": {
    "documentBaseUrl": "https://semiceu.github.io/Core-Location-Vocabulary/releases/2.00/voc/core-location-ap.ttl",
    "label": {
      "en": "core-location-ap"
    }
  },
  "metadata": {
    "creationDate": "2025-03-13T07:53:11.058Z",
    "modificationDate": "2025-03-13T07:53:11.098Z"
  },
  "_version": 1,
  "_exportVersion": 1,
  "_exportedAt": "2025-03-13T08:01:55.275Z",
  "_exportedBy": "http://localhost:3100"
}