{
  "iri": "6b8df4a2-cb30-4329-b5bd-34a1559c2387/a818c984-2b61-4a7e-a336-eb41c370cebd/b1ca675b-4cbc-4d07-84c8-dff7f21fe19f/efc16ae8-3693-4c77-ae36-50a3d89b4324",
  "types": [
    "https://dataspecer.com/core/model-descriptor/pim-store-wrapper"
  ],
  "userMetadata": {
    "documentBaseUrl": "https://datagov-cz.github.io/cache-slovniku/time.ttl",
    "label": {
      "en": "time"
    }
  },
  "metadata": {
    "creationDate": "2025-03-13T07:53:10.816Z",
    "modificationDate": "2025-03-13T07:53:10.885Z"
  },
  "_version": 1,
  "_exportVersion": 1,
  "_exportedAt": "2025-03-13T08:01:55.273Z",
  "_exportedBy": "http://localhost:3100"
}