{
  "iri": "5e5aae98-4594-4b4c-9059-e64a65ef3562/0a0f6381-8ec3-4040-941f-825c309241ca/6a7d3db8-d5f5-405a-a2a1-4a239e26d9ec/generator-configuration",
  "types": [
    "http://dataspecer.com/resources/v1/generator-configuration"
  ],
  "userMetadata": {},
  "metadata": {
    "creationDate": "2026-02-18T06:47:41.015Z",
    "modificationDate": "2026-02-19T07:35:31.995Z"
  },
  "_version": 1,
  "_exportVersion": 1,
  "_exportedAt": "2026-02-26T10:21:44.761Z",
  "_exportedBy": "http://localhost:3100"
}