{
  "iri": "5e5aae98-4594-4b4c-9059-e64a65ef3562/44e5aa86-f24f-47a4-9dc4-5fe8cfb47049/3320aeaa-92b5-471e-bf8b-98eaf18e8c20/cd64117d-4878-4726-a6c9-308eb9af7f75",
  "types": [
    "http://dataspecer.com/resources/local/package"
  ],
  "userMetadata": {
    "label": {
      "cs": "DCAT-AP 3.0.1 na základě DCAT 3 DAP",
      "en": "DCAT-AP 3.0.1 based on DCAT 3 DAP"
    },
    "description": {},
    "importedFromUrl": "https://mff-uk.github.io/specifications/dcat-ap/",
    "documentBaseUrl": "https://mff-uk.github.io/specifications/dcat-ap/"
  },
  "metadata": {
    "creationDate": "2026-01-14T13:19:14.889Z",
    "modificationDate": "2026-01-22T16:00:21.200Z"
  },
  "_version": 1,
  "_exportVersion": 1,
  "_exportedAt": "2026-01-22T16:04:57.986Z",
  "_exportedBy": "http://localhost:3100"
}