{
  "iri": "5e5aae98-4594-4b4c-9059-e64a65ef3562/44e5aa86-f24f-47a4-9dc4-5fe8cfb47049/3320aeaa-92b5-471e-bf8b-98eaf18e8c20/cd64117d-4878-4726-a6c9-308eb9af7f75/generator-configuration",
  "types": [
    "http://dataspecer.com/resources/v1/generator-configuration"
  ],
  "userMetadata": {},
  "metadata": {
    "creationDate": "2026-02-26T10:16:07.815Z",
    "modificationDate": "2026-02-26T10:16:07.841Z"
  },
  "_version": 1,
  "_exportVersion": 1,
  "_exportedAt": "2026-02-26T10:21:44.693Z",
  "_exportedBy": "http://localhost:3100"
}