{
  "iri": "6b8df4a2-cb30-4329-b5bd-34a1559c2387",
  "types": [
    "http://dataspecer.com/resources/local/package"
  ],
  "userMetadata": {
    "label": {
      "cs": "Aplikace využívající otevřená data"
    },
    "description": {
      "cs": ""
    }
  },
  "metadata": {
    "creationDate": "2025-03-06T11:24:38.201Z",
    "modificationDate": "2025-05-23T06:48:06.564Z"
  },
  "_version": 1,
  "_exportVersion": 1,
  "_exportedAt": "2025-05-23T06:48:58.462Z",
  "_exportedBy": "http://localhost:3100"
}