{
  "iri": "6b8df4a2-cb30-4329-b5bd-34a1559c2387",
  "types": [
    "http://dataspecer.com/resources/local/package"
  ],
  "userMetadata": {
    "label": {
      "cs": "Aplikace využívající otevřená data"
    },
    "description": {
      "cs": ""
    }
  },
  "metadata": {
    "creationDate": "2025-03-06T11:24:38.201Z",
    "modificationDate": "2025-03-13T07:53:15.269Z"
  },
  "_version": 1,
  "_exportVersion": 1,
  "_exportedAt": "2025-03-13T08:01:55.304Z",
  "_exportedBy": "http://localhost:3100"
}