{
  "type": "http://dataspecer.com/resources/local/semantic-model",
  "modelId": "0a3d7d88-f997-4bab-961e-62ed8f622546",
  "modelAlias": "Aplikace využívající otevřená data",
  "baseIri": "https://ofn.gov.cz/aplikace-využívající-otevřená-data#",
  "entities": {
    "lulye1fxhmm7xa6jh3": {
      "iri": "KatalogAplikacíUžívajícíchOtevřenáData",
      "profiling": [
        "https://mff-uk.github.io/specifications/dcat-dap/#Catalog"
      ],
      "name": {
        "en": "Czech catalog of applications using open data",
        "it": "Catalogo",
        "fr": "Catalogue",
        "es": "Catálogo",
        "cs": "Katalog aplikací užívajících otevřená data",
        "el": "Κατάλογος",
        "ar": "فهرس قوائم البيانات",
        "ja": "カタログ",
        "da": "Katalog"
      },
      "nameFromProfiled": null,
      "description": {
        "en": "A curated collection of metadata about resources.",
        "es": "Una colección curada de metadatos sobre recursos (por ejemplo, conjuntos de datos y servicios de datos en el contexto de un catálogo de datos).",
        "it": "Una raccolta curata di metadati sulle risorse (ad es. sui dataset e relativi servizi nel contesto di cataloghi di dati).",
        "fr": "Une collection élaborée de métadonnées sur les jeux de données",
        "cs": "Kolekce metadat o aplikacích využívajících otevřená data",
        "el": "Μια επιμελημένη συλλογή μεταδεδομένων περί συνόλων δεδομένων",
        "ar": "مجموعة من توصيفات قوائم البيانات",
        "ja": "データ・カタログは、データセットに関するキュレートされたメタデータの集合です。",
        "da": "En udvalgt og arrangeret samling af metadata om ressourcer (fx datasæt og datatjenester i kontekst af et datakatalog). "
      },
      "descriptionFromProfiled": null,
      "usageNote": {},
      "usageNoteFromProfiled": "https://mff-uk.github.io/specifications/dcat-dap/#Catalog",
      "id": "lulye1fxhmm7xa6jh3",
      "type": [
        "class-profile"
      ]
    },
    "1i4lxaolu5djm7xa7qig": {
      "id": "1i4lxaolu5djm7xa7qig",
      "type": [
        "relationship-profile"
      ],
      "ends": [
        {
          "name": null,
          "nameFromProfiled": null,
          "description": null,
          "descriptionFromProfiled": null,
          "iri": null,
          "cardinality": null,
          "usageNote": null,
          "usageNoteFromProfiled": null,
          "profiling": [],
          "concept": "lulye1fxhmm7xa6jh3",
          "externalDocumentationUrl": null,
          "tags": []
        },
        {
          "name": {
            "en": "title",
            "cs": "název"
          },
          "nameFromProfiled": null,
          "description": {
            "en": "A name given to the resource."
          },
          "descriptionFromProfiled": "https://mff-uk.github.io/specifications/dcat-dap/#CataloguedResource.title",
          "iri": "KatalogAplikacíUžívajícíchOtevřenáData.název",
          "cardinality": [
            1,
            1
          ],
          "usageNote": {},
          "usageNoteFromProfiled": "https://mff-uk.github.io/specifications/dcat-dap/#CataloguedResource.title",
          "profiling": [
            "https://mff-uk.github.io/specifications/dcat-dap/#CataloguedResource.title"
          ],
          "concept": "https://ofn.gov.cz/zdroj/základní-datové-typy/2020-07-01/text",
          "externalDocumentationUrl": null,
          "tags": []
        }
      ]
    },
    "ho4qfg6ft5hm7xa85mf": {
      "id": "ho4qfg6ft5hm7xa85mf",
      "type": [
        "relationship-profile"
      ],
      "ends": [
        {
          "name": null,
          "nameFromProfiled": null,
          "description": null,
          "descriptionFromProfiled": null,
          "iri": null,
          "cardinality": null,
          "usageNote": null,
          "usageNoteFromProfiled": null,
          "profiling": [],
          "concept": "lulye1fxhmm7xa6jh3",
          "externalDocumentationUrl": null,
          "tags": []
        },
        {
          "name": {
            "en": "update/modification date",
            "cs": "popis"
          },
          "nameFromProfiled": null,
          "description": {
            "en": "Most recent date on which the resource was changed, updated or modified."
          },
          "descriptionFromProfiled": "https://mff-uk.github.io/specifications/dcat-dap/#CataloguedResource.update-modificationDate",
          "iri": "KatalogAplikacíUžívajícíchOtevřenáData.popis",
          "cardinality": [
            1,
            1
          ],
          "usageNote": {},
          "usageNoteFromProfiled": "https://mff-uk.github.io/specifications/dcat-dap/#CataloguedResource.update-modificationDate",
          "profiling": [
            "https://mff-uk.github.io/specifications/dcat-dap/#CataloguedResource.update-modificationDate"
          ],
          "concept": "https://ofn.gov.cz/zdroj/základní-datové-typy/2020-07-01/text",
          "externalDocumentationUrl": null,
          "tags": []
        }
      ]
    },
    "bzmt5oo0m5mm7xaa7ml": {
      "id": "bzmt5oo0m5mm7xaa7ml",
      "type": [
        "class-profile"
      ],
      "description": {
        "en": "Any entity carrying out actions with respect to the entities Catalogue and the Catalogued Resources.",
        "cs": "Poskytovatel"
      },
      "descriptionFromProfiled": null,
      "name": {
        "en": "Agent",
        "cs": "Poskytovatel"
      },
      "nameFromProfiled": null,
      "iri": "Poskytovatel",
      "usageNote": {},
      "usageNoteFromProfiled": "https://mff-uk.github.io/specifications/dcat-ap/#Agent",
      "profiling": [
        "https://mff-uk.github.io/specifications/dcat-ap/#Agent",
        "http://data.europa.eu/m8g/PublicOrganisation"
      ]
    },
    "ij87b5n57am7xacddv": {
      "id": "ij87b5n57am7xacddv",
      "type": [
        "relationship-profile"
      ],
      "ends": [
        {
          "name": null,
          "nameFromProfiled": null,
          "description": null,
          "descriptionFromProfiled": null,
          "iri": null,
          "cardinality": null,
          "usageNote": null,
          "usageNoteFromProfiled": null,
          "profiling": [],
          "concept": "lulye1fxhmm7xa6jh3"
        },
        {
          "name": {
            "en": "publisher",
            "cs": "poskytovatel"
          },
          "nameFromProfiled": null,
          "description": {
            "en": "An entity responsible for making the resource available."
          },
          "descriptionFromProfiled": "https://mff-uk.github.io/specifications/dcat-dap/#CataloguedResource.publisher",
          "iri": "KatalogAplikacíUžívajícíchOtevřenáData.poskytovatel",
          "cardinality": [
            1,
            1
          ],
          "usageNote": {
            "en": "Poskytovatel katalogu"
          },
          "usageNoteFromProfiled": null,
          "profiling": [
            "https://mff-uk.github.io/specifications/dcat-dap/#CataloguedResource.publisher"
          ],
          "concept": "bzmt5oo0m5mm7xaa7ml"
        }
      ]
    },
    "tvcpnua8tepm7xaeq16": {
      "iri": "Resource",
      "profiling": [
        "http://www.w3.org/2000/01/rdf-schema#Resource"
      ],
      "name": {
        "en": "Resource",
        "cs": "Zdroj"
      },
      "nameFromProfiled": null,
      "description": {
        "en": "The class resource, everything.",
        "cs": "Libovolný zdroj."
      },
      "descriptionFromProfiled": null,
      "usageNote": {},
      "usageNoteFromProfiled": null,
      "id": "tvcpnua8tepm7xaeq16",
      "type": [
        "class-profile"
      ]
    },
    "iclr062ngxm7xafibi": {
      "id": "iclr062ngxm7xafibi",
      "type": [
        "relationship-profile"
      ],
      "ends": [
        {
          "name": null,
          "nameFromProfiled": null,
          "description": null,
          "descriptionFromProfiled": null,
          "iri": null,
          "cardinality": null,
          "usageNote": null,
          "usageNoteFromProfiled": null,
          "profiling": [],
          "concept": "lulye1fxhmm7xa6jh3",
          "externalDocumentationUrl": null,
          "tags": []
        },
        {
          "name": {
            "en": "homepage",
            "cs": "domovská stránka"
          },
          "nameFromProfiled": null,
          "description": {
            "en": "A homepage of the catalog (a public Web document usually available in HTML).",
            "cs": "Domovská stránka katalogu"
          },
          "descriptionFromProfiled": null,
          "iri": "KatalogAplikacíUžívajícíchOtevřenáData.",
          "cardinality": [
            1,
            1
          ],
          "usageNote": {},
          "usageNoteFromProfiled": "https://mff-uk.github.io/specifications/dcat-dap/#Catalog.homepage",
          "profiling": [
            "https://mff-uk.github.io/specifications/dcat-dap/#Catalog.homepage"
          ],
          "concept": "tvcpnua8tepm7xaeq16",
          "externalDocumentationUrl": null,
          "tags": []
        }
      ]
    },
    "94ees1kbf6sm7xag8yv": {
      "iri": "LinguisticSystem",
      "profiling": [
        "https://mff-uk.github.io/specifications/dcat-ap/#LinguisticSystem"
      ],
      "name": {
        "en": "Linguistic System",
        "cs": "Jazyk"
      },
      "nameFromProfiled": null,
      "description": {
        "en": "A system of signs, symbols, sounds, gestures, or rules used in communication, e.g. a language."
      },
      "descriptionFromProfiled": "https://mff-uk.github.io/specifications/dcat-ap/#LinguisticSystem",
      "usageNote": {},
      "usageNoteFromProfiled": "https://mff-uk.github.io/specifications/dcat-ap/#LinguisticSystem",
      "id": "94ees1kbf6sm7xag8yv",
      "type": [
        "class-profile"
      ]
    },
    "hlmh68zmqv5m7xah9u7": {
      "iri": "LicenceDocument",
      "profiling": [
        "https://mff-uk.github.io/specifications/dcat-ap/#LicenceDocument"
      ],
      "name": {
        "en": "Licence Document",
        "cs": "Licence"
      },
      "nameFromProfiled": null,
      "description": {
        "en": "A legal document giving official permission to do something with a resource."
      },
      "descriptionFromProfiled": "https://mff-uk.github.io/specifications/dcat-ap/#LicenceDocument",
      "usageNote": {},
      "usageNoteFromProfiled": "https://mff-uk.github.io/specifications/dcat-ap/#LicenceDocument",
      "id": "hlmh68zmqv5m7xah9u7",
      "type": [
        "class-profile"
      ]
    },
    "961gyes3wpum7xai7oh": {
      "iri": "Concept",
      "profiling": [
        "https://mff-uk.github.io/specifications/dcat-ap/#Concept"
      ],
      "name": {
        "en": "Concept",
        "cs": "Položka číselníku"
      },
      "nameFromProfiled": null,
      "description": {
        "en": "An idea or notion; a unit of thought."
      },
      "descriptionFromProfiled": "https://mff-uk.github.io/specifications/dcat-ap/#Concept",
      "usageNote": {},
      "usageNoteFromProfiled": "https://mff-uk.github.io/specifications/dcat-ap/#Concept",
      "id": "961gyes3wpum7xai7oh",
      "type": [
        "class-profile"
      ]
    },
    "72nq1th1osem7xais6l": {
      "iri": "Umístění",
      "profiling": [
        "https://mff-uk.github.io/specifications/dcat-ap/#Location"
      ],
      "name": {
        "en": "Location",
        "cs": "Umístění"
      },
      "nameFromProfiled": null,
      "description": {
        "en": "A spatial region or named place."
      },
      "descriptionFromProfiled": "https://mff-uk.github.io/specifications/dcat-ap/#Location",
      "usageNote": {},
      "usageNoteFromProfiled": "https://mff-uk.github.io/specifications/dcat-ap/#Location",
      "id": "72nq1th1osem7xais6l",
      "type": [
        "class-profile"
      ]
    },
    "th4dhcx1dmem7xaxhdy": {
      "iri": "Resource",
      "profiling": [
        "https://mff-uk.github.io/specifications/dcat-ap/#Resource",
        "https://slovník.gov.cz/legislativní/sbírka/106/1999/pojem/produkt-či-služba-využívající-otevřená-data"
      ],
      "name": {
        "en": "Catalogued resource",
        "cs": "Katalogizovaný zdroj",
        "es": "Recurso catalogado",
        "it": "Risorsa catalogata",
        "da": "Katalogiseret ressource"
      },
      "nameFromProfiled": "https://slovník.gov.cz/legislativní/sbírka/106/1999/pojem/produkt-či-služba-využívající-otevřená-data",
      "description": {
        "es": "Recurso publicado o curado por un agente único.",
        "en": "Resource published or curated by a single agent.",
        "it": "Risorsa pubblicata o curata da un singolo agente.",
        "cs": "Zdroj publikovaný či řízený jediným činitelem.",
        "da": "Ressource udgivet eller udvalgt og arrangeret af en enkelt aktør."
      },
      "descriptionFromProfiled": "https://slovník.gov.cz/legislativní/sbírka/106/1999/pojem/produkt-či-služba-využívající-otevřená-data",
      "usageNote": {},
      "usageNoteFromProfiled": "https://mff-uk.github.io/specifications/dcat-ap/#Resource",
      "id": "th4dhcx1dmem7xaxhdy",
      "type": [
        "class-profile"
      ]
    },
    "g42n0j9xli8m7xb1vtg": {
      "id": "g42n0j9xli8m7xb1vtg",
      "type": [
        "class-profile"
      ],
      "description": {
        "ja": "1つのデータセットを記述したデータ・カタログ内のレコード。",
        "en": "A record in a catalog, describing the registration of a single dcat:Resource.",
        "it": "Un record in un catalogo di dati che descrive un singolo dataset o servizio di dati.",
        "fr": "Un registre du catalogue ou une entrée du catalogue, décrivant un seul jeu de données.",
        "es": "Un registro en un catálogo de datos que describe un solo conjunto de datos o un servicio de datos.",
        "cs": "Záznam popisující jednu aplikaci v katalogu.",
        "el": "Μία καταγραφή ενός καταλόγου, η οποία περιγράφει ένα συγκεκριμένο σύνολο δεδομένων.",
        "da": "En post i et datakatalog der beskriver registreringen af et enkelt datasæt eller en datatjeneste."
      },
      "descriptionFromProfiled": null,
      "name": {
        "en": "Catalog Record",
        "cs": "Katalogizační záznam",
        "it": "Record di catalogo",
        "fr": "Registre du catalogue",
        "es": "Registro del catálogo",
        "el": "Καταγραφή καταλόγου",
        "ar": "سجل",
        "ja": "カタログ・レコード",
        "da": "Katalogpost"
      },
      "nameFromProfiled": "https://mff-uk.github.io/specifications/dcat-dap/#CatalogRecord",
      "iri": "CatalogRecord",
      "usageNote": {},
      "usageNoteFromProfiled": "https://mff-uk.github.io/specifications/dcat-dap/#CatalogRecord",
      "profiling": [
        "https://mff-uk.github.io/specifications/dcat-dap/#CatalogRecord"
      ]
    },
    "oyibyg05owfm7xb9rdb": {
      "ends": [
        {
          "name": null,
          "nameFromProfiled": null,
          "description": null,
          "descriptionFromProfiled": null,
          "iri": null,
          "cardinality": null,
          "usageNote": null,
          "usageNoteFromProfiled": null,
          "profiling": [],
          "concept": "lulye1fxhmm7xa6jh3"
        },
        {
          "name": {
            "en": "record",
            "it": "record",
            "fr": "registre",
            "es": "registro",
            "cs": "záznam",
            "el": "καταγραφή",
            "ar": "سجل",
            "ja": "カタログ・レコード",
            "da": "post"
          },
          "nameFromProfiled": "https://mff-uk.github.io/specifications/dcat-dap/#Catalog.record",
          "description": {
            "en": "A record describing the registration of a single resource (e.g., a dataset, a data service) that is part of the catalog.",
            "es": "Describe la registración de un conjunto de datos o un servicio de datos en el catálogo.",
            "cs": "Záznam popisující registraci jedné aplikace jakožto součásti katalogu.",
            "fr": "Relie un catalogue à ses registres.",
            "it": "Un record che descrive la registrazione di un singolo set di dati o di un servizio dati che fa parte del catalogo.",
            "el": "Συνδέει έναν κατάλογο με τις καταγραφές του.",
            "ar": "تربط الفهرس بسجل ضمنه",
            "ja": "カタログの一部であるカタログ・レコード。",
            "da": "En post der beskriver registreringen af et enkelt datasæt eller en datatjeneste som er opført i kataloget."
          },
          "descriptionFromProfiled": null,
          "iri": "KatalogAplikacíUžívajícíchOtevřenáData.záznam",
          "cardinality": [
            0,
            null
          ],
          "usageNote": {},
          "usageNoteFromProfiled": "https://mff-uk.github.io/specifications/dcat-dap/#Catalog.record",
          "profiling": [
            "https://mff-uk.github.io/specifications/dcat-dap/#Catalog.record"
          ],
          "concept": "g42n0j9xli8m7xb1vtg"
        }
      ],
      "id": "oyibyg05owfm7xb9rdb",
      "type": [
        "relationship-profile"
      ]
    },
    "u6dvgon6qh8m7xbaw67": {
      "id": "u6dvgon6qh8m7xbaw67",
      "type": [
        "relationship-profile"
      ],
      "ends": [
        {
          "name": null,
          "nameFromProfiled": null,
          "description": null,
          "descriptionFromProfiled": null,
          "iri": null,
          "cardinality": null,
          "usageNote": null,
          "usageNoteFromProfiled": null,
          "profiling": [],
          "concept": "g42n0j9xli8m7xb1vtg"
        },
        {
          "name": {
            "en": "primary topic",
            "cs": "aplikace"
          },
          "nameFromProfiled": null,
          "description": {
            "en": "The dcat:Resource (dataset or service) described in the record.",
            "cs": "Aplikace o níž tento záznam je."
          },
          "descriptionFromProfiled": null,
          "iri": "KatalogizačníZáznam.aplikace",
          "cardinality": null,
          "usageNote": {},
          "usageNoteFromProfiled": "https://mff-uk.github.io/specifications/dcat-dap/#CatalogRecord.primaryTopic",
          "profiling": [
            "https://mff-uk.github.io/specifications/dcat-dap/#CatalogRecord.primaryTopic"
          ],
          "concept": "th4dhcx1dmem7xaxhdy"
        }
      ]
    },
    "wn80ez4ymeom7xbbynn": {
      "id": "wn80ez4ymeom7xbbynn",
      "type": [
        "relationship-profile"
      ],
      "ends": [
        {
          "name": null,
          "nameFromProfiled": null,
          "description": null,
          "descriptionFromProfiled": null,
          "iri": null,
          "cardinality": null,
          "usageNote": null,
          "usageNoteFromProfiled": null,
          "profiling": [],
          "concept": "lulye1fxhmm7xa6jh3"
        },
        {
          "name": {
            "en": "resource",
            "it": "risorsa",
            "cs": "aplikace"
          },
          "nameFromProfiled": null,
          "description": {
            "en": "A resource that is listed in the catalog.",
            "it": "Una risorsa elencata nel catalogo.",
            "cs": "Aplikace katalogizovaná v katalogu."
          },
          "descriptionFromProfiled": null,
          "iri": "KatalogAplikacíUžívajícíchOtevřenáData.aplikace",
          "cardinality": null,
          "usageNote": {},
          "usageNoteFromProfiled": "https://mff-uk.github.io/specifications/dcat-dap/#Catalog.resource",
          "profiling": [
            "https://mff-uk.github.io/specifications/dcat-dap/#Catalog.resource"
          ],
          "concept": "th4dhcx1dmem7xaxhdy"
        }
      ]
    },
    "sievwcxi5s9m7xbeop0": {
      "id": "sievwcxi5s9m7xbeop0",
      "type": [
        "relationship-profile"
      ],
      "ends": [
        {
          "name": null,
          "nameFromProfiled": null,
          "description": null,
          "descriptionFromProfiled": null,
          "iri": null,
          "cardinality": null,
          "usageNote": null,
          "usageNoteFromProfiled": null,
          "profiling": [],
          "concept": "lulye1fxhmm7xa6jh3",
          "externalDocumentationUrl": null,
          "tags": []
        },
        {
          "name": {
            "en": "language",
            "cs": "jazyk"
          },
          "nameFromProfiled": null,
          "description": {
            "en": "A language of the resource. This refers to the natural language used for textual metadata (i.e., titles, descriptions, etc.) of a cataloged resource (i.e., dataset or service) or the textual values of a dataset distribution",
            "cs": "jazyk záznamů v katalogu"
          },
          "descriptionFromProfiled": null,
          "iri": "KatalogAplikacíUžívajícíchOtevřenáData.jazyk",
          "cardinality": [
            1,
            null
          ],
          "usageNote": {},
          "usageNoteFromProfiled": "https://mff-uk.github.io/specifications/dcat-dap/#CataloguedResource.language",
          "profiling": [
            "https://mff-uk.github.io/specifications/dcat-dap/#CataloguedResource.language"
          ],
          "concept": "94ees1kbf6sm7xag8yv",
          "externalDocumentationUrl": null,
          "tags": []
        }
      ]
    },
    "qj6vt70hyhcm7xbg53f": {
      "ends": [
        {
          "name": null,
          "nameFromProfiled": null,
          "description": null,
          "descriptionFromProfiled": null,
          "iri": null,
          "cardinality": null,
          "usageNote": null,
          "usageNoteFromProfiled": null,
          "profiling": [],
          "concept": "lulye1fxhmm7xa6jh3"
        },
        {
          "name": {
            "en": "license",
            "cs": "licence"
          },
          "nameFromProfiled": null,
          "description": {
            "en": "A legal document under which the resource is made available.",
            "cs": "Licence pod kterou je katalog zveřejněn."
          },
          "descriptionFromProfiled": null,
          "iri": "KatalogAplikacíUžívajícíchOtevřenáData.licence",
          "cardinality": [
            1,
            1
          ],
          "usageNote": {},
          "usageNoteFromProfiled": "https://mff-uk.github.io/specifications/dcat-dap/#CataloguedResource.license",
          "profiling": [
            "https://mff-uk.github.io/specifications/dcat-dap/#CataloguedResource.license"
          ],
          "concept": "hlmh68zmqv5m7xah9u7"
        }
      ],
      "id": "qj6vt70hyhcm7xbg53f",
      "type": [
        "relationship-profile"
      ]
    },
    "xo7lvv9tzafm7xbh03n": {
      "ends": [
        {
          "name": null,
          "nameFromProfiled": null,
          "description": null,
          "descriptionFromProfiled": null,
          "iri": null,
          "cardinality": null,
          "usageNote": null,
          "usageNoteFromProfiled": null,
          "profiling": [],
          "concept": "lulye1fxhmm7xa6jh3"
        },
        {
          "name": {
            "en": "release date",
            "cs": "datum vytvoření"
          },
          "nameFromProfiled": null,
          "description": {
            "en": "Date of formal issuance (e.g., publication) of the resource."
          },
          "descriptionFromProfiled": "https://mff-uk.github.io/specifications/dcat-dap/#CataloguedResource.releaseDate",
          "iri": "KatalogAplikacíUžívajícíchOtevřenáData.datumVytvoření",
          "cardinality": [
            1,
            1
          ],
          "usageNote": {},
          "usageNoteFromProfiled": "https://mff-uk.github.io/specifications/dcat-dap/#CataloguedResource.releaseDate",
          "profiling": [
            "https://mff-uk.github.io/specifications/dcat-dap/#CataloguedResource.releaseDate"
          ],
          "concept": "http://www.w3.org/2001/XMLSchema#date"
        }
      ],
      "id": "xo7lvv9tzafm7xbh03n",
      "type": [
        "relationship-profile"
      ]
    },
    "opc3jh5bjiim7xbi4xi": {
      "iri": "Číselník",
      "profiling": [
        "https://mff-uk.github.io/specifications/dcat-dap/#ConceptScheme"
      ],
      "name": {
        "en": "Concept Scheme",
        "cs": "Číselník"
      },
      "nameFromProfiled": null,
      "description": {
        "en": "A knowledge organization system (KOS) used to represent themes/categories of datasets in the catalog."
      },
      "descriptionFromProfiled": "https://mff-uk.github.io/specifications/dcat-dap/#ConceptScheme",
      "usageNote": {},
      "usageNoteFromProfiled": "https://mff-uk.github.io/specifications/dcat-dap/#ConceptScheme",
      "id": "opc3jh5bjiim7xbi4xi",
      "type": [
        "class-profile"
      ]
    },
    "x96zuqn55im7xbj6ay": {
      "id": "x96zuqn55im7xbj6ay",
      "type": [
        "relationship-profile"
      ],
      "ends": [
        {
          "name": null,
          "nameFromProfiled": null,
          "description": null,
          "descriptionFromProfiled": null,
          "iri": null,
          "cardinality": null,
          "usageNote": null,
          "usageNoteFromProfiled": null,
          "profiling": [],
          "concept": "lulye1fxhmm7xa6jh3",
          "externalDocumentationUrl": null,
          "tags": []
        },
        {
          "name": {
            "it": "tassonomia dei temi",
            "fr": "taxonomie de thèmes",
            "cs": "taxonomie témat",
            "es": "taxonomía de temas",
            "en": "theme taxonomy",
            "el": "Ταξινομία θεματικών κατηγοριών.",
            "ar": "قائمة التصنيفات",
            "ja": "テーマ",
            "da": "emnetaksonomi"
          },
          "nameFromProfiled": "https://mff-uk.github.io/specifications/dcat-dap/#Catalog.themeTaxonomy",
          "description": {
            "es": "El sistema de organización del conocimiento utilizado para clasificar conjuntos de datos de catálogos.",
            "it": "Il sistema di organizzazione della conoscenza (KOS) usato per classificare i dataset del catalogo.",
            "fr": "Le systhème d'ogranisation de connaissances utilisé pour classifier les jeux de données du catalogue.",
            "cs": "Systém organizace znalostí (KOS) použitý pro klasifikaci datových sad v katalogu.",
            "en": "A knowledge organization system (KOS) used to classify the resources documented in the catalog (e.g., datasets and services).",
            "el": "Το σύστημα οργάνωσης γνώσης που χρησιμοποιείται για την κατηγοριοποίηση των συνόλων δεδομένων του καταλόγου.",
            "ar": "لائحة التصنيفات المستخدمه لتصنيف قوائم البيانات ضمن الفهرس",
            "ja": "カタログのデータセットを分類するために用いられる知識組織化体系（KOS；knowledge organization system）。",
            "da": "Vidensorganiseringssystem (KOS) som anvendes til at klassificere datasæt i kataloget."
          },
          "descriptionFromProfiled": "https://mff-uk.github.io/specifications/dcat-dap/#Catalog.themeTaxonomy",
          "iri": "KatalogAplikacíUžívajícíchOtevřenáData.taxonomieTémat",
          "cardinality": [
            1,
            1
          ],
          "usageNote": {},
          "usageNoteFromProfiled": "https://mff-uk.github.io/specifications/dcat-dap/#Catalog.themeTaxonomy",
          "profiling": [
            "https://mff-uk.github.io/specifications/dcat-dap/#Catalog.themeTaxonomy"
          ],
          "concept": "opc3jh5bjiim7xbi4xi",
          "externalDocumentationUrl": null,
          "tags": []
        }
      ]
    },
    "om5spm1zjim7xbkwhe": {
      "id": "om5spm1zjim7xbkwhe",
      "type": [
        "relationship-profile"
      ],
      "ends": [
        {
          "name": null,
          "nameFromProfiled": null,
          "description": null,
          "descriptionFromProfiled": null,
          "iri": null,
          "cardinality": null,
          "usageNote": null,
          "usageNoteFromProfiled": null,
          "profiling": [],
          "concept": "lulye1fxhmm7xa6jh3",
          "externalDocumentationUrl": null,
          "tags": []
        },
        {
          "name": {
            "en": "geographical coverage",
            "cs": "geografické pokrytí"
          },
          "nameFromProfiled": null,
          "description": {
            "en": "A geographical area covered by the Catalogue."
          },
          "descriptionFromProfiled": "https://mff-uk.github.io/specifications/dcat-ap/#Catalogue.geographicalCoverage",
          "iri": "KatalogAplikacíUžívajícíchOtevřenáData.geografickéPokrytí",
          "cardinality": [
            1,
            1
          ],
          "usageNote": {},
          "usageNoteFromProfiled": "https://mff-uk.github.io/specifications/dcat-ap/#Catalogue.geographicalCoverage",
          "profiling": [
            "https://mff-uk.github.io/specifications/dcat-ap/#Catalogue.geographicalCoverage"
          ],
          "concept": "72nq1th1osem7xais6l",
          "externalDocumentationUrl": null,
          "tags": []
        }
      ]
    },
    "xu3j3vuw83nm7xblty8": {
      "id": "xu3j3vuw83nm7xblty8",
      "type": [
        "relationship-profile"
      ],
      "ends": [
        {
          "name": null,
          "nameFromProfiled": null,
          "description": null,
          "descriptionFromProfiled": null,
          "iri": null,
          "cardinality": null,
          "usageNote": null,
          "usageNoteFromProfiled": null,
          "profiling": [],
          "concept": "bzmt5oo0m5mm7xaa7ml",
          "externalDocumentationUrl": null,
          "tags": []
        },
        {
          "name": {
            "en": "name",
            "cs": "jméno"
          },
          "nameFromProfiled": null,
          "description": {
            "en": "A name of the agent."
          },
          "descriptionFromProfiled": "https://mff-uk.github.io/specifications/dcat-ap/#Agent.name",
          "iri": "Poskytovatel.jméno",
          "cardinality": [
            1,
            1
          ],
          "usageNote": {},
          "usageNoteFromProfiled": "https://mff-uk.github.io/specifications/dcat-ap/#Agent.name",
          "profiling": [
            "https://mff-uk.github.io/specifications/dcat-ap/#Agent.name"
          ],
          "concept": "https://ofn.gov.cz/zdroj/základní-datové-typy/2020-07-01/text",
          "externalDocumentationUrl": null,
          "tags": []
        }
      ]
    },
    "wy2sjcr4fjm7xbs5s9": {
      "id": "wy2sjcr4fjm7xbs5s9",
      "type": [
        "relationship-profile"
      ],
      "ends": [
        {
          "name": null,
          "nameFromProfiled": null,
          "description": null,
          "descriptionFromProfiled": null,
          "iri": null,
          "cardinality": null,
          "usageNote": null,
          "usageNoteFromProfiled": null,
          "profiling": [],
          "concept": "th4dhcx1dmem7xaxhdy",
          "externalDocumentationUrl": null,
          "tags": []
        },
        {
          "name": {
            "en": "title",
            "cs": "název"
          },
          "nameFromProfiled": null,
          "description": {
            "en": "A name given to the resource.",
            "cs": "Název aplikace"
          },
          "descriptionFromProfiled": null,
          "iri": "ProduktČiSlužbaVyužívajícíOtevřenáData.název",
          "cardinality": [
            1,
            1
          ],
          "usageNote": {},
          "usageNoteFromProfiled": "https://mff-uk.github.io/specifications/dcat-dap/#CataloguedResource.title",
          "profiling": [
            "https://mff-uk.github.io/specifications/dcat-dap/#CataloguedResource.title"
          ],
          "concept": "https://ofn.gov.cz/zdroj/základní-datové-typy/2020-07-01/text",
          "externalDocumentationUrl": null,
          "tags": []
        }
      ]
    },
    "5e96k7ytvlom7xbskmm": {
      "id": "5e96k7ytvlom7xbskmm",
      "type": [
        "relationship-profile"
      ],
      "ends": [
        {
          "name": null,
          "nameFromProfiled": null,
          "description": null,
          "descriptionFromProfiled": null,
          "iri": null,
          "cardinality": null,
          "usageNote": null,
          "usageNoteFromProfiled": null,
          "profiling": [],
          "concept": "th4dhcx1dmem7xaxhdy",
          "externalDocumentationUrl": null,
          "tags": []
        },
        {
          "name": {
            "en": "description",
            "cs": "popis"
          },
          "nameFromProfiled": null,
          "description": {
            "en": "A free-text account of the resource."
          },
          "descriptionFromProfiled": "https://mff-uk.github.io/specifications/dcat-dap/#CataloguedResource.description",
          "iri": "ProduktČiSlužbaVyužívajícíOtevřenáData.popis",
          "cardinality": [
            1,
            1
          ],
          "usageNote": {},
          "usageNoteFromProfiled": "https://mff-uk.github.io/specifications/dcat-dap/#CataloguedResource.description",
          "profiling": [
            "https://mff-uk.github.io/specifications/dcat-dap/#CataloguedResource.description"
          ],
          "concept": "https://ofn.gov.cz/zdroj/základní-datové-typy/2020-07-01/text",
          "externalDocumentationUrl": null,
          "tags": []
        }
      ]
    },
    "pmvkovtw9gpm7xbwls9": {
      "id": "pmvkovtw9gpm7xbwls9",
      "type": [
        "class-profile"
      ],
      "description": {},
      "descriptionFromProfiled": "https://slovník.gov.cz/generický/datový-slovník-aplikací-využívajících-otevřená-data/pojem/stav-aplikace",
      "name": {
        "cs": "Stav aplikace"
      },
      "nameFromProfiled": "https://slovník.gov.cz/generický/datový-slovník-aplikací-využívajících-otevřená-data/pojem/stav-aplikace",
      "iri": "stav-aplikace",
      "usageNote": {},
      "usageNoteFromProfiled": null,
      "profiling": [
        "https://slovník.gov.cz/generický/datový-slovník-aplikací-využívajících-otevřená-data/pojem/stav-aplikace",
        "961gyes3wpum7xai7oh"
      ]
    },
    "3k4jisy44llm7xbwnzl": {
      "id": "3k4jisy44llm7xbwnzl",
      "type": [
        "class-profile"
      ],
      "description": {},
      "descriptionFromProfiled": "https://slovník.gov.cz/generický/datový-slovník-aplikací-využívajících-otevřená-data/pojem/typ-služby",
      "name": {
        "cs": "Typ služby"
      },
      "nameFromProfiled": "https://slovník.gov.cz/generický/datový-slovník-aplikací-využívajících-otevřená-data/pojem/typ-služby",
      "iri": "typ-služby",
      "usageNote": {},
      "usageNoteFromProfiled": null,
      "profiling": [
        "https://slovník.gov.cz/generický/datový-slovník-aplikací-využívajících-otevřená-data/pojem/typ-služby",
        "961gyes3wpum7xai7oh"
      ]
    },
    "lnqqwuvj7vm7xbwptt": {
      "id": "lnqqwuvj7vm7xbwptt",
      "type": [
        "class-profile"
      ],
      "description": {},
      "descriptionFromProfiled": "https://slovník.gov.cz/generický/datový-slovník-aplikací-využívajících-otevřená-data/pojem/platforma-aplikace",
      "name": {
        "cs": "Platforma aplikace"
      },
      "nameFromProfiled": "https://slovník.gov.cz/generický/datový-slovník-aplikací-využívajících-otevřená-data/pojem/platforma-aplikace",
      "iri": "platforma-aplikace",
      "usageNote": {},
      "usageNoteFromProfiled": null,
      "profiling": [
        "https://slovník.gov.cz/generický/datový-slovník-aplikací-využívajících-otevřená-data/pojem/platforma-aplikace",
        "961gyes3wpum7xai7oh"
      ]
    },
    "53amadv9iidm7xc1ixg": {
      "id": "53amadv9iidm7xc1ixg",
      "type": [
        "relationship-profile"
      ],
      "ends": [
        {
          "name": null,
          "nameFromProfiled": null,
          "description": null,
          "descriptionFromProfiled": null,
          "iri": null,
          "cardinality": null,
          "usageNote": null,
          "usageNoteFromProfiled": null,
          "profiling": [],
          "concept": "th4dhcx1dmem7xaxhdy",
          "externalDocumentationUrl": null,
          "tags": []
        },
        {
          "name": {
            "cs": "platforma"
          },
          "nameFromProfiled": null,
          "description": {
            "cs": ""
          },
          "descriptionFromProfiled": "https://slovník.gov.cz/generický/datový-slovník-aplikací-využívajících-otevřená-data/pojem/má-platformu",
          "iri": "ProduktČiSlužbaVyužívajícíOtevřenáData.máPlatformu",
          "cardinality": [
            1,
            null
          ],
          "usageNote": {},
          "usageNoteFromProfiled": null,
          "profiling": [
            "https://slovník.gov.cz/generický/datový-slovník-aplikací-využívajících-otevřená-data/pojem/má-platformu"
          ],
          "concept": "lnqqwuvj7vm7xbwptt",
          "externalDocumentationUrl": null,
          "tags": []
        }
      ]
    },
    "0bvxapk7s0oam7xc1qa9": {
      "id": "0bvxapk7s0oam7xc1qa9",
      "type": [
        "relationship-profile"
      ],
      "ends": [
        {
          "name": null,
          "nameFromProfiled": null,
          "description": null,
          "descriptionFromProfiled": null,
          "iri": null,
          "cardinality": null,
          "usageNote": null,
          "usageNoteFromProfiled": null,
          "profiling": [],
          "concept": "th4dhcx1dmem7xaxhdy",
          "externalDocumentationUrl": null,
          "tags": []
        },
        {
          "name": {
            "cs": "typ služby"
          },
          "nameFromProfiled": null,
          "description": {
            "cs": ""
          },
          "descriptionFromProfiled": "https://slovník.gov.cz/generický/datový-slovník-aplikací-využívajících-otevřená-data/pojem/má-typ-služby",
          "iri": "ProduktČiSlužbaVyužívajícíOtevřenáData.máTypSlužby",
          "cardinality": [
            1,
            1
          ],
          "usageNote": {},
          "usageNoteFromProfiled": null,
          "profiling": [
            "https://slovník.gov.cz/generický/datový-slovník-aplikací-využívajících-otevřená-data/pojem/má-typ-služby"
          ],
          "concept": "3k4jisy44llm7xbwnzl",
          "externalDocumentationUrl": null,
          "tags": []
        }
      ]
    },
    "pkm9195jm9m7xc1wsm": {
      "id": "pkm9195jm9m7xc1wsm",
      "type": [
        "relationship-profile"
      ],
      "ends": [
        {
          "name": null,
          "nameFromProfiled": null,
          "description": null,
          "descriptionFromProfiled": null,
          "iri": null,
          "cardinality": null,
          "usageNote": null,
          "usageNoteFromProfiled": null,
          "profiling": [],
          "concept": "th4dhcx1dmem7xaxhdy",
          "externalDocumentationUrl": null,
          "tags": []
        },
        {
          "name": {
            "cs": "stav aplikace"
          },
          "nameFromProfiled": null,
          "description": {
            "cs": ""
          },
          "descriptionFromProfiled": "https://slovník.gov.cz/generický/datový-slovník-aplikací-využívajících-otevřená-data/pojem/má-stav-aplikace",
          "iri": "ProduktČiSlužbaVyužívajícíOtevřenáData.máStavAplikace",
          "cardinality": [
            1,
            1
          ],
          "usageNote": {},
          "usageNoteFromProfiled": null,
          "profiling": [
            "https://slovník.gov.cz/generický/datový-slovník-aplikací-využívajících-otevřená-data/pojem/má-stav-aplikace"
          ],
          "concept": "pmvkovtw9gpm7xbwls9",
          "externalDocumentationUrl": null,
          "tags": []
        }
      ]
    },
    "iqexdq5rdznm7xc4yhk": {
      "id": "iqexdq5rdznm7xc4yhk",
      "type": [
        "relationship-profile"
      ],
      "ends": [
        {
          "name": null,
          "nameFromProfiled": null,
          "description": null,
          "descriptionFromProfiled": null,
          "iri": null,
          "cardinality": null,
          "usageNote": null,
          "usageNoteFromProfiled": null,
          "profiling": [],
          "concept": "th4dhcx1dmem7xaxhdy",
          "externalDocumentationUrl": null,
          "tags": []
        },
        {
          "name": {
            "en": "page",
            "cs": "stránka aplikace"
          },
          "nameFromProfiled": null,
          "description": {
            "en": "A page or document about this thing."
          },
          "descriptionFromProfiled": "http://xmlns.com/foaf/0.1/page",
          "iri": "ProduktČiSlužbaVyužívajícíOtevřenáData.stránkaAplikace",
          "cardinality": [
            0,
            1
          ],
          "usageNote": {},
          "usageNoteFromProfiled": null,
          "profiling": [
            "http://xmlns.com/foaf/0.1/page"
          ],
          "concept": "tvcpnua8tepm7xaeq16",
          "externalDocumentationUrl": null,
          "tags": []
        }
      ]
    },
    "n7b4gozwwr9m7xc5xtf": {
      "ends": [
        {
          "name": null,
          "nameFromProfiled": null,
          "description": null,
          "descriptionFromProfiled": null,
          "iri": null,
          "cardinality": null,
          "usageNote": null,
          "usageNoteFromProfiled": null,
          "profiling": [],
          "concept": "th4dhcx1dmem7xaxhdy"
        },
        {
          "name": {
            "es": "tema",
            "it": "tema",
            "en": "theme/category",
            "fr": "thème",
            "cs": "téma",
            "el": "Θέμα",
            "ar": "التصنيف",
            "ja": "テーマ/カテゴリー",
            "da": "emne"
          },
          "nameFromProfiled": "https://mff-uk.github.io/specifications/dcat-dap/#CataloguedResource.theme-category",
          "description": {
            "en": "A main category of the resource. A resource can have multiple themes.",
            "cs": "Hlavní téma zdroje. Zdroj může mít více témat.",
            "it": "La categoria principale della risorsa. Una risorsa può avere più temi.",
            "es": "La categoría principal del recurso. Un recurso puede tener varios temas.",
            "fr": "La catégorie principale de la ressource. Une ressource peut avoir plusieurs thèmes.",
            "el": "Η κύρια κατηγορία του συνόλου δεδομένων. Ένα σύνολο δεδομένων δύναται να έχει πολλαπλά θέματα.",
            "ar": "التصنيف الرئيسي لقائمة البيانات. قائمة البيانات يمكن أن تملك أكثر من تصنيف رئيسي واحد.",
            "ja": "データセットの主要カテゴリー。データセットは複数のテーマを持つことができます。",
            "da": "Et centralt emne for ressourcen. En ressource kan have flere centrale emner."
          },
          "descriptionFromProfiled": "https://mff-uk.github.io/specifications/dcat-dap/#CataloguedResource.theme-category",
          "iri": "ProduktČiSlužbaVyužívajícíOtevřenáData.téma",
          "cardinality": [
            0,
            null
          ],
          "usageNote": {},
          "usageNoteFromProfiled": "https://mff-uk.github.io/specifications/dcat-dap/#CataloguedResource.theme-category",
          "profiling": [
            "https://mff-uk.github.io/specifications/dcat-dap/#CataloguedResource.theme-category"
          ],
          "concept": "961gyes3wpum7xai7oh"
        }
      ],
      "id": "n7b4gozwwr9m7xc5xtf",
      "type": [
        "relationship-profile"
      ]
    },
    "wmf8tohelijm7xc6vam": {
      "ends": [
        {
          "name": null,
          "nameFromProfiled": null,
          "description": null,
          "descriptionFromProfiled": null,
          "iri": null,
          "cardinality": null,
          "usageNote": null,
          "usageNoteFromProfiled": null,
          "profiling": [],
          "concept": "th4dhcx1dmem7xaxhdy"
        },
        {
          "name": {
            "en": "update/modification date",
            "cs": "poslední úprava"
          },
          "nameFromProfiled": null,
          "description": {
            "en": "Most recent date on which the resource was changed, updated or modified."
          },
          "descriptionFromProfiled": "https://mff-uk.github.io/specifications/dcat-dap/#CataloguedResource.update-modificationDate",
          "iri": "ProduktČiSlužbaVyužívajícíOtevřenáData.posledníÚprava",
          "cardinality": [
            1,
            1
          ],
          "usageNote": {},
          "usageNoteFromProfiled": "https://mff-uk.github.io/specifications/dcat-dap/#CataloguedResource.update-modificationDate",
          "profiling": [
            "https://mff-uk.github.io/specifications/dcat-dap/#CataloguedResource.update-modificationDate"
          ],
          "concept": "http://www.w3.org/2001/XMLSchema#date"
        }
      ],
      "id": "wmf8tohelijm7xc6vam",
      "type": [
        "relationship-profile"
      ]
    },
    "euesn2wo876m7xc8fko": {
      "ends": [
        {
          "name": null,
          "nameFromProfiled": null,
          "description": null,
          "descriptionFromProfiled": null,
          "iri": null,
          "cardinality": [
            0,
            null
          ],
          "usageNote": null,
          "usageNoteFromProfiled": null,
          "profiling": [],
          "concept": "th4dhcx1dmem7xaxhdy"
        },
        {
          "name": {
            "en": "Date Available",
            "cs": "datum vydání"
          },
          "nameFromProfiled": null,
          "description": {
            "en": "Date that the resource became or will become available."
          },
          "descriptionFromProfiled": "http://purl.org/dc/terms/available",
          "iri": "ProduktČiSlužbaVyužívajícíOtevřenáData.datumVydání",
          "cardinality": [
            0,
            1
          ],
          "usageNote": {},
          "usageNoteFromProfiled": null,
          "profiling": [
            "http://purl.org/dc/terms/available"
          ],
          "concept": "http://www.w3.org/2001/XMLSchema#date"
        }
      ],
      "id": "euesn2wo876m7xc8fko",
      "type": [
        "relationship-profile"
      ]
    },
    "blbbrt7p7wrm7xca2l7": {
      "iri": "Organizace",
      "profiling": [
        "http://xmlns.com/foaf/0.1/Organization"
      ],
      "name": {
        "en": "Organization",
        "cs": "Organizace"
      },
      "nameFromProfiled": null,
      "description": {
        "en": "An organization."
      },
      "descriptionFromProfiled": "http://xmlns.com/foaf/0.1/Organization",
      "usageNote": {},
      "usageNoteFromProfiled": null,
      "id": "blbbrt7p7wrm7xca2l7",
      "type": [
        "class-profile"
      ]
    },
    "d35h7xfxlw4m7xcaxcw": {
      "ends": [
        {
          "name": null,
          "nameFromProfiled": null,
          "description": null,
          "descriptionFromProfiled": null,
          "iri": null,
          "cardinality": null,
          "usageNote": null,
          "usageNoteFromProfiled": null,
          "profiling": [],
          "concept": "th4dhcx1dmem7xaxhdy"
        },
        {
          "name": {
            "en": "creator",
            "cs": "tvůrce"
          },
          "nameFromProfiled": null,
          "description": {
            "en": "An entity responsible for making the resource.",
            "cs": "Tvůrce aplikace"
          },
          "descriptionFromProfiled": null,
          "iri": "ProduktČiSlužbaVyužívajícíOtevřenáData.tvůrce",
          "cardinality": [
            1,
            1
          ],
          "usageNote": {},
          "usageNoteFromProfiled": "https://mff-uk.github.io/specifications/dcat-dap/#CataloguedResource.creator",
          "profiling": [
            "https://mff-uk.github.io/specifications/dcat-dap/#CataloguedResource.creator"
          ],
          "concept": "blbbrt7p7wrm7xca2l7"
        }
      ],
      "id": "d35h7xfxlw4m7xcaxcw",
      "type": [
        "relationship-profile"
      ]
    },
    "fpyh1wyyc4nm7xcckue": {
      "iri": "DatováSadaOtevřenýchDat",
      "profiling": [
        "https://mff-uk.github.io/specifications/dcat-ap/#Dataset"
      ],
      "name": {
        "es": "Conjunto de datos",
        "en": "Dataset",
        "it": "Dataset",
        "cs": "Datová sada otevřených dat",
        "fr": "Jeu de données",
        "el": "Σύνολο Δεδομένων",
        "ar": "قائمة بيانات",
        "ja": "データセット",
        "da": "Datasæt"
      },
      "nameFromProfiled": null,
      "description": {
        "ja": "1つのエージェントによって公開またはキュレートされ、1つ以上の形式でアクセスまたはダウンロードできるデータの集合。",
        "en": "A conceptual entity that represents the information published.",
        "cs": "Kolekce otevřených dat poskytovaná či řízená jedním zdrojem, která je k dispozici pro přístup či stažení v jednom či více formátech.",
        "it": "Raccolta di dati, pubblicati o curati da un'unica fonte, disponibili per l'accesso o il download in uno o più formati.",
        "es": "Una colección de datos, publicados o conservados por una única fuente, y disponibles para ser accedidos o descargados en uno o más formatos.",
        "fr": "Une collection de données, publiée ou élaborée par une seule source, et disponible pour accès ou téléchargement dans un ou plusieurs formats.",
        "el": "Μία συλλογή από δεδομένα, δημοσιευμένη ή επιμελημένη από μία και μόνο πηγή, διαθέσιμη δε προς πρόσβαση ή μεταφόρτωση σε μία ή περισσότερες μορφές.",
        "ar": "قائمة بيانات منشورة أو مجموعة من قبل مصدر ما و متاح الوصول إليها أو تحميلها",
        "da": "En samling af data, udgivet eller udvalgt og arrangeret af en enkelt kilde og som er til råde for adgang til eller download af i en eller flere repræsentationer."
      },
      "descriptionFromProfiled": null,
      "usageNote": {},
      "usageNoteFromProfiled": "https://mff-uk.github.io/specifications/dcat-ap/#Dataset",
      "id": "fpyh1wyyc4nm7xcckue",
      "type": [
        "class-profile"
      ]
    },
    "yysng0ctv5om7xcdocv": {
      "ends": [
        {
          "name": null,
          "nameFromProfiled": null,
          "description": null,
          "descriptionFromProfiled": null,
          "iri": null,
          "cardinality": null,
          "usageNote": null,
          "usageNoteFromProfiled": null,
          "profiling": [],
          "concept": "fpyh1wyyc4nm7xcckue"
        },
        {
          "name": {
            "en": "is referenced by",
            "cs": "je využívána aplikací"
          },
          "nameFromProfiled": null,
          "description": {
            "en": "A related resource, such as a publication, that references, cites, or otherwise points to the cataloged resource.",
            "cs": "Aplikace, která využívá datovou sadu."
          },
          "descriptionFromProfiled": null,
          "iri": "DatováSadaOtevřenýchDat.jeVyužívánaAplikací",
          "cardinality": [
            0,
            null
          ],
          "usageNote": {},
          "usageNoteFromProfiled": "https://mff-uk.github.io/specifications/dcat-dap/#CataloguedResource.isReferencedBy",
          "profiling": [
            "https://mff-uk.github.io/specifications/dcat-dap/#CataloguedResource.isReferencedBy"
          ],
          "concept": "th4dhcx1dmem7xaxhdy"
        }
      ],
      "id": "yysng0ctv5om7xcdocv",
      "type": [
        "relationship-profile"
      ]
    },
    "2yqqoma8w52m7xcfj6i": {
      "id": "2yqqoma8w52m7xcfj6i",
      "type": [
        "relationship-profile"
      ],
      "ends": [
        {
          "name": null,
          "nameFromProfiled": null,
          "description": null,
          "descriptionFromProfiled": null,
          "iri": null,
          "cardinality": null,
          "usageNote": null,
          "usageNoteFromProfiled": null,
          "profiling": [],
          "concept": "g42n0j9xli8m7xb1vtg",
          "externalDocumentationUrl": null,
          "tags": []
        },
        {
          "name": {
            "en": "language",
            "cs": "jazyk"
          },
          "nameFromProfiled": null,
          "description": {
            "en": "A language used in the textual metadata describing titles, descriptions, etc. of the Catalogued Resource.",
            "cs": "Jazyk metadatového záznamu."
          },
          "descriptionFromProfiled": null,
          "iri": "KatalogizačníZáznam.jazyk",
          "cardinality": [
            1,
            null
          ],
          "usageNote": {},
          "usageNoteFromProfiled": "https://mff-uk.github.io/specifications/dcat-ap/#CatalogueRecord.language",
          "profiling": [
            "https://mff-uk.github.io/specifications/dcat-ap/#CatalogueRecord.language"
          ],
          "concept": "94ees1kbf6sm7xag8yv",
          "externalDocumentationUrl": null,
          "tags": []
        }
      ]
    },
    "n1g76c2lvtcm7xcgjmz": {
      "iri": "Standard",
      "profiling": [
        "https://mff-uk.github.io/specifications/dcat-dap/#Standard"
      ],
      "name": {
        "en": "Standard",
        "cs": "Specifikace"
      },
      "nameFromProfiled": null,
      "description": {
        "en": "A reference point against which other things can be evaluated or compared.",
        "cs": "Specifikace"
      },
      "descriptionFromProfiled": null,
      "usageNote": {},
      "usageNoteFromProfiled": "https://mff-uk.github.io/specifications/dcat-dap/#Standard",
      "id": "n1g76c2lvtcm7xcgjmz",
      "type": [
        "class-profile"
      ]
    },
    "vqh66cztamfm7xcjp2s": {
      "id": "vqh66cztamfm7xcjp2s",
      "type": [
        "relationship-profile"
      ],
      "ends": [
        {
          "name": null,
          "nameFromProfiled": null,
          "description": null,
          "descriptionFromProfiled": null,
          "iri": null,
          "cardinality": null,
          "usageNote": null,
          "usageNoteFromProfiled": null,
          "profiling": [],
          "concept": "g42n0j9xli8m7xb1vtg",
          "externalDocumentationUrl": null,
          "tags": []
        },
        {
          "name": {
            "en": "conforms to",
            "cs": "specifikace"
          },
          "nameFromProfiled": null,
          "description": {
            "en": "An established standard to which the described resource conforms."
          },
          "descriptionFromProfiled": "https://mff-uk.github.io/specifications/dcat-dap/#CatalogRecord.conformsTo",
          "iri": "KatalogizačníZáznam.specifikace",
          "cardinality": [
            1,
            1
          ],
          "usageNote": {},
          "usageNoteFromProfiled": "https://mff-uk.github.io/specifications/dcat-dap/#CatalogRecord.conformsTo",
          "profiling": [
            "https://mff-uk.github.io/specifications/dcat-dap/#CatalogRecord.conformsTo"
          ],
          "concept": "n1g76c2lvtcm7xcgjmz",
          "externalDocumentationUrl": null,
          "tags": []
        }
      ]
    },
    "fbjl344fyx9mb0f6ahp": {
      "id": "fbjl344fyx9mb0f6ahp",
      "type": [
        "relationship-profile"
      ],
      "ends": [
        {
          "name": null,
          "nameFromProfiled": null,
          "description": null,
          "descriptionFromProfiled": null,
          "iri": null,
          "cardinality": null,
          "usageNote": null,
          "usageNoteFromProfiled": null,
          "profiling": [],
          "externalDocumentationUrl": null,
          "tags": [],
          "concept": "blbbrt7p7wrm7xca2l7"
        },
        {
          "name": {
            "en": "name",
            "cs": "jméno"
          },
          "nameFromProfiled": null,
          "description": {
            "en": "A name of the agent."
          },
          "descriptionFromProfiled": "https://mff-uk.github.io/specifications/dcat-ap/#Agent.name",
          "iri": "Organizace.jméno",
          "cardinality": [
            1,
            1
          ],
          "usageNote": {},
          "usageNoteFromProfiled": "https://mff-uk.github.io/specifications/dcat-ap/#Agent.name",
          "profiling": [
            "https://mff-uk.github.io/specifications/dcat-ap/#Agent.name"
          ],
          "externalDocumentationUrl": null,
          "tags": [],
          "concept": "https://ofn.gov.cz/zdroj/základní-datové-typy/2020-07-01/text"
        }
      ]
    }
  }
}