{
  "iri": "0a3d7d88-f997-4bab-961e-62ed8f622546",
  "types": [
    "http://dataspecer.com/resources/local/semantic-model"
  ],
  "userMetadata": {
    "label": {
      "en": "Aplikace využívající otevřená data"
    },
    "description": {
      "en": "Semantic model for the vocabulary"
    }
  },
  "metadata": {
    "creationDate": "2025-03-06T11:24:38.244Z",
    "modificationDate": "2025-05-23T06:42:08.792Z"
  },
  "_version": 1,
  "_exportVersion": 1,
  "_exportedAt": "2025-05-23T06:48:58.392Z",
  "_exportedBy": "http://localhost:3100"
}