{
  "identifier": "0c916988-eff4-4047-8f75-09ef200186e7",
  "version": 1,
  "type": "http://dataspecer.com/resources/local/visual-model",
  "entities": [
    {
      "identifier": "0c916988-eff4-4047-8f75-09ef200186e7-model-metadata-entity",
      "type": [
        "entity-model-type"
      ],
      "label": {
        "en": "Main view"
      }
    },
    {
      "type": [
        "http://dataspecer.com/resources/local/visual-model"
      ],
      "representedModel": "0a3d7d88-f997-4bab-961e-62ed8f622546",
      "color": "#4dc9ab",
      "identifier": "o96yr"
    },
    {
      "type": [
        "http://dataspecer.com/resources/local/visual-model"
      ],
      "representedModel": "uo0qc",
      "color": "#92bcea",
      "identifier": "jtm5c"
    },
    {
      "type": [
        "http://dataspecer.com/resources/local/visual-model"
      ],
      "representedModel": "6b8df4a2-cb30-4329-b5bd-34a1559c2387/78fcabee-8017-493f-9cf4-b87649743734/68bc9724-45ae-4fa1-812a-ac80b34661d5",
      "color": "#ff848b",
      "identifier": "1gigz"
    },
    {
      "type": [
        "http://dataspecer.com/resources/local/visual-model"
      ],
      "representedModel": "6b8df4a2-cb30-4329-b5bd-34a1559c2387/78fcabee-8017-493f-9cf4-b87649743734/694d4977-97e5-4b6f-97ea-3df6b0c2a51e",
      "color": "#4dc9ab",
      "identifier": "8jxbj"
    },
    {
      "type": [
        "http://dataspecer.com/resources/local/visual-model"
      ],
      "representedModel": "6b8df4a2-cb30-4329-b5bd-34a1559c2387/78fcabee-8017-493f-9cf4-b87649743734/profile",
      "color": "#b8a3d3",
      "identifier": "zocce"
    },
    {
      "type": [
        "http://dataspecer.com/resources/local/visual-model"
      ],
      "representedModel": "6b8df4a2-cb30-4329-b5bd-34a1559c2387/78fcabee-8017-493f-9cf4-b87649743734/387c0ff6-9465-45d8-86d8-c5bf6f7a917b/8f24a8a1-96c5-4b06-acc7-fadaec596125",
      "color": "#b8a3d3",
      "identifier": "db33h"
    },
    {
      "type": [
        "http://dataspecer.com/resources/local/visual-model"
      ],
      "representedModel": "6b8df4a2-cb30-4329-b5bd-34a1559c2387/78fcabee-8017-493f-9cf4-b87649743734/387c0ff6-9465-45d8-86d8-c5bf6f7a917b/410704be-b621-44cf-9c6a-00db5125ce64",
      "color": "#ffb770",
      "identifier": "b3ihu"
    },
    {
      "type": [
        "http://dataspecer.com/resources/local/visual-model"
      ],
      "representedModel": "6b8df4a2-cb30-4329-b5bd-34a1559c2387/78fcabee-8017-493f-9cf4-b87649743734/387c0ff6-9465-45d8-86d8-c5bf6f7a917b/77454215-a7aa-4f81-8efd-6920c70d02db",
      "color": "#8fab5c",
      "identifier": "mjb9bg"
    },
    {
      "type": [
        "http://dataspecer.com/resources/local/visual-model"
      ],
      "representedModel": "6b8df4a2-cb30-4329-b5bd-34a1559c2387/78fcabee-8017-493f-9cf4-b87649743734/387c0ff6-9465-45d8-86d8-c5bf6f7a917b/1716b9bf-37cb-4a4e-9902-9446b630f91e",
      "color": "#ffd670",
      "identifier": "6ml4ff"
    },
    {
      "type": [
        "http://dataspecer.com/resources/local/visual-model"
      ],
      "representedModel": "6b8df4a2-cb30-4329-b5bd-34a1559c2387/78fcabee-8017-493f-9cf4-b87649743734/387c0ff6-9465-45d8-86d8-c5bf6f7a917b/e0a86f19-9347-49ab-9cb5-c280e23bacd4",
      "color": "#8da266",
      "identifier": "1ta8e"
    },
    {
      "type": [
        "http://dataspecer.com/resources/local/visual-model"
      ],
      "representedModel": "6b8df4a2-cb30-4329-b5bd-34a1559c2387/78fcabee-8017-493f-9cf4-b87649743734/387c0ff6-9465-45d8-86d8-c5bf6f7a917b/df314d95-84c1-40e9-8a74-09fc159c2cb4",
      "color": "#b4e33d",
      "identifier": "x4fcf"
    },
    {
      "type": [
        "http://dataspecer.com/resources/local/visual-model"
      ],
      "representedModel": "6b8df4a2-cb30-4329-b5bd-34a1559c2387/78fcabee-8017-493f-9cf4-b87649743734/387c0ff6-9465-45d8-86d8-c5bf6f7a917b/251e9a4c-f560-4957-aa75-aed9cf974099",
      "color": "#ff9770",
      "identifier": "w5tp9"
    },
    {
      "type": [
        "http://dataspecer.com/resources/local/visual-model"
      ],
      "representedModel": "6b8df4a2-cb30-4329-b5bd-34a1559c2387/78fcabee-8017-493f-9cf4-b87649743734/387c0ff6-9465-45d8-86d8-c5bf6f7a917b/96d11b46-2542-459b-b0e0-f073e10409d0",
      "color": "#b8a3d3",
      "identifier": "x6g9z"
    },
    {
      "type": [
        "http://dataspecer.com/resources/local/visual-model"
      ],
      "representedModel": "6b8df4a2-cb30-4329-b5bd-34a1559c2387/78fcabee-8017-493f-9cf4-b87649743734/387c0ff6-9465-45d8-86d8-c5bf6f7a917b/b1447c63-967e-426a-9821-434f97bffb8a",
      "color": "#70d6ff",
      "identifier": "ua4xf"
    },
    {
      "type": [
        "http://dataspecer.com/resources/local/visual-model"
      ],
      "representedModel": "6b8df4a2-cb30-4329-b5bd-34a1559c2387/78fcabee-8017-493f-9cf4-b87649743734/387c0ff6-9465-45d8-86d8-c5bf6f7a917b/7ecc4287-36e9-4fd3-bec1-d000d680af41",
      "color": "#4dc9ab",
      "identifier": "sutbe"
    },
    {
      "type": [
        "http://dataspecer.com/resources/local/visual-model"
      ],
      "representedModel": "6b8df4a2-cb30-4329-b5bd-34a1559c2387/78fcabee-8017-493f-9cf4-b87649743734/387c0ff6-9465-45d8-86d8-c5bf6f7a917b/ec2051c4-d4a3-4840-9064-76f4f380a13b",
      "color": "#b8a3d3",
      "identifier": "ecq69"
    },
    {
      "type": [
        "http://dataspecer.com/resources/local/visual-model"
      ],
      "representedModel": "6b8df4a2-cb30-4329-b5bd-34a1559c2387/78fcabee-8017-493f-9cf4-b87649743734/387c0ff6-9465-45d8-86d8-c5bf6f7a917b/460bf468-1e43-45d6-acf4-327c2be2166e",
      "color": "#b4e33d",
      "identifier": "dzsxn"
    },
    {
      "type": [
        "http://dataspecer.com/resources/local/visual-model"
      ],
      "representedModel": "6b8df4a2-cb30-4329-b5bd-34a1559c2387/78fcabee-8017-493f-9cf4-b87649743734/387c0ff6-9465-45d8-86d8-c5bf6f7a917b/1773cd37-03a6-4fab-a0dd-ade7d11d5a21",
      "color": "#8fab5c",
      "identifier": "kr2br"
    },
    {
      "type": [
        "http://dataspecer.com/resources/local/visual-model"
      ],
      "representedModel": "6b8df4a2-cb30-4329-b5bd-34a1559c2387/78fcabee-8017-493f-9cf4-b87649743734/387c0ff6-9465-45d8-86d8-c5bf6f7a917b/profile",
      "color": "#b4e33d",
      "identifier": "2nr95"
    },
    {
      "model": "0a3d7d88-f997-4bab-961e-62ed8f622546",
      "representedEntity": "lulye1fxhmm7xa6jh3",
      "position": {
        "x": 1120,
        "y": 1130
      },
      "content": [
        "ho4qfg6ft5hm7xa85mf",
        "1i4lxaolu5djm7xa7qig",
        "xo7lvv9tzafm7xbh03n"
      ],
      "visualModels": [],
      "type": [
        "visual-node"
      ],
      "identifier": "l5bcpl"
    },
    {
      "model": "0a3d7d88-f997-4bab-961e-62ed8f622546",
      "representedEntity": "bzmt5oo0m5mm7xaa7ml",
      "position": {
        "x": 1230,
        "y": 1760
      },
      "content": [
        "xu3j3vuw83nm7xblty8"
      ],
      "visualModels": [],
      "type": [
        "visual-node"
      ],
      "identifier": "ekmjf"
    },
    {
      "model": "0a3d7d88-f997-4bab-961e-62ed8f622546",
      "representedRelationship": "ij87b5n57am7xacddv",
      "waypoints": [],
      "visualSource": "l5bcpl",
      "visualTarget": "ekmjf",
      "type": [
        "visual-relationship"
      ],
      "identifier": "yi5pzl"
    },
    {
      "model": "0a3d7d88-f997-4bab-961e-62ed8f622546",
      "representedEntity": "tvcpnua8tepm7xaeq16",
      "position": {
        "x": 500,
        "y": 1360
      },
      "content": [],
      "visualModels": [],
      "type": [
        "visual-node"
      ],
      "identifier": "x1huq"
    },
    {
      "model": "0a3d7d88-f997-4bab-961e-62ed8f622546",
      "representedRelationship": "iclr062ngxm7xafibi",
      "waypoints": [],
      "visualSource": "l5bcpl",
      "visualTarget": "x1huq",
      "type": [
        "visual-relationship"
      ],
      "identifier": "zzx3h"
    },
    {
      "model": "0a3d7d88-f997-4bab-961e-62ed8f622546",
      "representedEntity": "94ees1kbf6sm7xag8yv",
      "position": {
        "x": 830,
        "y": 1730
      },
      "content": [],
      "visualModels": [],
      "type": [
        "visual-node"
      ],
      "identifier": "ebori"
    },
    {
      "model": "0a3d7d88-f997-4bab-961e-62ed8f622546",
      "representedEntity": "hlmh68zmqv5m7xah9u7",
      "position": {
        "x": 1710,
        "y": 790
      },
      "content": [],
      "visualModels": [],
      "type": [
        "visual-node"
      ],
      "identifier": "qlu92"
    },
    {
      "model": "0a3d7d88-f997-4bab-961e-62ed8f622546",
      "representedEntity": "961gyes3wpum7xai7oh",
      "position": {
        "x": 430,
        "y": 220
      },
      "content": [],
      "visualModels": [],
      "type": [
        "visual-node"
      ],
      "identifier": "j72qf"
    },
    {
      "model": "0a3d7d88-f997-4bab-961e-62ed8f622546",
      "representedEntity": "72nq1th1osem7xais6l",
      "position": {
        "x": 1620,
        "y": 1570
      },
      "content": [],
      "visualModels": [],
      "type": [
        "visual-node"
      ],
      "identifier": "jpl5a"
    },
    {
      "model": "0a3d7d88-f997-4bab-961e-62ed8f622546",
      "representedRelationship": "ij87b5n57am7xacddv",
      "waypoints": [],
      "visualSource": "l5bcpl",
      "visualTarget": "ekmjf",
      "type": [
        "visual-relationship"
      ],
      "identifier": "kgw04"
    },
    {
      "model": "0a3d7d88-f997-4bab-961e-62ed8f622546",
      "representedRelationship": "iclr062ngxm7xafibi",
      "waypoints": [],
      "visualSource": "l5bcpl",
      "visualTarget": "x1huq",
      "type": [
        "visual-relationship"
      ],
      "identifier": "p0jwx"
    },
    {
      "model": "0a3d7d88-f997-4bab-961e-62ed8f622546",
      "representedEntity": "th4dhcx1dmem7xaxhdy",
      "position": {
        "x": 650,
        "y": 660
      },
      "content": [
        "wy2sjcr4fjm7xbs5s9",
        "5e96k7ytvlom7xbskmm",
        "wmf8tohelijm7xc6vam",
        "euesn2wo876m7xc8fko"
      ],
      "visualModels": [],
      "type": [
        "visual-node"
      ],
      "identifier": "1bfwo"
    },
    {
      "model": "0a3d7d88-f997-4bab-961e-62ed8f622546",
      "representedEntity": "g42n0j9xli8m7xb1vtg",
      "position": {
        "x": 1290,
        "y": 630
      },
      "content": [],
      "visualModels": [],
      "type": [
        "visual-node"
      ],
      "identifier": "lndkz"
    },
    {
      "type": [
        "http://dataspecer.com/resources/local/visual-model"
      ],
      "representedModel": "6b8df4a2-cb30-4329-b5bd-34a1559c2387/2dc39157-f7c3-4a5c-83b9-42319ca73d94/016edf8b-6563-4b5b-8c31-ffa63c5e5583",
      "color": "#b4e33d",
      "identifier": "kmy8p"
    },
    {
      "type": [
        "http://dataspecer.com/resources/local/visual-model"
      ],
      "representedModel": "6b8df4a2-cb30-4329-b5bd-34a1559c2387/2dc39157-f7c3-4a5c-83b9-42319ca73d94/e3a4320c-7102-4ece-b0d8-0ad1aea2b26a",
      "color": "#8fab5c",
      "identifier": "gq70dh"
    },
    {
      "type": [
        "http://dataspecer.com/resources/local/visual-model"
      ],
      "representedModel": "6b8df4a2-cb30-4329-b5bd-34a1559c2387/2dc39157-f7c3-4a5c-83b9-42319ca73d94/profile",
      "color": "#ff848b",
      "identifier": "qd1mb"
    },
    {
      "type": [
        "http://dataspecer.com/resources/local/visual-model"
      ],
      "representedModel": "6b8df4a2-cb30-4329-b5bd-34a1559c2387/2dc39157-f7c3-4a5c-83b9-42319ca73d94/0f1abd93-1673-4b03-b524-26f99adcfd5e/58c2cd81-f9e4-4a69-bf0d-3532e68630b1",
      "color": "#70d6ff",
      "identifier": "zjk52"
    },
    {
      "type": [
        "http://dataspecer.com/resources/local/visual-model"
      ],
      "representedModel": "6b8df4a2-cb30-4329-b5bd-34a1559c2387/2dc39157-f7c3-4a5c-83b9-42319ca73d94/0f1abd93-1673-4b03-b524-26f99adcfd5e/ff1781d6-ca86-4ba8-9153-dd6701dec4d6",
      "color": "#ffb770",
      "identifier": "2j10pf"
    },
    {
      "type": [
        "http://dataspecer.com/resources/local/visual-model"
      ],
      "representedModel": "6b8df4a2-cb30-4329-b5bd-34a1559c2387/2dc39157-f7c3-4a5c-83b9-42319ca73d94/0f1abd93-1673-4b03-b524-26f99adcfd5e/f21321f0-bbdb-4333-b9f0-dd6520628351",
      "color": "#70d6ff",
      "identifier": "5zrty"
    },
    {
      "type": [
        "http://dataspecer.com/resources/local/visual-model"
      ],
      "representedModel": "6b8df4a2-cb30-4329-b5bd-34a1559c2387/2dc39157-f7c3-4a5c-83b9-42319ca73d94/0f1abd93-1673-4b03-b524-26f99adcfd5e/e362c66c-8a2d-4e80-8b0d-3d88186186af",
      "color": "#d4f2d2",
      "identifier": "2kbz8"
    },
    {
      "type": [
        "http://dataspecer.com/resources/local/visual-model"
      ],
      "representedModel": "6b8df4a2-cb30-4329-b5bd-34a1559c2387/2dc39157-f7c3-4a5c-83b9-42319ca73d94/0f1abd93-1673-4b03-b524-26f99adcfd5e/f9816aa3-c6ec-4572-84b3-5da1ffb0e45b",
      "color": "#ff848b",
      "identifier": "ctt64"
    },
    {
      "type": [
        "http://dataspecer.com/resources/local/visual-model"
      ],
      "representedModel": "6b8df4a2-cb30-4329-b5bd-34a1559c2387/2dc39157-f7c3-4a5c-83b9-42319ca73d94/0f1abd93-1673-4b03-b524-26f99adcfd5e/f5b0b06c-06cf-4124-867e-c568a4e80f1b",
      "color": "#d4f2d2",
      "identifier": "l8ndw"
    },
    {
      "type": [
        "http://dataspecer.com/resources/local/visual-model"
      ],
      "representedModel": "6b8df4a2-cb30-4329-b5bd-34a1559c2387/2dc39157-f7c3-4a5c-83b9-42319ca73d94/0f1abd93-1673-4b03-b524-26f99adcfd5e/70cf84b5-d02b-45fe-baba-b994b05d6d3c",
      "color": "#8fab5c",
      "identifier": "lekg7"
    },
    {
      "type": [
        "http://dataspecer.com/resources/local/visual-model"
      ],
      "representedModel": "6b8df4a2-cb30-4329-b5bd-34a1559c2387/2dc39157-f7c3-4a5c-83b9-42319ca73d94/0f1abd93-1673-4b03-b524-26f99adcfd5e/3038f675-0a60-456f-aaf9-d62b33112ad2",
      "color": "#fc440f",
      "identifier": "zw03n"
    },
    {
      "type": [
        "http://dataspecer.com/resources/local/visual-model"
      ],
      "representedModel": "6b8df4a2-cb30-4329-b5bd-34a1559c2387/2dc39157-f7c3-4a5c-83b9-42319ca73d94/0f1abd93-1673-4b03-b524-26f99adcfd5e/34017618-0b28-4266-bd03-fe78d9b8028e",
      "color": "#ff70a6",
      "identifier": "yqdxe"
    },
    {
      "type": [
        "http://dataspecer.com/resources/local/visual-model"
      ],
      "representedModel": "6b8df4a2-cb30-4329-b5bd-34a1559c2387/2dc39157-f7c3-4a5c-83b9-42319ca73d94/0f1abd93-1673-4b03-b524-26f99adcfd5e/2c7ca0f4-f3bb-4b83-a70e-7fff9a7b8c1b",
      "color": "#70d6ff",
      "identifier": "6136h"
    },
    {
      "type": [
        "http://dataspecer.com/resources/local/visual-model"
      ],
      "representedModel": "6b8df4a2-cb30-4329-b5bd-34a1559c2387/2dc39157-f7c3-4a5c-83b9-42319ca73d94/0f1abd93-1673-4b03-b524-26f99adcfd5e/bc4904e8-11b0-4bff-8595-f7a38a56e79b",
      "color": "#1effbc",
      "identifier": "md5rz"
    },
    {
      "type": [
        "http://dataspecer.com/resources/local/visual-model"
      ],
      "representedModel": "6b8df4a2-cb30-4329-b5bd-34a1559c2387/2dc39157-f7c3-4a5c-83b9-42319ca73d94/0f1abd93-1673-4b03-b524-26f99adcfd5e/b1913463-fa25-47e4-8fed-64daef11547b",
      "color": "#b8d6b8",
      "identifier": "vsjuj"
    },
    {
      "type": [
        "http://dataspecer.com/resources/local/visual-model"
      ],
      "representedModel": "6b8df4a2-cb30-4329-b5bd-34a1559c2387/2dc39157-f7c3-4a5c-83b9-42319ca73d94/0f1abd93-1673-4b03-b524-26f99adcfd5e/16913275-4feb-45b3-8045-61a03a56e29d",
      "color": "#ffd670",
      "identifier": "ua81f"
    },
    {
      "type": [
        "http://dataspecer.com/resources/local/visual-model"
      ],
      "representedModel": "6b8df4a2-cb30-4329-b5bd-34a1559c2387/2dc39157-f7c3-4a5c-83b9-42319ca73d94/0f1abd93-1673-4b03-b524-26f99adcfd5e/profile",
      "color": "#92bcea",
      "identifier": "2eg39"
    },
    {
      "model": "0a3d7d88-f997-4bab-961e-62ed8f622546",
      "representedRelationship": "oyibyg05owfm7xb9rdb",
      "waypoints": [],
      "visualSource": "l5bcpl",
      "visualTarget": "lndkz",
      "type": [
        "visual-relationship"
      ],
      "identifier": "fq072"
    },
    {
      "model": "0a3d7d88-f997-4bab-961e-62ed8f622546",
      "representedRelationship": "u6dvgon6qh8m7xbaw67",
      "waypoints": [],
      "visualSource": "lndkz",
      "visualTarget": "1bfwo",
      "type": [
        "visual-relationship"
      ],
      "identifier": "t3mqg"
    },
    {
      "model": "0a3d7d88-f997-4bab-961e-62ed8f622546",
      "representedRelationship": "wn80ez4ymeom7xbbynn",
      "waypoints": [],
      "visualSource": "l5bcpl",
      "visualTarget": "1bfwo",
      "type": [
        "visual-relationship"
      ],
      "identifier": "sfwos"
    },
    {
      "model": "0a3d7d88-f997-4bab-961e-62ed8f622546",
      "representedRelationship": "sievwcxi5s9m7xbeop0",
      "waypoints": [],
      "visualSource": "l5bcpl",
      "visualTarget": "ebori",
      "type": [
        "visual-relationship"
      ],
      "identifier": "qi6ph"
    },
    {
      "model": "0a3d7d88-f997-4bab-961e-62ed8f622546",
      "representedRelationship": "qj6vt70hyhcm7xbg53f",
      "waypoints": [],
      "visualSource": "l5bcpl",
      "visualTarget": "qlu92",
      "type": [
        "visual-relationship"
      ],
      "identifier": "ncz5w"
    },
    {
      "model": "0a3d7d88-f997-4bab-961e-62ed8f622546",
      "representedEntity": "opc3jh5bjiim7xbi4xi",
      "position": {
        "x": 2020,
        "y": 1180
      },
      "content": [],
      "visualModels": [],
      "type": [
        "visual-node"
      ],
      "identifier": "r2bbj"
    },
    {
      "model": "0a3d7d88-f997-4bab-961e-62ed8f622546",
      "representedRelationship": "x96zuqn55im7xbj6ay",
      "waypoints": [],
      "visualSource": "l5bcpl",
      "visualTarget": "r2bbj",
      "type": [
        "visual-relationship"
      ],
      "identifier": "qgrili"
    },
    {
      "model": "0a3d7d88-f997-4bab-961e-62ed8f622546",
      "representedRelationship": "om5spm1zjim7xbkwhe",
      "waypoints": [],
      "visualSource": "l5bcpl",
      "visualTarget": "jpl5a",
      "type": [
        "visual-relationship"
      ],
      "identifier": "w0nc1k"
    },
    {
      "type": [
        "http://dataspecer.com/resources/local/visual-model"
      ],
      "representedModel": "ifqnp",
      "color": "#4dc9ab",
      "identifier": "472org"
    },
    {
      "model": "0a3d7d88-f997-4bab-961e-62ed8f622546",
      "representedEntity": "pmvkovtw9gpm7xbwls9",
      "position": {
        "x": 940,
        "y": 190
      },
      "content": [],
      "visualModels": [],
      "type": [
        "visual-node"
      ],
      "identifier": "4i9z7"
    },
    {
      "model": "0a3d7d88-f997-4bab-961e-62ed8f622546",
      "representedEntity": "3k4jisy44llm7xbwnzl",
      "position": {
        "x": 110,
        "y": 460
      },
      "content": [],
      "visualModels": [],
      "type": [
        "visual-node"
      ],
      "identifier": "68847"
    },
    {
      "model": "0a3d7d88-f997-4bab-961e-62ed8f622546",
      "representedEntity": "lnqqwuvj7vm7xbwptt",
      "position": {
        "x": 680,
        "y": 50
      },
      "content": [],
      "visualModels": [],
      "type": [
        "visual-node"
      ],
      "identifier": "o84vkj"
    },
    {
      "entity": "lnqqwuvj7vm7xbwptt",
      "model": "0a3d7d88-f997-4bab-961e-62ed8f622546",
      "visualSource": "o84vkj",
      "visualTarget": "j72qf",
      "waypoints": [],
      "type": [
        "visual-profile-relationship"
      ],
      "identifier": "fg6h6"
    },
    {
      "entity": "pmvkovtw9gpm7xbwls9",
      "model": "0a3d7d88-f997-4bab-961e-62ed8f622546",
      "visualSource": "4i9z7",
      "visualTarget": "j72qf",
      "waypoints": [],
      "type": [
        "visual-profile-relationship"
      ],
      "identifier": "0davi"
    },
    {
      "entity": "3k4jisy44llm7xbwnzl",
      "model": "0a3d7d88-f997-4bab-961e-62ed8f622546",
      "visualSource": "68847",
      "visualTarget": "j72qf",
      "waypoints": [],
      "type": [
        "visual-profile-relationship"
      ],
      "identifier": "l3e36h"
    },
    {
      "model": "0a3d7d88-f997-4bab-961e-62ed8f622546",
      "representedRelationship": "53amadv9iidm7xc1ixg",
      "waypoints": [],
      "visualSource": "1bfwo",
      "visualTarget": "o84vkj",
      "type": [
        "visual-relationship"
      ],
      "identifier": "jqb0h"
    },
    {
      "model": "0a3d7d88-f997-4bab-961e-62ed8f622546",
      "representedRelationship": "0bvxapk7s0oam7xc1qa9",
      "waypoints": [],
      "visualSource": "1bfwo",
      "visualTarget": "68847",
      "type": [
        "visual-relationship"
      ],
      "identifier": "n1in8l"
    },
    {
      "model": "0a3d7d88-f997-4bab-961e-62ed8f622546",
      "representedRelationship": "pkm9195jm9m7xc1wsm",
      "waypoints": [],
      "visualSource": "1bfwo",
      "visualTarget": "4i9z7",
      "type": [
        "visual-relationship"
      ],
      "identifier": "wdo2g"
    },
    {
      "model": "0a3d7d88-f997-4bab-961e-62ed8f622546",
      "representedRelationship": "iqexdq5rdznm7xc4yhk",
      "waypoints": [],
      "visualSource": "1bfwo",
      "visualTarget": "x1huq",
      "type": [
        "visual-relationship"
      ],
      "identifier": "8bktm"
    },
    {
      "model": "0a3d7d88-f997-4bab-961e-62ed8f622546",
      "representedRelationship": "n7b4gozwwr9m7xc5xtf",
      "waypoints": [],
      "visualSource": "1bfwo",
      "visualTarget": "j72qf",
      "type": [
        "visual-relationship"
      ],
      "identifier": "h4kse"
    },
    {
      "model": "0a3d7d88-f997-4bab-961e-62ed8f622546",
      "representedEntity": "blbbrt7p7wrm7xca2l7",
      "position": {
        "x": 50,
        "y": 860,
        "anchored": null
      },
      "content": [],
      "visualModels": [],
      "type": [
        "visual-node"
      ],
      "identifier": "n16lkg"
    },
    {
      "model": "0a3d7d88-f997-4bab-961e-62ed8f622546",
      "representedRelationship": "d35h7xfxlw4m7xcaxcw",
      "waypoints": [],
      "visualSource": "1bfwo",
      "visualTarget": "n16lkg",
      "type": [
        "visual-relationship"
      ],
      "identifier": "5qiv8"
    },
    {
      "model": "0a3d7d88-f997-4bab-961e-62ed8f622546",
      "representedEntity": "fpyh1wyyc4nm7xcckue",
      "position": {
        "x": 150,
        "y": 1180,
        "anchored": null
      },
      "content": [],
      "visualModels": [],
      "type": [
        "visual-node"
      ],
      "identifier": "5el4e"
    },
    {
      "model": "0a3d7d88-f997-4bab-961e-62ed8f622546",
      "representedRelationship": "yysng0ctv5om7xcdocv",
      "waypoints": [],
      "visualSource": "5el4e",
      "visualTarget": "1bfwo",
      "type": [
        "visual-relationship"
      ],
      "identifier": "u066tk"
    },
    {
      "model": "0a3d7d88-f997-4bab-961e-62ed8f622546",
      "representedRelationship": "2yqqoma8w52m7xcfj6i",
      "waypoints": [],
      "visualSource": "lndkz",
      "visualTarget": "ebori",
      "type": [
        "visual-relationship"
      ],
      "identifier": "7iopb"
    },
    {
      "model": "0a3d7d88-f997-4bab-961e-62ed8f622546",
      "representedEntity": "n1g76c2lvtcm7xcgjmz",
      "position": {
        "x": 1160,
        "y": 670,
        "anchored": null
      },
      "content": [],
      "visualModels": [],
      "type": [
        "visual-node"
      ],
      "identifier": "4vadj"
    },
    {
      "model": "0a3d7d88-f997-4bab-961e-62ed8f622546",
      "representedRelationship": "vqh66cztamfm7xcjp2s",
      "waypoints": [],
      "visualSource": "lndkz",
      "visualTarget": "4vadj",
      "type": [
        "visual-relationship"
      ],
      "identifier": "s2prb"
    }
  ]
}