{
  "identifier": "0c916988-eff4-4047-8f75-09ef200186e7",
  "version": 1,
  "type": "http://dataspecer.com/resources/local/visual-model",
  "entities": [
    {
      "identifier": "0c916988-eff4-4047-8f75-09ef200186e7-model-metadata-entity",
      "type": [
        "entity-model-type"
      ],
      "label": {
        "cs": "Aplikace využívající otevřená data"
      }
    },
    {
      "type": [
        "http://dataspecer.com/resources/local/visual-model"
      ],
      "representedModel": "0a3d7d88-f997-4bab-961e-62ed8f622546",
      "color": "#4dc9ab",
      "identifier": "o96yr"
    },
    {
      "type": [
        "http://dataspecer.com/resources/local/visual-model"
      ],
      "representedModel": "uo0qc",
      "color": "#92bcea",
      "identifier": "jtm5c"
    },
    {
      "model": "0a3d7d88-f997-4bab-961e-62ed8f622546",
      "representedEntity": "lulye1fxhmm7xa6jh3",
      "position": {
        "x": 500,
        "y": 690
      },
      "content": [
        "1i4lxaolu5djm7xa7qig",
        "ho4qfg6ft5hm7xa85mf",
        "xo7lvv9tzafm7xbh03n",
        "iclr062ngxm7xafibi",
        "sievwcxi5s9m7xbeop0",
        "om5spm1zjim7xbkwhe",
        "x96zuqn55im7xbj6ay"
      ],
      "visualModels": [],
      "type": [
        "visual-node"
      ],
      "identifier": "l5bcpl"
    },
    {
      "model": "0a3d7d88-f997-4bab-961e-62ed8f622546",
      "representedEntity": "bzmt5oo0m5mm7xaa7ml",
      "position": {
        "x": 900,
        "y": 1020
      },
      "content": [
        "xu3j3vuw83nm7xblty8"
      ],
      "visualModels": [],
      "type": [
        "visual-node"
      ],
      "identifier": "ekmjf"
    },
    {
      "model": "0a3d7d88-f997-4bab-961e-62ed8f622546",
      "representedRelationship": "ij87b5n57am7xacddv",
      "waypoints": [],
      "visualSource": "l5bcpl",
      "visualTarget": "ekmjf",
      "type": [
        "visual-relationship"
      ],
      "identifier": "yi5pzl"
    },
    {
      "model": "0a3d7d88-f997-4bab-961e-62ed8f622546",
      "representedEntity": "hlmh68zmqv5m7xah9u7",
      "position": {
        "x": 230,
        "y": 1020
      },
      "content": [],
      "visualModels": [],
      "type": [
        "visual-node"
      ],
      "identifier": "qlu92"
    },
    {
      "model": "0a3d7d88-f997-4bab-961e-62ed8f622546",
      "representedRelationship": "ij87b5n57am7xacddv",
      "waypoints": [],
      "visualSource": "l5bcpl",
      "visualTarget": "ekmjf",
      "type": [
        "visual-relationship"
      ],
      "identifier": "kgw04"
    },
    {
      "model": "0a3d7d88-f997-4bab-961e-62ed8f622546",
      "representedEntity": "th4dhcx1dmem7xaxhdy",
      "position": {
        "x": 260,
        "y": 300
      },
      "content": [
        "wy2sjcr4fjm7xbs5s9",
        "5e96k7ytvlom7xbskmm",
        "wmf8tohelijm7xc6vam",
        "euesn2wo876m7xc8fko",
        "0bvxapk7s0oam7xc1qa9",
        "pkm9195jm9m7xc1wsm",
        "53amadv9iidm7xc1ixg",
        "n7b4gozwwr9m7xc5xtf",
        "iqexdq5rdznm7xc4yhk"
      ],
      "visualModels": [],
      "type": [
        "visual-node"
      ],
      "identifier": "1bfwo"
    },
    {
      "model": "0a3d7d88-f997-4bab-961e-62ed8f622546",
      "representedEntity": "g42n0j9xli8m7xb1vtg",
      "position": {
        "x": 1010,
        "y": 440
      },
      "content": [
        "2yqqoma8w52m7xcfj6i",
        "vqh66cztamfm7xcjp2s"
      ],
      "visualModels": [],
      "type": [
        "visual-node"
      ],
      "identifier": "lndkz"
    },
    {
      "model": "0a3d7d88-f997-4bab-961e-62ed8f622546",
      "representedRelationship": "oyibyg05owfm7xb9rdb",
      "waypoints": [],
      "visualSource": "l5bcpl",
      "visualTarget": "lndkz",
      "type": [
        "visual-relationship"
      ],
      "identifier": "fq072"
    },
    {
      "model": "0a3d7d88-f997-4bab-961e-62ed8f622546",
      "representedRelationship": "u6dvgon6qh8m7xbaw67",
      "waypoints": [],
      "visualSource": "lndkz",
      "visualTarget": "1bfwo",
      "type": [
        "visual-relationship"
      ],
      "identifier": "t3mqg"
    },
    {
      "model": "0a3d7d88-f997-4bab-961e-62ed8f622546",
      "representedRelationship": "wn80ez4ymeom7xbbynn",
      "waypoints": [],
      "visualSource": "l5bcpl",
      "visualTarget": "1bfwo",
      "type": [
        "visual-relationship"
      ],
      "identifier": "sfwos"
    },
    {
      "model": "0a3d7d88-f997-4bab-961e-62ed8f622546",
      "representedRelationship": "qj6vt70hyhcm7xbg53f",
      "waypoints": [],
      "visualSource": "l5bcpl",
      "visualTarget": "qlu92",
      "type": [
        "visual-relationship"
      ],
      "identifier": "ncz5w"
    },
    {
      "type": [
        "http://dataspecer.com/resources/local/visual-model"
      ],
      "representedModel": "ifqnp",
      "color": "#4dc9ab",
      "identifier": "472org"
    },
    {
      "model": "0a3d7d88-f997-4bab-961e-62ed8f622546",
      "representedEntity": "blbbrt7p7wrm7xca2l7",
      "position": {
        "x": 1010,
        "y": 300,
        "anchored": null
      },
      "content": [
        "fbjl344fyx9mb0f6ahp"
      ],
      "visualModels": [],
      "type": [
        "visual-node"
      ],
      "identifier": "n16lkg"
    },
    {
      "model": "0a3d7d88-f997-4bab-961e-62ed8f622546",
      "representedRelationship": "d35h7xfxlw4m7xcaxcw",
      "waypoints": [],
      "visualSource": "1bfwo",
      "visualTarget": "n16lkg",
      "type": [
        "visual-relationship"
      ],
      "identifier": "5qiv8"
    },
    {
      "model": "0a3d7d88-f997-4bab-961e-62ed8f622546",
      "representedEntity": "fpyh1wyyc4nm7xcckue",
      "position": {
        "x": 560,
        "y": 110,
        "anchored": null
      },
      "content": [],
      "visualModels": [],
      "type": [
        "visual-node"
      ],
      "identifier": "5el4e"
    },
    {
      "model": "0a3d7d88-f997-4bab-961e-62ed8f622546",
      "representedRelationship": "yysng0ctv5om7xcdocv",
      "waypoints": [],
      "visualSource": "5el4e",
      "visualTarget": "1bfwo",
      "type": [
        "visual-relationship"
      ],
      "identifier": "u066tk"
    }
  ]
}