{
  "iri": "0c916988-eff4-4047-8f75-09ef200186e7",
  "types": [
    "http://dataspecer.com/resources/local/visual-model"
  ],
  "userMetadata": {
    "label": {
      "en": "Main view"
    },
    "description": {
      "en": "View model for the vocabulary"
    }
  },
  "metadata": {
    "creationDate": "2025-03-06T11:24:38.393Z",
    "modificationDate": "2025-05-23T06:42:10.570Z"
  },
  "_version": 1,
  "_exportVersion": 1,
  "_exportedAt": "2025-05-23T06:48:58.394Z",
  "_exportedBy": "http://localhost:3100"
}