{
  "iri": "31c15e62-6f46-4c53-ad4d-cf900421feb6",
  "types": [
    "http://dataspecer.com/resources/local/package"
  ],
  "userMetadata": {
    "label": {
      "en": "DCAT-AP-CZ: Basic data model for data catalogs",
      "cs": "DCAT-AP-CZ: Základní datový model pro katalogy dat"
    },
    "description": {}
  },
  "metadata": {
    "creationDate": "2025-08-12T08:02:17.566Z",
    "modificationDate": "2026-01-09T11:34:31.320Z"
  },
  "_version": 1,
  "_exportVersion": 1,
  "_exportedAt": "2026-01-09T11:34:40.082Z",
  "_exportedBy": "http://localhost:3100"
}