{
  "modelCompositionConfiguration": {
    "modelType": "application-profile",
    "model": "118ae430-a2fa-403a-a3e6-6657cda471b3",
    "canAddEntities": false,
    "canModify": false,
    "profiles": {
      "modelType": "merge",
      "models": null
    }
  },
  "configuration": {
    "https://schemas.dataspecer.com/documentation-generator-config/": {
      "partials": {
        "html-head": "<meta charset=\"utf-8\" />\n<title>{{translate label}}</title>\n<meta name=\"color-scheme\" content=\"light dark\">\n<script type=\"application/ld+json\">\n  {{{json dsv}}}\n</script>\n<script\n  src=\"https://ofn.gov.cz/static/js/respec-odcz.js\"\n  class=\"remove\"\n  defer\n></script>\n<script class=\"remove\">\n  // All config options at https://respec.org/docs/\n  var respecConfig = {\n    specStatus: \"ED\",\n    shortName: \"dcat-ap-cz\",               \n    showPreviousVersion: true,\n    prevRecURI: \"https://ofn.gov.cz/rozhraní-katalogů-otevřených-dat/2021-01-11/\",\n    prevVersion: \"https://ofn.gov.cz/rozhraní-katalogů-otevřených-dat/2021-01-11/\",\n    thisVersion: \"https://ofn.gov.cz/dcat-ap-cz/draft/\",\n    noRecTrack: true,\n    maxTocLevel: 2,\n    latestVersion: \"https://ofn.gov.cz/dcat-ap-cz/\",\n    editors: [{\n      name: \"Jakub Klímek\",\n      orcid: \"0000-0001-7234-3051\",\n      company:    \"Digitální a informační agentura\",\n      companyURL: \"https://dia.gov.cz\"\n    }],\n    inlineCSS: \"true\",\n    github: \"https://github.com/datagov-cz/otevrene-formalni-normy/\",\n    {{> local-biblio}}\n    otherLinks: [{\n        key: \"Links\",\n        data: [{\n            value: \"Portál otevřených dat\",\n            href: \"https://data.gov.cz\"\n        },{\n            value: \"Kontaktní e-mail\",\n            href: \"mailto:otevrenadata@dia.gov.cz\"\n        }]\n    }]\n  };\n</script>\n\n<style>\n  .figure img, .sidefigure img, figure img, .figure object, .sidefigure object, figure object, img, .img {\n    max-width: 100%;\n    margin: auto;\n    height: auto;\n  }\n\n  table.simple {\n    margin: auto;\n    border-spacing: 0;\n    border-collapse: collapse;\n  }\n\n  table.simple th {\n    padding: 3px 10px;\n    text-align: left;\n  }\n\n  table.simple td {\n    border-top: 1px solid #ddd;\n    padding: 3px 10px;\n  }\n</style>",
        "abstract-cs": "<p>\r\n    Cílem tohoto dokumentu je specifikovat základní datový model českého aplikačního profilu evropského standardu <a href=\"https://semiceu.github.io/DCAT-AP/releases/3.0.1/\">DCAT-AP 3.0.1</a> pro katalogizaci dat.\r\n    Z DCAT-AP 3.0.1 je identifikována pro české prostředí relevantní podmnožina pojmů a jejich vazeb.\r\n    Nad rámec DCAT-AP 3.0.1 je specifikován zejména detailnější způsob reprezentace podmínek užití distribuce datové sady, ale také způsob reprezentace územního pokrytí datové sady pomocí základního registru RÚIAN, identifikace OVM dle základního registru RPP a možnost anotovat téma datové sady pomocí tezauru EuroVoc.\r\n    Tento základní model je možné rozšiřovat a uzpůsobovat pro použití v konkrétnějších případech.\r\n</p>\r\n<p>\r\n    V současnosti jsou známy následující aplikační profily DCAT-AP-CZ v různých stupních rozpracovanosti:\r\n    <ul>\r\n        <li><a href=\"../../../dcat-ap-cz-rozhraní-katalogů-otevřených-dat/\">Rozhraní katalogů otevřených dat</a>, včetně podpory High-Value Datasets</li>\r\n        <li><a href=\"../../../dcat-ap-cz-360-2023/\">Specifikace pro vyhlášku č. 360/2023 Sb., o dlouhodobém řízení informačních systémů veřejné správy</a></li>\r\n        <li><a href=\"../../../dcat-ap-cz-nkd/\">Dokumentace obsahu Národního katalogu dat (NKD)</a></li>\r\n    </ul>\r\n</p>",
        "specification": "{{> definitions}}\n<!DOCTYPE html>\n<html {{#iflng \"cs\"}}lang=\"cs\"{{lng}}lang=\"en\"{{/iflng}}>\n  <head>\n    {{> html-head}}\n  </head>\n  <body>\n    <p class=\"copyright\"></p>\n    <section id=\"abstract\">\n      {{> abstract-cs}}\n    </section>\n\n    <section>\n      <h2>{{#iflng \"cs\"}}Přehled{{lng}}Overview{{/iflng}}</h2>\n\n      {{#each externalArtifacts.svg}}\n        <a href=\"{{{URL}}}\">\n          <figure>\n            <img src=\"{{{URL}}}\" alt=\"{{translate ./label}}\" />\n            <figcaption>{{translate ./label}}</figcaption>\n          </figure>\n        </a>\n      {{/each}}\n    </section>\n\n    {{#if classProfilesByTags.[https://w3id.org/dsv/class-role#main]}}\n      <section>\n        <h2>{{#iflng \"cs\"}}Hlavní profily tříd{{lng}}Main class profiles{{/iflng}}</h2>\n\n        {{> úvod-k-položkám}}\n\n        {{#each classProfilesByTags.[https://w3id.org/dsv/class-role#main]}}\n          {{> class-profile}}\n        {{/each}}\n      </section>\n    {{/if}}\n\n    {{#if classProfilesByTags.[https://w3id.org/dsv/class-role#supportive]}}\n      <section>\n        <h2>{{#iflng \"cs\"}}Podpůrné profily třídy{{lng}}Supportive class profiles{{/iflng}}</h2>\n\n        {{#each classProfilesByTags.[https://w3id.org/dsv/class-role#supportive]}}\n          {{> class-profile}}\n        {{/each}}\n      </section>\n    {{/if}}\n\n    {{#if (non-empty classProfilesByTags.default)}}\n      <section>\n        {{#if (or classProfilesByTags.[https://w3id.org/dsv/class-role#main] classProfilesByTags.[https://w3id.org/dsv/class-role#supportive])}}\n          <h2>{{#iflng \"cs\"}}Nezařazené profily tříd{{lng}}Other class profiles{{/iflng}}</h2>\n        {{else}}\n          <h2>{{#iflng \"cs\"}}Profily tříd{{lng}}Class profiles{{/iflng}}</h2>\n        {{/if}}\n\n        {{#each classProfilesByTags.default}}\n          {{> class-profile}}\n        {{/each}}\n      </section>\n    {{/if}}\n\n    {{#if semanticEntitiesByType.classes}}\n      <section>\n        <h2>{{#iflng \"cs\"}}Třídy{{lng}}Classes{{/iflng}}</h2>\n\n        {{#each locallyDefinedSemanticEntity}}\n          {{#ifEquals type.[0] \"class\"}}\n            {{> semantic-model-class}}\n          {{/ifEquals}}\n        {{/each}}\n      </section>\n    {{/if}}\n\n    {{#if semanticEntitiesByType.relationships}}\n      <section>\n        <h2>{{#iflng \"cs\"}}Vlastnosti{{lng}}Properties{{/iflng}}</h2>\n        {{#each locallyDefinedSemanticEntity}}\n          {{#ifEquals type.[0] \"relationship\"}}\n            {{> semantic-model-relationship}}\n          {{/ifEquals}}\n        {{/each}}\n      </section>\n    {{/if}}\n\n    {{#structureModels}}\n      <section>\n      <h2>\n        {{#iflng \"cs\"}}Specifikace struktury pro{{lng}}Data structure specification for{{/iflng}}\n        {{translate humanLabel}}\n      </h2>\n      <p>{{translate humanDescription}}</p>\n\n      {{#artifacts}}{{#getDocumentation}}{{> (useTemplate)}}{{/getDocumentation}}{{/artifacts}}\n      </section>\n    {{/structureModels}}\n\n    {{> used-prefixes}}\n\n    {{> attachments}}\n  </body>\n</html>",
        "úvod-k-položkám": "<p>\r\n    V této sekci jsou popsány položky metadatového záznamu.\r\n    Položky se řídí standardem <a href=\"https://semiceu.github.io/DCAT-AP/releases/3.0.1/\">DCAT Application Profile for data portals in Europe Version 3.0.1 (DCAT-AP 3.0.1)</a>.\r\n    Jedná se o standard založený na propojených datech, předpokládá se tedy znalost <a href=\"../../../propojená-data/\">Otevřené formální normy Propojená data</a>.\r\n</p>\r\n\r\n<p>\r\n    DCAT-AP 3.0.1 rozlišuje čtyři základní typy entit.\r\n    Datovou sadu, její distribuci, datovou službu a datovou sérii.\r\n    Metadata datové sady ji popisují bez ohledu na konkrétní reprezentaci jejích dat.\r\n    Ta je popsána jako distribuce datové sady, která reprezentuje buď soubor ke stažení, nebo odkazuje na datovou službu, přes kterou jsou data k dispozici.\r\n    Distribucí může mít datová sada více, lišit se ale mohou pouze formátem souboru ke stažení (např. CSV či JSON) či způsobem zpřístupnění (soubor ke stažení či datová služba).\r\n    Obsahově by distribuce měly být ekvivalentní.\r\n    Datová série pak reprezentuje skupinu datových sad.\r\n    Jednotlivé datové sady v sérii se mohou lišit například geograficky, např. datové sady za jednotlivé obce, nebo časově, např. datové sady za jednotlivé roky.\r\n    Datovou sérii však mohou tvořit například i datové sady z jednoho informačního systému.\r\n    Datové série nemají vlastní distribuce.\r\n</p>\r\n",
        "local-biblio": "localBiblio: {\r\n  \"EUV-FREQ\":{\r\n      \"href\":\"https://op.europa.eu/cs/web/eu-vocabularies/dataset/-/resource?uri=http://publications.europa.eu/resource/dataset/frequency\",\r\n      \"title\":\"Frequency\",\r\n      \"publisher\":\"Publications Office of the European Union\"\r\n  },\r\n  \"EUV-FT\":{\r\n        \"href\":\"https://op.europa.eu/cs/web/eu-vocabularies/dataset/-/resource?uri=http://publications.europa.eu/resource/dataset/file-type\",\r\n        \"title\":\"File type\",\r\n        \"publisher\":\"Publications Office of the European Union\"\r\n  },\r\n  \"EUV-THEMES\":{\r\n        \"href\":\"https://op.europa.eu/cs/web/eu-vocabularies/dataset/-/resource?uri=http://publications.europa.eu/resource/dataset/data-theme\",\r\n        \"title\":\"Data theme\",\r\n        \"publisher\":\"Publications Office of the European Union\"\r\n  },\r\n  \"EUV-EUROVOC\":{\r\n        \"href\":\"https://op.europa.eu/cs/web/eu-vocabularies/dataset/-/resource?uri=http://publications.europa.eu/resource/dataset/eurovoc\",\r\n        \"title\":\"EuroVoc\",\r\n        \"publisher\":\"Publications Office of the European Union\"\r\n  },\r\n  \"EUV-HVD\":{\r\n        \"href\":\"https://op.europa.eu/cs/web/eu-vocabularies/dataset/-/resource?uri=http://publications.europa.eu/resource/dataset/high-value-dataset-category\",\r\n        \"title\":\"High-value dataset categories\",\r\n        \"publisher\":\"Publications Office of the European Union\"\r\n  },\r\n  \"EUV-CONT\":{\r\n        \"href\":\"https://op.europa.eu/cs/web/eu-vocabularies/dataset/-/resource?uri=http://publications.europa.eu/resource/dataset/continent\",\r\n        \"title\":\"Continent\",\r\n        \"publisher\":\"Publications Office of the European Union\"\r\n  },\r\n  \"EUV-COUNTRIES\":{\r\n    \"href\":\"https://op.europa.eu/cs/web/eu-vocabularies/dataset/-/resource?uri=http://publications.europa.eu/resource/dataset/country\",\r\n    \"title\":\"Country\",\r\n    \"publisher\":\"Publications Office of the European Union\"\r\n  },\r\n  \"EUV-PLACES\":{\r\n      \"href\":\"https://op.europa.eu/cs/web/eu-vocabularies/dataset/-/resource?uri=http://publications.europa.eu/resource/dataset/place\",\r\n      \"title\":\"Place\",\r\n      \"publisher\":\"Publications Office of the European Union\"\r\n  },\r\n  \"GEONAMES\":{\r\n        \"href\":\"https://geonames.org/\",\r\n        \"title\":\"Geonames\"\r\n  },\r\n  \"RUIAN\": {\r\n    \"href\": \"https://ofn.gov.cz/propojená-data/#RÚIAN\",\r\n    \"title\": \"IRI prvků RÚIAN v OFN Propojená data\"\r\n  },\r\n   \"DCAT-AP-IT\": {\r\n      \"title\": \"Profilo metadatazione DCAT-AP_IT\",\r\n      \"href\": \"https://docs.italia.it/italia/daf/linee-guida-cataloghi-dati-dcat-ap-it/it/stabile/dcat-ap_it.html\",\r\n      \"publisher\": \"AgID & Team Digitale\",\r\n      \"id\": \"dcat-ap-it\"\r\n  },\r\n  \"GeoDCAT-AP-IT\": {\r\n      \"title\": \"GeoDCAT-AP in Italy, the national guidelines published\",\r\n      \"href\": \"https://web.archive.org/web/20200506120557/https://joinup.ec.europa.eu/collection/semantic-interoperability-community-semic/news/geodcat-apit\",\r\n      \"id\": \"geodcat-ap-it\"\r\n  },\r\n},"
      }
    },
    "http://dataspecer.com/resources/local/layout-configuration": {
      "main": {
        "none": {
          "layout_alg": "none",
          "run_layered_after": false,
          "run_node_overlap_removal_after": false,
          "interactive": false
        },
        "elk_stress": {
          "layout_alg": "elk_stress",
          "stress_edge_len": 800,
          "number_of_new_algorithm_runs": 10,
          "advanced_settings": {},
          "run_layered_after": false,
          "run_node_overlap_removal_after": true,
          "interactive": false
        },
        "elk_layered": {
          "layout_alg": "elk_layered",
          "alg_direction": "UP",
          "layer_gap": 200,
          "in_layer_gap": 100,
          "edge_routing": "ORTHOGONAL",
          "advanced_settings": {},
          "run_layered_after": false,
          "run_node_overlap_removal_after": false,
          "interactive": false
        },
        "elk_force": {
          "layout_alg": "elk_force",
          "min_distance_between_nodes": 400,
          "force_alg_type": "FRUCHTERMAN_REINGOLD",
          "number_of_new_algorithm_runs": 10,
          "advanced_settings": {},
          "run_layered_after": false,
          "run_node_overlap_removal_after": true,
          "interactive": false
        },
        "random": {
          "layout_alg": "random",
          "advanced_settings": {},
          "run_layered_after": false,
          "run_node_overlap_removal_after": true,
          "interactive": false
        },
        "elk_radial": {
          "layout_alg": "elk_radial",
          "min_distance_between_nodes": 500,
          "advanced_settings": {},
          "run_layered_after": false,
          "run_node_overlap_removal_after": false,
          "interactive": false
        },
        "elk_overlapRemoval": {
          "layout_alg": "elk_overlapRemoval",
          "min_distance_between_nodes": 0,
          "advanced_settings": {},
          "run_layered_after": false,
          "run_node_overlap_removal_after": false,
          "interactive": true
        },
        "elk_stress_advanced_using_clusters": {
          "layout_alg": "elk_stress_advanced_using_clusters",
          "stress_edge_len": 800,
          "number_of_new_algorithm_runs": 10,
          "advanced_settings": {},
          "run_layered_after": false,
          "run_node_overlap_removal_after": true,
          "interactive": false
        },
        "elk_stress_profile": {
          "layout_alg": "elk_stress_profile",
          "profileEdgeLength": 400,
          "preferredProfileDirection": "UP",
          "stress_edge_len": 800,
          "number_of_new_algorithm_runs": 10,
          "advanced_settings": {},
          "run_layered_after": false,
          "run_node_overlap_removal_after": true,
          "interactive": true
        },
        "automatic": {
          "layout_alg": "automatic",
          "min_distance_between_nodes": 500,
          "number_of_new_algorithm_runs": 1,
          "advanced_settings": {},
          "run_layered_after": false,
          "run_node_overlap_removal_after": false,
          "interactive": false
        }
      },
      "general": {
        "none": {
          "layout_alg": "none",
          "run_layered_after": false,
          "run_node_overlap_removal_after": false,
          "interactive": false
        },
        "elk_stress": {
          "layout_alg": "elk_stress",
          "stress_edge_len": 800,
          "number_of_new_algorithm_runs": 10,
          "advanced_settings": {},
          "run_layered_after": false,
          "run_node_overlap_removal_after": true,
          "interactive": false
        },
        "elk_layered": {
          "layout_alg": "elk_layered",
          "alg_direction": "UP",
          "layer_gap": 200,
          "in_layer_gap": 100,
          "edge_routing": "ORTHOGONAL",
          "advanced_settings": {},
          "run_layered_after": false,
          "run_node_overlap_removal_after": false,
          "interactive": false
        },
        "elk_force": {
          "layout_alg": "elk_force",
          "min_distance_between_nodes": 400,
          "force_alg_type": "FRUCHTERMAN_REINGOLD",
          "number_of_new_algorithm_runs": 10,
          "advanced_settings": {},
          "run_layered_after": false,
          "run_node_overlap_removal_after": true,
          "interactive": false
        },
        "random": {
          "layout_alg": "random",
          "advanced_settings": {},
          "run_layered_after": false,
          "run_node_overlap_removal_after": true,
          "interactive": false
        },
        "elk_radial": {
          "layout_alg": "elk_radial",
          "min_distance_between_nodes": 500,
          "advanced_settings": {},
          "run_layered_after": false,
          "run_node_overlap_removal_after": false,
          "interactive": false
        },
        "elk_overlapRemoval": {
          "layout_alg": "elk_overlapRemoval",
          "min_distance_between_nodes": 0,
          "advanced_settings": {},
          "run_layered_after": false,
          "run_node_overlap_removal_after": false,
          "interactive": true
        },
        "elk_stress_advanced_using_clusters": {
          "layout_alg": "elk_stress_advanced_using_clusters",
          "stress_edge_len": 800,
          "number_of_new_algorithm_runs": 10,
          "advanced_settings": {},
          "run_layered_after": false,
          "run_node_overlap_removal_after": true,
          "interactive": false
        },
        "elk_stress_profile": {
          "layout_alg": "elk_stress_profile",
          "profileEdgeLength": 400,
          "preferredProfileDirection": "UP",
          "stress_edge_len": 800,
          "number_of_new_algorithm_runs": 10,
          "advanced_settings": {},
          "run_layered_after": false,
          "run_node_overlap_removal_after": true,
          "interactive": true
        },
        "automatic": {
          "layout_alg": "automatic",
          "min_distance_between_nodes": 500,
          "number_of_new_algorithm_runs": 1,
          "advanced_settings": {},
          "run_layered_after": false,
          "run_node_overlap_removal_after": false,
          "interactive": false
        }
      },
      "chosenMainAlgorithm": "elk_layered",
      "chosenGeneralAlgorithm": "none",
      "additionalSteps": {}
    }
  }
}