{
  "iri": "31c15e62-6f46-4c53-ad4d-cf900421feb6/c57f09f9-11a2-4924-a4ad-90c64f7c2a40/47deb4c4-839a-429a-9d27-35b32f777e8c/9fd18ef3-0a32-41f8-816b-28da0f2d44ff",
  "types": [
    "https://dataspecer.com/core/model-descriptor/pim-store-wrapper"
  ],
  "userMetadata": {
    "documentBaseUrl": "https://www.dublincore.org/specifications/dublin-core/dcmi-terms/dublin_core_terms.ttl",
    "label": {
      "en": "dublin_core_terms"
    }
  },
  "metadata": {
    "creationDate": "2025-06-24T10:54:38.452Z",
    "modificationDate": "2025-07-01T08:27:58.869Z"
  },
  "_version": 1,
  "_exportVersion": 1,
  "_exportedAt": "2025-07-01T08:34:18.805Z",
  "_exportedBy": "http://localhost:3100"
}