{
  "iri": "31c15e62-6f46-4c53-ad4d-cf900421feb6/c57f09f9-11a2-4924-a4ad-90c64f7c2a40/47deb4c4-839a-429a-9d27-35b32f777e8c/bc05ae2e-e3f3-4ab4-95a4-f22ad4cade61",
  "types": [
    "https://dataspecer.com/core/model-descriptor/pim-store-wrapper"
  ],
  "userMetadata": {
    "documentBaseUrl": "https://www.w3.org/ns/dcat3.ttl",
    "label": {
      "en": "dcat3"
    }
  },
  "metadata": {
    "creationDate": "2025-06-24T10:54:38.586Z",
    "modificationDate": "2025-07-01T08:27:58.979Z"
  },
  "_version": 1,
  "_exportVersion": 1,
  "_exportedAt": "2025-07-01T08:34:18.807Z",
  "_exportedBy": "http://localhost:3100"
}