{
  "iri": "31c15e62-6f46-4c53-ad4d-cf900421feb6/c57f09f9-11a2-4924-a4ad-90c64f7c2a40/47deb4c4-839a-429a-9d27-35b32f777e8c/e0ebe8e3-5b5d-4eec-9167-06585715705a",
  "types": [
    "https://dataspecer.com/core/model-descriptor/pim-store-wrapper"
  ],
  "userMetadata": {
    "documentBaseUrl": "https://www.w3.org/ns/legacy_adms",
    "label": {
      "en": "legacy_adms"
    }
  },
  "metadata": {
    "creationDate": "2025-06-24T10:54:38.973Z",
    "modificationDate": "2025-07-01T08:27:59.183Z"
  },
  "_version": 1,
  "_exportVersion": 1,
  "_exportedAt": "2025-07-01T08:34:18.813Z",
  "_exportedBy": "http://localhost:3100"
}