{
  "iri": "31c15e62-6f46-4c53-ad4d-cf900421feb6/c57f09f9-11a2-4924-a4ad-90c64f7c2a40/47deb4c4-839a-429a-9d27-35b32f777e8c/e5c26afa-43c6-4f22-9c72-eab79a8c3242",
  "types": [
    "https://dataspecer.com/core/model-descriptor/pim-store-wrapper"
  ],
  "userMetadata": {
    "documentBaseUrl": "https://semiceu.github.io/Core-Location-Vocabulary/releases/2.00/voc/core-location-ap.ttl",
    "label": {
      "en": "core-location-ap"
    }
  },
  "metadata": {
    "creationDate": "2025-06-24T10:54:39.235Z",
    "modificationDate": "2025-07-01T08:27:59.338Z"
  },
  "_version": 1,
  "_exportVersion": 1,
  "_exportedAt": "2025-07-01T09:50:25.561Z",
  "_exportedBy": "http://localhost:3100"
}