{
  "iri": "28e4766c-d4ae-484e-ac08-b3d3cff30e2a",
  "types": [
    "http://dataspecer.com/resources/v1/psm"
  ],
  "userMetadata": {
    "label": {
      "cs": "Rozšířená specifikace typů"
    },
    "description": {
      "cs": "Datová struktura pro Tezaurus s Rozšířenou specifikací typů. Tezaurus je nejjednodušším typem slovníku."
    }
  },
  "metadata": {
    "creationDate": "2025-07-23T06:39:06.872Z",
    "modificationDate": "2026-01-07T14:49:52.445Z"
  },
  "_version": 1,
  "_exportVersion": 1,
  "_exportedAt": "2026-01-07T14:51:15.485Z",
  "_exportedBy": "http://localhost:3100"
}