{
  "type": "http://dataspecer.com/resources/local/semantic-model",
  "modelId": "815a5011-4023-4b81-a601-3b8c58d91652",
  "modelAlias": "Slovníky",
  "baseIri": "https://ofn.gov.cz/slovníky#",
  "entities": {
    "ptstwho3tosm9ib4omy": {
      "id": "ptstwho3tosm9ib4omy",
      "type": [
        "class-profile"
      ],
      "description": {
        "cs": "Datový slovník - je popisem struktury a významu dat v informačních systémech veřejné správy spravovaných správci dat v podobě pojmů, které reprezentují typy subjektů a objektů práva, jejich vlastnosti a vztahy mezi nimi."
      },
      "descriptionFromProfiled": null,
      "name": {
        "en": "Concept Scheme",
        "cs": "Slovník"
      },
      "nameFromProfiled": null,
      "iri": "Slovník",
      "usageNote": {},
      "usageNoteFromProfiled": null,
      "profiling": [
        "https://slovník.gov.cz/generický/datový-slovník-ofn-slovníků/pojem/slovník"
      ],
      "externalDocumentationUrl": null,
      "tags": [
        "https://w3id.org/dsv/class-role#main"
      ]
    },
    "2ynzqcmfszmm9ib60al": {
      "ends": [
        {
          "name": null,
          "nameFromProfiled": null,
          "description": null,
          "descriptionFromProfiled": null,
          "iri": null,
          "cardinality": [
            0,
            null
          ],
          "usageNote": null,
          "usageNoteFromProfiled": null,
          "profiling": [],
          "externalDocumentationUrl": null,
          "tags": [],
          "concept": "ptstwho3tosm9ib4omy"
        },
        {
          "name": {
            "en": "preferred label",
            "cs": "název"
          },
          "nameFromProfiled": null,
          "description": {
            "en": "skos:prefLabel, skos:altLabel and skos:hiddenLabel are pairwise\n      disjoint properties."
          },
          "descriptionFromProfiled": "http://www.w3.org/2004/02/skos/core#prefLabel#attribute",
          "iri": "Slovník.název",
          "cardinality": [
            1,
            1
          ],
          "usageNote": {},
          "usageNoteFromProfiled": null,
          "profiling": [
            "http://www.w3.org/2004/02/skos/core#prefLabel#attribute"
          ],
          "externalDocumentationUrl": null,
          "tags": [
            "https://w3id.org/dsv/requirement-level#mandatory"
          ],
          "concept": "https://ofn.gov.cz/zdroj/základní-datové-typy/2020-07-01/text",
          "languageStringRequiredLanguages": [
            "cs"
          ]
        }
      ],
      "id": "2ynzqcmfszmm9ib60al",
      "type": [
        "relationship-profile"
      ]
    },
    "18iz808lfd9m9ib6nnk": {
      "id": "18iz808lfd9m9ib6nnk",
      "type": [
        "relationship-profile"
      ],
      "ends": [
        {
          "name": null,
          "nameFromProfiled": null,
          "description": null,
          "descriptionFromProfiled": null,
          "iri": null,
          "cardinality": [
            0,
            null
          ],
          "usageNote": null,
          "usageNoteFromProfiled": null,
          "profiling": [],
          "externalDocumentationUrl": null,
          "tags": [],
          "concept": "ptstwho3tosm9ib4omy"
        },
        {
          "name": {
            "en": "description",
            "cs": "popis"
          },
          "nameFromProfiled": null,
          "description": {
            "en": "An account of the resource."
          },
          "descriptionFromProfiled": "http://purl.org/dc/terms/description#attribute",
          "iri": "Slovník.popis",
          "cardinality": [
            0,
            1
          ],
          "usageNote": {},
          "usageNoteFromProfiled": null,
          "profiling": [
            "http://purl.org/dc/terms/description#attribute"
          ],
          "externalDocumentationUrl": null,
          "tags": [
            "https://w3id.org/dsv/requirement-level#mandatory"
          ],
          "concept": "https://ofn.gov.cz/zdroj/základní-datové-typy/2020-07-01/text",
          "languageStringRequiredLanguages": [
            "cs"
          ]
        }
      ]
    },
    "h31s6hbky1im9ibc54o": {
      "id": "h31s6hbky1im9ibc54o",
      "type": [
        "class-profile"
      ],
      "description": {
        "cs": "Tezaurus je nejjednodušším typem slovníku."
      },
      "descriptionFromProfiled": null,
      "name": {
        "en": "Concept Scheme",
        "cs": "Tezaurus"
      },
      "nameFromProfiled": null,
      "iri": "Tezaurus",
      "usageNote": {},
      "usageNoteFromProfiled": null,
      "profiling": [
        "http://www.w3.org/2004/02/skos/core#ConceptScheme",
        "https://slovník.gov.cz/generický/datový-slovník-ofn-slovníků/pojem/slovník"
      ],
      "externalDocumentationUrl": null,
      "tags": [
        "https://w3id.org/dsv/class-role#main"
      ]
    },
    "87da6doicnjm9ibcioc": {
      "id": "87da6doicnjm9ibcioc",
      "iri": null,
      "child": "h31s6hbky1im9ibc54o",
      "parent": "ptstwho3tosm9ib4omy",
      "type": [
        "generalization"
      ]
    },
    "102gw4osjd3rm9ibdkxp": {
      "id": "102gw4osjd3rm9ibdkxp",
      "type": [
        "class-profile"
      ],
      "description": {
        "cs": "Pojem, reprezentuje typy subjektu a objektu práva, vlastnost nebo vztah."
      },
      "descriptionFromProfiled": null,
      "name": {
        "en": "Concept",
        "cs": "Pojem"
      },
      "nameFromProfiled": null,
      "iri": "Pojem",
      "usageNote": {},
      "usageNoteFromProfiled": null,
      "profiling": [
        "http://www.w3.org/2004/02/skos/core#Concept",
        "https://slovník.gov.cz/generický/datový-slovník-ofn-slovníků/pojem/pojem"
      ],
      "externalDocumentationUrl": null,
      "tags": [
        "https://w3id.org/dsv/class-role#main"
      ]
    },
    "pg2qpy5ymmdm9ibfrd6": {
      "ends": [
        {
          "name": null,
          "nameFromProfiled": null,
          "description": null,
          "descriptionFromProfiled": null,
          "iri": null,
          "cardinality": null,
          "usageNote": null,
          "usageNoteFromProfiled": null,
          "profiling": [],
          "externalDocumentationUrl": null,
          "tags": [],
          "concept": "102gw4osjd3rm9ibdkxp"
        },
        {
          "name": {
            "en": "is in scheme",
            "cs": "je v tezauru"
          },
          "nameFromProfiled": null,
          "description": {
            "cs": "Vazba propojující pojem a tezaurus, ve kterém je pojem definován."
          },
          "descriptionFromProfiled": null,
          "iri": "Pojem.jeVTezauru",
          "cardinality": [
            1,
            1
          ],
          "usageNote": {},
          "usageNoteFromProfiled": null,
          "profiling": [
            "http://www.w3.org/2004/02/skos/core#inScheme"
          ],
          "externalDocumentationUrl": null,
          "tags": [
            "https://w3id.org/dsv/requirement-level#mandatory"
          ],
          "concept": "h31s6hbky1im9ibc54o"
        }
      ],
      "id": "pg2qpy5ymmdm9ibfrd6",
      "type": [
        "relationship-profile"
      ]
    },
    "20z8w78vvlsm9ibi6q7": {
      "id": "20z8w78vvlsm9ibi6q7",
      "type": [
        "class-profile"
      ],
      "description": {
        "en": "The class of ontologies.",
        "cs": "Na této úrovni rozlišujeme pojmy, které reprezentují\n- třídy reprezentující typy subjektů a objektů práva,\n- vztahy mezi dvěma subjekty či objekty práva,\n- vlastnosti subjektů a objektů práva."
      },
      "descriptionFromProfiled": null,
      "name": {
        "en": "Ontology",
        "cs": "Konceptuální model"
      },
      "nameFromProfiled": null,
      "iri": "KonceptuálníModel",
      "usageNote": {},
      "usageNoteFromProfiled": null,
      "profiling": [
        "http://www.w3.org/2004/02/skos/core#ConceptScheme",
        "http://www.w3.org/2002/07/owl#Ontology",
        "https://slovník.gov.cz/generický/datový-slovník-ofn-slovníků/pojem/slovník"
      ],
      "externalDocumentationUrl": null,
      "tags": [
        "https://w3id.org/dsv/class-role#main"
      ]
    },
    "ag435tad2apm9ibic0m": {
      "id": "ag435tad2apm9ibic0m",
      "iri": null,
      "child": "20z8w78vvlsm9ibi6q7",
      "parent": "h31s6hbky1im9ibc54o",
      "type": [
        "generalization"
      ]
    },
    "z9q9byb7wjim9ibmksb": {
      "ends": [
        {
          "name": null,
          "nameFromProfiled": null,
          "description": null,
          "descriptionFromProfiled": null,
          "iri": null,
          "cardinality": [
            0,
            null
          ],
          "usageNote": null,
          "usageNoteFromProfiled": null,
          "profiling": [],
          "externalDocumentationUrl": null,
          "tags": [],
          "concept": "102gw4osjd3rm9ibdkxp"
        },
        {
          "name": {
            "en": "preferred label",
            "cs": "název"
          },
          "nameFromProfiled": null,
          "description": {
            "en": "skos:prefLabel, skos:altLabel and skos:hiddenLabel are pairwise\n      disjoint properties.",
            "cs": "Název pojmu. Je unikátní v rámci názvů pojmů ve slovníku."
          },
          "descriptionFromProfiled": null,
          "iri": "Pojem.název",
          "cardinality": [
            1,
            1
          ],
          "usageNote": {},
          "usageNoteFromProfiled": null,
          "profiling": [
            "http://www.w3.org/2004/02/skos/core#prefLabel#attribute"
          ],
          "externalDocumentationUrl": null,
          "tags": [
            "https://w3id.org/dsv/requirement-level#mandatory"
          ],
          "concept": "https://ofn.gov.cz/zdroj/základní-datové-typy/2020-07-01/text",
          "languageStringRequiredLanguages": [
            "cs"
          ]
        }
      ],
      "id": "z9q9byb7wjim9ibmksb",
      "type": [
        "relationship-profile"
      ]
    },
    "lbvcpjryvzim9ibnir9": {
      "id": "lbvcpjryvzim9ibnir9",
      "type": [
        "relationship-profile"
      ],
      "ends": [
        {
          "name": null,
          "nameFromProfiled": null,
          "description": null,
          "descriptionFromProfiled": null,
          "iri": null,
          "cardinality": [
            0,
            null
          ],
          "usageNote": null,
          "usageNoteFromProfiled": null,
          "profiling": [],
          "externalDocumentationUrl": null,
          "tags": [],
          "concept": "102gw4osjd3rm9ibdkxp"
        },
        {
          "name": {
            "en": "description",
            "cs": "popis"
          },
          "nameFromProfiled": null,
          "description": {
            "en": "An account of the resource.",
            "cs": ""
          },
          "descriptionFromProfiled": null,
          "iri": "Pojem.popis",
          "cardinality": [
            0,
            1
          ],
          "usageNote": {
            "cs": "Popis pojmu."
          },
          "usageNoteFromProfiled": null,
          "profiling": [
            "http://purl.org/dc/terms/description#attribute"
          ],
          "externalDocumentationUrl": null,
          "tags": [
            "https://w3id.org/dsv/requirement-level#recommended"
          ],
          "concept": "https://ofn.gov.cz/zdroj/základní-datové-typy/2020-07-01/text"
        }
      ]
    },
    "c54rm58496mm9iboguy": {
      "ends": [
        {
          "name": null,
          "nameFromProfiled": null,
          "description": null,
          "descriptionFromProfiled": null,
          "iri": null,
          "cardinality": [
            0,
            null
          ],
          "usageNote": null,
          "usageNoteFromProfiled": null,
          "profiling": [],
          "externalDocumentationUrl": null,
          "tags": [],
          "concept": "102gw4osjd3rm9ibdkxp"
        },
        {
          "name": {
            "en": "definition",
            "cs": "definice"
          },
          "nameFromProfiled": null,
          "description": {
            "cs": "Definice pojmu. Je unikátní v rámci definic pojmů ve slovníku."
          },
          "descriptionFromProfiled": null,
          "iri": "Pojem.definice",
          "cardinality": [
            0,
            1
          ],
          "usageNote": {},
          "usageNoteFromProfiled": null,
          "profiling": [
            "http://www.w3.org/2004/02/skos/core#definition#attribute"
          ],
          "externalDocumentationUrl": null,
          "tags": [
            "https://w3id.org/dsv/requirement-level#recommended"
          ],
          "concept": "https://ofn.gov.cz/zdroj/základní-datové-typy/2020-07-01/text"
        }
      ],
      "id": "c54rm58496mm9iboguy",
      "type": [
        "relationship-profile"
      ]
    },
    "kiyu8d9gejqm9ibtb34": {
      "id": "kiyu8d9gejqm9ibtb34",
      "type": [
        "class-profile"
      ],
      "description": {
        "en": "A work in a legislative corpus. This applies to acts that have been legally enacted (whether or not they are still in force).\nFor example, the abstract concept of the legal resource; e.g. \"act 3 of 2005\" (adapted from Akoma Ntoso)\n\nA legal resource can represent a legal act or any component of a legal act, like an article.  Legal resources can be linked together using properties defined in the model.\n\nNote that ELI ontology accommodates different point of view on what should be considered a new legal resource, or a new legal expression of the same resource. Typically, a consolidated version can be viewed, in the context of ELI, either as separate legal resource (linked to original version and previous consolidated version using corresponding ELI relations), or as a different legal expression of the same legal resource."
      },
      "descriptionFromProfiled": "https://slovník.gov.cz/legislativní/sbírka/111/2009/pojem/ustanovení-právního-předpisu",
      "name": {
        "en": "Legal Resource",
        "cs": "Ustanovení"
      },
      "nameFromProfiled": null,
      "iri": "Ustanovení",
      "usageNote": {},
      "usageNoteFromProfiled": null,
      "profiling": [
        "https://slovník.gov.cz/legislativní/sbírka/111/2009/pojem/ustanovení-právního-předpisu",
        "http://data.europa.eu/eli/ontology#LegalResource"
      ],
      "externalDocumentationUrl": null,
      "tags": [
        "https://w3id.org/dsv/class-role#supportive"
      ],
      "example": [
        "https://opendata.eselpoint.cz/esel-esb/eli/cz/sb/1999/106/2024-01-01/dokument/norma/cast_1/par_3a/odst_3"
      ]
    },
    "fpvzuwx12bim9ibxssa": {
      "ends": [
        {
          "name": null,
          "nameFromProfiled": null,
          "description": null,
          "descriptionFromProfiled": null,
          "iri": null,
          "cardinality": null,
          "usageNote": null,
          "usageNoteFromProfiled": null,
          "profiling": [],
          "externalDocumentationUrl": null,
          "tags": [],
          "concept": "102gw4osjd3rm9ibdkxp"
        },
        {
          "name": {
            "en": "has broader",
            "cs": "nadřazený pojem"
          },
          "nameFromProfiled": null,
          "description": {
            "en": "Broader concepts are typically rendered as parents in a concept hierarchy (tree).",
            "cs": "Významově širší pojem. Může se jednat o specializaci, instanciaci, partonomii, apod."
          },
          "descriptionFromProfiled": null,
          "iri": "Pojem.nadřazenýPojem",
          "cardinality": [
            0,
            null
          ],
          "usageNote": {},
          "usageNoteFromProfiled": null,
          "profiling": [
            "http://www.w3.org/2004/02/skos/core#broader"
          ],
          "externalDocumentationUrl": null,
          "tags": [
            "https://w3id.org/dsv/requirement-level#optional"
          ],
          "concept": "102gw4osjd3rm9ibdkxp"
        }
      ],
      "id": "fpvzuwx12bim9ibxssa",
      "type": [
        "relationship-profile"
      ]
    },
    "ac0xb7g4gasm9ibyjmc": {
      "ends": [
        {
          "name": null,
          "nameFromProfiled": null,
          "description": null,
          "descriptionFromProfiled": null,
          "iri": null,
          "cardinality": null,
          "usageNote": null,
          "usageNoteFromProfiled": null,
          "profiling": [],
          "externalDocumentationUrl": null,
          "tags": [],
          "concept": "102gw4osjd3rm9ibdkxp"
        },
        {
          "name": {
            "en": "has exact match",
            "cs": "ekvivalentní pojem"
          },
          "nameFromProfiled": null,
          "description": {
            "en": "skos:exactMatch is disjoint with each of the properties skos:broadMatch and skos:relatedMatch.",
            "cs": "Významově ekvivalentní pojem. Typicky se jedná o pojem z jiného slovníku, který však má stejný význam."
          },
          "descriptionFromProfiled": null,
          "iri": "Pojem.ekvivalentníPojem",
          "cardinality": [
            0,
            null
          ],
          "usageNote": {},
          "usageNoteFromProfiled": null,
          "profiling": [
            "http://www.w3.org/2004/02/skos/core#exactMatch"
          ],
          "externalDocumentationUrl": null,
          "tags": [
            "https://w3id.org/dsv/requirement-level#optional"
          ],
          "concept": "102gw4osjd3rm9ibdkxp"
        }
      ],
      "id": "ac0xb7g4gasm9ibyjmc",
      "type": [
        "relationship-profile"
      ]
    },
    "g5n00n4kt4hm9ic2b42": {
      "id": "g5n00n4kt4hm9ic2b42",
      "type": [
        "class-profile"
      ],
      "description": {
        "en": "The class of OWL classes.",
        "cs": "Pojem reprezentující typ subjektu nebo objektu práva. Třída pak může mít instance - konkrétní subjekty či objekty práva."
      },
      "descriptionFromProfiled": null,
      "name": {
        "en": "Class",
        "cs": "Třída"
      },
      "nameFromProfiled": null,
      "iri": "Třída",
      "usageNote": {},
      "usageNoteFromProfiled": null,
      "profiling": [
        "http://www.w3.org/2004/02/skos/core#Concept",
        "http://www.w3.org/2002/07/owl#Class",
        "https://slovník.gov.cz/generický/datový-slovník-ofn-slovníků/pojem/pojem"
      ],
      "externalDocumentationUrl": null,
      "tags": [
        "https://w3id.org/dsv/class-role#main"
      ]
    },
    "qhjbrte3chm9ic2h0d": {
      "id": "qhjbrte3chm9ic2h0d",
      "iri": null,
      "child": "g5n00n4kt4hm9ic2b42",
      "parent": "102gw4osjd3rm9ibdkxp",
      "type": [
        "generalization"
      ]
    },
    "velqgk27vcnm9ic42f5": {
      "ends": [
        {
          "name": null,
          "nameFromProfiled": null,
          "description": null,
          "descriptionFromProfiled": null,
          "iri": null,
          "cardinality": null,
          "usageNote": null,
          "usageNoteFromProfiled": null,
          "profiling": [],
          "externalDocumentationUrl": null,
          "tags": [],
          "concept": "g5n00n4kt4hm9ic2b42"
        },
        {
          "name": {
            "en": "subClassOf",
            "cs": "nadřazená třída"
          },
          "nameFromProfiled": null,
          "description": {
            "en": "The subject is a subclass of a class.",
            "cs": "Významově širší třída. Platí, že každá instance třídy je také instancí nadřazené třídy. Tj. každá instance třídy Hrad je také instancí třídy Turistický cíl."
          },
          "descriptionFromProfiled": null,
          "iri": "Třída.nadřazenáTřída",
          "cardinality": [
            0,
            null
          ],
          "usageNote": {},
          "usageNoteFromProfiled": null,
          "profiling": [
            "http://www.w3.org/2000/01/rdf-schema#subClassOf"
          ],
          "externalDocumentationUrl": null,
          "tags": [
            "https://w3id.org/dsv/requirement-level#optional"
          ],
          "concept": "g5n00n4kt4hm9ic2b42"
        }
      ],
      "id": "velqgk27vcnm9ic42f5",
      "type": [
        "relationship-profile"
      ]
    },
    "w3hh0l8zvohm9ic5lth": {
      "id": "w3hh0l8zvohm9ic5lth",
      "type": [
        "class-profile"
      ],
      "description": {
        "cs": "Číselník. Jeho identifikátorem (IRI) je IRI číselníku dle OFN Číselníky."
      },
      "descriptionFromProfiled": null,
      "name": {
        "cs": "Číselník"
      },
      "nameFromProfiled": null,
      "iri": "Číselník",
      "usageNote": {},
      "usageNoteFromProfiled": null,
      "profiling": [
        "https://slovník.gov.cz/legislativní/sbírka/111/2009/pojem/číselník"
      ],
      "externalDocumentationUrl": null,
      "tags": [
        "https://w3id.org/dsv/class-role#supportive"
      ]
    },
    "yrv0wyd95vqm9ic90no": {
      "id": "yrv0wyd95vqm9ic90no",
      "type": [
        "class-profile"
      ],
      "description": {
        "en": "Dataset is a set of related data.",
        "cs": "Zastřešující datová sada v NKOD reprezentující číselník. Je to datová série, jejímiž prvky jsou datové sady reprezentující jednotlivé verze číselníku."
      },
      "descriptionFromProfiled": null,
      "name": {
        "cs": "Datová sada v NKOD",
        "en": "Dataset"
      },
      "nameFromProfiled": null,
      "iri": "DatováSadaNKOD",
      "usageNote": {
        "cs": "Hodnotou jsou identifikátory datových sad z Národního katalogu otevřených dat. [[NKOD]]"
      },
      "usageNoteFromProfiled": null,
      "profiling": [
        "https://slovník.gov.cz/veřejný-sektor/pojem/datová-sada"
      ],
      "externalDocumentationUrl": null,
      "tags": [
        "https://w3id.org/dsv/class-role#supportive"
      ],
      "example": [
        "https://data.gov.cz/zdroj/datové-sady/17651921/90c4bd4e002d2ae5df50fa615aa0d98c"
      ],
      "regex": "^https://data\\.gov\\.cz/zdroj/datové-sady/.*$"
    },
    "kysegdzqswsm9ic9tjx": {
      "ends": [
        {
          "name": null,
          "nameFromProfiled": null,
          "description": null,
          "descriptionFromProfiled": null,
          "iri": null,
          "cardinality": [
            0,
            1
          ],
          "usageNote": null,
          "usageNoteFromProfiled": null,
          "profiling": [],
          "externalDocumentationUrl": null,
          "tags": [],
          "concept": "w3hh0l8zvohm9ic5lth"
        },
        {
          "name": {
            "cs": "má v NKOD zastřešující datovou sadu"
          },
          "nameFromProfiled": "https://slovník.gov.cz/legislativní/sbírka/111/2009/pojem/má-v-nkod-zastřešující-datovou-sadu",
          "description": {},
          "descriptionFromProfiled": "https://slovník.gov.cz/legislativní/sbírka/111/2009/pojem/má-v-nkod-zastřešující-datovou-sadu",
          "iri": "Číselník.máVNkodZastřešujícíDatovouSadu",
          "cardinality": [
            1,
            1
          ],
          "usageNote": {},
          "usageNoteFromProfiled": null,
          "profiling": [
            "https://slovník.gov.cz/legislativní/sbírka/111/2009/pojem/má-v-nkod-zastřešující-datovou-sadu"
          ],
          "externalDocumentationUrl": null,
          "tags": [
            "https://w3id.org/dsv/requirement-level#mandatory"
          ],
          "concept": "yrv0wyd95vqm9ic90no"
        }
      ],
      "id": "kysegdzqswsm9ic9tjx",
      "type": [
        "relationship-profile"
      ]
    },
    "zgr9qekoaxnm9icb9j6": {
      "ends": [
        {
          "name": null,
          "nameFromProfiled": null,
          "description": null,
          "descriptionFromProfiled": null,
          "iri": null,
          "cardinality": null,
          "usageNote": null,
          "usageNoteFromProfiled": null,
          "profiling": [],
          "externalDocumentationUrl": null,
          "tags": [],
          "concept": "g5n00n4kt4hm9ic2b42"
        },
        {
          "name": {
            "cs": "má instance definované číselníkem"
          },
          "nameFromProfiled": "https://slovník.gov.cz/generický/datový-slovník-ofn-slovníků/pojem/má-instance-definované-číselníkem",
          "description": {
            "cs": "Číselník, jehož položky jsou instancemi třídy."
          },
          "descriptionFromProfiled": "https://slovník.gov.cz/generický/datový-slovník-ofn-slovníků/pojem/má-instance-definované-číselníkem",
          "iri": "Třída.máInstanceDefinovanéČíselníkem",
          "cardinality": [
            0,
            1
          ],
          "usageNote": {},
          "usageNoteFromProfiled": null,
          "profiling": [
            "https://slovník.gov.cz/generický/datový-slovník-ofn-slovníků/pojem/má-instance-definované-číselníkem"
          ],
          "externalDocumentationUrl": null,
          "tags": [
            "https://w3id.org/dsv/requirement-level#optional"
          ],
          "concept": "w3hh0l8zvohm9ic5lth"
        }
      ],
      "id": "zgr9qekoaxnm9icb9j6",
      "type": [
        "relationship-profile"
      ]
    },
    "l295zz8er0qm9iccbbw": {
      "id": "l295zz8er0qm9iccbbw",
      "type": [
        "class-profile"
      ],
      "description": {
        "en": "The class of object properties.",
        "cs": "Pojem reprezentující vztah, kterým mohou být propojeny instance dvou tříd, nebo dvě instance stejné třídy."
      },
      "descriptionFromProfiled": null,
      "name": {
        "en": "ObjectProperty",
        "cs": "Vztah"
      },
      "nameFromProfiled": null,
      "iri": "Vztah",
      "usageNote": {},
      "usageNoteFromProfiled": null,
      "profiling": [
        "http://www.w3.org/2004/02/skos/core#Concept",
        "http://www.w3.org/2002/07/owl#ObjectProperty",
        "https://slovník.gov.cz/generický/datový-slovník-ofn-slovníků/pojem/pojem"
      ],
      "externalDocumentationUrl": null,
      "tags": [
        "https://w3id.org/dsv/class-role#main"
      ]
    },
    "cs7di9qagb4m9icdg64": {
      "ends": [
        {
          "name": null,
          "nameFromProfiled": null,
          "description": null,
          "descriptionFromProfiled": null,
          "iri": null,
          "cardinality": null,
          "usageNote": null,
          "usageNoteFromProfiled": null,
          "profiling": [],
          "externalDocumentationUrl": null,
          "tags": [],
          "concept": "l295zz8er0qm9iccbbw"
        },
        {
          "name": {
            "en": "subPropertyOf",
            "cs": "nadřazený vztah"
          },
          "nameFromProfiled": null,
          "description": {
            "en": "The subject is a subproperty of a property.",
            "cs": "Významově širší vztah. Pokud jsou dvě instance tříd propojeny vztahem, pak jsou propojeny i nadřazeným vztahem. Tj. pokud hradu přiřadíme správce pomocí vztahu správce hradu, pak je tento správce hradu přiřazen i nadřazeným vztahem správce turistického cíle."
          },
          "descriptionFromProfiled": null,
          "iri": "Vztah.nadřazenýVztah",
          "cardinality": [
            0,
            null
          ],
          "usageNote": {},
          "usageNoteFromProfiled": null,
          "profiling": [
            "http://www.w3.org/2000/01/rdf-schema#subPropertyOf"
          ],
          "externalDocumentationUrl": null,
          "tags": [
            "https://w3id.org/dsv/requirement-level#optional"
          ],
          "concept": "l295zz8er0qm9iccbbw"
        }
      ],
      "id": "cs7di9qagb4m9icdg64",
      "type": [
        "relationship-profile"
      ]
    },
    "yxmmlbz4wqem9ice6pl": {
      "ends": [
        {
          "name": null,
          "nameFromProfiled": null,
          "description": null,
          "descriptionFromProfiled": null,
          "iri": null,
          "cardinality": null,
          "usageNote": null,
          "usageNoteFromProfiled": null,
          "profiling": [],
          "externalDocumentationUrl": null,
          "tags": [],
          "concept": "l295zz8er0qm9iccbbw"
        },
        {
          "name": {
            "en": "domain",
            "cs": "definiční obor"
          },
          "nameFromProfiled": null,
          "description": {
            "en": "A domain of the subject property.",
            "cs": "Definiční obor vztahu. Určuje třídu, jejímž instancím mohou být tímto vztahem přiřazovány instance jiné třídy - oboru hodnot."
          },
          "descriptionFromProfiled": null,
          "iri": "Vztah.definičníObor",
          "cardinality": [
            1,
            1
          ],
          "usageNote": {},
          "usageNoteFromProfiled": null,
          "profiling": [
            "http://www.w3.org/2000/01/rdf-schema#domain"
          ],
          "externalDocumentationUrl": null,
          "tags": [
            "https://w3id.org/dsv/requirement-level#mandatory"
          ],
          "concept": "g5n00n4kt4hm9ic2b42"
        }
      ],
      "id": "yxmmlbz4wqem9ice6pl",
      "type": [
        "relationship-profile"
      ]
    },
    "m5e359fvf0mm9icepd8": {
      "ends": [
        {
          "name": null,
          "nameFromProfiled": null,
          "description": null,
          "descriptionFromProfiled": null,
          "iri": null,
          "cardinality": null,
          "usageNote": null,
          "usageNoteFromProfiled": null,
          "profiling": [],
          "externalDocumentationUrl": null,
          "tags": [],
          "concept": "l295zz8er0qm9iccbbw"
        },
        {
          "name": {
            "en": "range",
            "cs": "obor hodnot"
          },
          "nameFromProfiled": null,
          "description": {
            "en": "A range of the subject property.",
            "cs": "Obor hodnot vztahu. Určuje třídu, jejíž instance mohou být tímto vztahem přiřazovány instancím jiné třídy - definičního oboru."
          },
          "descriptionFromProfiled": null,
          "iri": "Vztah.oborHodnot",
          "cardinality": [
            1,
            1
          ],
          "usageNote": {},
          "usageNoteFromProfiled": null,
          "profiling": [
            "http://www.w3.org/2000/01/rdf-schema#range"
          ],
          "externalDocumentationUrl": null,
          "tags": [
            "https://w3id.org/dsv/requirement-level#mandatory"
          ],
          "concept": "g5n00n4kt4hm9ic2b42"
        }
      ],
      "id": "m5e359fvf0mm9icepd8",
      "type": [
        "relationship-profile"
      ]
    },
    "3i1d136n3t8m9icfptz": {
      "id": "3i1d136n3t8m9icfptz",
      "type": [
        "class-profile"
      ],
      "description": {
        "en": "The class of data properties.",
        "cs": "Pojem reprezenutjící vlastnost, kterou může mít instance nějaké třídy."
      },
      "descriptionFromProfiled": null,
      "name": {
        "en": "DatatypeProperty",
        "cs": "Vlastnost"
      },
      "nameFromProfiled": null,
      "iri": "Vlastnost",
      "usageNote": {},
      "usageNoteFromProfiled": null,
      "profiling": [
        "http://www.w3.org/2004/02/skos/core#Concept",
        "http://www.w3.org/2002/07/owl#DatatypeProperty",
        "https://slovník.gov.cz/generický/datový-slovník-ofn-slovníků/pojem/pojem"
      ],
      "externalDocumentationUrl": null,
      "tags": [
        "https://w3id.org/dsv/class-role#main"
      ]
    },
    "yv5lignblxpm9icgr27": {
      "ends": [
        {
          "name": null,
          "nameFromProfiled": null,
          "description": null,
          "descriptionFromProfiled": null,
          "iri": null,
          "cardinality": null,
          "usageNote": null,
          "usageNoteFromProfiled": null,
          "profiling": [],
          "externalDocumentationUrl": null,
          "tags": [],
          "concept": "3i1d136n3t8m9icfptz"
        },
        {
          "name": {
            "en": "domain",
            "cs": "definiční obor"
          },
          "nameFromProfiled": null,
          "description": {
            "en": "A domain of the subject property.",
            "cs": "Definiční obor vlastnosti. Určuje třídu, jejíž instance mají danou vlastnost."
          },
          "descriptionFromProfiled": null,
          "iri": "Vlastnost.definičníObor",
          "cardinality": [
            1,
            1
          ],
          "usageNote": {},
          "usageNoteFromProfiled": null,
          "profiling": [
            "http://www.w3.org/2000/01/rdf-schema#domain"
          ],
          "externalDocumentationUrl": null,
          "tags": [
            "https://w3id.org/dsv/requirement-level#mandatory"
          ],
          "concept": "g5n00n4kt4hm9ic2b42"
        }
      ],
      "id": "yv5lignblxpm9icgr27",
      "type": [
        "relationship-profile"
      ]
    },
    "tm0sufdvu5sm9ichj7s": {
      "id": "tm0sufdvu5sm9ichj7s",
      "type": [
        "class-profile"
      ],
      "description": {
        "en": "The class of RDF datatypes.",
        "cs": "Datový typ specifikující, jakých hodnot může nabývat nějaká vlastnost. Jejich přehled spolu s užitím v jednotlivých datových formátech je v OFN Základní datové typy. Datové typy jsou identifikovány jejich IRI."
      },
      "descriptionFromProfiled": null,
      "name": {
        "en": "Datatype",
        "cs": "Datový typ"
      },
      "nameFromProfiled": null,
      "iri": "DatovýTyp",
      "usageNote": {},
      "usageNoteFromProfiled": null,
      "profiling": [
        "http://www.w3.org/2000/01/rdf-schema#Datatype"
      ],
      "externalDocumentationUrl": null,
      "tags": [
        "https://w3id.org/dsv/class-role#supportive"
      ]
    },
    "1iofd1vyk4km9icif5e": {
      "ends": [
        {
          "name": null,
          "nameFromProfiled": null,
          "description": null,
          "descriptionFromProfiled": null,
          "iri": null,
          "cardinality": null,
          "usageNote": null,
          "usageNoteFromProfiled": null,
          "profiling": [],
          "externalDocumentationUrl": null,
          "tags": [],
          "concept": "3i1d136n3t8m9icfptz"
        },
        {
          "name": {
            "en": "range",
            "cs": "obor hodnot"
          },
          "nameFromProfiled": null,
          "description": {
            "en": "A range of the subject property.",
            "cs": "Obor hodnot vlastnosti. Určuje datový typ specifikující, jakých hodnot může nabývat nějaká vlastnost."
          },
          "descriptionFromProfiled": null,
          "iri": "Vlastnost.oborHodnot",
          "cardinality": [
            1,
            1
          ],
          "usageNote": {},
          "usageNoteFromProfiled": null,
          "profiling": [
            "http://www.w3.org/2000/01/rdf-schema#range"
          ],
          "externalDocumentationUrl": null,
          "tags": [
            "https://w3id.org/dsv/requirement-level#mandatory"
          ],
          "concept": "tm0sufdvu5sm9ichj7s"
        }
      ],
      "id": "1iofd1vyk4km9icif5e",
      "type": [
        "relationship-profile"
      ]
    },
    "7hf5adiyfxgm9icj8aw": {
      "ends": [
        {
          "name": null,
          "nameFromProfiled": null,
          "description": null,
          "descriptionFromProfiled": null,
          "iri": null,
          "cardinality": null,
          "usageNote": null,
          "usageNoteFromProfiled": null,
          "profiling": [],
          "externalDocumentationUrl": null,
          "tags": [],
          "concept": "3i1d136n3t8m9icfptz"
        },
        {
          "name": {
            "en": "subPropertyOf",
            "cs": "nadřazená vlastnost"
          },
          "nameFromProfiled": null,
          "description": {
            "en": "The subject is a subproperty of a property.",
            "cs": "Významově širší vlastnost. Pokud je vlastností přiřazena hodnota nějaké instanci třídy, pak je tato hodnota té samé instanci přiřazena i nadřazenou vlastností. Tj. každý název hradu lze zároveň inteprentovat jako název turistického cíle."
          },
          "descriptionFromProfiled": null,
          "iri": "Vlastnost.nadřazenáVlastnost",
          "cardinality": [
            0,
            null
          ],
          "usageNote": {},
          "usageNoteFromProfiled": null,
          "profiling": [
            "http://www.w3.org/2000/01/rdf-schema#subPropertyOf"
          ],
          "externalDocumentationUrl": null,
          "tags": [
            "https://w3id.org/dsv/requirement-level#optional"
          ],
          "concept": "3i1d136n3t8m9icfptz"
        }
      ],
      "id": "7hf5adiyfxgm9icj8aw",
      "type": [
        "relationship-profile"
      ]
    },
    "7t19aduuhzom9id32k0": {
      "id": "7t19aduuhzom9id32k0",
      "type": [
        "class-profile"
      ],
      "description": {},
      "descriptionFromProfiled": "https://slovník.gov.cz/legislativní/sbírka/111/2009/pojem/veřejný-údaj",
      "name": {
        "cs": "Veřejný údaj"
      },
      "nameFromProfiled": "https://slovník.gov.cz/legislativní/sbírka/111/2009/pojem/veřejný-údaj",
      "iri": "VeřejnýÚdaj",
      "usageNote": {},
      "usageNoteFromProfiled": null,
      "profiling": [
        "https://slovník.gov.cz/legislativní/sbírka/111/2009/pojem/veřejný-údaj",
        "http://www.w3.org/2004/02/skos/core#Concept",
        "https://slovník.gov.cz/generický/datový-slovník-ofn-slovníků/pojem/pojem"
      ],
      "externalDocumentationUrl": null,
      "tags": [
        "https://w3id.org/dsv/class-role#supportive"
      ]
    },
    "k915lpim4lam9id3bxh": {
      "id": "k915lpim4lam9id3bxh",
      "iri": null,
      "child": "7t19aduuhzom9id32k0",
      "parent": "102gw4osjd3rm9ibdkxp",
      "type": [
        "generalization"
      ]
    },
    "ijnxfkhfcdcm9id3mq1": {
      "id": "ijnxfkhfcdcm9id3mq1",
      "type": [
        "class-profile"
      ],
      "description": {},
      "descriptionFromProfiled": "https://slovník.gov.cz/legislativní/sbírka/111/2009/pojem/neveřejný-údaj",
      "name": {
        "cs": "Neveřejný údaj"
      },
      "nameFromProfiled": "https://slovník.gov.cz/legislativní/sbírka/111/2009/pojem/neveřejný-údaj",
      "iri": "NeveřejnýÚdaj",
      "usageNote": {},
      "usageNoteFromProfiled": null,
      "profiling": [
        "https://slovník.gov.cz/legislativní/sbírka/111/2009/pojem/neveřejný-údaj",
        "http://www.w3.org/2004/02/skos/core#Concept",
        "https://slovník.gov.cz/generický/datový-slovník-ofn-slovníků/pojem/pojem"
      ],
      "externalDocumentationUrl": null,
      "tags": [
        "https://w3id.org/dsv/class-role#supportive"
      ]
    },
    "zj4fy6hjfrm9id3pza": {
      "id": "zj4fy6hjfrm9id3pza",
      "iri": null,
      "child": "ijnxfkhfcdcm9id3mq1",
      "parent": "102gw4osjd3rm9ibdkxp",
      "type": [
        "generalization"
      ]
    },
    "mc3fzvp0gogm9id60oc": {
      "ends": [
        {
          "name": null,
          "nameFromProfiled": null,
          "description": null,
          "descriptionFromProfiled": null,
          "iri": null,
          "cardinality": null,
          "usageNote": null,
          "usageNoteFromProfiled": null,
          "profiling": [],
          "externalDocumentationUrl": null,
          "tags": [],
          "concept": "ijnxfkhfcdcm9id3mq1"
        },
        {
          "name": {
            "cs": "je vymezen ustanovení stanovujícím jeho neveřejnost"
          },
          "nameFromProfiled": "https://slovník.gov.cz/legislativní/sbírka/111/2009/pojem/je-vymezen-ustanovení-stanovujícím-jeho-neveřejnost",
          "description": {
            "cs": "U neveřejného údaje je třeba odkázat na ustanovení, ze kterého jeho neveřejnost vyplývá."
          },
          "descriptionFromProfiled": null,
          "iri": "NeveřejnýÚdaj.jeVymezenUstanoveníStanovujícímJehoNeveřejnost",
          "cardinality": [
            1,
            null
          ],
          "usageNote": {},
          "usageNoteFromProfiled": null,
          "profiling": [
            "https://slovník.gov.cz/legislativní/sbírka/111/2009/pojem/je-vymezen-ustanovení-stanovujícím-jeho-neveřejnost"
          ],
          "externalDocumentationUrl": null,
          "tags": [
            "https://w3id.org/dsv/requirement-level#mandatory"
          ],
          "concept": "kiyu8d9gejqm9ibtb34"
        }
      ],
      "id": "mc3fzvp0gogm9id60oc",
      "type": [
        "relationship-profile"
      ]
    },
    "z6i6ivlayvhm9id87gq": {
      "id": "z6i6ivlayvhm9id87gq",
      "type": [
        "class-profile"
      ],
      "description": {
        "cs": "Orgán veřejné správy strukturuje data vedená v informačním systému na údaje následujících kategorií: a) základních registrů: údaje čerpané pro výkon agendy ze základních registrů b) jiných agend: údaje získávané pro výkon agendy od jiných úřadů c) vlastní: údaje vznikající při výkonu agendy, které mají evidenční charakter, tedy vztahují se k objektu nebo subjektu práva za účelem výkonu veřejné správy d) provozní: údaje vznikající při výkonu agendy, které nemají evidenční charakter a nevznikají za účelem výkonu veřejné správy"
      },
      "descriptionFromProfiled": "https://slovník.gov.cz/legislativní/sbírka/360/2023/pojem/způsob-získání-údaje",
      "name": {
        "cs": "Způsob získání údaje"
      },
      "nameFromProfiled": "https://slovník.gov.cz/legislativní/sbírka/360/2023/pojem/způsob-získání-údaje",
      "iri": "ZpůsobZískáníÚdaje",
      "usageNote": {
        "cs": "Hodnoty z Číselníku způsobů získání údajů v ISVS dle § 23, odst. 1, vyhlášky č. 360/2023 Sb. [[P23-O1-360-2023]]"
      },
      "usageNoteFromProfiled": null,
      "profiling": [
        "https://slovník.gov.cz/legislativní/sbírka/360/2023/pojem/způsob-získání-údaje"
      ],
      "externalDocumentationUrl": null,
      "tags": [
        "https://w3id.org/dsv/class-role#supportive"
      ],
      "regex": "^https://data\\.dia\\.gov\\.cz/zdroj/číselníky/způsoby-získání-údajů/položky/[^/]+$",
      "example": [
        "https://data.dia.gov.cz/zdroj/číselníky/způsoby-získání-údajů/položky/základních-registrů",
        "https://data.dia.gov.cz/zdroj/číselníky/způsoby-získání-údajů/položky/jiných-agend",
        "https://data.dia.gov.cz/zdroj/číselníky/způsoby-získání-údajů/položky/vlastní",
        "https://data.dia.gov.cz/zdroj/číselníky/způsoby-získání-údajů/položky/provozní"
      ]
    },
    "l91vbqid9wem9id8i9v": {
      "id": "l91vbqid9wem9id8i9v",
      "type": [
        "class-profile"
      ],
      "description": {
        "cs": "Orgán veřejné správy strukturuje data vedená v informačním systému podle způsobu jejich sdílení na údaje:  a) veřejně přístupné: údaje publikované veřejně ve formě otevřených dat či jakkoliv jinak b) poskytované na žádost: údaje poskytované na žádost subjektu práva nebo na základě zákona o svobodném přístupu k informacím c) zpřístupňované pro výkon agendy: údaje sdílené jiným agendám, které mají oprávněný zájem je využívat pro výkon své působnosti d) nesdílené: údaje, které nejsou sdílené žádným z předchozích způsobů"
      },
      "descriptionFromProfiled": "https://slovník.gov.cz/legislativní/sbírka/360/2023/pojem/způsob-sdílení-údaje",
      "name": {
        "cs": "Způsob sdílení údaje"
      },
      "nameFromProfiled": "https://slovník.gov.cz/legislativní/sbírka/360/2023/pojem/způsob-sdílení-údaje",
      "iri": "ZpůsobSdíleníÚdaje",
      "usageNote": {
        "cs": "Hodnoty z Číselníku způsobů sdílení údajů v ISVS dle § 23, odst. 2, vyhlášky č. 360/2023 Sb. [[P23-O2-360-2023]]"
      },
      "usageNoteFromProfiled": null,
      "profiling": [
        "https://slovník.gov.cz/legislativní/sbírka/360/2023/pojem/způsob-sdílení-údaje"
      ],
      "externalDocumentationUrl": null,
      "tags": [
        "https://w3id.org/dsv/class-role#supportive"
      ],
      "regex": "^https://data\\.dia\\.gov\\.cz/zdroj/číselníky/způsoby-sdílení-údajů/položky/[^/]+$",
      "example": [
        "https://data.dia.gov.cz/zdroj/číselníky/způsoby-sdílení-údajů/položky/veřejně-přístupné",
        "https://data.dia.gov.cz/zdroj/číselníky/způsoby-sdílení-údajů/položky/poskytované-na-žádost",
        "https://data.dia.gov.cz/zdroj/číselníky/způsoby-sdílení-údajů/položky/zpřístupňované-pro-výkon-agendy",
        "https://data.dia.gov.cz/zdroj/číselníky/způsoby-sdílení-údajů/položky/nesdílené"
      ]
    },
    "4mmt1tvw6ndm9id8rq3": {
      "id": "4mmt1tvw6ndm9id8rq3",
      "type": [
        "class-profile"
      ],
      "description": {
        "cs": "Orgán veřejné správy strukturuje data vedená v informačním systému podle jejich obsahu na údaje:  a) identifikační: údaje, které, které samostatně nebo ve skupině identifikují konkrétní subjekt práva  b) evidenční: údaje, které neidentifikují konkrétní subjekt práva, ale váží se k subjektu nebo objektu práva v rámci agendy a evidence, která se v ní vede  c) statistické: údaje, které seskupují a formou anonymizace či pseudonymizace zamezují vazbě konkrétní subjekt práva"
      },
      "descriptionFromProfiled": "https://slovník.gov.cz/legislativní/sbírka/360/2023/pojem/typ-obsahu-údaje",
      "name": {
        "cs": "Typ obsahu údaje"
      },
      "nameFromProfiled": "https://slovník.gov.cz/legislativní/sbírka/360/2023/pojem/typ-obsahu-údaje",
      "iri": "TypObsahuÚdaje",
      "usageNote": {
        "cs": "Hodnoty z Číselníku typů obsahu údajů v ISVS dle § 23, odst. 3, vyhlášky č. 360/2023 Sb. [[P23-O3-360-2023]]"
      },
      "usageNoteFromProfiled": null,
      "profiling": [
        "https://slovník.gov.cz/legislativní/sbírka/360/2023/pojem/typ-obsahu-údaje"
      ],
      "externalDocumentationUrl": null,
      "tags": [
        "https://w3id.org/dsv/class-role#supportive"
      ],
      "example": [
        "https://data.dia.gov.cz/zdroj/číselníky/typy-obsahu-údajů/položky/identifikační",
        "https://data.dia.gov.cz/zdroj/číselníky/typy-obsahu-údajů/položky/evidenční",
        "https://data.dia.gov.cz/zdroj/číselníky/typy-obsahu-údajů/položky/statistické"
      ],
      "regex": "^https://data\\.dia\\.gov\\.cz/zdroj/číselníky/typy-obsahu-údajů/položky/[^/]+$"
    },
    "rzuaqm7f1vm9id9yd3": {
      "ends": [
        {
          "name": null,
          "nameFromProfiled": null,
          "description": null,
          "descriptionFromProfiled": null,
          "iri": null,
          "cardinality": null,
          "usageNote": null,
          "usageNoteFromProfiled": null,
          "profiling": [],
          "externalDocumentationUrl": null,
          "tags": [],
          "concept": "102gw4osjd3rm9ibdkxp"
        },
        {
          "name": {
            "cs": "má způsob sdílení údaje"
          },
          "nameFromProfiled": "https://slovník.gov.cz/generický/datový-slovník-ofn-slovníků/pojem/má-způsob-sdílení-údaje",
          "description": {
            "cs": "Orgán veřejné správy strukturuje data vedená v informačním systému podle způsobu jejich sdílení na údaje:  a) veřejně přístupné: údaje publikované veřejně ve formě otevřených dat či jakkoliv jinak b) poskytované na žádost: údaje poskytované na žádost subjektu práva nebo na základě zákona o svobodném přístupu k informacím c) zpřístupňované pro výkon agendy: údaje sdílené jiným agendám, které mají oprávněný zájem je využívat pro výkon své působnosti d) nesdílené: údaje, které nejsou sdílené žádným z předchozích způsobů"
          },
          "descriptionFromProfiled": "https://slovník.gov.cz/generický/datový-slovník-ofn-slovníků/pojem/má-způsob-sdílení-údaje",
          "iri": "Pojem.máZpůsobSdíleníÚdaje",
          "cardinality": [
            0,
            null
          ],
          "usageNote": {},
          "usageNoteFromProfiled": null,
          "profiling": [
            "https://slovník.gov.cz/generický/datový-slovník-ofn-slovníků/pojem/má-způsob-sdílení-údaje"
          ],
          "externalDocumentationUrl": null,
          "tags": [
            "https://w3id.org/dsv/requirement-level#recommended"
          ],
          "concept": "l91vbqid9wem9id8i9v"
        }
      ],
      "id": "rzuaqm7f1vm9id9yd3",
      "type": [
        "relationship-profile"
      ]
    },
    "7dv6zdmktzkm9idab31": {
      "ends": [
        {
          "name": null,
          "nameFromProfiled": null,
          "description": null,
          "descriptionFromProfiled": null,
          "iri": null,
          "cardinality": null,
          "usageNote": null,
          "usageNoteFromProfiled": null,
          "profiling": [],
          "externalDocumentationUrl": null,
          "tags": [],
          "concept": "102gw4osjd3rm9ibdkxp"
        },
        {
          "name": {
            "cs": "má typ obsahu údaje"
          },
          "nameFromProfiled": "https://slovník.gov.cz/generický/datový-slovník-ofn-slovníků/pojem/má-typ-obsahu-údaje",
          "description": {
            "cs": "Orgán veřejné správy strukturuje data vedená v informačním systému podle způsobu jejich obsahu na údaje: a) veřejně přístupné: údaje publikované veřejně ve formě otevřených dat či jakkoliv jinak b) poskytované na žádost: údaje poskytované na žádost subjektu práva nebo na základě zákona o svobodném přístupu k informacím c) zpřístupňované pro výkon agendy: údaje sdílené jiným agendám, které mají oprávněný zájem je využívat pro výkon své působnosti d) nesdílené: údaje, které nejsou sdílené žádným z předchozích způsobů"
          },
          "descriptionFromProfiled": "https://slovník.gov.cz/generický/datový-slovník-ofn-slovníků/pojem/má-typ-obsahu-údaje",
          "iri": "Pojem.máTypObsahuÚdaje",
          "cardinality": [
            0,
            1
          ],
          "usageNote": {},
          "usageNoteFromProfiled": null,
          "profiling": [
            "https://slovník.gov.cz/generický/datový-slovník-ofn-slovníků/pojem/má-typ-obsahu-údaje"
          ],
          "externalDocumentationUrl": null,
          "tags": [
            "https://w3id.org/dsv/requirement-level#recommended"
          ],
          "concept": "4mmt1tvw6ndm9id8rq3"
        }
      ],
      "id": "7dv6zdmktzkm9idab31",
      "type": [
        "relationship-profile"
      ]
    },
    "3rccf03reh6m9idaolw": {
      "ends": [
        {
          "name": null,
          "nameFromProfiled": null,
          "description": null,
          "descriptionFromProfiled": null,
          "iri": null,
          "cardinality": null,
          "usageNote": null,
          "usageNoteFromProfiled": null,
          "profiling": [],
          "externalDocumentationUrl": null,
          "tags": [],
          "concept": "102gw4osjd3rm9ibdkxp"
        },
        {
          "name": {
            "cs": "má způsob získání údaje"
          },
          "nameFromProfiled": "https://slovník.gov.cz/generický/datový-slovník-ofn-slovníků/pojem/má-způsob-získání-údaje",
          "description": {
            "cs": "Orgán veřejné správy strukturuje data vedená v informačním systému na údaje následujících kategorií: a) základních registrů: údaje čerpané pro výkon agendy ze základních registrů b) jiných agend: údaje získávané pro výkon agendy od jiných úřadů c) vlastní: údaje vznikající při výkonu agendy, které mají evidenční charakter, tedy vztahují se k objektu nebo subjektu práva za účelem výkonu veřejné správy d) provozní: údaje vznikající při výkonu agendy, které nemají evidenční charakter a nevznikají za účelem výkonu veřejné správy"
          },
          "descriptionFromProfiled": "https://slovník.gov.cz/generický/datový-slovník-ofn-slovníků/pojem/má-způsob-získání-údaje",
          "iri": "Pojem.máZpůsobZískáníÚdaje",
          "cardinality": [
            0,
            1
          ],
          "usageNote": {},
          "usageNoteFromProfiled": null,
          "profiling": [
            "https://slovník.gov.cz/generický/datový-slovník-ofn-slovníků/pojem/má-způsob-získání-údaje"
          ],
          "externalDocumentationUrl": null,
          "tags": [
            "https://w3id.org/dsv/requirement-level#recommended"
          ],
          "concept": "z6i6ivlayvhm9id87gq"
        }
      ],
      "id": "3rccf03reh6m9idaolw",
      "type": [
        "relationship-profile"
      ]
    },
    "l26s5lks6mam9jq39oa": {
      "id": "l26s5lks6mam9jq39oa",
      "type": [
        "class-profile"
      ],
      "description": {
        "cs": "Typ jehož instance jsou podtřídami Subjektu práva.",
        "en": "Legal Subject Type instances are sub-classes of Legal Subject."
      },
      "descriptionFromProfiled": "https://slovník.gov.cz/veřejný-sektor/pojem/typ-subjektu-práva",
      "name": {
        "cs": "Typ subjektu práva",
        "en": "Legal Subject Type"
      },
      "nameFromProfiled": "https://slovník.gov.cz/veřejný-sektor/pojem/typ-subjektu-práva",
      "iri": "TypSubjektuPráva",
      "usageNote": {},
      "usageNoteFromProfiled": null,
      "profiling": [
        "http://www.w3.org/2004/02/skos/core#Concept",
        "https://slovník.gov.cz/veřejný-sektor/pojem/typ-subjektu-práva",
        "https://slovník.gov.cz/generický/datový-slovník-ofn-slovníků/pojem/pojem"
      ],
      "externalDocumentationUrl": null,
      "tags": [
        "https://w3id.org/dsv/class-role#supportive"
      ]
    },
    "oy6u6q2hkzjm9jq3ieg": {
      "id": "oy6u6q2hkzjm9jq3ieg",
      "type": [
        "class-profile"
      ],
      "description": {
        "cs": "Typ jehož instance jsou podtřídami Objektu práva.",
        "en": "Legal Object Type instances are sub-classes of Legal Object."
      },
      "descriptionFromProfiled": "https://slovník.gov.cz/veřejný-sektor/pojem/typ-objektu-práva",
      "name": {
        "cs": "Typ objektu práva",
        "en": "Legal Object Type"
      },
      "nameFromProfiled": "https://slovník.gov.cz/veřejný-sektor/pojem/typ-objektu-práva",
      "iri": "TypObjektuPráva",
      "usageNote": {},
      "usageNoteFromProfiled": null,
      "profiling": [
        "http://www.w3.org/2004/02/skos/core#Concept",
        "https://slovník.gov.cz/veřejný-sektor/pojem/typ-objektu-práva",
        "https://slovník.gov.cz/generický/datový-slovník-ofn-slovníků/pojem/pojem"
      ],
      "externalDocumentationUrl": null,
      "tags": [
        "https://w3id.org/dsv/class-role#supportive"
      ]
    },
    "ouva0sfmif8m9jq3u4z": {
      "id": "ouva0sfmif8m9jq3u4z",
      "iri": null,
      "child": "l26s5lks6mam9jq39oa",
      "parent": "102gw4osjd3rm9ibdkxp",
      "type": [
        "generalization"
      ]
    },
    "z5g859r37sm9jq3w2r": {
      "id": "z5g859r37sm9jq3w2r",
      "iri": null,
      "child": "oy6u6q2hkzjm9jq3ieg",
      "parent": "102gw4osjd3rm9ibdkxp",
      "type": [
        "generalization"
      ]
    },
    "mxvmg6vll6lm9jr6hk6": {
      "id": "mxvmg6vll6lm9jr6hk6",
      "iri": null,
      "child": "https://slovník.gov.cz/veřejný-sektor/pojem/typ-objektu-práva",
      "parent": "https://slovník.gov.cz/základní/pojem/typ-objektu",
      "type": [
        "generalization"
      ]
    },
    "sydglw27nocm9jr6lug": {
      "id": "sydglw27nocm9jr6lug",
      "iri": null,
      "child": "https://slovník.gov.cz/veřejný-sektor/pojem/typ-subjektu-práva",
      "parent": "https://slovník.gov.cz/základní/pojem/typ-objektu",
      "type": [
        "generalization"
      ]
    },
    "qxtlaor7gxqm9jr9793": {
      "id": "qxtlaor7gxqm9jr9793",
      "iri": null,
      "child": "t4eg5mv7t2m9jr939w",
      "parent": "https://slovník.gov.cz/agendový/104/pojem/objekt-nebo-subjekt-údajů",
      "type": [
        "generalization"
      ]
    },
    "07lt4var2mgm9jronhj": {
      "id": "07lt4var2mgm9jronhj",
      "type": [
        "class-profile"
      ],
      "description": {
        "cs": "Agendovým informačním systémem se rozumí informační systém veřejné správy, který slouží k výkonu agendy, využívání elektronických formulářů nebo elektronické identifikaci."
      },
      "descriptionFromProfiled": "https://slovník.gov.cz/legislativní/sbírka/111/2009/pojem/agendový-informační-systém",
      "name": {
        "cs": "Agendový informační systém"
      },
      "nameFromProfiled": "https://slovník.gov.cz/legislativní/sbírka/111/2009/pojem/agendový-informační-systém",
      "iri": "AgendovýInformačníSystém",
      "usageNote": {
        "cs": "Hodnoty jsou identifikátory AIS z datové sady Agendy. [[ISVS]]"
      },
      "usageNoteFromProfiled": null,
      "profiling": [
        "https://slovník.gov.cz/legislativní/sbírka/111/2009/pojem/agendový-informační-systém"
      ],
      "externalDocumentationUrl": null,
      "tags": [
        "https://w3id.org/dsv/class-role#supportive"
      ]
    },
    "23ia44szha5m9jrouzp": {
      "id": "23ia44szha5m9jrouzp",
      "type": [
        "class-profile"
      ],
      "description": {
        "cs": "Ucelená oblast působnosti orgánu veřejné moci nebo ucelená oblast působení soukromoprávního uživatele údajů."
      },
      "descriptionFromProfiled": "https://slovník.gov.cz/legislativní/sbírka/111/2009/pojem/agenda",
      "name": {
        "cs": "Agenda"
      },
      "nameFromProfiled": "https://slovník.gov.cz/legislativní/sbírka/111/2009/pojem/agenda",
      "iri": "Agenda",
      "usageNote": {
        "cs": "Hodnoty jsou identifikátory agend z datové sady Agendy. [[AGENDY]]"
      },
      "usageNoteFromProfiled": null,
      "profiling": [
        "https://slovník.gov.cz/legislativní/sbírka/111/2009/pojem/agenda"
      ],
      "externalDocumentationUrl": null,
      "tags": [
        "https://w3id.org/dsv/class-role#supportive"
      ]
    },
    "8grzoslo1o6m9jrppjq": {
      "ends": [
        {
          "name": null,
          "nameFromProfiled": null,
          "description": null,
          "descriptionFromProfiled": null,
          "iri": null,
          "cardinality": null,
          "usageNote": null,
          "usageNoteFromProfiled": null,
          "profiling": [],
          "externalDocumentationUrl": null,
          "tags": [],
          "concept": "oy6u6q2hkzjm9jq3ieg"
        },
        {
          "name": {
            "cs": "údaje jsou v AIS"
          },
          "nameFromProfiled": "https://slovník.gov.cz/agendový/104/pojem/údaje-jsou-v-ais",
          "description": {},
          "descriptionFromProfiled": "https://slovník.gov.cz/agendový/104/pojem/údaje-jsou-v-ais",
          "iri": "TypObjektuPráva.údajeJsouVAis",
          "cardinality": [
            0,
            1
          ],
          "usageNote": {},
          "usageNoteFromProfiled": null,
          "profiling": [
            "https://slovník.gov.cz/agendový/104/pojem/údaje-jsou-v-ais"
          ],
          "externalDocumentationUrl": null,
          "tags": [
            "https://w3id.org/dsv/requirement-level#recommended"
          ],
          "concept": "07lt4var2mgm9jronhj"
        }
      ],
      "id": "8grzoslo1o6m9jrppjq",
      "type": [
        "relationship-profile"
      ]
    },
    "mx3if2c8zubm9jrpzqn": {
      "ends": [
        {
          "name": null,
          "nameFromProfiled": null,
          "description": null,
          "descriptionFromProfiled": null,
          "iri": null,
          "cardinality": null,
          "usageNote": null,
          "usageNoteFromProfiled": null,
          "profiling": [],
          "externalDocumentationUrl": null,
          "tags": [],
          "concept": "l26s5lks6mam9jq39oa"
        },
        {
          "name": {
            "cs": "údaje jsou v AIS"
          },
          "nameFromProfiled": "https://slovník.gov.cz/agendový/104/pojem/údaje-jsou-v-ais",
          "description": {},
          "descriptionFromProfiled": "https://slovník.gov.cz/agendový/104/pojem/údaje-jsou-v-ais",
          "iri": "TypSubjektuPráva.údajeJsouVAis",
          "cardinality": [
            0,
            1
          ],
          "usageNote": {},
          "usageNoteFromProfiled": null,
          "profiling": [
            "https://slovník.gov.cz/agendový/104/pojem/údaje-jsou-v-ais"
          ],
          "externalDocumentationUrl": null,
          "tags": [
            "https://w3id.org/dsv/requirement-level#recommended"
          ],
          "concept": "07lt4var2mgm9jronhj"
        }
      ],
      "id": "mx3if2c8zubm9jrpzqn",
      "type": [
        "relationship-profile"
      ]
    },
    "tlqfp6kgmvdm9jrqkvw": {
      "id": "tlqfp6kgmvdm9jrqkvw",
      "type": [
        "relationship-profile"
      ],
      "ends": [
        {
          "name": null,
          "nameFromProfiled": null,
          "description": null,
          "descriptionFromProfiled": null,
          "iri": null,
          "cardinality": null,
          "usageNote": null,
          "usageNoteFromProfiled": null,
          "profiling": [],
          "externalDocumentationUrl": null,
          "tags": [],
          "concept": "oy6u6q2hkzjm9jq3ieg"
        },
        {
          "name": {
            "cs": "sdružuje údaje vedené nebo vytvářené v rámci agendy"
          },
          "nameFromProfiled": null,
          "description": {
            "cs": "Přiřazuje subjektu nebo objektu údajů agendu v níž jsou údaje sdružené v subjektu nebo objektu údajů vedeny nebo vytvářeny. Subjekt nebo objekt údajů je veden nebo vytvářen v právě jedné agendě. V jedné agendě může být vedeno nebo vytvářeno více různých subjektů nebo objektů údajů."
          },
          "descriptionFromProfiled": "https://slovník.gov.cz/agendový/104/pojem/sdružuje-údaje-vedené-nebo-vytvářené-v-rámci-agendy",
          "iri": "TypObjektuPráva.sdružujeÚdajeVedenéNeboVytvářenéVRámciAgendy",
          "cardinality": [
            0,
            1
          ],
          "usageNote": {},
          "usageNoteFromProfiled": null,
          "profiling": [
            "https://slovník.gov.cz/agendový/104/pojem/sdružuje-údaje-vedené-nebo-vytvářené-v-rámci-agendy"
          ],
          "externalDocumentationUrl": null,
          "tags": [
            "https://w3id.org/dsv/requirement-level#recommended"
          ],
          "concept": "23ia44szha5m9jrouzp"
        }
      ]
    },
    "aqmq10pdp1im9jrquq6": {
      "id": "aqmq10pdp1im9jrquq6",
      "type": [
        "relationship-profile"
      ],
      "ends": [
        {
          "name": null,
          "nameFromProfiled": null,
          "description": null,
          "descriptionFromProfiled": null,
          "iri": null,
          "cardinality": null,
          "usageNote": null,
          "usageNoteFromProfiled": null,
          "profiling": [],
          "externalDocumentationUrl": null,
          "tags": [],
          "concept": "l26s5lks6mam9jq39oa"
        },
        {
          "name": {
            "cs": "sdružuje údaje vedené nebo vytvářené v rámci agendy"
          },
          "nameFromProfiled": null,
          "description": {
            "cs": "Přiřazuje subjektu nebo objektu údajů agendu v níž jsou údaje sdružené v subjektu nebo objektu údajů vedeny nebo vytvářeny. Subjekt nebo objekt údajů je veden nebo vytvářen v právě jedné agendě. V jedné agendě může být vedeno nebo vytvářeno více různých subjektů nebo objektů údajů."
          },
          "descriptionFromProfiled": "https://slovník.gov.cz/agendový/104/pojem/sdružuje-údaje-vedené-nebo-vytvářené-v-rámci-agendy",
          "iri": "TypSubjektuPráva.sdružujeÚdajeVedenéNeboVytvářenéVRámciAgendy",
          "cardinality": [
            0,
            1
          ],
          "usageNote": {},
          "usageNoteFromProfiled": null,
          "profiling": [
            "https://slovník.gov.cz/agendový/104/pojem/sdružuje-údaje-vedené-nebo-vytvářené-v-rámci-agendy"
          ],
          "externalDocumentationUrl": null,
          "tags": [
            "https://w3id.org/dsv/requirement-level#recommended"
          ],
          "concept": "23ia44szha5m9jrouzp"
        }
      ]
    },
    "rug4doxs6wfm9jxqxsy": {
      "iri": "ČasovýOkamžik",
      "profiling": [
        "https://slovník.gov.cz/generický/čas/pojem/časový-okamžik"
      ],
      "name": {
        "cs": "Časový okamžik",
        "en": "Time instant"
      },
      "nameFromProfiled": "https://slovník.gov.cz/generický/čas/pojem/časový-okamžik",
      "description": {
        "cs": "Pro reprezentaci časových okamžiků lze použít datum, čas a nebo kombinací data a času. Pokud je jasné, který datový typ je v daném místě vhodný, použije se konkrétní datový typ, tedy datum, čas či datum a čas. Často ale při tvorbě OFN není předem známo, jaká úroveň detailu bude pro určení okamžiku k dispozici. Aby se zabránilo různým reprezentacím této situace v různých OFN, je specifikována třída Časový okamžik.",
        "en": "The date, time, or a combination of date and time can be used to represent moments in time. If it is clear which data type is appropriate at a given location, the specific data type, i.e. date, time or date and time, shall be used. Often, however, when creating an OFN, it is not known in advance what level of detail will be available for the determination of the instant. To avoid different representations of this situation in different OFNs, a Time Moment class is specified."
      },
      "descriptionFromProfiled": "https://slovník.gov.cz/generický/čas/pojem/časový-okamžik",
      "usageNote": {},
      "usageNoteFromProfiled": null,
      "externalDocumentationUrl": null,
      "tags": [
        "https://w3id.org/dsv/class-role#supportive"
      ],
      "id": "rug4doxs6wfm9jxqxsy",
      "type": [
        "class-profile"
      ]
    },
    "4ee912iphv7m9jxrjjm": {
      "ends": [
        {
          "name": null,
          "nameFromProfiled": null,
          "description": null,
          "descriptionFromProfiled": null,
          "iri": null,
          "cardinality": [
            0,
            null
          ],
          "usageNote": null,
          "usageNoteFromProfiled": null,
          "profiling": [],
          "externalDocumentationUrl": null,
          "tags": [],
          "concept": "rug4doxs6wfm9jxqxsy"
        },
        {
          "name": {
            "cs": "datum"
          },
          "nameFromProfiled": "https://slovník.gov.cz/generický/čas/pojem/datum",
          "description": {
            "cs": "Datum okamžiku."
          },
          "descriptionFromProfiled": "https://slovník.gov.cz/generický/čas/pojem/datum",
          "iri": "ČasovýOkamžik.datum",
          "cardinality": [
            0,
            1
          ],
          "usageNote": {},
          "usageNoteFromProfiled": null,
          "profiling": [
            "https://slovník.gov.cz/generický/čas/pojem/datum"
          ],
          "externalDocumentationUrl": null,
          "tags": [
            "https://w3id.org/dsv/requirement-level#optional"
          ],
          "concept": "http://www.w3.org/2001/XMLSchema#date"
        }
      ],
      "id": "4ee912iphv7m9jxrjjm",
      "type": [
        "relationship-profile"
      ]
    },
    "0fls5k4qesp5m9jxrrl6": {
      "ends": [
        {
          "name": null,
          "nameFromProfiled": null,
          "description": null,
          "descriptionFromProfiled": null,
          "iri": null,
          "cardinality": [
            0,
            null
          ],
          "usageNote": null,
          "usageNoteFromProfiled": null,
          "profiling": [],
          "externalDocumentationUrl": null,
          "tags": [],
          "concept": "rug4doxs6wfm9jxqxsy"
        },
        {
          "name": {
            "cs": "datum a čas"
          },
          "nameFromProfiled": "https://slovník.gov.cz/generický/čas/pojem/datum-a-čas",
          "description": {
            "cs": "Datum a čas začátku okamžiku."
          },
          "descriptionFromProfiled": "https://slovník.gov.cz/generický/čas/pojem/datum-a-čas",
          "iri": "ČasovýOkamžik.datumAČas",
          "cardinality": [
            0,
            1
          ],
          "usageNote": {},
          "usageNoteFromProfiled": null,
          "profiling": [
            "https://slovník.gov.cz/generický/čas/pojem/datum-a-čas"
          ],
          "externalDocumentationUrl": null,
          "tags": [
            "https://w3id.org/dsv/requirement-level#optional"
          ],
          "concept": "http://www.w3.org/2001/XMLSchema#dateTimeStamp",
          "languageStringRequiredLanguages": []
        }
      ],
      "id": "0fls5k4qesp5m9jxrrl6",
      "type": [
        "relationship-profile"
      ]
    },
    "6fp4bg315jom9jxs2i9": {
      "ends": [
        {
          "name": null,
          "nameFromProfiled": null,
          "description": null,
          "descriptionFromProfiled": null,
          "iri": null,
          "cardinality": [
            0,
            null
          ],
          "usageNote": null,
          "usageNoteFromProfiled": null,
          "profiling": [],
          "externalDocumentationUrl": null,
          "tags": [],
          "concept": "rug4doxs6wfm9jxqxsy"
        },
        {
          "name": {
            "cs": "je nespecifikovaný"
          },
          "nameFromProfiled": "https://slovník.gov.cz/generický/čas/pojem/je-nespecifikovaný",
          "description": {
            "cs": "Nespecifikovaný časový okamžik, u kterého se ví, že jeho hodnota je neznámá. Jedná se o pro interoperabilitu výrazně lepší variantu, než si neznámou hodnotou uměle stanovit na 3333-03-03 či 9999-09-09 apod. nebo hodnotu vynechat."
          },
          "descriptionFromProfiled": "https://slovník.gov.cz/generický/čas/pojem/je-nespecifikovaný",
          "iri": "ČasovýOkamžik.jeNespecifikovaný",
          "cardinality": [
            0,
            1
          ],
          "usageNote": {},
          "usageNoteFromProfiled": null,
          "profiling": [
            "https://slovník.gov.cz/generický/čas/pojem/je-nespecifikovaný"
          ],
          "externalDocumentationUrl": null,
          "tags": [
            "https://w3id.org/dsv/requirement-level#optional"
          ],
          "concept": "http://www.w3.org/2001/XMLSchema#boolean"
        }
      ],
      "id": "6fp4bg315jom9jxs2i9",
      "type": [
        "relationship-profile"
      ]
    },
    "ngmfpqclzobm9l9relu": {
      "id": "ngmfpqclzobm9l9relu",
      "type": [
        "relationship-profile"
      ],
      "ends": [
        {
          "name": null,
          "nameFromProfiled": null,
          "description": null,
          "descriptionFromProfiled": null,
          "iri": null,
          "cardinality": null,
          "usageNote": null,
          "usageNoteFromProfiled": null,
          "profiling": [],
          "externalDocumentationUrl": null,
          "tags": [],
          "concept": "ptstwho3tosm9ib4omy"
        },
        {
          "name": {
            "cs": "okamžik poslední změny"
          },
          "nameFromProfiled": "https://slovník.gov.cz/generický/datový-slovník-ofn-slovníků/pojem/okamžik-poslední-změny",
          "description": {},
          "descriptionFromProfiled": "https://slovník.gov.cz/generický/datový-slovník-ofn-slovníků/pojem/okamžik-poslední-změny",
          "iri": "Slovník.okamžikPosledníZměny",
          "cardinality": [
            0,
            1
          ],
          "usageNote": {},
          "usageNoteFromProfiled": null,
          "profiling": [
            "https://slovník.gov.cz/generický/datový-slovník-ofn-slovníků/pojem/okamžik-poslední-změny"
          ],
          "externalDocumentationUrl": null,
          "tags": [
            "https://w3id.org/dsv/requirement-level#mandatory"
          ],
          "concept": "rug4doxs6wfm9jxqxsy"
        }
      ]
    },
    "jjbalad349m9l9rmka": {
      "id": "jjbalad349m9l9rmka",
      "type": [
        "relationship-profile"
      ],
      "ends": [
        {
          "name": null,
          "nameFromProfiled": null,
          "description": null,
          "descriptionFromProfiled": null,
          "iri": null,
          "cardinality": null,
          "usageNote": null,
          "usageNoteFromProfiled": null,
          "profiling": [],
          "externalDocumentationUrl": null,
          "tags": [],
          "concept": "ptstwho3tosm9ib4omy"
        },
        {
          "name": {
            "cs": "okamžik vytvoření"
          },
          "nameFromProfiled": "https://slovník.gov.cz/generický/datový-slovník-ofn-slovníků/pojem/okamžik-vytvoření",
          "description": {},
          "descriptionFromProfiled": "https://slovník.gov.cz/generický/datový-slovník-ofn-slovníků/pojem/okamžik-vytvoření",
          "iri": "Slovník.okamžikVytvoření",
          "cardinality": [
            0,
            1
          ],
          "usageNote": {},
          "usageNoteFromProfiled": null,
          "profiling": [
            "https://slovník.gov.cz/generický/datový-slovník-ofn-slovníků/pojem/okamžik-vytvoření"
          ],
          "externalDocumentationUrl": null,
          "tags": [
            "https://w3id.org/dsv/requirement-level#mandatory"
          ],
          "concept": "rug4doxs6wfm9jxqxsy"
        }
      ]
    },
    "p1ljrd9cummb6cdf1h": {
      "id": "p1ljrd9cummb6cdf1h",
      "iri": null,
      "child": "l295zz8er0qm9iccbbw",
      "parent": "102gw4osjd3rm9ibdkxp",
      "type": [
        "generalization"
      ]
    },
    "p5q28or6momb6cdk8r": {
      "id": "p5q28or6momb6cdk8r",
      "iri": null,
      "child": "3i1d136n3t8m9icfptz",
      "parent": "102gw4osjd3rm9ibdkxp",
      "type": [
        "generalization"
      ]
    },
    "gkmm0n4t5cmb6hpy87": {
      "id": "gkmm0n4t5cmb6hpy87",
      "type": [
        "relationship-profile"
      ],
      "ends": [
        {
          "name": null,
          "nameFromProfiled": null,
          "description": null,
          "descriptionFromProfiled": null,
          "iri": null,
          "cardinality": null,
          "usageNote": null,
          "usageNoteFromProfiled": null,
          "profiling": [],
          "externalDocumentationUrl": null,
          "tags": [],
          "concept": "102gw4osjd3rm9ibdkxp"
        },
        {
          "name": {
            "cs": "je sdílen v propojeném datovém fondu"
          },
          "nameFromProfiled": null,
          "description": {},
          "descriptionFromProfiled": "0pn3tk6azpemb6hplg2",
          "iri": "Pojem.jeSdílenVPropojenémDatovémFondu",
          "cardinality": [
            0,
            1
          ],
          "usageNote": {},
          "usageNoteFromProfiled": null,
          "profiling": [
            "0pn3tk6azpemb6hplg2"
          ],
          "externalDocumentationUrl": null,
          "tags": [
            "https://w3id.org/dsv/requirement-level#optional"
          ],
          "concept": "http://www.w3.org/2001/XMLSchema#boolean"
        }
      ]
    },
    "hn57heec4egmde6brja": {
      "ends": [
        {
          "name": null,
          "nameFromProfiled": null,
          "description": null,
          "descriptionFromProfiled": null,
          "iri": null,
          "cardinality": [
            0,
            null
          ],
          "usageNote": null,
          "usageNoteFromProfiled": null,
          "profiling": [],
          "externalDocumentationUrl": null,
          "tags": [],
          "concept": "102gw4osjd3rm9ibdkxp"
        },
        {
          "name": {
            "en": "alternative label",
            "cs": "alternativní název"
          },
          "nameFromProfiled": null,
          "description": {
            "en": "skos:prefLabel, skos:altLabel and skos:hiddenLabel are pairwise disjoint properties.",
            "cs": "Alternativní název pojmu. Musí být jiný, než hlavní název."
          },
          "descriptionFromProfiled": null,
          "iri": "Pojem.alternativníNázev",
          "cardinality": [
            0,
            null
          ],
          "usageNote": {},
          "usageNoteFromProfiled": null,
          "profiling": [
            "http://www.w3.org/2004/02/skos/core#altLabel#attribute"
          ],
          "externalDocumentationUrl": null,
          "tags": [
            "https://w3id.org/dsv/requirement-level#optional"
          ],
          "concept": "http://www.w3.org/1999/02/22-rdf-syntax-ns#langString",
          "languageStringRequiredLanguages": []
        }
      ],
      "id": "hn57heec4egmde6brja",
      "type": [
        "relationship-profile"
      ]
    },
    "6f9s22aqru7mdihezvr": {
      "ends": [
        {
          "name": null,
          "nameFromProfiled": null,
          "description": null,
          "descriptionFromProfiled": null,
          "iri": null,
          "cardinality": null,
          "usageNote": null,
          "usageNoteFromProfiled": null,
          "profiling": [],
          "externalDocumentationUrl": null,
          "tags": [],
          "concept": "102gw4osjd3rm9ibdkxp"
        },
        {
          "name": {
            "cs": "související ustanovení"
          },
          "nameFromProfiled": "https://slovník.gov.cz/generický/datový-slovník-ofn-slovníků/pojem/související-ustanovení",
          "description": {
            "cs": "Ustanovení právního předpisu, které s daným pojmem souvisí."
          },
          "descriptionFromProfiled": "https://slovník.gov.cz/generický/datový-slovník-ofn-slovníků/pojem/související-ustanovení",
          "iri": "Pojem.souvisejícíUstanovení",
          "cardinality": [
            0,
            null
          ],
          "usageNote": {},
          "usageNoteFromProfiled": null,
          "profiling": [
            "https://slovník.gov.cz/generický/datový-slovník-ofn-slovníků/pojem/související-ustanovení"
          ],
          "externalDocumentationUrl": null,
          "tags": [
            "https://w3id.org/dsv/requirement-level#recommended"
          ],
          "concept": "kiyu8d9gejqm9ibtb34"
        }
      ],
      "id": "6f9s22aqru7mdihezvr",
      "type": [
        "relationship-profile"
      ]
    },
    "fba7ymppzlnmdihgbce": {
      "ends": [
        {
          "name": null,
          "nameFromProfiled": null,
          "description": null,
          "descriptionFromProfiled": null,
          "iri": null,
          "cardinality": null,
          "usageNote": null,
          "usageNoteFromProfiled": null,
          "profiling": [],
          "externalDocumentationUrl": null,
          "tags": [],
          "concept": "102gw4osjd3rm9ibdkxp"
        },
        {
          "name": {
            "cs": "definující ustanovení"
          },
          "nameFromProfiled": "https://slovník.gov.cz/generický/datový-slovník-ofn-slovníků/pojem/definující-ustanovení",
          "description": {
            "cs": "Ustanovení právního předpisu, ve kterém je pojem definován."
          },
          "descriptionFromProfiled": "https://slovník.gov.cz/generický/datový-slovník-ofn-slovníků/pojem/definující-ustanovení",
          "iri": "Pojem.definujícíUstanovení",
          "cardinality": [
            0,
            null
          ],
          "usageNote": {},
          "usageNoteFromProfiled": null,
          "profiling": [
            "https://slovník.gov.cz/generický/datový-slovník-ofn-slovníků/pojem/definující-ustanovení"
          ],
          "externalDocumentationUrl": null,
          "tags": [],
          "concept": "kiyu8d9gejqm9ibtb34"
        }
      ],
      "id": "fba7ymppzlnmdihgbce",
      "type": [
        "relationship-profile"
      ]
    },
    "ry4xcigzxicmdihj2fp": {
      "iri": "digitální-objekt",
      "profiling": [
        "https://slovník.gov.cz/generický/digitální-objekty/pojem/digitální-objekt"
      ],
      "name": {
        "cs": "Digitální objekt"
      },
      "nameFromProfiled": "https://slovník.gov.cz/generický/digitální-objekty/pojem/digitální-objekt",
      "description": {
        "cs": "Digitální objekt je objekt existující pouze v digitálním světě (např. databáze nebo datová sada) příp. se jedná o plně digitalizovaný objekt reálného světa (např. dokument, obrázek nebo kniha)."
      },
      "descriptionFromProfiled": "https://slovník.gov.cz/generický/digitální-objekty/pojem/digitální-objekt",
      "usageNote": {},
      "usageNoteFromProfiled": null,
      "externalDocumentationUrl": null,
      "tags": [
        "https://w3id.org/dsv/class-role#supportive"
      ],
      "id": "ry4xcigzxicmdihj2fp",
      "type": [
        "class-profile"
      ]
    },
    "ozes8k26hxsmdihnv6j": {
      "ends": [
        {
          "name": null,
          "nameFromProfiled": null,
          "description": null,
          "descriptionFromProfiled": null,
          "iri": null,
          "cardinality": null,
          "usageNote": null,
          "usageNoteFromProfiled": null,
          "profiling": [],
          "externalDocumentationUrl": null,
          "tags": [],
          "concept": "102gw4osjd3rm9ibdkxp"
        },
        {
          "name": {
            "cs": "související nelegislativní zdroj"
          },
          "nameFromProfiled": "https://slovník.gov.cz/generický/datový-slovník-ofn-slovníků/pojem/související-nelegislativní-zdroj",
          "description": {
            "cs": "Nelegislativní zdroj, který s daným pojmem souvisí."
          },
          "descriptionFromProfiled": "https://slovník.gov.cz/generický/datový-slovník-ofn-slovníků/pojem/související-nelegislativní-zdroj",
          "iri": "Pojem.souvisejícíNelegislativníZdroj",
          "cardinality": [
            0,
            null
          ],
          "usageNote": {},
          "usageNoteFromProfiled": null,
          "profiling": [
            "https://slovník.gov.cz/generický/datový-slovník-ofn-slovníků/pojem/související-nelegislativní-zdroj"
          ],
          "externalDocumentationUrl": null,
          "tags": [
            "https://w3id.org/dsv/requirement-level#optional"
          ],
          "concept": "ry4xcigzxicmdihj2fp"
        }
      ],
      "id": "ozes8k26hxsmdihnv6j",
      "type": [
        "relationship-profile"
      ]
    },
    "20ed8xf84hqmdihoato": {
      "ends": [
        {
          "name": null,
          "nameFromProfiled": null,
          "description": null,
          "descriptionFromProfiled": null,
          "iri": null,
          "cardinality": null,
          "usageNote": null,
          "usageNoteFromProfiled": null,
          "profiling": [],
          "externalDocumentationUrl": null,
          "tags": [],
          "concept": "102gw4osjd3rm9ibdkxp"
        },
        {
          "name": {
            "cs": "definující nelegislativní zdroj"
          },
          "nameFromProfiled": "https://slovník.gov.cz/generický/datový-slovník-ofn-slovníků/pojem/definující-nelegislativní-zdroj",
          "description": {
            "cs": "Nelegislativní zdroj, ve kterém je pojem definován."
          },
          "descriptionFromProfiled": "https://slovník.gov.cz/generický/datový-slovník-ofn-slovníků/pojem/definující-nelegislativní-zdroj",
          "iri": "Pojem.definujícíNelegislativníZdroj",
          "cardinality": [
            0,
            null
          ],
          "usageNote": {},
          "usageNoteFromProfiled": null,
          "profiling": [
            "https://slovník.gov.cz/generický/datový-slovník-ofn-slovníků/pojem/definující-nelegislativní-zdroj"
          ],
          "externalDocumentationUrl": null,
          "tags": [
            "https://w3id.org/dsv/requirement-level#optional"
          ],
          "concept": "ry4xcigzxicmdihj2fp"
        }
      ],
      "id": "20ed8xf84hqmdihoato",
      "type": [
        "relationship-profile"
      ]
    },
    "3v6p8fjw28smdihr76j": {
      "ends": [
        {
          "name": null,
          "nameFromProfiled": null,
          "description": null,
          "descriptionFromProfiled": null,
          "iri": null,
          "cardinality": [
            0,
            null
          ],
          "usageNote": null,
          "usageNoteFromProfiled": null,
          "profiling": [],
          "externalDocumentationUrl": null,
          "tags": [],
          "concept": "ry4xcigzxicmdihj2fp"
        },
        {
          "name": {
            "en": "Description",
            "cs": "popis"
          },
          "nameFromProfiled": null,
          "description": {
            "en": "An account of the resource.",
            "cs": "Popis digitálního objektu."
          },
          "descriptionFromProfiled": null,
          "iri": "DigitálníObjekt.popis",
          "cardinality": [
            0,
            1
          ],
          "usageNote": {},
          "usageNoteFromProfiled": null,
          "profiling": [
            "http://purl.org/dc/terms/description#attribute"
          ],
          "externalDocumentationUrl": null,
          "tags": [
            "https://w3id.org/dsv/requirement-level#optional"
          ],
          "concept": "https://ofn.gov.cz/zdroj/základní-datové-typy/2020-07-01/text"
        }
      ],
      "id": "3v6p8fjw28smdihr76j",
      "type": [
        "relationship-profile"
      ]
    },
    "iwon92913wmdihs494": {
      "ends": [
        {
          "name": null,
          "nameFromProfiled": null,
          "description": null,
          "descriptionFromProfiled": null,
          "iri": null,
          "cardinality": [
            0,
            null
          ],
          "usageNote": null,
          "usageNoteFromProfiled": null,
          "profiling": [],
          "externalDocumentationUrl": null,
          "tags": [],
          "concept": "ry4xcigzxicmdihj2fp"
        },
        {
          "name": {
            "en": "Title",
            "cs": "název"
          },
          "nameFromProfiled": null,
          "description": {
            "en": "A name given to the resource.",
            "cs": "Název digitálního objektu"
          },
          "descriptionFromProfiled": null,
          "iri": "DigitálníObjekt.název",
          "cardinality": [
            0,
            1
          ],
          "usageNote": {},
          "usageNoteFromProfiled": null,
          "profiling": [
            "http://purl.org/dc/terms/title"
          ],
          "externalDocumentationUrl": null,
          "tags": [
            "https://w3id.org/dsv/requirement-level#optional"
          ],
          "concept": "https://ofn.gov.cz/zdroj/základní-datové-typy/2020-07-01/text"
        }
      ],
      "id": "iwon92913wmdihs494",
      "type": [
        "relationship-profile"
      ]
    },
    "n4sdl92tsmgmdiji4z0": {
      "ends": [
        {
          "name": null,
          "nameFromProfiled": null,
          "description": null,
          "descriptionFromProfiled": null,
          "iri": null,
          "cardinality": [
            0,
            null
          ],
          "usageNote": null,
          "usageNoteFromProfiled": null,
          "profiling": [],
          "externalDocumentationUrl": null,
          "tags": [],
          "concept": "ry4xcigzxicmdihj2fp"
        },
        {
          "name": {
            "en": "downloadUrl",
            "cs": "URL ke stažení"
          },
          "nameFromProfiled": null,
          "description": {
            "en": "If the file can be downloaded, URL to download the binary.",
            "cs": "URL, ze kterého může být stažen digitální objekt"
          },
          "descriptionFromProfiled": null,
          "iri": "DigitálníObjekt.urlKeStažení",
          "cardinality": [
            0,
            1
          ],
          "usageNote": {},
          "usageNoteFromProfiled": null,
          "profiling": [
            "http://schema.org/url#attribute"
          ],
          "externalDocumentationUrl": null,
          "tags": [
            "https://w3id.org/dsv/requirement-level#optional"
          ],
          "concept": "http://www.w3.org/2001/XMLSchema#anyURI"
        }
      ],
      "id": "n4sdl92tsmgmdiji4z0",
      "type": [
        "relationship-profile"
      ]
    }
  }
}