{
  "iri": "815a5011-4023-4b81-a601-3b8c58d91652",
  "types": [
    "http://dataspecer.com/resources/local/semantic-model"
  ],
  "userMetadata": {
    "label": {
      "en": "Slovníky"
    },
    "description": {
      "en": "Semantic model for the vocabulary"
    }
  },
  "metadata": {
    "creationDate": "2025-07-23T06:39:04.745Z",
    "modificationDate": "2026-01-08T09:45:26.546Z"
  },
  "_version": 1,
  "_exportVersion": 1,
  "_exportedAt": "2026-01-08T09:46:15.081Z",
  "_exportedBy": "http://localhost:3100"
}