{
  "iri": "90937dfe-9d78-4dc9-b71c-de81f1ffa240",
  "types": [
    "http://dataspecer.com/resources/v1/psm"
  ],
  "userMetadata": {
    "label": {
      "cs": "Anotace pro registr práv a povinností"
    },
    "description": {
      "cs": "Datová struktura pro Tezaurus s Anotacemi pro registr práv a povinností. Tezaurus je nejjednodušším typem slovníku."
    }
  },
  "metadata": {
    "creationDate": "2025-07-23T06:39:06.610Z",
    "modificationDate": "2026-01-07T14:49:52.457Z"
  },
  "_version": 1,
  "_exportVersion": 1,
  "_exportedAt": "2026-01-07T14:51:15.482Z",
  "_exportedBy": "http://localhost:3100"
}