{
  "operations": [
    {
      "types": [
        "core-operation",
        "https://ofn.gov.cz/slovník/psm/CreateClass"
      ],
      "iri": "https://ofn.gov.cz/operation/1748339591962-eacf-d5c0-a5bf",
      "parent": null,
      "dataPsmNewIri": null,
      "dataPsmInterpretation": "20z8w78vvlsm9ibi6q7",
      "dataPsmTechnicalLabel": "konceptuální-model",
      "dataPsmHumanLabel": null,
      "dataPsmHumanDescription": null,
      "dataPsmExtends": [],
      "dataPsmIsClosed": null
    },
    {
      "types": [
        "core-operation",
        "https://ofn.gov.cz/slovník/psm/SetRoots"
      ],
      "iri": "https://ofn.gov.cz/operation/1748339592012-e516-02b4-849c",
      "parent": "https://ofn.gov.cz/operation/1748339591962-eacf-d5c0-a5bf",
      "dataPsmRoots": [
        "https://ofn.gov.cz/class/1748339591961-9ebf-4eb6-82dc"
      ]
    },
    {
      "types": [
        "core-operation",
        "https://ofn.gov.cz/slovník/psm/SetHumanLabel"
      ],
      "iri": "https://ofn.gov.cz/operation/1748339592054-b46b-f815-9035",
      "parent": "https://ofn.gov.cz/operation/1748339592012-e516-02b4-849c",
      "dataPsmResource": "9114d1ba-fb24-4b8b-972f-fda1744b47c6",
      "dataPsmHumanLabel": {
        "en": "Ontology",
        "cs": "Konceptuální model"
      }
    },
    {
      "types": [
        "core-operation",
        "https://ofn.gov.cz/slovník/psm/SetHumanDescription"
      ],
      "iri": "https://ofn.gov.cz/operation/1748339592091-8819-524a-aca9",
      "parent": "https://ofn.gov.cz/operation/1748339592054-b46b-f815-9035",
      "dataPsmResource": "9114d1ba-fb24-4b8b-972f-fda1744b47c6",
      "dataPsmHumanDescription": {
        "en": "Data structure for Ontology. The class of ontologies.",
        "cs": "Datová struktura pro Konceptuální model. Na této úrovni rozlišujeme pojmy, které reprezentují\n- třídy reprezentující typy subjektů a objektů práva,\n- vztahy mezi dvěma subjekty či objekty práva,\n- vlastnosti subjektů a objektů práva."
      }
    },
    {
      "types": [
        "core-operation",
        "https://ofn.gov.cz/slovník/psm/CreateClass"
      ],
      "iri": "https://ofn.gov.cz/operation/1748339615322-aed2-cdf0-8732",
      "parent": "https://ofn.gov.cz/operation/1748339592091-8819-524a-aca9",
      "dataPsmNewIri": null,
      "dataPsmInterpretation": "102gw4osjd3rm9ibdkxp",
      "dataPsmTechnicalLabel": "pojem",
      "dataPsmHumanLabel": null,
      "dataPsmHumanDescription": null,
      "dataPsmExtends": [],
      "dataPsmIsClosed": null
    },
    {
      "types": [
        "core-operation",
        "https://ofn.gov.cz/slovník/psm/CreateAssociationEnd"
      ],
      "iri": "https://ofn.gov.cz/operation/1748339615357-aea6-6555-b1f3",
      "parent": "https://ofn.gov.cz/operation/1748339615322-aed2-cdf0-8732",
      "dataPsmNewIri": null,
      "dataPsmInterpretation": "pg2qpy5ymmdm9ibfrd6",
      "dataPsmTechnicalLabel": "je-v-tezauru",
      "dataPsmHumanLabel": null,
      "dataPsmHumanDescription": null,
      "dataPsmOwner": "https://ofn.gov.cz/class/1748339591961-9ebf-4eb6-82dc",
      "dataPsmPart": "https://ofn.gov.cz/class/1748339615322-1b55-c9d1-af68",
      "dataPsmIsReverse": true,
      "dataPsmIsDematerialize": null
    },
    {
      "types": [
        "core-operation",
        "https://ofn.gov.cz/slovník/psm/CreateAttribute"
      ],
      "iri": "https://ofn.gov.cz/operation/1748339615394-c2bd-c7db-8cfe",
      "parent": "https://ofn.gov.cz/operation/1748339615357-aea6-6555-b1f3",
      "dataPsmNewIri": null,
      "dataPsmInterpretation": "18iz808lfd9m9ib6nnk",
      "dataPsmTechnicalLabel": "popis",
      "dataPsmHumanLabel": null,
      "dataPsmHumanDescription": null,
      "dataPsmOwner": "https://ofn.gov.cz/class/1748339591961-9ebf-4eb6-82dc",
      "dataPsmDatatype": "https://ofn.gov.cz/zdroj/základní-datové-typy/2020-07-01/text"
    },
    {
      "types": [
        "core-operation",
        "https://ofn.gov.cz/slovník/psm/CreateAttribute"
      ],
      "iri": "https://ofn.gov.cz/operation/1748339615449-5d0c-ac83-9058",
      "parent": "https://ofn.gov.cz/operation/1748339615394-c2bd-c7db-8cfe",
      "dataPsmNewIri": null,
      "dataPsmInterpretation": "2ynzqcmfszmm9ib60al",
      "dataPsmTechnicalLabel": "název",
      "dataPsmHumanLabel": null,
      "dataPsmHumanDescription": null,
      "dataPsmOwner": "https://ofn.gov.cz/class/1748339591961-9ebf-4eb6-82dc",
      "dataPsmDatatype": "https://ofn.gov.cz/zdroj/základní-datové-typy/2020-07-01/text"
    },
    {
      "types": [
        "core-operation",
        "https://ofn.gov.cz/slovník/psm/CreateClass"
      ],
      "iri": "https://ofn.gov.cz/operation/1748339615486-e76e-8625-81ff",
      "parent": "https://ofn.gov.cz/operation/1748339615449-5d0c-ac83-9058",
      "dataPsmNewIri": null,
      "dataPsmInterpretation": "rug4doxs6wfm9jxqxsy",
      "dataPsmTechnicalLabel": "časový-okamžik",
      "dataPsmHumanLabel": null,
      "dataPsmHumanDescription": null,
      "dataPsmExtends": [],
      "dataPsmIsClosed": null
    },
    {
      "types": [
        "core-operation",
        "https://ofn.gov.cz/slovník/psm/CreateAssociationEnd"
      ],
      "iri": "https://ofn.gov.cz/operation/1748339615520-b17c-df1b-9b19",
      "parent": "https://ofn.gov.cz/operation/1748339615486-e76e-8625-81ff",
      "dataPsmNewIri": null,
      "dataPsmInterpretation": "jjbalad349m9l9rmka",
      "dataPsmTechnicalLabel": "okamžik-vytvoření",
      "dataPsmHumanLabel": null,
      "dataPsmHumanDescription": null,
      "dataPsmOwner": "https://ofn.gov.cz/class/1748339591961-9ebf-4eb6-82dc",
      "dataPsmPart": "https://ofn.gov.cz/class/1748339615486-1e87-4605-9a3e",
      "dataPsmIsReverse": false,
      "dataPsmIsDematerialize": null
    },
    {
      "types": [
        "core-operation",
        "https://ofn.gov.cz/slovník/psm/CreateClass"
      ],
      "iri": "https://ofn.gov.cz/operation/1748339615559-8bce-5a2b-b268",
      "parent": "https://ofn.gov.cz/operation/1748339615520-b17c-df1b-9b19",
      "dataPsmNewIri": null,
      "dataPsmInterpretation": "rug4doxs6wfm9jxqxsy",
      "dataPsmTechnicalLabel": "časový-okamžik",
      "dataPsmHumanLabel": null,
      "dataPsmHumanDescription": null,
      "dataPsmExtends": [],
      "dataPsmIsClosed": null
    },
    {
      "types": [
        "core-operation",
        "https://ofn.gov.cz/slovník/psm/CreateAssociationEnd"
      ],
      "iri": "https://ofn.gov.cz/operation/1748339615596-38a1-1da1-9200",
      "parent": "https://ofn.gov.cz/operation/1748339615559-8bce-5a2b-b268",
      "dataPsmNewIri": null,
      "dataPsmInterpretation": "ngmfpqclzobm9l9relu",
      "dataPsmTechnicalLabel": "okamžik-poslední-změny",
      "dataPsmHumanLabel": null,
      "dataPsmHumanDescription": null,
      "dataPsmOwner": "https://ofn.gov.cz/class/1748339591961-9ebf-4eb6-82dc",
      "dataPsmPart": "https://ofn.gov.cz/class/1748339615559-4c9a-fc9b-9f5c",
      "dataPsmIsReverse": false,
      "dataPsmIsDematerialize": null
    },
    {
      "types": [
        "core-operation",
        "https://ofn.gov.cz/slovník/psm/SetOrder"
      ],
      "iri": "https://ofn.gov.cz/operation/1748339618235-ab62-5a95-9076",
      "parent": "https://ofn.gov.cz/operation/1748339615596-38a1-1da1-9200",
      "dataPsmOwnerClass": "https://ofn.gov.cz/class/1748339591961-9ebf-4eb6-82dc",
      "dataPsmResourceToMove": "https://ofn.gov.cz/attribute/1748339615449-4bb3-c612-bced",
      "dataPsmMoveAfter": null
    },
    {
      "types": [
        "core-operation",
        "https://ofn.gov.cz/slovník/psm/SetOrder"
      ],
      "iri": "https://ofn.gov.cz/operation/1748339619247-afec-d4e3-bbbf",
      "parent": "https://ofn.gov.cz/operation/1748339618235-ab62-5a95-9076",
      "dataPsmOwnerClass": "https://ofn.gov.cz/class/1748339591961-9ebf-4eb6-82dc",
      "dataPsmResourceToMove": "https://ofn.gov.cz/attribute/1748339615394-becf-1f6c-9146",
      "dataPsmMoveAfter": "https://ofn.gov.cz/attribute/1748339615449-4bb3-c612-bced"
    },
    {
      "types": [
        "core-operation",
        "https://ofn.gov.cz/slovník/psm/SetOrder"
      ],
      "iri": "https://ofn.gov.cz/operation/1748339621318-37b2-7873-b8cd",
      "parent": "https://ofn.gov.cz/operation/1748339619247-afec-d4e3-bbbf",
      "dataPsmOwnerClass": "https://ofn.gov.cz/class/1748339591961-9ebf-4eb6-82dc",
      "dataPsmResourceToMove": "https://ofn.gov.cz/association/1748339615520-29b9-5385-a104",
      "dataPsmMoveAfter": "https://ofn.gov.cz/attribute/1748339615394-becf-1f6c-9146"
    },
    {
      "types": [
        "core-operation",
        "https://ofn.gov.cz/slovník/psm/SetOrder"
      ],
      "iri": "https://ofn.gov.cz/operation/1748339622037-268a-668f-b133",
      "parent": "https://ofn.gov.cz/operation/1748339621318-37b2-7873-b8cd",
      "dataPsmOwnerClass": "https://ofn.gov.cz/class/1748339591961-9ebf-4eb6-82dc",
      "dataPsmResourceToMove": "https://ofn.gov.cz/association/1748339615596-7e6e-8102-a2da",
      "dataPsmMoveAfter": "https://ofn.gov.cz/association/1748339615520-29b9-5385-a104"
    },
    {
      "types": [
        "core-operation",
        "https://ofn.gov.cz/slovník/psm/SetTechnicalLabel"
      ],
      "iri": "https://ofn.gov.cz/operation/1748339638369-d622-6536-b25b",
      "parent": "https://ofn.gov.cz/operation/1748339622037-268a-668f-b133",
      "dataPsmResource": "https://ofn.gov.cz/association/1748339615520-29b9-5385-a104",
      "dataPsmTechnicalLabel": "vytvořeno"
    },
    {
      "types": [
        "core-operation",
        "https://ofn.gov.cz/slovník/psm/SetTechnicalLabel"
      ],
      "iri": "https://ofn.gov.cz/operation/1748339645524-32c1-3069-b863",
      "parent": "https://ofn.gov.cz/operation/1748339638369-d622-6536-b25b",
      "dataPsmResource": "https://ofn.gov.cz/association/1748339615596-7e6e-8102-a2da",
      "dataPsmTechnicalLabel": "aktualizováno"
    },
    {
      "types": [
        "core-operation",
        "https://ofn.gov.cz/slovník/psm/CreateAttribute"
      ],
      "iri": "https://ofn.gov.cz/operation/1748339649655-8d53-2f80-9a39",
      "parent": "https://ofn.gov.cz/operation/1748339645524-32c1-3069-b863",
      "dataPsmNewIri": null,
      "dataPsmInterpretation": "6fp4bg315jom9jxs2i9",
      "dataPsmTechnicalLabel": "je-nespecifikovaný",
      "dataPsmHumanLabel": null,
      "dataPsmHumanDescription": null,
      "dataPsmOwner": "https://ofn.gov.cz/class/1748339615486-1e87-4605-9a3e",
      "dataPsmDatatype": "http://www.w3.org/2001/XMLSchema#boolean"
    },
    {
      "types": [
        "core-operation",
        "https://ofn.gov.cz/slovník/psm/CreateAttribute"
      ],
      "iri": "https://ofn.gov.cz/operation/1748339649696-7b9b-013a-9893",
      "parent": "https://ofn.gov.cz/operation/1748339649655-8d53-2f80-9a39",
      "dataPsmNewIri": null,
      "dataPsmInterpretation": "0fls5k4qesp5m9jxrrl6",
      "dataPsmTechnicalLabel": "datum-a-čas",
      "dataPsmHumanLabel": null,
      "dataPsmHumanDescription": null,
      "dataPsmOwner": "https://ofn.gov.cz/class/1748339615486-1e87-4605-9a3e",
      "dataPsmDatatype": "http://www.w3.org/2001/XMLSchema#dateTime"
    },
    {
      "types": [
        "core-operation",
        "https://ofn.gov.cz/slovník/psm/CreateAttribute"
      ],
      "iri": "https://ofn.gov.cz/operation/1748339649735-5502-c1ae-b376",
      "parent": "https://ofn.gov.cz/operation/1748339649696-7b9b-013a-9893",
      "dataPsmNewIri": null,
      "dataPsmInterpretation": "4ee912iphv7m9jxrjjm",
      "dataPsmTechnicalLabel": "datum",
      "dataPsmHumanLabel": null,
      "dataPsmHumanDescription": null,
      "dataPsmOwner": "https://ofn.gov.cz/class/1748339615486-1e87-4605-9a3e",
      "dataPsmDatatype": "http://www.w3.org/2001/XMLSchema#date"
    },
    {
      "types": [
        "core-operation",
        "https://ofn.gov.cz/slovník/psm/CreateAttribute"
      ],
      "iri": "https://ofn.gov.cz/operation/1748339653512-ea60-d4e2-a818",
      "parent": "https://ofn.gov.cz/operation/1748339649735-5502-c1ae-b376",
      "dataPsmNewIri": null,
      "dataPsmInterpretation": "6fp4bg315jom9jxs2i9",
      "dataPsmTechnicalLabel": "je-nespecifikovaný",
      "dataPsmHumanLabel": null,
      "dataPsmHumanDescription": null,
      "dataPsmOwner": "https://ofn.gov.cz/class/1748339615559-4c9a-fc9b-9f5c",
      "dataPsmDatatype": "http://www.w3.org/2001/XMLSchema#boolean"
    },
    {
      "types": [
        "core-operation",
        "https://ofn.gov.cz/slovník/psm/CreateAttribute"
      ],
      "iri": "https://ofn.gov.cz/operation/1748339653553-b39e-b959-9b25",
      "parent": "https://ofn.gov.cz/operation/1748339653512-ea60-d4e2-a818",
      "dataPsmNewIri": null,
      "dataPsmInterpretation": "0fls5k4qesp5m9jxrrl6",
      "dataPsmTechnicalLabel": "datum-a-čas",
      "dataPsmHumanLabel": null,
      "dataPsmHumanDescription": null,
      "dataPsmOwner": "https://ofn.gov.cz/class/1748339615559-4c9a-fc9b-9f5c",
      "dataPsmDatatype": "http://www.w3.org/2001/XMLSchema#dateTime"
    },
    {
      "types": [
        "core-operation",
        "https://ofn.gov.cz/slovník/psm/CreateAttribute"
      ],
      "iri": "https://ofn.gov.cz/operation/1748339653594-ef19-0c8c-b27e",
      "parent": "https://ofn.gov.cz/operation/1748339653553-b39e-b959-9b25",
      "dataPsmNewIri": null,
      "dataPsmInterpretation": "4ee912iphv7m9jxrjjm",
      "dataPsmTechnicalLabel": "datum",
      "dataPsmHumanLabel": null,
      "dataPsmHumanDescription": null,
      "dataPsmOwner": "https://ofn.gov.cz/class/1748339615559-4c9a-fc9b-9f5c",
      "dataPsmDatatype": "http://www.w3.org/2001/XMLSchema#date"
    },
    {
      "types": [
        "core-operation",
        "https://ofn.gov.cz/slovník/psm/SetTechnicalLabel"
      ],
      "iri": "https://ofn.gov.cz/operation/1748339679253-2c65-5c56-878c",
      "parent": "https://ofn.gov.cz/operation/1748339653594-ef19-0c8c-b27e",
      "dataPsmResource": "https://ofn.gov.cz/attribute/1748339649655-a9e7-555e-8b0b",
      "dataPsmTechnicalLabel": "je_nespecifikovaný"
    },
    {
      "types": [
        "core-operation",
        "https://ofn.gov.cz/slovník/psm/SetTechnicalLabel"
      ],
      "iri": "https://ofn.gov.cz/operation/1748339683984-83cb-dc28-b2bd",
      "parent": "https://ofn.gov.cz/operation/1748339679253-2c65-5c56-878c",
      "dataPsmResource": "https://ofn.gov.cz/attribute/1748339649696-77f8-8d86-9ac4",
      "dataPsmTechnicalLabel": "datum_a_čas"
    },
    {
      "types": [
        "core-operation",
        "https://ofn.gov.cz/slovník/psm/SetTechnicalLabel"
      ],
      "iri": "https://ofn.gov.cz/operation/1748339687997-7240-3cf5-a8b3",
      "parent": "https://ofn.gov.cz/operation/1748339683984-83cb-dc28-b2bd",
      "dataPsmResource": "https://ofn.gov.cz/attribute/1748339653553-ccc8-4cb5-94cc",
      "dataPsmTechnicalLabel": "datum_a_čas"
    },
    {
      "types": [
        "core-operation",
        "https://ofn.gov.cz/slovník/psm/SetTechnicalLabel"
      ],
      "iri": "https://ofn.gov.cz/operation/1748339692623-3d57-b16c-ad0a",
      "parent": "https://ofn.gov.cz/operation/1748339687997-7240-3cf5-a8b3",
      "dataPsmResource": "https://ofn.gov.cz/attribute/1748339653512-338d-d1b9-96d9",
      "dataPsmTechnicalLabel": "je_nespecifikovaný"
    },
    {
      "types": [
        "core-operation",
        "https://ofn.gov.cz/slovník/psm/SetTechnicalLabel"
      ],
      "iri": "https://ofn.gov.cz/operation/1748341060475-fbcd-63cd-bebf",
      "parent": "https://ofn.gov.cz/operation/1748339692623-3d57-b16c-ad0a",
      "dataPsmResource": "https://ofn.gov.cz/association/1748339615356-065b-e893-9b7c",
      "dataPsmTechnicalLabel": "pojmy"
    },
    {
      "types": [
        "core-operation",
        "https://ofn.gov.cz/slovník/psm/CreateAttribute"
      ],
      "iri": "https://ofn.gov.cz/operation/1748341071515-8999-d2dc-a2fa",
      "parent": "https://ofn.gov.cz/operation/1748341060475-fbcd-63cd-bebf",
      "dataPsmNewIri": null,
      "dataPsmInterpretation": "z9q9byb7wjim9ibmksb",
      "dataPsmTechnicalLabel": "název",
      "dataPsmHumanLabel": null,
      "dataPsmHumanDescription": null,
      "dataPsmOwner": "https://ofn.gov.cz/class/1748339615322-1b55-c9d1-af68",
      "dataPsmDatatype": "https://ofn.gov.cz/zdroj/základní-datové-typy/2020-07-01/text"
    },
    {
      "types": [
        "core-operation",
        "https://ofn.gov.cz/slovník/psm/CreateAttribute"
      ],
      "iri": "https://ofn.gov.cz/operation/1748341071567-85a0-124e-b871",
      "parent": "https://ofn.gov.cz/operation/1748341071515-8999-d2dc-a2fa",
      "dataPsmNewIri": null,
      "dataPsmInterpretation": "lbvcpjryvzim9ibnir9",
      "dataPsmTechnicalLabel": "popis",
      "dataPsmHumanLabel": null,
      "dataPsmHumanDescription": null,
      "dataPsmOwner": "https://ofn.gov.cz/class/1748339615322-1b55-c9d1-af68",
      "dataPsmDatatype": "https://ofn.gov.cz/zdroj/základní-datové-typy/2020-07-01/text"
    },
    {
      "types": [
        "core-operation",
        "https://ofn.gov.cz/slovník/psm/CreateAttribute"
      ],
      "iri": "https://ofn.gov.cz/operation/1748341071617-7713-efe6-9143",
      "parent": "https://ofn.gov.cz/operation/1748341071567-85a0-124e-b871",
      "dataPsmNewIri": null,
      "dataPsmInterpretation": "c54rm58496mm9iboguy",
      "dataPsmTechnicalLabel": "definice",
      "dataPsmHumanLabel": null,
      "dataPsmHumanDescription": null,
      "dataPsmOwner": "https://ofn.gov.cz/class/1748339615322-1b55-c9d1-af68",
      "dataPsmDatatype": "https://ofn.gov.cz/zdroj/základní-datové-typy/2020-07-01/text"
    },
    {
      "types": [
        "core-operation",
        "https://ofn.gov.cz/slovník/psm/DeleteAttribute"
      ],
      "iri": "https://ofn.gov.cz/operation/1748341075623-4877-3337-b0dd",
      "parent": "https://ofn.gov.cz/operation/1748341071617-7713-efe6-9143",
      "dataPsmOwner": "https://ofn.gov.cz/class/1748339615322-1b55-c9d1-af68",
      "dataPsmAttribute": "https://ofn.gov.cz/attribute/1748341071515-1b5d-aca8-899c"
    },
    {
      "types": [
        "core-operation",
        "https://ofn.gov.cz/slovník/psm/DeleteAttribute"
      ],
      "iri": "https://ofn.gov.cz/operation/1748341076071-fa87-c216-bcee",
      "parent": "https://ofn.gov.cz/operation/1748341075623-4877-3337-b0dd",
      "dataPsmOwner": "https://ofn.gov.cz/class/1748339615322-1b55-c9d1-af68",
      "dataPsmAttribute": "https://ofn.gov.cz/attribute/1748341071567-5d53-bed9-87a2"
    },
    {
      "types": [
        "core-operation",
        "https://ofn.gov.cz/slovník/psm/DeleteAttribute"
      ],
      "iri": "https://ofn.gov.cz/operation/1748341077091-5459-8b41-b06d",
      "parent": "https://ofn.gov.cz/operation/1748341076071-fa87-c216-bcee",
      "dataPsmOwner": "https://ofn.gov.cz/class/1748339615322-1b55-c9d1-af68",
      "dataPsmAttribute": "https://ofn.gov.cz/attribute/1748341071617-9d13-80bd-8bf5"
    },
    {
      "types": [
        "core-operation",
        "https://ofn.gov.cz/slovník/psm/WrapWithOr"
      ],
      "iri": "https://ofn.gov.cz/operation/1748341081593-475b-20ee-835d",
      "parent": "https://ofn.gov.cz/operation/1748341077091-5459-8b41-b06d",
      "dataPsmNewIri": null,
      "dataPsmChild": "https://ofn.gov.cz/class/1748339615322-1b55-c9d1-af68"
    },
    {
      "types": [
        "core-operation",
        "https://ofn.gov.cz/slovník/psm/CreateClass"
      ],
      "iri": "https://ofn.gov.cz/operation/1748341081639-689e-3d80-962b",
      "parent": "https://ofn.gov.cz/operation/1748341081593-475b-20ee-835d",
      "dataPsmNewIri": null,
      "dataPsmInterpretation": "g5n00n4kt4hm9ic2b42",
      "dataPsmTechnicalLabel": "třída",
      "dataPsmHumanLabel": null,
      "dataPsmHumanDescription": null,
      "dataPsmExtends": [],
      "dataPsmIsClosed": null
    },
    {
      "types": [
        "core-operation",
        "https://ofn.gov.cz/slovník/psm/SetChoice"
      ],
      "iri": "https://ofn.gov.cz/operation/1748341081687-0fa1-acd3-be0c",
      "parent": "https://ofn.gov.cz/operation/1748341081639-689e-3d80-962b",
      "dataPsmOr": "https://ofn.gov.cz/or/1748341081593-402e-d288-901d",
      "dataPsmChoice": "https://ofn.gov.cz/class/1748341081637-3f75-ec98-bc7c"
    },
    {
      "types": [
        "core-operation",
        "https://ofn.gov.cz/slovník/psm/CreateInclude"
      ],
      "iri": "https://ofn.gov.cz/operation/1748341081693-2f2e-254c-a390",
      "parent": "https://ofn.gov.cz/operation/1748341081687-0fa1-acd3-be0c",
      "dataPsmNewIri": null,
      "dataPsmOwner": "https://ofn.gov.cz/class/1748341081637-3f75-ec98-bc7c",
      "dataPsmIncludes": "https://ofn.gov.cz/class/1748339615322-1b55-c9d1-af68"
    },
    {
      "types": [
        "core-operation",
        "https://ofn.gov.cz/slovník/psm/CreateClass"
      ],
      "iri": "https://ofn.gov.cz/operation/1748341093930-cb96-6b60-894c",
      "parent": "https://ofn.gov.cz/operation/1748341081693-2f2e-254c-a390",
      "dataPsmNewIri": null,
      "dataPsmInterpretation": "l295zz8er0qm9iccbbw",
      "dataPsmTechnicalLabel": "vztah",
      "dataPsmHumanLabel": null,
      "dataPsmHumanDescription": null,
      "dataPsmExtends": [],
      "dataPsmIsClosed": null
    },
    {
      "types": [
        "core-operation",
        "https://ofn.gov.cz/slovník/psm/SetChoice"
      ],
      "iri": "https://ofn.gov.cz/operation/1748341093972-0c80-0ab5-ac56",
      "parent": "https://ofn.gov.cz/operation/1748341093930-cb96-6b60-894c",
      "dataPsmOr": "https://ofn.gov.cz/or/1748341081593-402e-d288-901d",
      "dataPsmChoice": "https://ofn.gov.cz/class/1748341093930-4872-6cfd-8646"
    },
    {
      "types": [
        "core-operation",
        "https://ofn.gov.cz/slovník/psm/CreateInclude"
      ],
      "iri": "https://ofn.gov.cz/operation/1748341093974-1315-3180-802b",
      "parent": "https://ofn.gov.cz/operation/1748341093972-0c80-0ab5-ac56",
      "dataPsmNewIri": null,
      "dataPsmOwner": "https://ofn.gov.cz/class/1748341093930-4872-6cfd-8646",
      "dataPsmIncludes": "https://ofn.gov.cz/class/1748339615322-1b55-c9d1-af68"
    },
    {
      "types": [
        "core-operation",
        "https://ofn.gov.cz/slovník/psm/CreateClass"
      ],
      "iri": "https://ofn.gov.cz/operation/1748341098506-7a79-56ee-a16c",
      "parent": "https://ofn.gov.cz/operation/1748341093974-1315-3180-802b",
      "dataPsmNewIri": null,
      "dataPsmInterpretation": "3i1d136n3t8m9icfptz",
      "dataPsmTechnicalLabel": "vlastnost",
      "dataPsmHumanLabel": null,
      "dataPsmHumanDescription": null,
      "dataPsmExtends": [],
      "dataPsmIsClosed": null
    },
    {
      "types": [
        "core-operation",
        "https://ofn.gov.cz/slovník/psm/SetChoice"
      ],
      "iri": "https://ofn.gov.cz/operation/1748341098549-857d-55ec-8661",
      "parent": "https://ofn.gov.cz/operation/1748341098506-7a79-56ee-a16c",
      "dataPsmOr": "https://ofn.gov.cz/or/1748341081593-402e-d288-901d",
      "dataPsmChoice": "https://ofn.gov.cz/class/1748341098506-a6ec-b056-8e7d"
    },
    {
      "types": [
        "core-operation",
        "https://ofn.gov.cz/slovník/psm/CreateInclude"
      ],
      "iri": "https://ofn.gov.cz/operation/1748341098551-bf3e-fd9e-9ab5",
      "parent": "https://ofn.gov.cz/operation/1748341098549-857d-55ec-8661",
      "dataPsmNewIri": null,
      "dataPsmOwner": "https://ofn.gov.cz/class/1748341098506-a6ec-b056-8e7d",
      "dataPsmIncludes": "https://ofn.gov.cz/class/1748339615322-1b55-c9d1-af68"
    },
    {
      "types": [
        "core-operation",
        "https://ofn.gov.cz/slovník/psm/CreateAttribute"
      ],
      "iri": "https://ofn.gov.cz/operation/1748341322098-5100-f43f-8884",
      "parent": "https://ofn.gov.cz/operation/1748341098551-bf3e-fd9e-9ab5",
      "dataPsmNewIri": null,
      "dataPsmInterpretation": "z9q9byb7wjim9ibmksb",
      "dataPsmTechnicalLabel": "název",
      "dataPsmHumanLabel": null,
      "dataPsmHumanDescription": null,
      "dataPsmOwner": "https://ofn.gov.cz/class/1748339615322-1b55-c9d1-af68",
      "dataPsmDatatype": "https://ofn.gov.cz/zdroj/základní-datové-typy/2020-07-01/text"
    },
    {
      "types": [
        "core-operation",
        "https://ofn.gov.cz/slovník/psm/CreateAttribute"
      ],
      "iri": "https://ofn.gov.cz/operation/1748341322146-7f33-e44a-922e",
      "parent": "https://ofn.gov.cz/operation/1748341322098-5100-f43f-8884",
      "dataPsmNewIri": null,
      "dataPsmInterpretation": "lbvcpjryvzim9ibnir9",
      "dataPsmTechnicalLabel": "popis",
      "dataPsmHumanLabel": null,
      "dataPsmHumanDescription": null,
      "dataPsmOwner": "https://ofn.gov.cz/class/1748339615322-1b55-c9d1-af68",
      "dataPsmDatatype": "https://ofn.gov.cz/zdroj/základní-datové-typy/2020-07-01/text"
    },
    {
      "types": [
        "core-operation",
        "https://ofn.gov.cz/slovník/psm/CreateAttribute"
      ],
      "iri": "https://ofn.gov.cz/operation/1748341322194-c51c-be1f-a838",
      "parent": "https://ofn.gov.cz/operation/1748341322146-7f33-e44a-922e",
      "dataPsmNewIri": null,
      "dataPsmInterpretation": "c54rm58496mm9iboguy",
      "dataPsmTechnicalLabel": "definice",
      "dataPsmHumanLabel": null,
      "dataPsmHumanDescription": null,
      "dataPsmOwner": "https://ofn.gov.cz/class/1748339615322-1b55-c9d1-af68",
      "dataPsmDatatype": "https://ofn.gov.cz/zdroj/základní-datové-typy/2020-07-01/text"
    },
    {
      "types": [
        "core-operation",
        "https://ofn.gov.cz/slovník/psm/CreateClass"
      ],
      "iri": "https://ofn.gov.cz/operation/1748341322238-4dae-a56e-8878",
      "parent": "https://ofn.gov.cz/operation/1748341322194-c51c-be1f-a838",
      "dataPsmNewIri": null,
      "dataPsmInterpretation": "kiyu8d9gejqm9ibtb34",
      "dataPsmTechnicalLabel": "ustanovení",
      "dataPsmHumanLabel": null,
      "dataPsmHumanDescription": null,
      "dataPsmExtends": [],
      "dataPsmIsClosed": null
    },
    {
      "types": [
        "core-operation",
        "https://ofn.gov.cz/slovník/psm/CreateAssociationEnd"
      ],
      "iri": "https://ofn.gov.cz/operation/1748341322279-c6b7-a776-8d12",
      "parent": "https://ofn.gov.cz/operation/1748341322238-4dae-a56e-8878",
      "dataPsmNewIri": null,
      "dataPsmInterpretation": "2pglzgyzf43m9ibvkeh",
      "dataPsmTechnicalLabel": "definující-ustanovení-právního-předpisu",
      "dataPsmHumanLabel": null,
      "dataPsmHumanDescription": null,
      "dataPsmOwner": "https://ofn.gov.cz/class/1748339615322-1b55-c9d1-af68",
      "dataPsmPart": "https://ofn.gov.cz/class/1748341322238-43e5-5603-842c",
      "dataPsmIsReverse": false,
      "dataPsmIsDematerialize": null
    },
    {
      "types": [
        "core-operation",
        "https://ofn.gov.cz/slovník/psm/CreateClass"
      ],
      "iri": "https://ofn.gov.cz/operation/1748341322325-3575-4b4c-81b7",
      "parent": "https://ofn.gov.cz/operation/1748341322279-c6b7-a776-8d12",
      "dataPsmNewIri": null,
      "dataPsmInterpretation": "kiyu8d9gejqm9ibtb34",
      "dataPsmTechnicalLabel": "ustanovení",
      "dataPsmHumanLabel": null,
      "dataPsmHumanDescription": null,
      "dataPsmExtends": [],
      "dataPsmIsClosed": null
    },
    {
      "types": [
        "core-operation",
        "https://ofn.gov.cz/slovník/psm/CreateAssociationEnd"
      ],
      "iri": "https://ofn.gov.cz/operation/1748341322370-5789-a3cd-9f1b",
      "parent": "https://ofn.gov.cz/operation/1748341322325-3575-4b4c-81b7",
      "dataPsmNewIri": null,
      "dataPsmInterpretation": "liflob82uom9ibun9f",
      "dataPsmTechnicalLabel": "související-ustanovení-právního-předpisu",
      "dataPsmHumanLabel": null,
      "dataPsmHumanDescription": null,
      "dataPsmOwner": "https://ofn.gov.cz/class/1748339615322-1b55-c9d1-af68",
      "dataPsmPart": "https://ofn.gov.cz/class/1748341322325-42cd-f50d-b193",
      "dataPsmIsReverse": false,
      "dataPsmIsDematerialize": null
    },
    {
      "types": [
        "core-operation",
        "https://ofn.gov.cz/slovník/psm/CreateClass"
      ],
      "iri": "https://ofn.gov.cz/operation/1748341322417-2480-8096-8486",
      "parent": "https://ofn.gov.cz/operation/1748341322370-5789-a3cd-9f1b",
      "dataPsmNewIri": null,
      "dataPsmInterpretation": "102gw4osjd3rm9ibdkxp",
      "dataPsmTechnicalLabel": "pojem",
      "dataPsmHumanLabel": null,
      "dataPsmHumanDescription": null,
      "dataPsmExtends": [],
      "dataPsmIsClosed": null
    },
    {
      "types": [
        "core-operation",
        "https://ofn.gov.cz/slovník/psm/CreateAssociationEnd"
      ],
      "iri": "https://ofn.gov.cz/operation/1748341322462-63c8-620b-b2b9",
      "parent": "https://ofn.gov.cz/operation/1748341322417-2480-8096-8486",
      "dataPsmNewIri": null,
      "dataPsmInterpretation": "ac0xb7g4gasm9ibyjmc",
      "dataPsmTechnicalLabel": "ekvivalentní-pojem",
      "dataPsmHumanLabel": null,
      "dataPsmHumanDescription": null,
      "dataPsmOwner": "https://ofn.gov.cz/class/1748339615322-1b55-c9d1-af68",
      "dataPsmPart": "https://ofn.gov.cz/class/1748341322417-1fe6-1099-8898",
      "dataPsmIsReverse": false,
      "dataPsmIsDematerialize": null
    },
    {
      "types": [
        "core-operation",
        "https://ofn.gov.cz/slovník/psm/CreateClass"
      ],
      "iri": "https://ofn.gov.cz/operation/1748341322508-4397-892c-ab1b",
      "parent": "https://ofn.gov.cz/operation/1748341322462-63c8-620b-b2b9",
      "dataPsmNewIri": null,
      "dataPsmInterpretation": "102gw4osjd3rm9ibdkxp",
      "dataPsmTechnicalLabel": "pojem",
      "dataPsmHumanLabel": null,
      "dataPsmHumanDescription": null,
      "dataPsmExtends": [],
      "dataPsmIsClosed": null
    },
    {
      "types": [
        "core-operation",
        "https://ofn.gov.cz/slovník/psm/CreateAssociationEnd"
      ],
      "iri": "https://ofn.gov.cz/operation/1748341322554-2fac-fce0-a727",
      "parent": "https://ofn.gov.cz/operation/1748341322508-4397-892c-ab1b",
      "dataPsmNewIri": null,
      "dataPsmInterpretation": "fpvzuwx12bim9ibxssa",
      "dataPsmTechnicalLabel": "nadřazený-pojem",
      "dataPsmHumanLabel": null,
      "dataPsmHumanDescription": null,
      "dataPsmOwner": "https://ofn.gov.cz/class/1748339615322-1b55-c9d1-af68",
      "dataPsmPart": "https://ofn.gov.cz/class/1748341322508-7580-d054-b183",
      "dataPsmIsReverse": false,
      "dataPsmIsDematerialize": null
    },
    {
      "types": [
        "core-operation",
        "https://ofn.gov.cz/slovník/psm/CreateClass"
      ],
      "iri": "https://ofn.gov.cz/operation/1748341334096-d715-8734-8bda",
      "parent": "https://ofn.gov.cz/operation/1748341322554-2fac-fce0-a727",
      "dataPsmNewIri": null,
      "dataPsmInterpretation": "w3hh0l8zvohm9ic5lth",
      "dataPsmTechnicalLabel": "číselník",
      "dataPsmHumanLabel": null,
      "dataPsmHumanDescription": null,
      "dataPsmExtends": [],
      "dataPsmIsClosed": null
    },
    {
      "types": [
        "core-operation",
        "https://ofn.gov.cz/slovník/psm/CreateAssociationEnd"
      ],
      "iri": "https://ofn.gov.cz/operation/1748341334144-6eb1-162a-b811",
      "parent": "https://ofn.gov.cz/operation/1748341334096-d715-8734-8bda",
      "dataPsmNewIri": null,
      "dataPsmInterpretation": "zgr9qekoaxnm9icb9j6",
      "dataPsmTechnicalLabel": "má-instance-definované-číselníkem",
      "dataPsmHumanLabel": null,
      "dataPsmHumanDescription": null,
      "dataPsmOwner": "https://ofn.gov.cz/class/1748341081637-3f75-ec98-bc7c",
      "dataPsmPart": "https://ofn.gov.cz/class/1748341334096-a218-756f-90c3",
      "dataPsmIsReverse": false,
      "dataPsmIsDematerialize": null
    },
    {
      "types": [
        "core-operation",
        "https://ofn.gov.cz/slovník/psm/CreateClass"
      ],
      "iri": "https://ofn.gov.cz/operation/1748341334191-cdfe-5926-bf65",
      "parent": "https://ofn.gov.cz/operation/1748341334144-6eb1-162a-b811",
      "dataPsmNewIri": null,
      "dataPsmInterpretation": "g5n00n4kt4hm9ic2b42",
      "dataPsmTechnicalLabel": "třída",
      "dataPsmHumanLabel": null,
      "dataPsmHumanDescription": null,
      "dataPsmExtends": [],
      "dataPsmIsClosed": null
    },
    {
      "types": [
        "core-operation",
        "https://ofn.gov.cz/slovník/psm/CreateAssociationEnd"
      ],
      "iri": "https://ofn.gov.cz/operation/1748341334238-9614-b1e3-a81b",
      "parent": "https://ofn.gov.cz/operation/1748341334191-cdfe-5926-bf65",
      "dataPsmNewIri": null,
      "dataPsmInterpretation": "velqgk27vcnm9ic42f5",
      "dataPsmTechnicalLabel": "nadřazená-třída",
      "dataPsmHumanLabel": null,
      "dataPsmHumanDescription": null,
      "dataPsmOwner": "https://ofn.gov.cz/class/1748341081637-3f75-ec98-bc7c",
      "dataPsmPart": "https://ofn.gov.cz/class/1748341334191-a426-c3c6-b364",
      "dataPsmIsReverse": false,
      "dataPsmIsDematerialize": null
    },
    {
      "types": [
        "core-operation",
        "https://ofn.gov.cz/slovník/psm/CreateClass"
      ],
      "iri": "https://ofn.gov.cz/operation/1748341338544-6542-cfad-b51c",
      "parent": "https://ofn.gov.cz/operation/1748341334238-9614-b1e3-a81b",
      "dataPsmNewIri": null,
      "dataPsmInterpretation": "g5n00n4kt4hm9ic2b42",
      "dataPsmTechnicalLabel": "třída",
      "dataPsmHumanLabel": null,
      "dataPsmHumanDescription": null,
      "dataPsmExtends": [],
      "dataPsmIsClosed": null
    },
    {
      "types": [
        "core-operation",
        "https://ofn.gov.cz/slovník/psm/CreateAssociationEnd"
      ],
      "iri": "https://ofn.gov.cz/operation/1748341338587-71da-e797-b31d",
      "parent": "https://ofn.gov.cz/operation/1748341338544-6542-cfad-b51c",
      "dataPsmNewIri": null,
      "dataPsmInterpretation": "m5e359fvf0mm9icepd8",
      "dataPsmTechnicalLabel": "obor-hodnot",
      "dataPsmHumanLabel": null,
      "dataPsmHumanDescription": null,
      "dataPsmOwner": "https://ofn.gov.cz/class/1748341093930-4872-6cfd-8646",
      "dataPsmPart": "https://ofn.gov.cz/class/1748341338544-3d98-24cb-8849",
      "dataPsmIsReverse": false,
      "dataPsmIsDematerialize": null
    },
    {
      "types": [
        "core-operation",
        "https://ofn.gov.cz/slovník/psm/CreateClass"
      ],
      "iri": "https://ofn.gov.cz/operation/1748341338638-5034-7a93-8efc",
      "parent": "https://ofn.gov.cz/operation/1748341338587-71da-e797-b31d",
      "dataPsmNewIri": null,
      "dataPsmInterpretation": "g5n00n4kt4hm9ic2b42",
      "dataPsmTechnicalLabel": "třída",
      "dataPsmHumanLabel": null,
      "dataPsmHumanDescription": null,
      "dataPsmExtends": [],
      "dataPsmIsClosed": null
    },
    {
      "types": [
        "core-operation",
        "https://ofn.gov.cz/slovník/psm/CreateAssociationEnd"
      ],
      "iri": "https://ofn.gov.cz/operation/1748341338682-019c-9ede-9609",
      "parent": "https://ofn.gov.cz/operation/1748341338638-5034-7a93-8efc",
      "dataPsmNewIri": null,
      "dataPsmInterpretation": "yxmmlbz4wqem9ice6pl",
      "dataPsmTechnicalLabel": "definiční-obor",
      "dataPsmHumanLabel": null,
      "dataPsmHumanDescription": null,
      "dataPsmOwner": "https://ofn.gov.cz/class/1748341093930-4872-6cfd-8646",
      "dataPsmPart": "https://ofn.gov.cz/class/1748341338638-6152-c22b-b4b4",
      "dataPsmIsReverse": false,
      "dataPsmIsDematerialize": null
    },
    {
      "types": [
        "core-operation",
        "https://ofn.gov.cz/slovník/psm/CreateClass"
      ],
      "iri": "https://ofn.gov.cz/operation/1748341338734-d48a-b6e6-b16c",
      "parent": "https://ofn.gov.cz/operation/1748341338682-019c-9ede-9609",
      "dataPsmNewIri": null,
      "dataPsmInterpretation": "l295zz8er0qm9iccbbw",
      "dataPsmTechnicalLabel": "vztah",
      "dataPsmHumanLabel": null,
      "dataPsmHumanDescription": null,
      "dataPsmExtends": [],
      "dataPsmIsClosed": null
    },
    {
      "types": [
        "core-operation",
        "https://ofn.gov.cz/slovník/psm/CreateAssociationEnd"
      ],
      "iri": "https://ofn.gov.cz/operation/1748341338780-4ce3-cadc-8f3a",
      "parent": "https://ofn.gov.cz/operation/1748341338734-d48a-b6e6-b16c",
      "dataPsmNewIri": null,
      "dataPsmInterpretation": "cs7di9qagb4m9icdg64",
      "dataPsmTechnicalLabel": "nadřazený-vztah",
      "dataPsmHumanLabel": null,
      "dataPsmHumanDescription": null,
      "dataPsmOwner": "https://ofn.gov.cz/class/1748341093930-4872-6cfd-8646",
      "dataPsmPart": "https://ofn.gov.cz/class/1748341338734-92aa-b457-aeb3",
      "dataPsmIsReverse": false,
      "dataPsmIsDematerialize": null
    },
    {
      "types": [
        "core-operation",
        "https://ofn.gov.cz/slovník/psm/CreateClass"
      ],
      "iri": "https://ofn.gov.cz/operation/1748341342602-8a15-54f2-bf0a",
      "parent": "https://ofn.gov.cz/operation/1748341338780-4ce3-cadc-8f3a",
      "dataPsmNewIri": null,
      "dataPsmInterpretation": "3i1d136n3t8m9icfptz",
      "dataPsmTechnicalLabel": "vlastnost",
      "dataPsmHumanLabel": null,
      "dataPsmHumanDescription": null,
      "dataPsmExtends": [],
      "dataPsmIsClosed": null
    },
    {
      "types": [
        "core-operation",
        "https://ofn.gov.cz/slovník/psm/CreateAssociationEnd"
      ],
      "iri": "https://ofn.gov.cz/operation/1748341342647-db05-48ed-afee",
      "parent": "https://ofn.gov.cz/operation/1748341342602-8a15-54f2-bf0a",
      "dataPsmNewIri": null,
      "dataPsmInterpretation": "7hf5adiyfxgm9icj8aw",
      "dataPsmTechnicalLabel": "nadřazená-vlastnost",
      "dataPsmHumanLabel": null,
      "dataPsmHumanDescription": null,
      "dataPsmOwner": "https://ofn.gov.cz/class/1748341098506-a6ec-b056-8e7d",
      "dataPsmPart": "https://ofn.gov.cz/class/1748341342602-e613-f566-8a1f",
      "dataPsmIsReverse": false,
      "dataPsmIsDematerialize": null
    },
    {
      "types": [
        "core-operation",
        "https://ofn.gov.cz/slovník/psm/CreateClass"
      ],
      "iri": "https://ofn.gov.cz/operation/1748341342695-40c6-efe7-b9db",
      "parent": "https://ofn.gov.cz/operation/1748341342647-db05-48ed-afee",
      "dataPsmNewIri": null,
      "dataPsmInterpretation": "tm0sufdvu5sm9ichj7s",
      "dataPsmTechnicalLabel": "datový-typ",
      "dataPsmHumanLabel": null,
      "dataPsmHumanDescription": null,
      "dataPsmExtends": [],
      "dataPsmIsClosed": null
    },
    {
      "types": [
        "core-operation",
        "https://ofn.gov.cz/slovník/psm/CreateAssociationEnd"
      ],
      "iri": "https://ofn.gov.cz/operation/1748341342741-e2d6-8fb0-ac74",
      "parent": "https://ofn.gov.cz/operation/1748341342695-40c6-efe7-b9db",
      "dataPsmNewIri": null,
      "dataPsmInterpretation": "1iofd1vyk4km9icif5e",
      "dataPsmTechnicalLabel": "obor-hodnot",
      "dataPsmHumanLabel": null,
      "dataPsmHumanDescription": null,
      "dataPsmOwner": "https://ofn.gov.cz/class/1748341098506-a6ec-b056-8e7d",
      "dataPsmPart": "https://ofn.gov.cz/class/1748341342695-a461-2ae2-b6a4",
      "dataPsmIsReverse": false,
      "dataPsmIsDematerialize": null
    },
    {
      "types": [
        "core-operation",
        "https://ofn.gov.cz/slovník/psm/CreateClass"
      ],
      "iri": "https://ofn.gov.cz/operation/1748341342788-7f4a-9cd4-a4b9",
      "parent": "https://ofn.gov.cz/operation/1748341342741-e2d6-8fb0-ac74",
      "dataPsmNewIri": null,
      "dataPsmInterpretation": "g5n00n4kt4hm9ic2b42",
      "dataPsmTechnicalLabel": "třída",
      "dataPsmHumanLabel": null,
      "dataPsmHumanDescription": null,
      "dataPsmExtends": [],
      "dataPsmIsClosed": null
    },
    {
      "types": [
        "core-operation",
        "https://ofn.gov.cz/slovník/psm/CreateAssociationEnd"
      ],
      "iri": "https://ofn.gov.cz/operation/1748341342841-40b5-b96c-ade6",
      "parent": "https://ofn.gov.cz/operation/1748341342788-7f4a-9cd4-a4b9",
      "dataPsmNewIri": null,
      "dataPsmInterpretation": "yv5lignblxpm9icgr27",
      "dataPsmTechnicalLabel": "definiční-obor",
      "dataPsmHumanLabel": null,
      "dataPsmHumanDescription": null,
      "dataPsmOwner": "https://ofn.gov.cz/class/1748341098506-a6ec-b056-8e7d",
      "dataPsmPart": "https://ofn.gov.cz/class/1748341342788-351f-f4f2-a530",
      "dataPsmIsReverse": false,
      "dataPsmIsDematerialize": null
    },
    {
      "types": [
        "core-operation",
        "https://ofn.gov.cz/slovník/psm/SetTechnicalLabel"
      ],
      "iri": "https://ofn.gov.cz/operation/1748341373097-59d4-a535-b81c",
      "parent": "https://ofn.gov.cz/operation/1748341342841-40b5-b96c-ade6",
      "dataPsmResource": "https://ofn.gov.cz/association/1748341334144-a657-a844-add3",
      "dataPsmTechnicalLabel": "instance-definované-číselníkem"
    },
    {
      "types": [
        "core-operation",
        "https://ofn.gov.cz/slovník/psm/CreateClass"
      ],
      "iri": "https://ofn.gov.cz/operation/1748341383514-6052-2983-89fe",
      "parent": "https://ofn.gov.cz/operation/1748341373097-59d4-a535-b81c",
      "dataPsmNewIri": null,
      "dataPsmInterpretation": "yrv0wyd95vqm9ic90no",
      "dataPsmTechnicalLabel": "datová-sada-v-nkod",
      "dataPsmHumanLabel": null,
      "dataPsmHumanDescription": null,
      "dataPsmExtends": [],
      "dataPsmIsClosed": null
    },
    {
      "types": [
        "core-operation",
        "https://ofn.gov.cz/slovník/psm/CreateAssociationEnd"
      ],
      "iri": "https://ofn.gov.cz/operation/1748341383560-a38d-ed4d-8467",
      "parent": "https://ofn.gov.cz/operation/1748341383514-6052-2983-89fe",
      "dataPsmNewIri": null,
      "dataPsmInterpretation": "kysegdzqswsm9ic9tjx",
      "dataPsmTechnicalLabel": "má-v-nkod-zastřešující-datovou-sadu",
      "dataPsmHumanLabel": null,
      "dataPsmHumanDescription": null,
      "dataPsmOwner": "https://ofn.gov.cz/class/1748341334096-a218-756f-90c3",
      "dataPsmPart": "https://ofn.gov.cz/class/1748341383514-a997-51b4-add0",
      "dataPsmIsReverse": false,
      "dataPsmIsDematerialize": null
    },
    {
      "types": [
        "core-operation",
        "https://ofn.gov.cz/slovník/psm/SetTechnicalLabel"
      ],
      "iri": "https://ofn.gov.cz/operation/1748341411310-3127-b9c4-80bf",
      "parent": "https://ofn.gov.cz/operation/1748341383560-a38d-ed4d-8467",
      "dataPsmResource": "https://ofn.gov.cz/association/1748341383560-89b6-09f7-9cc7",
      "dataPsmTechnicalLabel": "datová-sada-v-nkod"
    },
    {
      "types": [
        "core-operation",
        "https://ofn.gov.cz/slovník/psm/SetInstancesHaveIdentity"
      ],
      "iri": "https://ofn.gov.cz/operation/1748341411324-6918-e073-80be",
      "parent": "https://ofn.gov.cz/operation/1748341411310-3127-b9c4-80bf",
      "dataPsmClass": "https://ofn.gov.cz/class/1748341383514-a997-51b4-add0",
      "instancesHaveIdentity": "ALWAYS"
    },
    {
      "types": [
        "core-operation",
        "https://ofn.gov.cz/slovník/psm/SetInstancesHaveIdentity"
      ],
      "iri": "https://ofn.gov.cz/operation/1748341426701-a6fc-89a2-a197",
      "parent": "https://ofn.gov.cz/operation/1748341411324-6918-e073-80be",
      "dataPsmClass": "https://ofn.gov.cz/class/1748341334096-a218-756f-90c3",
      "instancesHaveIdentity": "ALWAYS"
    },
    {
      "types": [
        "core-operation",
        "https://ofn.gov.cz/slovník/psm/SetTechnicalLabel"
      ],
      "iri": "https://ofn.gov.cz/operation/1748341437643-2bd5-a95c-834c",
      "parent": "https://ofn.gov.cz/operation/1748341426701-a6fc-89a2-a197",
      "dataPsmResource": "https://ofn.gov.cz/association/1748341334144-a657-a844-add3",
      "dataPsmTechnicalLabel": "instance-definovány-číselníkem"
    },
    {
      "types": [
        "core-operation",
        "https://ofn.gov.cz/slovník/psm/SetOrder"
      ],
      "iri": "https://ofn.gov.cz/operation/1748341444445-0143-8f7f-abfe",
      "parent": "https://ofn.gov.cz/operation/1748341437643-2bd5-a95c-834c",
      "dataPsmOwnerClass": "https://ofn.gov.cz/class/1748341081637-3f75-ec98-bc7c",
      "dataPsmResourceToMove": "https://ofn.gov.cz/association/1748341334238-a4b2-7be2-b017",
      "dataPsmMoveAfter": "https://ofn.gov.cz/include/1748341081693-c358-2470-9025"
    },
    {
      "types": [
        "core-operation",
        "https://ofn.gov.cz/slovník/psm/SetOrder"
      ],
      "iri": "https://ofn.gov.cz/operation/1748341482817-472c-0b0a-9a17",
      "parent": "https://ofn.gov.cz/operation/1748341444445-0143-8f7f-abfe",
      "dataPsmOwnerClass": "https://ofn.gov.cz/class/1748341098506-a6ec-b056-8e7d",
      "dataPsmResourceToMove": "https://ofn.gov.cz/association/1748341342647-b766-6e23-bef3",
      "dataPsmMoveAfter": "https://ofn.gov.cz/association/1748341342840-b211-635a-b706"
    },
    {
      "types": [
        "core-operation",
        "https://ofn.gov.cz/slovník/psm/SetJsonLdDefinedPrefixes"
      ],
      "iri": "https://ofn.gov.cz/operation/1748341588596-78b9-c4de-b0d6",
      "parent": "https://ofn.gov.cz/operation/1748341482817-472c-0b0a-9a17",
      "dataPsmEntity": "9114d1ba-fb24-4b8b-972f-fda1744b47c6",
      "jsonLdDefinedPrefixes": {
        "čas": "https://slovník.gov.cz/generický/čas/pojem/",
        "dcterms": "http://purl.org/dc/terms/",
        "skos": "\t http://www.w3.org/2004/02/skos/core#",
        "slovníky": "https://slovník.gov.cz/generický/datový-slovník-ofn-slovníků/pojem/",
        "owl": "http://www.w3.org/2002/07/owl#",
        "rdfs": "http://www.w3.org/2000/01/rdf-schema#"
      }
    },
    {
      "types": [
        "core-operation",
        "https://ofn.gov.cz/slovník/psm/SetJsonLdDefinedTypeMapping"
      ],
      "iri": "https://ofn.gov.cz/operation/1748341588705-cd9e-eebc-a57c",
      "parent": "https://ofn.gov.cz/operation/1748341588596-78b9-c4de-b0d6",
      "dataPsmEntity": "9114d1ba-fb24-4b8b-972f-fda1744b47c6",
      "jsonLdDefinedTypeMapping": {
        "http://www.w3.org/2004/02/skos/core#Concept": "Koncept",
        "http://www.w3.org/2004/02/skos/core#ConceptScheme": "Tezaurus",
        "http://www.w3.org/2002/07/owl#Ontology": "Konceptuální model"
      }
    },
    {
      "types": [
        "core-operation",
        "https://ofn.gov.cz/slovník/psm/SetJsonEnforceContext"
      ],
      "iri": "https://ofn.gov.cz/operation/1748341588764-7e3b-2ca8-b5f2",
      "parent": "https://ofn.gov.cz/operation/1748341588705-cd9e-eebc-a57c",
      "dataPsmEntity": "9114d1ba-fb24-4b8b-972f-fda1744b47c6",
      "jsonEnforceContext": "with-extensions"
    },
    {
      "types": [
        "core-operation",
        "https://ofn.gov.cz/slovník/psm/SetJsonLdDefinedTypeMapping"
      ],
      "iri": "https://ofn.gov.cz/operation/1748342699549-67bc-1e01-80f6",
      "parent": "https://ofn.gov.cz/operation/1748341588764-7e3b-2ca8-b5f2",
      "dataPsmEntity": "9114d1ba-fb24-4b8b-972f-fda1744b47c6",
      "jsonLdDefinedTypeMapping": {
        "http://www.w3.org/2004/02/skos/core#Concept": "Koncept",
        "http://www.w3.org/2004/02/skos/core#ConceptScheme": "Tezaurus",
        "http://www.w3.org/2002/07/owl#Ontology": "Konceptuální model",
        "http://www.w3.org/2002/07/owl#Class": "Třída",
        "http://www.w3.org/2002/07/owl#DatatypeProperty": "Vlastnost",
        "http://www.w3.org/2002/07/owl#ObjectProperty": "Vztah"
      }
    },
    {
      "types": [
        "core-operation",
        "https://ofn.gov.cz/slovník/psm/UnsetChoice"
      ],
      "iri": "https://ofn.gov.cz/operation/1748342768344-c68b-ed98-a529",
      "parent": "https://ofn.gov.cz/operation/1748342699549-67bc-1e01-80f6",
      "dataPsmOr": "https://ofn.gov.cz/or/1748341081593-402e-d288-901d",
      "dataPsmChoice": "https://ofn.gov.cz/class/1748339615322-1b55-c9d1-af68"
    },
    {
      "types": [
        "core-operation",
        "https://ofn.gov.cz/slovník/psm/SetJsonLdDefinedPrefixes"
      ],
      "iri": "https://ofn.gov.cz/operation/1748342934196-0bb3-988e-8a26",
      "parent": "https://ofn.gov.cz/operation/1748342768344-c68b-ed98-a529",
      "dataPsmEntity": "9114d1ba-fb24-4b8b-972f-fda1744b47c6",
      "jsonLdDefinedPrefixes": {
        "čas": "https://slovník.gov.cz/generický/čas/pojem/",
        "dcterms": "http://purl.org/dc/terms/",
        "slovníky": "https://slovník.gov.cz/generický/datový-slovník-ofn-slovníků/pojem/",
        "owl": "http://www.w3.org/2002/07/owl#",
        "rdfs": "http://www.w3.org/2000/01/rdf-schema#",
        "skos": "http://www.w3.org/2004/02/skos/core#"
      }
    },
    {
      "types": [
        "core-operation",
        "https://ofn.gov.cz/slovník/psm/SetDataType"
      ],
      "iri": "https://ofn.gov.cz/operation/1748343004533-6576-78af-903b",
      "parent": "https://ofn.gov.cz/operation/1748342934196-0bb3-988e-8a26",
      "dataPsmAttribute": "https://ofn.gov.cz/attribute/1748339649696-77f8-8d86-9ac4",
      "dataPsmDatatype": "http://www.w3.org/2001/XMLSchema#dateTimeStamp"
    },
    {
      "types": [
        "core-operation",
        "https://ofn.gov.cz/slovník/psm/SetDataType"
      ],
      "iri": "https://ofn.gov.cz/operation/1748343010046-f042-5558-a785",
      "parent": "https://ofn.gov.cz/operation/1748343004533-6576-78af-903b",
      "dataPsmAttribute": "https://ofn.gov.cz/attribute/1748339653553-ccc8-4cb5-94cc",
      "dataPsmDatatype": "http://www.w3.org/2001/XMLSchema#dateTimeStamp"
    },
    {
      "types": [
        "core-operation",
        "https://ofn.gov.cz/slovník/psm/SetInstancesHaveIdentity"
      ],
      "iri": "https://ofn.gov.cz/operation/1748343235384-7958-c136-b54b",
      "parent": "https://ofn.gov.cz/operation/1748343010046-f042-5558-a785",
      "dataPsmClass": "https://ofn.gov.cz/class/1748339615486-1e87-4605-9a3e",
      "instancesHaveIdentity": "OPTIONAL"
    },
    {
      "types": [
        "core-operation",
        "https://ofn.gov.cz/slovník/psm/SetInstancesHaveIdentity"
      ],
      "iri": "https://ofn.gov.cz/operation/1748343240522-d67e-c489-8277",
      "parent": "https://ofn.gov.cz/operation/1748343235384-7958-c136-b54b",
      "dataPsmClass": "https://ofn.gov.cz/class/1748339615559-4c9a-fc9b-9f5c",
      "instancesHaveIdentity": "OPTIONAL"
    },
    {
      "types": [
        "core-operation",
        "https://ofn.gov.cz/slovník/psm/SetIsClosed"
      ],
      "iri": "https://ofn.gov.cz/operation/1748352543922-51e1-2b52-ba67",
      "parent": "https://ofn.gov.cz/operation/1748343240522-d67e-c489-8277",
      "dataPsmClass": "https://ofn.gov.cz/class/1748339615486-1e87-4605-9a3e",
      "dataPsmIsClosed": true
    },
    {
      "types": [
        "core-operation",
        "https://ofn.gov.cz/slovník/psm/SetIsClosed"
      ],
      "iri": "https://ofn.gov.cz/operation/1748352547581-c5f5-33d5-974f",
      "parent": "https://ofn.gov.cz/operation/1748352543922-51e1-2b52-ba67",
      "dataPsmClass": "https://ofn.gov.cz/class/1748339615559-4c9a-fc9b-9f5c",
      "dataPsmIsClosed": true
    },
    {
      "types": [
        "core-operation",
        "https://ofn.gov.cz/slovník/psm/SetTechnicalLabel"
      ],
      "iri": "https://ofn.gov.cz/operation/1752759229870-7356-0316-bfe2",
      "parent": "https://ofn.gov.cz/operation/1748352547581-c5f5-33d5-974f",
      "dataPsmResource": "9114d1ba-fb24-4b8b-972f-fda1744b47c6",
      "dataPsmTechnicalLabel": "konceptuální-model"
    },
    {
      "types": [
        "core-operation",
        "https://ofn.gov.cz/slovník/psm/CreateAttribute"
      ],
      "iri": "https://ofn.gov.cz/operation/1753168376084-4e67-ced8-8af6",
      "parent": "https://ofn.gov.cz/operation/1752759229870-7356-0316-bfe2",
      "dataPsmNewIri": null,
      "dataPsmInterpretation": "hn57heec4egmde6brja",
      "dataPsmTechnicalLabel": "alternativní-název",
      "dataPsmHumanLabel": null,
      "dataPsmHumanDescription": null,
      "dataPsmOwner": "https://ofn.gov.cz/class/1748339615322-1b55-c9d1-af68",
      "dataPsmDatatype": "https://ofn.gov.cz/zdroj/základní-datové-typy/2020-07-01/text"
    },
    {
      "types": [
        "core-operation",
        "https://ofn.gov.cz/slovník/psm/SetOrder"
      ],
      "iri": "https://ofn.gov.cz/operation/1753168378305-9c43-d2f5-b271",
      "parent": "https://ofn.gov.cz/operation/1753168376084-4e67-ced8-8af6",
      "dataPsmOwnerClass": "https://ofn.gov.cz/class/1748339615322-1b55-c9d1-af68",
      "dataPsmResourceToMove": "https://ofn.gov.cz/attribute/1753168376084-5dca-53ba-9c95",
      "dataPsmMoveAfter": "https://ofn.gov.cz/attribute/1748341322098-181e-08a6-b7cd"
    },
    {
      "types": [
        "core-operation",
        "https://ofn.gov.cz/slovník/psm/DeleteAttribute"
      ],
      "iri": "https://ofn.gov.cz/operation/1753170160514-f01a-395e-a04d",
      "parent": "https://ofn.gov.cz/operation/1753168378305-9c43-d2f5-b271",
      "dataPsmOwner": "https://ofn.gov.cz/class/1748339615322-1b55-c9d1-af68",
      "dataPsmAttribute": "https://ofn.gov.cz/attribute/1753168376084-5dca-53ba-9c95"
    },
    {
      "types": [
        "core-operation",
        "https://ofn.gov.cz/slovník/psm/SetHumanLabel"
      ],
      "iri": "https://ofn.gov.cz/operation/1753282926044-b17e-186c-9816",
      "parent": "https://ofn.gov.cz/operation/1753170160514-f01a-395e-a04d",
      "dataPsmResource": "9114d1ba-fb24-4b8b-972f-fda1744b47c6",
      "dataPsmHumanLabel": {
        "cs": "Konceptuální model"
      }
    },
    {
      "types": [
        "core-operation",
        "https://ofn.gov.cz/slovník/psm/SetHumanDescription"
      ],
      "iri": "https://ofn.gov.cz/operation/1753282926106-73bd-87cf-9481",
      "parent": "https://ofn.gov.cz/operation/1753282926044-b17e-186c-9816",
      "dataPsmResource": "9114d1ba-fb24-4b8b-972f-fda1744b47c6",
      "dataPsmHumanDescription": {
        "cs": "Datová struktura pro Konceptuální model. Na této úrovni rozlišujeme pojmy, které reprezentují\n- třídy reprezentující typy subjektů a objektů práva,\n- vztahy mezi dvěma subjekty či objekty práva,\n- vlastnosti subjektů a objektů práva."
      }
    }
  ],
  "resources": {
    "9114d1ba-fb24-4b8b-972f-fda1744b47c6": {
      "types": [
        "https://ofn.gov.cz/slovník/psm/Schema"
      ],
      "iri": "9114d1ba-fb24-4b8b-972f-fda1744b47c6",
      "dataPsmHumanLabel": {
        "cs": "Konceptuální model"
      },
      "dataPsmHumanDescription": {
        "cs": "Datová struktura pro Konceptuální model. Na této úrovni rozlišujeme pojmy, které reprezentují\n- třídy reprezentující typy subjektů a objektů práva,\n- vztahy mezi dvěma subjekty či objekty práva,\n- vlastnosti subjektů a objektů práva."
      },
      "dataPsmTechnicalLabel": "konceptuální-model",
      "dataPsmRoots": [
        "https://ofn.gov.cz/class/1748339591961-9ebf-4eb6-82dc"
      ],
      "dataPsmParts": [
        "https://ofn.gov.cz/class/1748339591961-9ebf-4eb6-82dc",
        "https://ofn.gov.cz/class/1748339615322-1b55-c9d1-af68",
        "https://ofn.gov.cz/association/1748339615356-065b-e893-9b7c",
        "https://ofn.gov.cz/attribute/1748339615394-becf-1f6c-9146",
        "https://ofn.gov.cz/attribute/1748339615449-4bb3-c612-bced",
        "https://ofn.gov.cz/class/1748339615486-1e87-4605-9a3e",
        "https://ofn.gov.cz/association/1748339615520-29b9-5385-a104",
        "https://ofn.gov.cz/class/1748339615559-4c9a-fc9b-9f5c",
        "https://ofn.gov.cz/association/1748339615596-7e6e-8102-a2da",
        "https://ofn.gov.cz/attribute/1748339649655-a9e7-555e-8b0b",
        "https://ofn.gov.cz/attribute/1748339649696-77f8-8d86-9ac4",
        "https://ofn.gov.cz/attribute/1748339649735-0725-af20-97ed",
        "https://ofn.gov.cz/attribute/1748339653512-338d-d1b9-96d9",
        "https://ofn.gov.cz/attribute/1748339653553-ccc8-4cb5-94cc",
        "https://ofn.gov.cz/attribute/1748339653594-369f-a077-92bd",
        "https://ofn.gov.cz/or/1748341081593-402e-d288-901d",
        "https://ofn.gov.cz/class/1748341081637-3f75-ec98-bc7c",
        "https://ofn.gov.cz/include/1748341081693-c358-2470-9025",
        "https://ofn.gov.cz/class/1748341093930-4872-6cfd-8646",
        "https://ofn.gov.cz/include/1748341093974-3135-8dc4-a7f6",
        "https://ofn.gov.cz/class/1748341098506-a6ec-b056-8e7d",
        "https://ofn.gov.cz/include/1748341098551-e66c-f39f-8f91",
        "https://ofn.gov.cz/attribute/1748341322098-181e-08a6-b7cd",
        "https://ofn.gov.cz/attribute/1748341322146-f16d-f375-937d",
        "https://ofn.gov.cz/attribute/1748341322194-9b92-4888-95eb",
        "https://ofn.gov.cz/class/1748341322238-43e5-5603-842c",
        "https://ofn.gov.cz/association/1748341322278-c8e4-1764-8483",
        "https://ofn.gov.cz/class/1748341322325-42cd-f50d-b193",
        "https://ofn.gov.cz/association/1748341322370-f9ad-70e0-8ba5",
        "https://ofn.gov.cz/class/1748341322417-1fe6-1099-8898",
        "https://ofn.gov.cz/association/1748341322462-1e3d-7ba8-ac64",
        "https://ofn.gov.cz/class/1748341322508-7580-d054-b183",
        "https://ofn.gov.cz/association/1748341322554-53f3-6b8a-9b4b",
        "https://ofn.gov.cz/class/1748341334096-a218-756f-90c3",
        "https://ofn.gov.cz/association/1748341334144-a657-a844-add3",
        "https://ofn.gov.cz/class/1748341334191-a426-c3c6-b364",
        "https://ofn.gov.cz/association/1748341334238-a4b2-7be2-b017",
        "https://ofn.gov.cz/class/1748341338544-3d98-24cb-8849",
        "https://ofn.gov.cz/association/1748341338587-df19-e64b-8240",
        "https://ofn.gov.cz/class/1748341338638-6152-c22b-b4b4",
        "https://ofn.gov.cz/association/1748341338682-45fd-81ed-95c4",
        "https://ofn.gov.cz/class/1748341338734-92aa-b457-aeb3",
        "https://ofn.gov.cz/association/1748341338779-54a2-f536-97b3",
        "https://ofn.gov.cz/class/1748341342602-e613-f566-8a1f",
        "https://ofn.gov.cz/association/1748341342647-b766-6e23-bef3",
        "https://ofn.gov.cz/class/1748341342695-a461-2ae2-b6a4",
        "https://ofn.gov.cz/association/1748341342741-7c80-0d78-9d01",
        "https://ofn.gov.cz/class/1748341342788-351f-f4f2-a530",
        "https://ofn.gov.cz/association/1748341342840-b211-635a-b706",
        "https://ofn.gov.cz/class/1748341383514-a997-51b4-add0",
        "https://ofn.gov.cz/association/1748341383560-89b6-09f7-9cc7"
      ],
      "jsonLdDefinedPrefixes": {
        "čas": "https://slovník.gov.cz/generický/čas/pojem/",
        "dcterms": "http://purl.org/dc/terms/",
        "slovníky": "https://slovník.gov.cz/generický/datový-slovník-ofn-slovníků/pojem/",
        "owl": "http://www.w3.org/2002/07/owl#",
        "rdfs": "http://www.w3.org/2000/01/rdf-schema#",
        "skos": "http://www.w3.org/2004/02/skos/core#"
      },
      "jsonLdDefinedTypeMapping": {
        "http://www.w3.org/2004/02/skos/core#Concept": "Koncept",
        "http://www.w3.org/2004/02/skos/core#ConceptScheme": "Tezaurus",
        "http://www.w3.org/2002/07/owl#Ontology": "Konceptuální model",
        "http://www.w3.org/2002/07/owl#Class": "Třída",
        "http://www.w3.org/2002/07/owl#DatatypeProperty": "Vlastnost",
        "http://www.w3.org/2002/07/owl#ObjectProperty": "Vztah"
      },
      "jsonEnforceContext": "with-extensions"
    },
    "https://ofn.gov.cz/class/1748339591961-9ebf-4eb6-82dc": {
      "types": [
        "https://ofn.gov.cz/slovník/psm/Class"
      ],
      "iri": "https://ofn.gov.cz/class/1748339591961-9ebf-4eb6-82dc",
      "dataPsmHumanLabel": null,
      "dataPsmHumanDescription": null,
      "dataPsmTechnicalLabel": "konceptuální-model",
      "dataPsmInterpretation": "20z8w78vvlsm9ibi6q7",
      "dataPsmExtends": [],
      "dataPsmParts": [
        "https://ofn.gov.cz/attribute/1748339615449-4bb3-c612-bced",
        "https://ofn.gov.cz/attribute/1748339615394-becf-1f6c-9146",
        "https://ofn.gov.cz/association/1748339615520-29b9-5385-a104",
        "https://ofn.gov.cz/association/1748339615596-7e6e-8102-a2da",
        "https://ofn.gov.cz/association/1748339615356-065b-e893-9b7c"
      ],
      "dataPsmIsClosed": null
    },
    "https://ofn.gov.cz/class/1748339615322-1b55-c9d1-af68": {
      "types": [
        "https://ofn.gov.cz/slovník/psm/Class"
      ],
      "iri": "https://ofn.gov.cz/class/1748339615322-1b55-c9d1-af68",
      "dataPsmHumanLabel": null,
      "dataPsmHumanDescription": null,
      "dataPsmTechnicalLabel": "pojem",
      "dataPsmInterpretation": "102gw4osjd3rm9ibdkxp",
      "dataPsmExtends": [],
      "dataPsmParts": [
        "https://ofn.gov.cz/attribute/1748341322098-181e-08a6-b7cd",
        "https://ofn.gov.cz/attribute/1748341322146-f16d-f375-937d",
        "https://ofn.gov.cz/attribute/1748341322194-9b92-4888-95eb",
        "https://ofn.gov.cz/association/1748341322278-c8e4-1764-8483",
        "https://ofn.gov.cz/association/1748341322370-f9ad-70e0-8ba5",
        "https://ofn.gov.cz/association/1748341322462-1e3d-7ba8-ac64",
        "https://ofn.gov.cz/association/1748341322554-53f3-6b8a-9b4b"
      ],
      "dataPsmIsClosed": null
    },
    "https://ofn.gov.cz/association/1748339615356-065b-e893-9b7c": {
      "types": [
        "https://ofn.gov.cz/slovník/psm/AssociationEnd"
      ],
      "iri": "https://ofn.gov.cz/association/1748339615356-065b-e893-9b7c",
      "dataPsmHumanLabel": null,
      "dataPsmHumanDescription": null,
      "dataPsmTechnicalLabel": "pojmy",
      "dataPsmInterpretation": "pg2qpy5ymmdm9ibfrd6",
      "dataPsmPart": "https://ofn.gov.cz/or/1748341081593-402e-d288-901d",
      "dataPsmIsReverse": true,
      "dataPsmIsDematerialize": null
    },
    "https://ofn.gov.cz/attribute/1748339615394-becf-1f6c-9146": {
      "types": [
        "https://ofn.gov.cz/slovník/psm/Attribute"
      ],
      "iri": "https://ofn.gov.cz/attribute/1748339615394-becf-1f6c-9146",
      "dataPsmHumanLabel": null,
      "dataPsmHumanDescription": null,
      "dataPsmTechnicalLabel": "popis",
      "dataPsmInterpretation": "18iz808lfd9m9ib6nnk",
      "dataPsmDatatype": "https://ofn.gov.cz/zdroj/základní-datové-typy/2020-07-01/text"
    },
    "https://ofn.gov.cz/attribute/1748339615449-4bb3-c612-bced": {
      "types": [
        "https://ofn.gov.cz/slovník/psm/Attribute"
      ],
      "iri": "https://ofn.gov.cz/attribute/1748339615449-4bb3-c612-bced",
      "dataPsmHumanLabel": null,
      "dataPsmHumanDescription": null,
      "dataPsmTechnicalLabel": "název",
      "dataPsmInterpretation": "2ynzqcmfszmm9ib60al",
      "dataPsmDatatype": "https://ofn.gov.cz/zdroj/základní-datové-typy/2020-07-01/text"
    },
    "https://ofn.gov.cz/class/1748339615486-1e87-4605-9a3e": {
      "types": [
        "https://ofn.gov.cz/slovník/psm/Class"
      ],
      "iri": "https://ofn.gov.cz/class/1748339615486-1e87-4605-9a3e",
      "dataPsmHumanLabel": null,
      "dataPsmHumanDescription": null,
      "dataPsmTechnicalLabel": "časový-okamžik",
      "dataPsmInterpretation": "rug4doxs6wfm9jxqxsy",
      "dataPsmExtends": [],
      "dataPsmParts": [
        "https://ofn.gov.cz/attribute/1748339649655-a9e7-555e-8b0b",
        "https://ofn.gov.cz/attribute/1748339649696-77f8-8d86-9ac4",
        "https://ofn.gov.cz/attribute/1748339649735-0725-af20-97ed"
      ],
      "dataPsmIsClosed": true,
      "instancesHaveIdentity": "OPTIONAL"
    },
    "https://ofn.gov.cz/association/1748339615520-29b9-5385-a104": {
      "types": [
        "https://ofn.gov.cz/slovník/psm/AssociationEnd"
      ],
      "iri": "https://ofn.gov.cz/association/1748339615520-29b9-5385-a104",
      "dataPsmHumanLabel": null,
      "dataPsmHumanDescription": null,
      "dataPsmTechnicalLabel": "vytvořeno",
      "dataPsmInterpretation": "jjbalad349m9l9rmka",
      "dataPsmPart": "https://ofn.gov.cz/class/1748339615486-1e87-4605-9a3e",
      "dataPsmIsReverse": false,
      "dataPsmIsDematerialize": null
    },
    "https://ofn.gov.cz/class/1748339615559-4c9a-fc9b-9f5c": {
      "types": [
        "https://ofn.gov.cz/slovník/psm/Class"
      ],
      "iri": "https://ofn.gov.cz/class/1748339615559-4c9a-fc9b-9f5c",
      "dataPsmHumanLabel": null,
      "dataPsmHumanDescription": null,
      "dataPsmTechnicalLabel": "časový-okamžik",
      "dataPsmInterpretation": "rug4doxs6wfm9jxqxsy",
      "dataPsmExtends": [],
      "dataPsmParts": [
        "https://ofn.gov.cz/attribute/1748339653512-338d-d1b9-96d9",
        "https://ofn.gov.cz/attribute/1748339653553-ccc8-4cb5-94cc",
        "https://ofn.gov.cz/attribute/1748339653594-369f-a077-92bd"
      ],
      "dataPsmIsClosed": true,
      "instancesHaveIdentity": "OPTIONAL"
    },
    "https://ofn.gov.cz/association/1748339615596-7e6e-8102-a2da": {
      "types": [
        "https://ofn.gov.cz/slovník/psm/AssociationEnd"
      ],
      "iri": "https://ofn.gov.cz/association/1748339615596-7e6e-8102-a2da",
      "dataPsmHumanLabel": null,
      "dataPsmHumanDescription": null,
      "dataPsmTechnicalLabel": "aktualizováno",
      "dataPsmInterpretation": "ngmfpqclzobm9l9relu",
      "dataPsmPart": "https://ofn.gov.cz/class/1748339615559-4c9a-fc9b-9f5c",
      "dataPsmIsReverse": false,
      "dataPsmIsDematerialize": null
    },
    "https://ofn.gov.cz/attribute/1748339649655-a9e7-555e-8b0b": {
      "types": [
        "https://ofn.gov.cz/slovník/psm/Attribute"
      ],
      "iri": "https://ofn.gov.cz/attribute/1748339649655-a9e7-555e-8b0b",
      "dataPsmHumanLabel": null,
      "dataPsmHumanDescription": null,
      "dataPsmTechnicalLabel": "je_nespecifikovaný",
      "dataPsmInterpretation": "6fp4bg315jom9jxs2i9",
      "dataPsmDatatype": "http://www.w3.org/2001/XMLSchema#boolean"
    },
    "https://ofn.gov.cz/attribute/1748339649696-77f8-8d86-9ac4": {
      "types": [
        "https://ofn.gov.cz/slovník/psm/Attribute"
      ],
      "iri": "https://ofn.gov.cz/attribute/1748339649696-77f8-8d86-9ac4",
      "dataPsmHumanLabel": null,
      "dataPsmHumanDescription": null,
      "dataPsmTechnicalLabel": "datum_a_čas",
      "dataPsmInterpretation": "0fls5k4qesp5m9jxrrl6",
      "dataPsmDatatype": "http://www.w3.org/2001/XMLSchema#dateTimeStamp"
    },
    "https://ofn.gov.cz/attribute/1748339649735-0725-af20-97ed": {
      "types": [
        "https://ofn.gov.cz/slovník/psm/Attribute"
      ],
      "iri": "https://ofn.gov.cz/attribute/1748339649735-0725-af20-97ed",
      "dataPsmHumanLabel": null,
      "dataPsmHumanDescription": null,
      "dataPsmTechnicalLabel": "datum",
      "dataPsmInterpretation": "4ee912iphv7m9jxrjjm",
      "dataPsmDatatype": "http://www.w3.org/2001/XMLSchema#date"
    },
    "https://ofn.gov.cz/attribute/1748339653512-338d-d1b9-96d9": {
      "types": [
        "https://ofn.gov.cz/slovník/psm/Attribute"
      ],
      "iri": "https://ofn.gov.cz/attribute/1748339653512-338d-d1b9-96d9",
      "dataPsmHumanLabel": null,
      "dataPsmHumanDescription": null,
      "dataPsmTechnicalLabel": "je_nespecifikovaný",
      "dataPsmInterpretation": "6fp4bg315jom9jxs2i9",
      "dataPsmDatatype": "http://www.w3.org/2001/XMLSchema#boolean"
    },
    "https://ofn.gov.cz/attribute/1748339653553-ccc8-4cb5-94cc": {
      "types": [
        "https://ofn.gov.cz/slovník/psm/Attribute"
      ],
      "iri": "https://ofn.gov.cz/attribute/1748339653553-ccc8-4cb5-94cc",
      "dataPsmHumanLabel": null,
      "dataPsmHumanDescription": null,
      "dataPsmTechnicalLabel": "datum_a_čas",
      "dataPsmInterpretation": "0fls5k4qesp5m9jxrrl6",
      "dataPsmDatatype": "http://www.w3.org/2001/XMLSchema#dateTimeStamp"
    },
    "https://ofn.gov.cz/attribute/1748339653594-369f-a077-92bd": {
      "types": [
        "https://ofn.gov.cz/slovník/psm/Attribute"
      ],
      "iri": "https://ofn.gov.cz/attribute/1748339653594-369f-a077-92bd",
      "dataPsmHumanLabel": null,
      "dataPsmHumanDescription": null,
      "dataPsmTechnicalLabel": "datum",
      "dataPsmInterpretation": "4ee912iphv7m9jxrjjm",
      "dataPsmDatatype": "http://www.w3.org/2001/XMLSchema#date"
    },
    "https://ofn.gov.cz/or/1748341081593-402e-d288-901d": {
      "types": [
        "https://ofn.gov.cz/slovník/psm/Or"
      ],
      "iri": "https://ofn.gov.cz/or/1748341081593-402e-d288-901d",
      "dataPsmHumanLabel": null,
      "dataPsmHumanDescription": null,
      "dataPsmTechnicalLabel": null,
      "dataPsmInterpretation": null,
      "dataPsmChoices": [
        "https://ofn.gov.cz/class/1748341081637-3f75-ec98-bc7c",
        "https://ofn.gov.cz/class/1748341093930-4872-6cfd-8646",
        "https://ofn.gov.cz/class/1748341098506-a6ec-b056-8e7d"
      ]
    },
    "https://ofn.gov.cz/class/1748341081637-3f75-ec98-bc7c": {
      "types": [
        "https://ofn.gov.cz/slovník/psm/Class"
      ],
      "iri": "https://ofn.gov.cz/class/1748341081637-3f75-ec98-bc7c",
      "dataPsmHumanLabel": null,
      "dataPsmHumanDescription": null,
      "dataPsmTechnicalLabel": "třída",
      "dataPsmInterpretation": "g5n00n4kt4hm9ic2b42",
      "dataPsmExtends": [],
      "dataPsmParts": [
        "https://ofn.gov.cz/include/1748341081693-c358-2470-9025",
        "https://ofn.gov.cz/association/1748341334238-a4b2-7be2-b017",
        "https://ofn.gov.cz/association/1748341334144-a657-a844-add3"
      ],
      "dataPsmIsClosed": null
    },
    "https://ofn.gov.cz/include/1748341081693-c358-2470-9025": {
      "types": [
        "https://ofn.gov.cz/slovník/psm/Include"
      ],
      "iri": "https://ofn.gov.cz/include/1748341081693-c358-2470-9025",
      "dataPsmIncludes": "https://ofn.gov.cz/class/1748339615322-1b55-c9d1-af68"
    },
    "https://ofn.gov.cz/class/1748341093930-4872-6cfd-8646": {
      "types": [
        "https://ofn.gov.cz/slovník/psm/Class"
      ],
      "iri": "https://ofn.gov.cz/class/1748341093930-4872-6cfd-8646",
      "dataPsmHumanLabel": null,
      "dataPsmHumanDescription": null,
      "dataPsmTechnicalLabel": "vztah",
      "dataPsmInterpretation": "l295zz8er0qm9iccbbw",
      "dataPsmExtends": [],
      "dataPsmParts": [
        "https://ofn.gov.cz/include/1748341093974-3135-8dc4-a7f6",
        "https://ofn.gov.cz/association/1748341338587-df19-e64b-8240",
        "https://ofn.gov.cz/association/1748341338682-45fd-81ed-95c4",
        "https://ofn.gov.cz/association/1748341338779-54a2-f536-97b3"
      ],
      "dataPsmIsClosed": null
    },
    "https://ofn.gov.cz/include/1748341093974-3135-8dc4-a7f6": {
      "types": [
        "https://ofn.gov.cz/slovník/psm/Include"
      ],
      "iri": "https://ofn.gov.cz/include/1748341093974-3135-8dc4-a7f6",
      "dataPsmIncludes": "https://ofn.gov.cz/class/1748339615322-1b55-c9d1-af68"
    },
    "https://ofn.gov.cz/class/1748341098506-a6ec-b056-8e7d": {
      "types": [
        "https://ofn.gov.cz/slovník/psm/Class"
      ],
      "iri": "https://ofn.gov.cz/class/1748341098506-a6ec-b056-8e7d",
      "dataPsmHumanLabel": null,
      "dataPsmHumanDescription": null,
      "dataPsmTechnicalLabel": "vlastnost",
      "dataPsmInterpretation": "3i1d136n3t8m9icfptz",
      "dataPsmExtends": [],
      "dataPsmParts": [
        "https://ofn.gov.cz/include/1748341098551-e66c-f39f-8f91",
        "https://ofn.gov.cz/association/1748341342741-7c80-0d78-9d01",
        "https://ofn.gov.cz/association/1748341342840-b211-635a-b706",
        "https://ofn.gov.cz/association/1748341342647-b766-6e23-bef3"
      ],
      "dataPsmIsClosed": null
    },
    "https://ofn.gov.cz/include/1748341098551-e66c-f39f-8f91": {
      "types": [
        "https://ofn.gov.cz/slovník/psm/Include"
      ],
      "iri": "https://ofn.gov.cz/include/1748341098551-e66c-f39f-8f91",
      "dataPsmIncludes": "https://ofn.gov.cz/class/1748339615322-1b55-c9d1-af68"
    },
    "https://ofn.gov.cz/attribute/1748341322098-181e-08a6-b7cd": {
      "types": [
        "https://ofn.gov.cz/slovník/psm/Attribute"
      ],
      "iri": "https://ofn.gov.cz/attribute/1748341322098-181e-08a6-b7cd",
      "dataPsmHumanLabel": null,
      "dataPsmHumanDescription": null,
      "dataPsmTechnicalLabel": "název",
      "dataPsmInterpretation": "z9q9byb7wjim9ibmksb",
      "dataPsmDatatype": "https://ofn.gov.cz/zdroj/základní-datové-typy/2020-07-01/text"
    },
    "https://ofn.gov.cz/attribute/1748341322146-f16d-f375-937d": {
      "types": [
        "https://ofn.gov.cz/slovník/psm/Attribute"
      ],
      "iri": "https://ofn.gov.cz/attribute/1748341322146-f16d-f375-937d",
      "dataPsmHumanLabel": null,
      "dataPsmHumanDescription": null,
      "dataPsmTechnicalLabel": "popis",
      "dataPsmInterpretation": "lbvcpjryvzim9ibnir9",
      "dataPsmDatatype": "https://ofn.gov.cz/zdroj/základní-datové-typy/2020-07-01/text"
    },
    "https://ofn.gov.cz/attribute/1748341322194-9b92-4888-95eb": {
      "types": [
        "https://ofn.gov.cz/slovník/psm/Attribute"
      ],
      "iri": "https://ofn.gov.cz/attribute/1748341322194-9b92-4888-95eb",
      "dataPsmHumanLabel": null,
      "dataPsmHumanDescription": null,
      "dataPsmTechnicalLabel": "definice",
      "dataPsmInterpretation": "c54rm58496mm9iboguy",
      "dataPsmDatatype": "https://ofn.gov.cz/zdroj/základní-datové-typy/2020-07-01/text"
    },
    "https://ofn.gov.cz/class/1748341322238-43e5-5603-842c": {
      "types": [
        "https://ofn.gov.cz/slovník/psm/Class"
      ],
      "iri": "https://ofn.gov.cz/class/1748341322238-43e5-5603-842c",
      "dataPsmHumanLabel": null,
      "dataPsmHumanDescription": null,
      "dataPsmTechnicalLabel": "ustanovení",
      "dataPsmInterpretation": "kiyu8d9gejqm9ibtb34",
      "dataPsmExtends": [],
      "dataPsmParts": [],
      "dataPsmIsClosed": null
    },
    "https://ofn.gov.cz/association/1748341322278-c8e4-1764-8483": {
      "types": [
        "https://ofn.gov.cz/slovník/psm/AssociationEnd"
      ],
      "iri": "https://ofn.gov.cz/association/1748341322278-c8e4-1764-8483",
      "dataPsmHumanLabel": null,
      "dataPsmHumanDescription": null,
      "dataPsmTechnicalLabel": "definující-ustanovení-právního-předpisu",
      "dataPsmInterpretation": "2pglzgyzf43m9ibvkeh",
      "dataPsmPart": "https://ofn.gov.cz/class/1748341322238-43e5-5603-842c",
      "dataPsmIsReverse": false,
      "dataPsmIsDematerialize": null
    },
    "https://ofn.gov.cz/class/1748341322325-42cd-f50d-b193": {
      "types": [
        "https://ofn.gov.cz/slovník/psm/Class"
      ],
      "iri": "https://ofn.gov.cz/class/1748341322325-42cd-f50d-b193",
      "dataPsmHumanLabel": null,
      "dataPsmHumanDescription": null,
      "dataPsmTechnicalLabel": "ustanovení",
      "dataPsmInterpretation": "kiyu8d9gejqm9ibtb34",
      "dataPsmExtends": [],
      "dataPsmParts": [],
      "dataPsmIsClosed": null
    },
    "https://ofn.gov.cz/association/1748341322370-f9ad-70e0-8ba5": {
      "types": [
        "https://ofn.gov.cz/slovník/psm/AssociationEnd"
      ],
      "iri": "https://ofn.gov.cz/association/1748341322370-f9ad-70e0-8ba5",
      "dataPsmHumanLabel": null,
      "dataPsmHumanDescription": null,
      "dataPsmTechnicalLabel": "související-ustanovení-právního-předpisu",
      "dataPsmInterpretation": "liflob82uom9ibun9f",
      "dataPsmPart": "https://ofn.gov.cz/class/1748341322325-42cd-f50d-b193",
      "dataPsmIsReverse": false,
      "dataPsmIsDematerialize": null
    },
    "https://ofn.gov.cz/class/1748341322417-1fe6-1099-8898": {
      "types": [
        "https://ofn.gov.cz/slovník/psm/Class"
      ],
      "iri": "https://ofn.gov.cz/class/1748341322417-1fe6-1099-8898",
      "dataPsmHumanLabel": null,
      "dataPsmHumanDescription": null,
      "dataPsmTechnicalLabel": "pojem",
      "dataPsmInterpretation": "102gw4osjd3rm9ibdkxp",
      "dataPsmExtends": [],
      "dataPsmParts": [],
      "dataPsmIsClosed": null
    },
    "https://ofn.gov.cz/association/1748341322462-1e3d-7ba8-ac64": {
      "types": [
        "https://ofn.gov.cz/slovník/psm/AssociationEnd"
      ],
      "iri": "https://ofn.gov.cz/association/1748341322462-1e3d-7ba8-ac64",
      "dataPsmHumanLabel": null,
      "dataPsmHumanDescription": null,
      "dataPsmTechnicalLabel": "ekvivalentní-pojem",
      "dataPsmInterpretation": "ac0xb7g4gasm9ibyjmc",
      "dataPsmPart": "https://ofn.gov.cz/class/1748341322417-1fe6-1099-8898",
      "dataPsmIsReverse": false,
      "dataPsmIsDematerialize": null
    },
    "https://ofn.gov.cz/class/1748341322508-7580-d054-b183": {
      "types": [
        "https://ofn.gov.cz/slovník/psm/Class"
      ],
      "iri": "https://ofn.gov.cz/class/1748341322508-7580-d054-b183",
      "dataPsmHumanLabel": null,
      "dataPsmHumanDescription": null,
      "dataPsmTechnicalLabel": "pojem",
      "dataPsmInterpretation": "102gw4osjd3rm9ibdkxp",
      "dataPsmExtends": [],
      "dataPsmParts": [],
      "dataPsmIsClosed": null
    },
    "https://ofn.gov.cz/association/1748341322554-53f3-6b8a-9b4b": {
      "types": [
        "https://ofn.gov.cz/slovník/psm/AssociationEnd"
      ],
      "iri": "https://ofn.gov.cz/association/1748341322554-53f3-6b8a-9b4b",
      "dataPsmHumanLabel": null,
      "dataPsmHumanDescription": null,
      "dataPsmTechnicalLabel": "nadřazený-pojem",
      "dataPsmInterpretation": "fpvzuwx12bim9ibxssa",
      "dataPsmPart": "https://ofn.gov.cz/class/1748341322508-7580-d054-b183",
      "dataPsmIsReverse": false,
      "dataPsmIsDematerialize": null
    },
    "https://ofn.gov.cz/class/1748341334096-a218-756f-90c3": {
      "types": [
        "https://ofn.gov.cz/slovník/psm/Class"
      ],
      "iri": "https://ofn.gov.cz/class/1748341334096-a218-756f-90c3",
      "dataPsmHumanLabel": null,
      "dataPsmHumanDescription": null,
      "dataPsmTechnicalLabel": "číselník",
      "dataPsmInterpretation": "w3hh0l8zvohm9ic5lth",
      "dataPsmExtends": [],
      "dataPsmParts": [
        "https://ofn.gov.cz/association/1748341383560-89b6-09f7-9cc7"
      ],
      "dataPsmIsClosed": null,
      "instancesHaveIdentity": "ALWAYS"
    },
    "https://ofn.gov.cz/association/1748341334144-a657-a844-add3": {
      "types": [
        "https://ofn.gov.cz/slovník/psm/AssociationEnd"
      ],
      "iri": "https://ofn.gov.cz/association/1748341334144-a657-a844-add3",
      "dataPsmHumanLabel": null,
      "dataPsmHumanDescription": null,
      "dataPsmTechnicalLabel": "instance-definovány-číselníkem",
      "dataPsmInterpretation": "zgr9qekoaxnm9icb9j6",
      "dataPsmPart": "https://ofn.gov.cz/class/1748341334096-a218-756f-90c3",
      "dataPsmIsReverse": false,
      "dataPsmIsDematerialize": null
    },
    "https://ofn.gov.cz/class/1748341334191-a426-c3c6-b364": {
      "types": [
        "https://ofn.gov.cz/slovník/psm/Class"
      ],
      "iri": "https://ofn.gov.cz/class/1748341334191-a426-c3c6-b364",
      "dataPsmHumanLabel": null,
      "dataPsmHumanDescription": null,
      "dataPsmTechnicalLabel": "třída",
      "dataPsmInterpretation": "g5n00n4kt4hm9ic2b42",
      "dataPsmExtends": [],
      "dataPsmParts": [],
      "dataPsmIsClosed": null
    },
    "https://ofn.gov.cz/association/1748341334238-a4b2-7be2-b017": {
      "types": [
        "https://ofn.gov.cz/slovník/psm/AssociationEnd"
      ],
      "iri": "https://ofn.gov.cz/association/1748341334238-a4b2-7be2-b017",
      "dataPsmHumanLabel": null,
      "dataPsmHumanDescription": null,
      "dataPsmTechnicalLabel": "nadřazená-třída",
      "dataPsmInterpretation": "velqgk27vcnm9ic42f5",
      "dataPsmPart": "https://ofn.gov.cz/class/1748341334191-a426-c3c6-b364",
      "dataPsmIsReverse": false,
      "dataPsmIsDematerialize": null
    },
    "https://ofn.gov.cz/class/1748341338544-3d98-24cb-8849": {
      "types": [
        "https://ofn.gov.cz/slovník/psm/Class"
      ],
      "iri": "https://ofn.gov.cz/class/1748341338544-3d98-24cb-8849",
      "dataPsmHumanLabel": null,
      "dataPsmHumanDescription": null,
      "dataPsmTechnicalLabel": "třída",
      "dataPsmInterpretation": "g5n00n4kt4hm9ic2b42",
      "dataPsmExtends": [],
      "dataPsmParts": [],
      "dataPsmIsClosed": null
    },
    "https://ofn.gov.cz/association/1748341338587-df19-e64b-8240": {
      "types": [
        "https://ofn.gov.cz/slovník/psm/AssociationEnd"
      ],
      "iri": "https://ofn.gov.cz/association/1748341338587-df19-e64b-8240",
      "dataPsmHumanLabel": null,
      "dataPsmHumanDescription": null,
      "dataPsmTechnicalLabel": "obor-hodnot",
      "dataPsmInterpretation": "m5e359fvf0mm9icepd8",
      "dataPsmPart": "https://ofn.gov.cz/class/1748341338544-3d98-24cb-8849",
      "dataPsmIsReverse": false,
      "dataPsmIsDematerialize": null
    },
    "https://ofn.gov.cz/class/1748341338638-6152-c22b-b4b4": {
      "types": [
        "https://ofn.gov.cz/slovník/psm/Class"
      ],
      "iri": "https://ofn.gov.cz/class/1748341338638-6152-c22b-b4b4",
      "dataPsmHumanLabel": null,
      "dataPsmHumanDescription": null,
      "dataPsmTechnicalLabel": "třída",
      "dataPsmInterpretation": "g5n00n4kt4hm9ic2b42",
      "dataPsmExtends": [],
      "dataPsmParts": [],
      "dataPsmIsClosed": null
    },
    "https://ofn.gov.cz/association/1748341338682-45fd-81ed-95c4": {
      "types": [
        "https://ofn.gov.cz/slovník/psm/AssociationEnd"
      ],
      "iri": "https://ofn.gov.cz/association/1748341338682-45fd-81ed-95c4",
      "dataPsmHumanLabel": null,
      "dataPsmHumanDescription": null,
      "dataPsmTechnicalLabel": "definiční-obor",
      "dataPsmInterpretation": "yxmmlbz4wqem9ice6pl",
      "dataPsmPart": "https://ofn.gov.cz/class/1748341338638-6152-c22b-b4b4",
      "dataPsmIsReverse": false,
      "dataPsmIsDematerialize": null
    },
    "https://ofn.gov.cz/class/1748341338734-92aa-b457-aeb3": {
      "types": [
        "https://ofn.gov.cz/slovník/psm/Class"
      ],
      "iri": "https://ofn.gov.cz/class/1748341338734-92aa-b457-aeb3",
      "dataPsmHumanLabel": null,
      "dataPsmHumanDescription": null,
      "dataPsmTechnicalLabel": "vztah",
      "dataPsmInterpretation": "l295zz8er0qm9iccbbw",
      "dataPsmExtends": [],
      "dataPsmParts": [],
      "dataPsmIsClosed": null
    },
    "https://ofn.gov.cz/association/1748341338779-54a2-f536-97b3": {
      "types": [
        "https://ofn.gov.cz/slovník/psm/AssociationEnd"
      ],
      "iri": "https://ofn.gov.cz/association/1748341338779-54a2-f536-97b3",
      "dataPsmHumanLabel": null,
      "dataPsmHumanDescription": null,
      "dataPsmTechnicalLabel": "nadřazený-vztah",
      "dataPsmInterpretation": "cs7di9qagb4m9icdg64",
      "dataPsmPart": "https://ofn.gov.cz/class/1748341338734-92aa-b457-aeb3",
      "dataPsmIsReverse": false,
      "dataPsmIsDematerialize": null
    },
    "https://ofn.gov.cz/class/1748341342602-e613-f566-8a1f": {
      "types": [
        "https://ofn.gov.cz/slovník/psm/Class"
      ],
      "iri": "https://ofn.gov.cz/class/1748341342602-e613-f566-8a1f",
      "dataPsmHumanLabel": null,
      "dataPsmHumanDescription": null,
      "dataPsmTechnicalLabel": "vlastnost",
      "dataPsmInterpretation": "3i1d136n3t8m9icfptz",
      "dataPsmExtends": [],
      "dataPsmParts": [],
      "dataPsmIsClosed": null
    },
    "https://ofn.gov.cz/association/1748341342647-b766-6e23-bef3": {
      "types": [
        "https://ofn.gov.cz/slovník/psm/AssociationEnd"
      ],
      "iri": "https://ofn.gov.cz/association/1748341342647-b766-6e23-bef3",
      "dataPsmHumanLabel": null,
      "dataPsmHumanDescription": null,
      "dataPsmTechnicalLabel": "nadřazená-vlastnost",
      "dataPsmInterpretation": "7hf5adiyfxgm9icj8aw",
      "dataPsmPart": "https://ofn.gov.cz/class/1748341342602-e613-f566-8a1f",
      "dataPsmIsReverse": false,
      "dataPsmIsDematerialize": null
    },
    "https://ofn.gov.cz/class/1748341342695-a461-2ae2-b6a4": {
      "types": [
        "https://ofn.gov.cz/slovník/psm/Class"
      ],
      "iri": "https://ofn.gov.cz/class/1748341342695-a461-2ae2-b6a4",
      "dataPsmHumanLabel": null,
      "dataPsmHumanDescription": null,
      "dataPsmTechnicalLabel": "datový-typ",
      "dataPsmInterpretation": "tm0sufdvu5sm9ichj7s",
      "dataPsmExtends": [],
      "dataPsmParts": [],
      "dataPsmIsClosed": null
    },
    "https://ofn.gov.cz/association/1748341342741-7c80-0d78-9d01": {
      "types": [
        "https://ofn.gov.cz/slovník/psm/AssociationEnd"
      ],
      "iri": "https://ofn.gov.cz/association/1748341342741-7c80-0d78-9d01",
      "dataPsmHumanLabel": null,
      "dataPsmHumanDescription": null,
      "dataPsmTechnicalLabel": "obor-hodnot",
      "dataPsmInterpretation": "1iofd1vyk4km9icif5e",
      "dataPsmPart": "https://ofn.gov.cz/class/1748341342695-a461-2ae2-b6a4",
      "dataPsmIsReverse": false,
      "dataPsmIsDematerialize": null
    },
    "https://ofn.gov.cz/class/1748341342788-351f-f4f2-a530": {
      "types": [
        "https://ofn.gov.cz/slovník/psm/Class"
      ],
      "iri": "https://ofn.gov.cz/class/1748341342788-351f-f4f2-a530",
      "dataPsmHumanLabel": null,
      "dataPsmHumanDescription": null,
      "dataPsmTechnicalLabel": "třída",
      "dataPsmInterpretation": "g5n00n4kt4hm9ic2b42",
      "dataPsmExtends": [],
      "dataPsmParts": [],
      "dataPsmIsClosed": null
    },
    "https://ofn.gov.cz/association/1748341342840-b211-635a-b706": {
      "types": [
        "https://ofn.gov.cz/slovník/psm/AssociationEnd"
      ],
      "iri": "https://ofn.gov.cz/association/1748341342840-b211-635a-b706",
      "dataPsmHumanLabel": null,
      "dataPsmHumanDescription": null,
      "dataPsmTechnicalLabel": "definiční-obor",
      "dataPsmInterpretation": "yv5lignblxpm9icgr27",
      "dataPsmPart": "https://ofn.gov.cz/class/1748341342788-351f-f4f2-a530",
      "dataPsmIsReverse": false,
      "dataPsmIsDematerialize": null
    },
    "https://ofn.gov.cz/class/1748341383514-a997-51b4-add0": {
      "types": [
        "https://ofn.gov.cz/slovník/psm/Class"
      ],
      "iri": "https://ofn.gov.cz/class/1748341383514-a997-51b4-add0",
      "dataPsmHumanLabel": null,
      "dataPsmHumanDescription": null,
      "dataPsmTechnicalLabel": "datová-sada-v-nkod",
      "dataPsmInterpretation": "yrv0wyd95vqm9ic90no",
      "dataPsmExtends": [],
      "dataPsmParts": [],
      "dataPsmIsClosed": null,
      "instancesHaveIdentity": "ALWAYS"
    },
    "https://ofn.gov.cz/association/1748341383560-89b6-09f7-9cc7": {
      "types": [
        "https://ofn.gov.cz/slovník/psm/AssociationEnd"
      ],
      "iri": "https://ofn.gov.cz/association/1748341383560-89b6-09f7-9cc7",
      "dataPsmHumanLabel": null,
      "dataPsmHumanDescription": null,
      "dataPsmTechnicalLabel": "datová-sada-v-nkod",
      "dataPsmInterpretation": "kysegdzqswsm9ic9tjx",
      "dataPsmPart": "https://ofn.gov.cz/class/1748341383514-a997-51b4-add0",
      "dataPsmIsReverse": false,
      "dataPsmIsDematerialize": null
    }
  }
}