{
  "iri": "9114d1ba-fb24-4b8b-972f-fda1744b47c6",
  "types": [
    "http://dataspecer.com/resources/v1/psm"
  ],
  "userMetadata": {
    "label": {
      "cs": "Konceptuální model"
    },
    "description": {
      "cs": "Datová struktura pro Konceptuální model. Na této úrovni rozlišujeme pojmy, které reprezentují\n- třídy reprezentující typy subjektů a objektů práva,\n- vztahy mezi dvěma subjekty či objekty práva,\n- vlastnosti subjektů a objektů práva."
    }
  },
  "metadata": {
    "creationDate": "2025-07-23T06:39:06.513Z",
    "modificationDate": "2025-07-25T08:11:09.380Z"
  },
  "_version": 1,
  "_exportVersion": 1,
  "_exportedAt": "2025-07-25T11:54:10.748Z",
  "_exportedBy": "http://localhost:3100"
}