{
  "identifier": "abi2vl",
  "version": 1,
  "type": "http://dataspecer.com/resources/local/visual-model",
  "entities": [
    {
      "type": [
        "http://dataspecer.com/resources/local/visual-model"
      ],
      "representedModel": "815a5011-4023-4b81-a601-3b8c58d91652",
      "color": "#b4e33d",
      "identifier": "08tj6"
    },
    {
      "type": [
        "http://dataspecer.com/resources/local/visual-model"
      ],
      "representedModel": "rwotq",
      "color": "#d4f2d2",
      "identifier": "wdmha"
    },
    {
      "type": [
        "http://dataspecer.com/resources/local/visual-model"
      ],
      "representedModel": "a5y9r",
      "color": "#92bcea",
      "identifier": "j9fm3j"
    },
    {
      "type": [
        "http://dataspecer.com/resources/local/visual-model"
      ],
      "representedModel": "tiarv",
      "color": "#ffb770",
      "identifier": "9mpyf"
    },
    {
      "type": [
        "http://dataspecer.com/resources/local/visual-model"
      ],
      "representedModel": "z26uol",
      "color": "#8fab5c",
      "identifier": "2xkbs"
    },
    {
      "type": [
        "http://dataspecer.com/resources/local/visual-model"
      ],
      "representedModel": "p37vu",
      "color": "#ff9770",
      "identifier": "6hsvq"
    },
    {
      "type": [
        "http://dataspecer.com/resources/local/visual-model"
      ],
      "representedModel": "3q0s9",
      "color": "#ff848b",
      "identifier": "n2hlw"
    },
    {
      "type": [
        "http://dataspecer.com/resources/local/visual-model"
      ],
      "representedModel": "x2oahj",
      "color": "#e63462",
      "identifier": "24ekl"
    },
    {
      "type": [
        "http://dataspecer.com/resources/local/visual-model"
      ],
      "representedModel": "qc8uy",
      "color": "#4dc9ab",
      "identifier": "212g8"
    },
    {
      "type": [
        "http://dataspecer.com/resources/local/visual-model"
      ],
      "representedModel": "ok7n6",
      "color": "#8da266",
      "identifier": "tcr9c"
    },
    {
      "identifier": "abi2vl-model-metadata-entity",
      "type": [
        "entity-model-type"
      ],
      "label": {
        "en": "Extended type specification",
        "cs": "Rozšířená specifikace typů"
      }
    },
    {
      "model": "815a5011-4023-4b81-a601-3b8c58d91652",
      "representedEntity": "102gw4osjd3rm9ibdkxp",
      "position": {
        "x": 1050,
        "y": 450,
        "anchored": null
      },
      "content": [],
      "visualModels": [],
      "type": [
        "visual-node"
      ],
      "identifier": "nic3k"
    },
    {
      "model": "815a5011-4023-4b81-a601-3b8c58d91652",
      "representedEntity": "l26s5lks6mam9jq39oa",
      "position": {
        "x": 800,
        "y": 300,
        "anchored": null
      },
      "content": [],
      "visualModels": [],
      "type": [
        "visual-node"
      ],
      "identifier": "dqk1v"
    },
    {
      "model": "815a5011-4023-4b81-a601-3b8c58d91652",
      "representedRelationship": "ouva0sfmif8m9jq3u4z",
      "waypoints": [],
      "visualSource": "dqk1v",
      "visualTarget": "nic3k",
      "type": [
        "visual-relationship"
      ],
      "identifier": "zfcz7g"
    },
    {
      "model": "815a5011-4023-4b81-a601-3b8c58d91652",
      "representedEntity": "oy6u6q2hkzjm9jq3ieg",
      "position": {
        "x": 1190,
        "y": 300,
        "anchored": null
      },
      "content": [],
      "visualModels": [],
      "type": [
        "visual-node"
      ],
      "identifier": "qkmwa"
    },
    {
      "model": "815a5011-4023-4b81-a601-3b8c58d91652",
      "representedRelationship": "z5g859r37sm9jq3w2r",
      "waypoints": [],
      "visualSource": "qkmwa",
      "visualTarget": "nic3k",
      "type": [
        "visual-relationship"
      ],
      "identifier": "lqx4l"
    },
    {
      "type": [
        "http://dataspecer.com/resources/local/visual-model"
      ],
      "representedModel": "4tkxyh",
      "color": "#8fab5c",
      "identifier": "ax3mf"
    }
  ]
}