{
  "iri": "acd41201-348b-4b2e-990e-b64f62a0febc",
  "types": [
    "http://dataspecer.com/resources/local/visual-model"
  ],
  "userMetadata": {
    "label": {
      "en": "Main view"
    },
    "description": {
      "en": "View model for the vocabulary"
    }
  },
  "metadata": {
    "creationDate": "2025-07-23T06:39:04.871Z",
    "modificationDate": "2025-07-25T07:23:50.576Z"
  },
  "_version": 1,
  "_exportVersion": 1,
  "_exportedAt": "2025-07-25T07:47:04.770Z",
  "_exportedBy": "http://localhost:3100"
}