{
  "identifier": "afvuvi",
  "version": 1,
  "type": "http://dataspecer.com/resources/local/visual-model",
  "entities": [
    {
      "type": [
        "http://dataspecer.com/resources/local/visual-model"
      ],
      "representedModel": "815a5011-4023-4b81-a601-3b8c58d91652",
      "color": "#b4e33d",
      "identifier": "ar6uu"
    },
    {
      "type": [
        "http://dataspecer.com/resources/local/visual-model"
      ],
      "representedModel": "rwotq",
      "color": "#d4f2d2",
      "identifier": "psvqn"
    },
    {
      "type": [
        "http://dataspecer.com/resources/local/visual-model"
      ],
      "representedModel": "a5y9r",
      "color": "#92bcea",
      "identifier": "0yp5p"
    },
    {
      "type": [
        "http://dataspecer.com/resources/local/visual-model"
      ],
      "representedModel": "tiarv",
      "color": "#ffb770",
      "identifier": "m1s8p"
    },
    {
      "type": [
        "http://dataspecer.com/resources/local/visual-model"
      ],
      "representedModel": "z26uol",
      "color": "#8fab5c",
      "identifier": "d9twx"
    },
    {
      "type": [
        "http://dataspecer.com/resources/local/visual-model"
      ],
      "representedModel": "p37vu",
      "color": "#ff9770",
      "identifier": "izstx"
    },
    {
      "type": [
        "http://dataspecer.com/resources/local/visual-model"
      ],
      "representedModel": "3q0s9",
      "color": "#ff848b",
      "identifier": "ividf"
    },
    {
      "type": [
        "http://dataspecer.com/resources/local/visual-model"
      ],
      "representedModel": "x2oahj",
      "color": "#e63462",
      "identifier": "hitg5"
    },
    {
      "type": [
        "http://dataspecer.com/resources/local/visual-model"
      ],
      "representedModel": "qc8uy",
      "color": "#4dc9ab",
      "identifier": "iyguw"
    },
    {
      "type": [
        "http://dataspecer.com/resources/local/visual-model"
      ],
      "representedModel": "ok7n6",
      "color": "#8da266",
      "identifier": "fcxqa"
    },
    {
      "identifier": "afvuvi-model-metadata-entity",
      "type": [
        "entity-model-type"
      ],
      "label": {
        "en": "Annotations for Registry of rights and obligations",
        "cs": "Anotace pro RPP"
      }
    },
    {
      "model": "815a5011-4023-4b81-a601-3b8c58d91652",
      "representedEntity": "102gw4osjd3rm9ibdkxp",
      "position": {
        "x": 1130,
        "y": 460,
        "anchored": null
      },
      "content": [
        "gkmm0n4t5cmb6hpy87"
      ],
      "visualModels": [],
      "type": [
        "visual-node"
      ],
      "identifier": "tpyw1"
    },
    {
      "model": "815a5011-4023-4b81-a601-3b8c58d91652",
      "representedEntity": "l26s5lks6mam9jq39oa",
      "position": {
        "x": 990,
        "y": 210,
        "anchored": null
      },
      "content": [
        "mx3if2c8zubm9jrpzqn",
        "aqmq10pdp1im9jrquq6"
      ],
      "visualModels": [],
      "type": [
        "visual-node"
      ],
      "identifier": "nn091"
    },
    {
      "model": "815a5011-4023-4b81-a601-3b8c58d91652",
      "representedRelationship": "ouva0sfmif8m9jq3u4z",
      "waypoints": [],
      "visualSource": "nn091",
      "visualTarget": "tpyw1",
      "type": [
        "visual-relationship"
      ],
      "identifier": "ago6e"
    },
    {
      "model": "815a5011-4023-4b81-a601-3b8c58d91652",
      "representedEntity": "oy6u6q2hkzjm9jq3ieg",
      "position": {
        "x": 990,
        "y": 690,
        "anchored": null
      },
      "content": [
        "8grzoslo1o6m9jrppjq",
        "tlqfp6kgmvdm9jrqkvw"
      ],
      "visualModels": [],
      "type": [
        "visual-node"
      ],
      "identifier": "yig9pj"
    },
    {
      "model": "815a5011-4023-4b81-a601-3b8c58d91652",
      "representedRelationship": "z5g859r37sm9jq3w2r",
      "waypoints": [],
      "visualSource": "yig9pj",
      "visualTarget": "tpyw1",
      "type": [
        "visual-relationship"
      ],
      "identifier": "axfel"
    },
    {
      "model": "815a5011-4023-4b81-a601-3b8c58d91652",
      "representedEntity": "7t19aduuhzom9id32k0",
      "position": {
        "x": 1960,
        "y": 450,
        "anchored": null
      },
      "content": [],
      "visualModels": [],
      "type": [
        "visual-node"
      ],
      "identifier": "qsuvef"
    },
    {
      "model": "815a5011-4023-4b81-a601-3b8c58d91652",
      "representedRelationship": "k915lpim4lam9id3bxh",
      "waypoints": [],
      "visualSource": "qsuvef",
      "visualTarget": "tpyw1",
      "type": [
        "visual-relationship"
      ],
      "identifier": "hu95d"
    },
    {
      "model": "815a5011-4023-4b81-a601-3b8c58d91652",
      "representedEntity": "ijnxfkhfcdcm9id3mq1",
      "position": {
        "x": 1950,
        "y": 580,
        "anchored": null
      },
      "content": [],
      "visualModels": [],
      "type": [
        "visual-node"
      ],
      "identifier": "ethqtl"
    },
    {
      "model": "815a5011-4023-4b81-a601-3b8c58d91652",
      "representedRelationship": "zj4fy6hjfrm9id3pza",
      "waypoints": [],
      "visualSource": "ethqtl",
      "visualTarget": "tpyw1",
      "type": [
        "visual-relationship"
      ],
      "identifier": "ivdnj"
    },
    {
      "model": "815a5011-4023-4b81-a601-3b8c58d91652",
      "representedEntity": "kiyu8d9gejqm9ibtb34",
      "position": {
        "x": 1930,
        "y": 760,
        "anchored": null
      },
      "content": [],
      "visualModels": [],
      "type": [
        "visual-node"
      ],
      "identifier": "nsfrv"
    },
    {
      "type": [
        "http://dataspecer.com/resources/local/visual-model"
      ],
      "representedModel": "4tkxyh",
      "color": "#4dc9ab",
      "identifier": "panft"
    },
    {
      "model": "815a5011-4023-4b81-a601-3b8c58d91652",
      "representedRelationship": "vx4cy38zl8nmdpkid2m",
      "waypoints": [],
      "visualSource": "ethqtl",
      "visualTarget": "nsfrv",
      "type": [
        "visual-relationship"
      ],
      "identifier": "xhe8e"
    }
  ]
}