{
  "iri": "b6d6d3f8-6998-4275-9f53-b8506c67acfd",
  "types": [
    "http://dataspecer.com/resources/v1/psm"
  ],
  "userMetadata": {
    "label": {
      "cs": "Slovníky celkem"
    },
    "description": {
      "cs": "Tato datová struktura slouží pro generování společného JSON-LD kontextu"
    }
  },
  "metadata": {
    "creationDate": "2025-07-23T06:39:07.120Z",
    "modificationDate": "2025-07-25T08:11:09.456Z"
  },
  "_version": 1,
  "_exportVersion": 1,
  "_exportedAt": "2025-07-25T11:54:10.760Z",
  "_exportedBy": "http://localhost:3100"
}