{
  "iri": "dfdcaedb-2e97-44f6-bb51-eaee4c4e56da",
  "types": [
    "http://dataspecer.com/resources/v1/psm"
  ],
  "userMetadata": {
    "label": {
      "cs": "Slovník"
    },
    "description": {
      "cs": "Slovník je seskupení pojmů popisující vybranou věcnou oblast."
    }
  },
  "metadata": {
    "creationDate": "2025-07-23T06:39:06.282Z",
    "modificationDate": "2026-01-15T14:01:57.018Z"
  },
  "_version": 1,
  "_exportVersion": 1,
  "_exportedAt": "2026-01-15T14:53:24.873Z",
  "_exportedBy": "http://localhost:3100"
}