{
  "iri": "dfdcaedb-2e97-44f6-bb51-eaee4c4e56da",
  "types": [
    "http://dataspecer.com/resources/v1/psm"
  ],
  "userMetadata": {
    "label": {
      "cs": "Slovník"
    },
    "description": {
      "cs": "Datová struktura pro Slovník. Datový slovník - je popisem struktury a významu dat v informačních systémech veřejné správy spravovaných správci dat v podobě pojmů, které reprezentují typy subjektů a objektů práva, jejich vlastnosti a vztahy mezi nimi."
    }
  },
  "metadata": {
    "creationDate": "2025-07-23T06:39:06.282Z",
    "modificationDate": "2025-07-30T06:16:40.491Z"
  },
  "_version": 1,
  "_exportVersion": 1,
  "_exportedAt": "2025-08-13T10:45:58.613Z",
  "_exportedBy": "http://localhost:3100"
}