{
  "iri": "f90a0244-96f5-49c9-9b26-7f6c585e1069",
  "types": [
    "http://dataspecer.com/resources/v1/psm"
  ],
  "userMetadata": {
    "label": {
      "cs": "Tezaurus"
    },
    "description": {
      "cs": "Datová struktura pro Tezaurus. Tezaurus je nejjednodušším typem slovníku."
    }
  },
  "metadata": {
    "creationDate": "2025-07-23T06:39:06.398Z",
    "modificationDate": "2026-01-07T15:37:56.909Z"
  },
  "_version": 1,
  "_exportVersion": 1,
  "_exportedAt": "2026-01-07T15:38:54.400Z",
  "_exportedBy": "http://localhost:3100"
}