{
  "iri": "f90a0244-96f5-49c9-9b26-7f6c585e1069",
  "types": [
    "http://dataspecer.com/resources/v1/psm"
  ],
  "userMetadata": {
    "label": {
      "en": "Concept Scheme",
      "cs": "Tezaurus"
    },
    "description": {
      "en": "Data structure for Concept Scheme. Tezaurus je nejjednodušším typem slovníku.",
      "cs": "Datová struktura pro Tezaurus. Tezaurus je nejjednodušším typem slovníku."
    }
  },
  "metadata": {
    "creationDate": "2025-07-23T06:39:06.398Z",
    "modificationDate": "2025-07-23T09:51:22.744Z"
  },
  "_version": 1,
  "_exportVersion": 1,
  "_exportedAt": "2025-07-23T14:46:57.299Z",
  "_exportedBy": "http://localhost:3100"
}