{
  "identifier": "is13y",
  "version": 1,
  "type": "http://dataspecer.com/resources/local/visual-model",
  "entities": [
    {
      "type": [
        "http://dataspecer.com/resources/local/visual-model"
      ],
      "representedModel": "815a5011-4023-4b81-a601-3b8c58d91652",
      "color": "#b4e33d",
      "identifier": "yzdt9"
    },
    {
      "type": [
        "http://dataspecer.com/resources/local/visual-model"
      ],
      "representedModel": "rwotq",
      "color": "#d4f2d2",
      "identifier": "w8lib"
    },
    {
      "type": [
        "http://dataspecer.com/resources/local/visual-model"
      ],
      "representedModel": "a5y9r",
      "color": "#92bcea",
      "identifier": "we5mfi"
    },
    {
      "type": [
        "http://dataspecer.com/resources/local/visual-model"
      ],
      "representedModel": "tiarv",
      "color": "#ffb770",
      "identifier": "s7uqt"
    },
    {
      "type": [
        "http://dataspecer.com/resources/local/visual-model"
      ],
      "representedModel": "z26uol",
      "color": "#8fab5c",
      "identifier": "quyqai"
    },
    {
      "type": [
        "http://dataspecer.com/resources/local/visual-model"
      ],
      "representedModel": "p37vu",
      "color": "#ff9770",
      "identifier": "g3h67"
    },
    {
      "type": [
        "http://dataspecer.com/resources/local/visual-model"
      ],
      "representedModel": "3q0s9",
      "color": "#ff848b",
      "identifier": "e3r1g"
    },
    {
      "type": [
        "http://dataspecer.com/resources/local/visual-model"
      ],
      "representedModel": "x2oahj",
      "color": "#e63462",
      "identifier": "7tl4h"
    },
    {
      "type": [
        "http://dataspecer.com/resources/local/visual-model"
      ],
      "representedModel": "qc8uy",
      "color": "#4dc9ab",
      "identifier": "xla48"
    },
    {
      "type": [
        "http://dataspecer.com/resources/local/visual-model"
      ],
      "representedModel": "ok7n6",
      "color": "#8da266",
      "identifier": "yk8w1"
    },
    {
      "identifier": "is13y-model-metadata-entity",
      "type": [
        "entity-model-type"
      ],
      "label": {
        "en": "Conceptual model",
        "cs": "Konceptuální model"
      }
    },
    {
      "model": "815a5011-4023-4b81-a601-3b8c58d91652",
      "representedEntity": "h31s6hbky1im9ibc54o",
      "position": {
        "x": 430,
        "y": 410,
        "anchored": null
      },
      "content": [],
      "visualModels": [],
      "type": [
        "visual-node"
      ],
      "identifier": "zymk1"
    },
    {
      "model": "815a5011-4023-4b81-a601-3b8c58d91652",
      "representedEntity": "ptstwho3tosm9ib4omy",
      "position": {
        "x": 450,
        "y": 240,
        "anchored": null
      },
      "content": [],
      "visualModels": [],
      "type": [
        "visual-node"
      ],
      "identifier": "cloqh"
    },
    {
      "model": "815a5011-4023-4b81-a601-3b8c58d91652",
      "representedRelationship": "87da6doicnjm9ibcioc",
      "waypoints": [],
      "visualSource": "zymk1",
      "visualTarget": "cloqh",
      "type": [
        "visual-relationship"
      ],
      "identifier": "ridv1"
    },
    {
      "model": "815a5011-4023-4b81-a601-3b8c58d91652",
      "representedEntity": "20z8w78vvlsm9ibi6q7",
      "position": {
        "x": 380,
        "y": 580,
        "anchored": null
      },
      "content": [],
      "visualModels": [],
      "type": [
        "visual-node"
      ],
      "identifier": "429we"
    },
    {
      "model": "815a5011-4023-4b81-a601-3b8c58d91652",
      "representedRelationship": "ag435tad2apm9ibic0m",
      "waypoints": [],
      "visualSource": "429we",
      "visualTarget": "zymk1",
      "type": [
        "visual-relationship"
      ],
      "identifier": "kuoda"
    },
    {
      "model": "815a5011-4023-4b81-a601-3b8c58d91652",
      "representedEntity": "102gw4osjd3rm9ibdkxp",
      "position": {
        "x": 1010,
        "y": 410,
        "anchored": null
      },
      "content": [],
      "visualModels": [],
      "type": [
        "visual-node"
      ],
      "identifier": "cdyup"
    },
    {
      "model": "815a5011-4023-4b81-a601-3b8c58d91652",
      "representedRelationship": "pg2qpy5ymmdm9ibfrd6",
      "waypoints": [],
      "visualSource": "cdyup",
      "visualTarget": "zymk1",
      "type": [
        "visual-relationship"
      ],
      "identifier": "wehww"
    },
    {
      "model": "815a5011-4023-4b81-a601-3b8c58d91652",
      "representedEntity": "g5n00n4kt4hm9ic2b42",
      "position": {
        "x": 960,
        "y": 760,
        "anchored": null
      },
      "content": [],
      "visualModels": [],
      "type": [
        "visual-node"
      ],
      "identifier": "l0armh"
    },
    {
      "model": "815a5011-4023-4b81-a601-3b8c58d91652",
      "representedRelationship": "velqgk27vcnm9ic42f5",
      "waypoints": [],
      "visualSource": "l0armh",
      "visualTarget": "l0armh",
      "type": [
        "visual-relationship"
      ],
      "identifier": "1yy7h"
    },
    {
      "model": "815a5011-4023-4b81-a601-3b8c58d91652",
      "representedRelationship": "qhjbrte3chm9ic2h0d",
      "waypoints": [],
      "visualSource": "l0armh",
      "visualTarget": "cdyup",
      "type": [
        "visual-relationship"
      ],
      "identifier": "3acmv"
    },
    {
      "model": "815a5011-4023-4b81-a601-3b8c58d91652",
      "representedEntity": "l295zz8er0qm9iccbbw",
      "position": {
        "x": 400,
        "y": 760,
        "anchored": null
      },
      "content": [],
      "visualModels": [],
      "type": [
        "visual-node"
      ],
      "identifier": "4ak64"
    },
    {
      "model": "815a5011-4023-4b81-a601-3b8c58d91652",
      "representedRelationship": "p1ljrd9cummb6cdf1h",
      "waypoints": [
        {
          "x": 700,
          "y": 680,
          "anchored": null
        },
        {
          "x": 1050,
          "y": 680,
          "anchored": null
        }
      ],
      "visualSource": "4ak64",
      "visualTarget": "cdyup",
      "type": [
        "visual-relationship"
      ],
      "identifier": "pdrs1f"
    },
    {
      "model": "815a5011-4023-4b81-a601-3b8c58d91652",
      "representedRelationship": "m5e359fvf0mm9icepd8",
      "waypoints": [],
      "visualSource": "4ak64",
      "visualTarget": "l0armh",
      "type": [
        "visual-relationship"
      ],
      "identifier": "zgcgt"
    },
    {
      "model": "815a5011-4023-4b81-a601-3b8c58d91652",
      "representedRelationship": "yxmmlbz4wqem9ice6pl",
      "waypoints": [],
      "visualSource": "4ak64",
      "visualTarget": "l0armh",
      "type": [
        "visual-relationship"
      ],
      "identifier": "w88gt"
    },
    {
      "model": "815a5011-4023-4b81-a601-3b8c58d91652",
      "representedRelationship": "cs7di9qagb4m9icdg64",
      "waypoints": [],
      "visualSource": "4ak64",
      "visualTarget": "4ak64",
      "type": [
        "visual-relationship"
      ],
      "identifier": "sgv07"
    },
    {
      "model": "815a5011-4023-4b81-a601-3b8c58d91652",
      "representedEntity": "w3hh0l8zvohm9ic5lth",
      "position": {
        "x": 760,
        "y": 920,
        "anchored": null
      },
      "content": [
        "kysegdzqswsm9ic9tjx"
      ],
      "visualModels": [],
      "type": [
        "visual-node"
      ],
      "identifier": "qmnkc"
    },
    {
      "model": "815a5011-4023-4b81-a601-3b8c58d91652",
      "representedRelationship": "zgr9qekoaxnm9icb9j6",
      "waypoints": [],
      "visualSource": "l0armh",
      "visualTarget": "qmnkc",
      "type": [
        "visual-relationship"
      ],
      "identifier": "rh5fa"
    },
    {
      "model": "815a5011-4023-4b81-a601-3b8c58d91652",
      "representedEntity": "3i1d136n3t8m9icfptz",
      "position": {
        "x": 1450,
        "y": 760,
        "anchored": null
      },
      "content": [],
      "visualModels": [],
      "type": [
        "visual-node"
      ],
      "identifier": "xw8yc"
    },
    {
      "model": "815a5011-4023-4b81-a601-3b8c58d91652",
      "representedRelationship": "p5q28or6momb6cdk8r",
      "waypoints": [
        {
          "x": 1460,
          "y": 710,
          "anchored": null
        },
        {
          "x": 1190,
          "y": 710,
          "anchored": null
        }
      ],
      "visualSource": "xw8yc",
      "visualTarget": "cdyup",
      "type": [
        "visual-relationship"
      ],
      "identifier": "lxen9"
    },
    {
      "model": "815a5011-4023-4b81-a601-3b8c58d91652",
      "representedRelationship": "7hf5adiyfxgm9icj8aw",
      "waypoints": [
        {
          "x": 1870,
          "y": 800,
          "anchored": null
        },
        {
          "x": 1870,
          "y": 930
        },
        {
          "x": 1700,
          "y": 930,
          "anchored": null
        }
      ],
      "visualSource": "xw8yc",
      "visualTarget": "xw8yc",
      "type": [
        "visual-relationship"
      ],
      "identifier": "msjvnk"
    },
    {
      "model": "815a5011-4023-4b81-a601-3b8c58d91652",
      "representedRelationship": "yv5lignblxpm9icgr27",
      "waypoints": [],
      "visualSource": "xw8yc",
      "visualTarget": "l0armh",
      "type": [
        "visual-relationship"
      ],
      "identifier": "f5n86"
    },
    {
      "model": "815a5011-4023-4b81-a601-3b8c58d91652",
      "representedEntity": "tm0sufdvu5sm9ichj7s",
      "position": {
        "x": 1490,
        "y": 570,
        "anchored": null
      },
      "content": [],
      "visualModels": [],
      "type": [
        "visual-node"
      ],
      "identifier": "tmzyn"
    },
    {
      "model": "815a5011-4023-4b81-a601-3b8c58d91652",
      "representedRelationship": "1iofd1vyk4km9icif5e",
      "waypoints": [],
      "visualSource": "xw8yc",
      "visualTarget": "tmzyn",
      "type": [
        "visual-relationship"
      ],
      "identifier": "ccvka"
    },
    {
      "type": [
        "http://dataspecer.com/resources/local/visual-model"
      ],
      "representedModel": "4tkxyh",
      "color": "#ff70a6",
      "identifier": "068lf"
    }
  ]
}