{
  "type": "http://dataspecer.com/resources/local/semantic-model",
  "modelId": "ok7n6",
  "modelAlias": "SGoV additional",
  "baseIri": "https://example.com/ok7n6/#",
  "entities": {
    "0pn3tk6azpemb6hplg2": {
      "ends": [
        {
          "iri": null,
          "name": {},
          "description": {},
          "concept": "https://www.w3.org/2002/07/owl#Thing",
          "externalDocumentationUrl": null
        },
        {
          "name": {
            "cs": "Je sdílen v propojeném datovém fondu"
          },
          "description": {},
          "concept": "http://www.w3.org/2001/XMLSchema#boolean",
          "iri": "https://slovník.gov.cz/agendový/104/pojem/je-sdílen-v-propojeném-datovém-fondu",
          "externalDocumentationUrl": ""
        }
      ],
      "id": "0pn3tk6azpemb6hplg2",
      "type": [
        "relationship"
      ],
      "iri": null,
      "name": {},
      "description": {}
    }
  }
}