{
  "iri": "db2ad74f-ec45-4d46-84f8-24d36fbb4200/4445f5a1-2f1c-4105-b8d5-9f01f31c6ed7/389a0af7-3712-4ccf-9800-ad170b17d366/b958ce7d-55ff-4fd0-990b-dd28ab8fa16f",
  "types": [
    "https://dataspecer.com/core/model-descriptor/pim-store-wrapper"
  ],
  "userMetadata": {
    "documentBaseUrl": "https://www.dublincore.org/specifications/dublin-core/dcmi-terms/dublin_core_terms.ttl",
    "label": {
      "en": "dublin_core_terms"
    }
  },
  "metadata": {
    "creationDate": "2025-07-17T09:01:50.480Z",
    "modificationDate": "2025-07-17T09:01:50.600Z"
  },
  "_version": 1,
  "_exportVersion": 1,
  "_exportedAt": "2025-07-17T09:46:20.746Z",
  "_exportedBy": "http://localhost:3100"
}