{
  "iri": "db2ad74f-ec45-4d46-84f8-24d36fbb4200/4445f5a1-2f1c-4105-b8d5-9f01f31c6ed7/389a0af7-3712-4ccf-9800-ad170b17d366/d98450b4-ef00-41e2-a0c9-cae2b3ebb34c",
  "types": [
    "https://dataspecer.com/core/model-descriptor/pim-store-wrapper"
  ],
  "userMetadata": {
    "documentBaseUrl": "https://www.w3.org/ns/dcat3.ttl",
    "label": {
      "en": "dcat3"
    }
  },
  "metadata": {
    "creationDate": "2025-07-17T09:01:50.819Z",
    "modificationDate": "2025-07-17T10:18:12.066Z"
  },
  "_version": 1,
  "_exportVersion": 1,
  "_exportedAt": "2025-07-17T10:52:26.474Z",
  "_exportedBy": "http://localhost:3100"
}