{
  "iri": "192e1c39-405f-468a-93b9-40ff51b28489/ce15384d-2046-4629-98d6-299791446449/profile",
  "types": [
    "http://dataspecer.com/resources/local/semantic-model"
  ],
  "userMetadata": {
    "label": {
      "cs": "DCAT-AP-CZ: Základní datový model pro katalogy dat",
      "en": "DCAT-AP-CZ: Basic data model for data catalogs"
    },
    "documentBaseUrl": "https://ofn.gov.cz/dcat-ap-cz/draft/cs/"
  },
  "metadata": {
    "creationDate": "2026-01-09T11:44:50.579Z",
    "modificationDate": "2026-01-09T11:44:50.614Z"
  },
  "_version": 1,
  "_exportVersion": 1,
  "_exportedAt": "2026-01-20T06:59:13.750Z",
  "_exportedBy": "http://localhost:3100"
}