{
  "iri": "db2ad74f-ec45-4d46-84f8-24d36fbb4200/ee216e25-cd02-439a-864a-9e4f13bbd330/c37c2f52-19f1-43c2-b506-2de10ec56642/de2a1f9d-f2f5-442f-8931-7b2ff57f6612/16cf3106-bab2-4bbd-85fa-5e043594e605",
  "types": [
    "https://dataspecer.com/core/model-descriptor/pim-store-wrapper"
  ],
  "userMetadata": {
    "documentBaseUrl": "https://www.dublincore.org/specifications/dublin-core/dcmi-terms/dublin_core_terms.ttl",
    "label": {
      "en": "dublin_core_terms"
    }
  },
  "metadata": {
    "creationDate": "2025-07-23T10:55:12.282Z",
    "modificationDate": "2025-07-30T14:09:59.242Z"
  },
  "_version": 1,
  "_exportVersion": 1,
  "_exportedAt": "2025-07-30T14:14:24.333Z",
  "_exportedBy": "http://localhost:3100"
}