{
  "iri": "69160fc4-9370-4130-8795-a4ff50a70a28/d3681d8b-616a-4aef-9aab-ad1b15ce274c/5e72e0e7-c920-4e53-88eb-584968f075e7/c1796ed9-0134-4208-a597-9e0b1ff36749",
  "types": [
    "https://dataspecer.com/core/model-descriptor/pim-store-wrapper"
  ],
  "userMetadata": {
    "documentBaseUrl": "https://www.w3.org/ns/dcat3.ttl",
    "label": {
      "en": "dcat3"
    }
  },
  "metadata": {
    "creationDate": "2026-01-06T10:57:07.444Z",
    "modificationDate": "2026-01-06T11:00:31.692Z"
  },
  "_version": 1,
  "_exportVersion": 1,
  "_exportedAt": "2026-01-06T11:00:47.386Z",
  "_exportedBy": "http://localhost:3100"
}