{
  "iri": "69160fc4-9370-4130-8795-a4ff50a70a28/d3681d8b-616a-4aef-9aab-ad1b15ce274c/5a0bec53-6b75-48f9-8b13-08691a0c8af2/e4899b1e-25da-42b5-989d-d3117be19f44/f449bef9-f6c2-4497-964d-43d89ef624af",
  "types": [
    "https://dataspecer.com/core/model-descriptor/pim-store-wrapper"
  ],
  "userMetadata": {
    "documentBaseUrl": "https://www.w3.org/ns/prov-o",
    "label": {
      "en": "prov-o"
    }
  },
  "metadata": {
    "creationDate": "2026-01-06T10:57:10.663Z",
    "modificationDate": "2026-01-06T11:00:33.028Z"
  },
  "_version": 1,
  "_exportVersion": 1,
  "_exportedAt": "2026-01-06T11:00:47.434Z",
  "_exportedBy": "http://localhost:3100"
}