{
  "iri": "69160fc4-9370-4130-8795-a4ff50a70a28/d3681d8b-616a-4aef-9aab-ad1b15ce274c/5a0bec53-6b75-48f9-8b13-08691a0c8af2/e4899b1e-25da-42b5-989d-d3117be19f44/fe22d565-7c2a-4f45-8eb7-65dcd358424b",
  "types": [
    "https://dataspecer.com/core/model-descriptor/pim-store-wrapper"
  ],
  "userMetadata": {
    "documentBaseUrl": "https://datagov-cz.github.io/cache-slovniku/rdfs.ttl",
    "label": {
      "en": "rdfs"
    }
  },
  "metadata": {
    "creationDate": "2026-01-06T10:57:13.176Z",
    "modificationDate": "2026-01-06T11:00:33.936Z"
  },
  "_version": 1,
  "_exportVersion": 1,
  "_exportedAt": "2026-01-06T11:00:47.463Z",
  "_exportedBy": "http://localhost:3100"
}