{
  "iri": "7afb0b94-e0e2-4657-b32d-1b7a9e6af130",
  "types": [
    "http://dataspecer.com/resources/local/package"
  ],
  "userMetadata": {
    "label": {
      "cs": "Slovníky"
    },
    "description": {
      "cs": "Cílem této otevřené formální normy je specifikovat strukturu pro výměnu slovníků pro popis dat. Nejedná se o metodiku pro tvorbu slovníků samotných."
    }
  },
  "metadata": {
    "creationDate": "2025-07-23T06:39:04.617Z",
    "modificationDate": "2026-02-26T10:04:13.919Z"
  },
  "_version": 1,
  "_exportVersion": 1,
  "_exportedAt": "2026-02-26T10:04:18.858Z",
  "_exportedBy": "http://localhost:3100"
}