{
  "iri": "1d139bc3-9cde-40fb-9307-f7b0391c5b80",
  "types": [
    "http://dataspecer.com/resources/v1/psm"
  ],
  "userMetadata": {
    "label": {
      "cs": "Anotace pro § 23 vyhlášky 360/2023 Sb."
    },
    "description": {
      "cs": "Anotace pro § 23 vyhlášky 360/2023 Sb."
    }
  },
  "metadata": {
    "creationDate": "2025-07-23T06:39:07.005Z",
    "modificationDate": "2026-01-15T14:01:57.041Z"
  },
  "_version": 1,
  "_exportVersion": 1,
  "_exportedAt": "2026-02-26T10:04:18.768Z",
  "_exportedBy": "http://localhost:3100"
}