{
  "iri": "90937dfe-9d78-4dc9-b71c-de81f1ffa240",
  "types": [
    "http://dataspecer.com/resources/v1/psm"
  ],
  "userMetadata": {
    "label": {
      "cs": "Anotace pro registr práv a povinností"
    },
    "description": {
      "cs": "Datová struktura pro Tezaurus s anotacemi pro registr práv a povinností."
    }
  },
  "metadata": {
    "creationDate": "2025-07-23T06:39:06.610Z",
    "modificationDate": "2026-01-15T14:01:57.058Z"
  },
  "_version": 1,
  "_exportVersion": 1,
  "_exportedAt": "2026-02-26T10:04:18.763Z",
  "_exportedBy": "http://localhost:3100"
}