{
  "identifier": "cn8es",
  "version": 1,
  "type": "http://dataspecer.com/resources/local/visual-model",
  "entities": [
    {
      "type": [
        "http://dataspecer.com/resources/local/visual-model"
      ],
      "representedModel": "815a5011-4023-4b81-a601-3b8c58d91652",
      "color": "#b4e33d",
      "identifier": "zbhrz"
    },
    {
      "type": [
        "http://dataspecer.com/resources/local/visual-model"
      ],
      "representedModel": "rwotq",
      "color": "#d4f2d2",
      "identifier": "tn1fs"
    },
    {
      "type": [
        "http://dataspecer.com/resources/local/visual-model"
      ],
      "representedModel": "a5y9r",
      "color": "#92bcea",
      "identifier": "gbet5j"
    },
    {
      "type": [
        "http://dataspecer.com/resources/local/visual-model"
      ],
      "representedModel": "tiarv",
      "color": "#ffb770",
      "identifier": "shmfr"
    },
    {
      "type": [
        "http://dataspecer.com/resources/local/visual-model"
      ],
      "representedModel": "z26uol",
      "color": "#8fab5c",
      "identifier": "5ujo4"
    },
    {
      "type": [
        "http://dataspecer.com/resources/local/visual-model"
      ],
      "representedModel": "p37vu",
      "color": "#ff9770",
      "identifier": "0s8zg"
    },
    {
      "type": [
        "http://dataspecer.com/resources/local/visual-model"
      ],
      "representedModel": "3q0s9",
      "color": "#ff848b",
      "identifier": "m4rkd"
    },
    {
      "type": [
        "http://dataspecer.com/resources/local/visual-model"
      ],
      "representedModel": "x2oahj",
      "color": "#e63462",
      "identifier": "bu8s0f"
    },
    {
      "type": [
        "http://dataspecer.com/resources/local/visual-model"
      ],
      "representedModel": "qc8uy",
      "color": "#4dc9ab",
      "identifier": "ufmzu"
    },
    {
      "type": [
        "http://dataspecer.com/resources/local/visual-model"
      ],
      "representedModel": "ok7n6",
      "color": "#8da266",
      "identifier": "9zdzd"
    },
    {
      "identifier": "cn8es-model-metadata-entity",
      "type": [
        "entity-model-type"
      ],
      "label": {
        "en": "Annotation for Section 23 of Decree 360/2023 Coll.",
        "cs": "Anotace pro § 23 vyhlášky 360/2023 Sb."
      }
    },
    {
      "model": "815a5011-4023-4b81-a601-3b8c58d91652",
      "representedEntity": "102gw4osjd3rm9ibdkxp",
      "position": {
        "x": 1330,
        "y": 420,
        "anchored": null
      },
      "content": [],
      "visualModels": [],
      "type": [
        "visual-node"
      ],
      "identifier": "7fe51"
    },
    {
      "model": "815a5011-4023-4b81-a601-3b8c58d91652",
      "representedEntity": "l91vbqid9wem9id8i9v",
      "position": {
        "x": 1750,
        "y": 250,
        "anchored": null
      },
      "content": [],
      "visualModels": [],
      "type": [
        "visual-node"
      ],
      "identifier": "l6uo2"
    },
    {
      "model": "815a5011-4023-4b81-a601-3b8c58d91652",
      "representedRelationship": "rzuaqm7f1vm9id9yd3",
      "waypoints": [],
      "visualSource": "7fe51",
      "visualTarget": "l6uo2",
      "type": [
        "visual-relationship"
      ],
      "identifier": "vkmxw"
    },
    {
      "model": "815a5011-4023-4b81-a601-3b8c58d91652",
      "representedEntity": "z6i6ivlayvhm9id87gq",
      "position": {
        "x": 1880,
        "y": 430,
        "anchored": null
      },
      "content": [],
      "visualModels": [],
      "type": [
        "visual-node"
      ],
      "identifier": "k6q0z"
    },
    {
      "model": "815a5011-4023-4b81-a601-3b8c58d91652",
      "representedRelationship": "3rccf03reh6m9idaolw",
      "waypoints": [],
      "visualSource": "7fe51",
      "visualTarget": "k6q0z",
      "type": [
        "visual-relationship"
      ],
      "identifier": "1yc9j"
    },
    {
      "model": "815a5011-4023-4b81-a601-3b8c58d91652",
      "representedEntity": "4mmt1tvw6ndm9id8rq3",
      "position": {
        "x": 1780,
        "y": 600,
        "anchored": null
      },
      "content": [],
      "visualModels": [],
      "type": [
        "visual-node"
      ],
      "identifier": "s7grg"
    },
    {
      "model": "815a5011-4023-4b81-a601-3b8c58d91652",
      "representedRelationship": "7dv6zdmktzkm9idab31",
      "waypoints": [],
      "visualSource": "7fe51",
      "visualTarget": "s7grg",
      "type": [
        "visual-relationship"
      ],
      "identifier": "q9spq"
    },
    {
      "type": [
        "http://dataspecer.com/resources/local/visual-model"
      ],
      "representedModel": "4tkxyh",
      "color": "#ff70a6",
      "identifier": "itw8v"
    }
  ]
}