{
  "operations": [
    {
      "types": [
        "core-operation",
        "https://ofn.gov.cz/slovník/psm/CreateClass"
      ],
      "iri": "https://ofn.gov.cz/operation/1744886474705-a888-1488-968d",
      "parent": null,
      "dataPsmNewIri": null,
      "dataPsmInterpretation": "ptstwho3tosm9ib4omy",
      "dataPsmTechnicalLabel": "slovník",
      "dataPsmHumanLabel": null,
      "dataPsmHumanDescription": null,
      "dataPsmExtends": [],
      "dataPsmIsClosed": null
    },
    {
      "types": [
        "core-operation",
        "https://ofn.gov.cz/slovník/psm/SetRoots"
      ],
      "iri": "https://ofn.gov.cz/operation/1744886474753-66e8-0e8b-a7ce",
      "parent": "https://ofn.gov.cz/operation/1744886474705-a888-1488-968d",
      "dataPsmRoots": [
        "https://ofn.gov.cz/class/1744886474705-2eb1-b18f-8509"
      ]
    },
    {
      "types": [
        "core-operation",
        "https://ofn.gov.cz/slovník/psm/SetHumanLabel"
      ],
      "iri": "https://ofn.gov.cz/operation/1744886474794-aba1-4916-a5b5",
      "parent": "https://ofn.gov.cz/operation/1744886474753-66e8-0e8b-a7ce",
      "dataPsmResource": "dfdcaedb-2e97-44f6-bb51-eaee4c4e56da",
      "dataPsmHumanLabel": {
        "cs": "Slovník",
        "en": "Concept Scheme"
      }
    },
    {
      "types": [
        "core-operation",
        "https://ofn.gov.cz/slovník/psm/SetHumanDescription"
      ],
      "iri": "https://ofn.gov.cz/operation/1744886474833-6d37-14d2-aa70",
      "parent": "https://ofn.gov.cz/operation/1744886474794-aba1-4916-a5b5",
      "dataPsmResource": "dfdcaedb-2e97-44f6-bb51-eaee4c4e56da",
      "dataPsmHumanDescription": {
        "cs": "Datová struktura pro Slovník. Datový slovník - je popisem struktury a významu dat v informačních systémech veřejné správy spravovaných správci dat v podobě pojmů, které reprezentují typy subjektů a objektů práva, jejich vlastnosti a vztahy mezi nimi.",
        "en": "Data structure for Concept Scheme. Datový slovník - je popisem struktury a významu dat v informačních systémech veřejné správy spravovaných správci dat v podobě pojmů, které reprezentují typy subjektů a objektů práva, jejich vlastnosti a vztahy mezi nimi."
      }
    },
    {
      "types": [
        "core-operation",
        "https://ofn.gov.cz/slovník/psm/CreateAttribute"
      ],
      "iri": "https://ofn.gov.cz/operation/1744889784992-8a0d-c854-a2d5",
      "parent": "https://ofn.gov.cz/operation/1744886474833-6d37-14d2-aa70",
      "dataPsmNewIri": null,
      "dataPsmInterpretation": "2ynzqcmfszmm9ib60al",
      "dataPsmTechnicalLabel": "název",
      "dataPsmHumanLabel": null,
      "dataPsmHumanDescription": null,
      "dataPsmOwner": "https://ofn.gov.cz/class/1744886474705-2eb1-b18f-8509",
      "dataPsmDatatype": "https://ofn.gov.cz/zdroj/základní-datové-typy/2020-07-01/text"
    },
    {
      "types": [
        "core-operation",
        "https://ofn.gov.cz/slovník/psm/CreateAttribute"
      ],
      "iri": "https://ofn.gov.cz/operation/1744889785033-704d-6ff0-be6d",
      "parent": "https://ofn.gov.cz/operation/1744889784992-8a0d-c854-a2d5",
      "dataPsmNewIri": null,
      "dataPsmInterpretation": "18iz808lfd9m9ib6nnk",
      "dataPsmTechnicalLabel": "popis",
      "dataPsmHumanLabel": null,
      "dataPsmHumanDescription": null,
      "dataPsmOwner": "https://ofn.gov.cz/class/1744886474705-2eb1-b18f-8509",
      "dataPsmDatatype": "https://ofn.gov.cz/zdroj/základní-datové-typy/2020-07-01/text"
    },
    {
      "types": [
        "core-operation",
        "https://ofn.gov.cz/slovník/psm/CreateClass"
      ],
      "iri": "https://ofn.gov.cz/operation/1744889785072-c3d0-0c81-9c3f",
      "parent": "https://ofn.gov.cz/operation/1744889785033-704d-6ff0-be6d",
      "dataPsmNewIri": null,
      "dataPsmInterpretation": "rug4doxs6wfm9jxqxsy",
      "dataPsmTechnicalLabel": "časový_okamžik",
      "dataPsmHumanLabel": null,
      "dataPsmHumanDescription": null,
      "dataPsmExtends": [],
      "dataPsmIsClosed": null
    },
    {
      "types": [
        "core-operation",
        "https://ofn.gov.cz/slovník/psm/CreateAssociationEnd"
      ],
      "iri": "https://ofn.gov.cz/operation/1744889785121-aedb-b3a5-a76f",
      "parent": "https://ofn.gov.cz/operation/1744889785072-c3d0-0c81-9c3f",
      "dataPsmNewIri": null,
      "dataPsmInterpretation": "jjbalad349m9l9rmka",
      "dataPsmTechnicalLabel": "okamžik_vytvoření",
      "dataPsmHumanLabel": null,
      "dataPsmHumanDescription": null,
      "dataPsmOwner": "https://ofn.gov.cz/class/1744886474705-2eb1-b18f-8509",
      "dataPsmPart": "https://ofn.gov.cz/class/1744889785072-ae52-758e-bb6a",
      "dataPsmIsReverse": false,
      "dataPsmIsDematerialize": null
    },
    {
      "types": [
        "core-operation",
        "https://ofn.gov.cz/slovník/psm/CreateClass"
      ],
      "iri": "https://ofn.gov.cz/operation/1744889785161-5777-9fef-8041",
      "parent": "https://ofn.gov.cz/operation/1744889785121-aedb-b3a5-a76f",
      "dataPsmNewIri": null,
      "dataPsmInterpretation": "rug4doxs6wfm9jxqxsy",
      "dataPsmTechnicalLabel": "časový_okamžik",
      "dataPsmHumanLabel": null,
      "dataPsmHumanDescription": null,
      "dataPsmExtends": [],
      "dataPsmIsClosed": null
    },
    {
      "types": [
        "core-operation",
        "https://ofn.gov.cz/slovník/psm/CreateAssociationEnd"
      ],
      "iri": "https://ofn.gov.cz/operation/1744889785199-d4a6-ec1a-a126",
      "parent": "https://ofn.gov.cz/operation/1744889785161-5777-9fef-8041",
      "dataPsmNewIri": null,
      "dataPsmInterpretation": "ngmfpqclzobm9l9relu",
      "dataPsmTechnicalLabel": "okamžik_poslední_změny",
      "dataPsmHumanLabel": null,
      "dataPsmHumanDescription": null,
      "dataPsmOwner": "https://ofn.gov.cz/class/1744886474705-2eb1-b18f-8509",
      "dataPsmPart": "https://ofn.gov.cz/class/1744889785161-fe42-c77b-bb05",
      "dataPsmIsReverse": false,
      "dataPsmIsDematerialize": null
    },
    {
      "types": [
        "core-operation",
        "https://ofn.gov.cz/slovník/psm/CreateAttribute"
      ],
      "iri": "https://ofn.gov.cz/operation/1744889798161-4d2a-6a7b-8d97",
      "parent": "https://ofn.gov.cz/operation/1744889785199-d4a6-ec1a-a126",
      "dataPsmNewIri": null,
      "dataPsmInterpretation": "6fp4bg315jom9jxs2i9",
      "dataPsmTechnicalLabel": "je_nespecifikovaný",
      "dataPsmHumanLabel": null,
      "dataPsmHumanDescription": null,
      "dataPsmOwner": "https://ofn.gov.cz/class/1744889785072-ae52-758e-bb6a",
      "dataPsmDatatype": "http://www.w3.org/2001/XMLSchema#boolean"
    },
    {
      "types": [
        "core-operation",
        "https://ofn.gov.cz/slovník/psm/CreateAttribute"
      ],
      "iri": "https://ofn.gov.cz/operation/1744889798199-84e7-4b75-a431",
      "parent": "https://ofn.gov.cz/operation/1744889798161-4d2a-6a7b-8d97",
      "dataPsmNewIri": null,
      "dataPsmInterpretation": "0fls5k4qesp5m9jxrrl6",
      "dataPsmTechnicalLabel": "datum_a_čas",
      "dataPsmHumanLabel": null,
      "dataPsmHumanDescription": null,
      "dataPsmOwner": "https://ofn.gov.cz/class/1744889785072-ae52-758e-bb6a",
      "dataPsmDatatype": "http://www.w3.org/2001/XMLSchema#dateTime"
    },
    {
      "types": [
        "core-operation",
        "https://ofn.gov.cz/slovník/psm/CreateAttribute"
      ],
      "iri": "https://ofn.gov.cz/operation/1744889798236-3c50-37bd-9230",
      "parent": "https://ofn.gov.cz/operation/1744889798199-84e7-4b75-a431",
      "dataPsmNewIri": null,
      "dataPsmInterpretation": "4ee912iphv7m9jxrjjm",
      "dataPsmTechnicalLabel": "datum",
      "dataPsmHumanLabel": null,
      "dataPsmHumanDescription": null,
      "dataPsmOwner": "https://ofn.gov.cz/class/1744889785072-ae52-758e-bb6a",
      "dataPsmDatatype": "http://www.w3.org/2001/XMLSchema#date"
    },
    {
      "types": [
        "core-operation",
        "https://ofn.gov.cz/slovník/psm/CreateAttribute"
      ],
      "iri": "https://ofn.gov.cz/operation/1744889802024-ac1f-6b0a-bfbb",
      "parent": "https://ofn.gov.cz/operation/1744889798236-3c50-37bd-9230",
      "dataPsmNewIri": null,
      "dataPsmInterpretation": "6fp4bg315jom9jxs2i9",
      "dataPsmTechnicalLabel": "je_nespecifikovaný",
      "dataPsmHumanLabel": null,
      "dataPsmHumanDescription": null,
      "dataPsmOwner": "https://ofn.gov.cz/class/1744889785161-fe42-c77b-bb05",
      "dataPsmDatatype": "http://www.w3.org/2001/XMLSchema#boolean"
    },
    {
      "types": [
        "core-operation",
        "https://ofn.gov.cz/slovník/psm/CreateAttribute"
      ],
      "iri": "https://ofn.gov.cz/operation/1744889802062-5a31-61b7-856f",
      "parent": "https://ofn.gov.cz/operation/1744889802024-ac1f-6b0a-bfbb",
      "dataPsmNewIri": null,
      "dataPsmInterpretation": "0fls5k4qesp5m9jxrrl6",
      "dataPsmTechnicalLabel": "datum_a_čas",
      "dataPsmHumanLabel": null,
      "dataPsmHumanDescription": null,
      "dataPsmOwner": "https://ofn.gov.cz/class/1744889785161-fe42-c77b-bb05",
      "dataPsmDatatype": "http://www.w3.org/2001/XMLSchema#dateTime"
    },
    {
      "types": [
        "core-operation",
        "https://ofn.gov.cz/slovník/psm/CreateAttribute"
      ],
      "iri": "https://ofn.gov.cz/operation/1744889802103-1494-8097-961c",
      "parent": "https://ofn.gov.cz/operation/1744889802062-5a31-61b7-856f",
      "dataPsmNewIri": null,
      "dataPsmInterpretation": "4ee912iphv7m9jxrjjm",
      "dataPsmTechnicalLabel": "datum",
      "dataPsmHumanLabel": null,
      "dataPsmHumanDescription": null,
      "dataPsmOwner": "https://ofn.gov.cz/class/1744889785161-fe42-c77b-bb05",
      "dataPsmDatatype": "http://www.w3.org/2001/XMLSchema#date"
    },
    {
      "types": [
        "core-operation",
        "https://ofn.gov.cz/slovník/psm/SetTechnicalLabel"
      ],
      "iri": "https://ofn.gov.cz/operation/1744889814030-0c4c-5cf4-9ebc",
      "parent": "https://ofn.gov.cz/operation/1744889802103-1494-8097-961c",
      "dataPsmResource": "https://ofn.gov.cz/association/1744889785121-adae-1499-a62e",
      "dataPsmTechnicalLabel": "vytvořeno"
    },
    {
      "types": [
        "core-operation",
        "https://ofn.gov.cz/slovník/psm/SetTechnicalLabel"
      ],
      "iri": "https://ofn.gov.cz/operation/1744889820495-e382-a43e-ba58",
      "parent": "https://ofn.gov.cz/operation/1744889814030-0c4c-5cf4-9ebc",
      "dataPsmResource": "https://ofn.gov.cz/association/1744889785199-4fbd-dc08-964c",
      "dataPsmTechnicalLabel": "aktualizováno"
    },
    {
      "types": [
        "core-operation",
        "https://ofn.gov.cz/slovník/psm/SetInstancesHaveIdentity"
      ],
      "iri": "https://ofn.gov.cz/operation/1744889853713-04e9-5ff6-b38d",
      "parent": "https://ofn.gov.cz/operation/1744889820495-e382-a43e-ba58",
      "dataPsmClass": "https://ofn.gov.cz/class/1744889785072-ae52-758e-bb6a",
      "instancesHaveIdentity": "OPTIONAL"
    },
    {
      "types": [
        "core-operation",
        "https://ofn.gov.cz/slovník/psm/SetInstancesHaveIdentity"
      ],
      "iri": "https://ofn.gov.cz/operation/1744889860755-5a35-3d0e-ad4c",
      "parent": "https://ofn.gov.cz/operation/1744889853713-04e9-5ff6-b38d",
      "dataPsmClass": "https://ofn.gov.cz/class/1744889785161-fe42-c77b-bb05",
      "instancesHaveIdentity": "OPTIONAL"
    },
    {
      "types": [
        "core-operation",
        "https://ofn.gov.cz/slovník/psm/SetDataType"
      ],
      "iri": "https://ofn.gov.cz/operation/1744890852422-24c8-5686-979c",
      "parent": "https://ofn.gov.cz/operation/1744889860755-5a35-3d0e-ad4c",
      "dataPsmAttribute": "https://ofn.gov.cz/attribute/1744889784992-5d12-a3e2-82be",
      "dataPsmDatatype": "https://ofn.gov.cz/zdroj/základní-datové-typy/2020-07-01/text"
    },
    {
      "types": [
        "core-operation",
        "https://ofn.gov.cz/slovník/psm/SetDataType"
      ],
      "iri": "https://ofn.gov.cz/operation/1744890854997-1e3d-6a0c-8638",
      "parent": "https://ofn.gov.cz/operation/1744890852422-24c8-5686-979c",
      "dataPsmAttribute": "https://ofn.gov.cz/attribute/1744889785033-46a9-905d-8b2c",
      "dataPsmDatatype": "https://ofn.gov.cz/zdroj/základní-datové-typy/2020-07-01/text"
    },
    {
      "types": [
        "core-operation",
        "https://ofn.gov.cz/slovník/psm/SetJsonLdDefinedPrefixes"
      ],
      "iri": "https://ofn.gov.cz/operation/1748001170948-1b5b-221c-8d05",
      "parent": "https://ofn.gov.cz/operation/1744890854997-1e3d-6a0c-8638",
      "dataPsmEntity": "dfdcaedb-2e97-44f6-bb51-eaee4c4e56da",
      "jsonLdDefinedPrefixes": {
        "čas": "\t https://slovník.gov.cz/generický/čas/pojem/"
      }
    },
    {
      "types": [
        "core-operation",
        "https://ofn.gov.cz/slovník/psm/SetJsonEnforceContext"
      ],
      "iri": "https://ofn.gov.cz/operation/1748001171015-1720-4367-aa24",
      "parent": "https://ofn.gov.cz/operation/1748001170948-1b5b-221c-8d05",
      "dataPsmEntity": "dfdcaedb-2e97-44f6-bb51-eaee4c4e56da",
      "jsonEnforceContext": "no"
    },
    {
      "types": [
        "core-operation",
        "https://ofn.gov.cz/slovník/psm/SetJsonLdDefinedPrefixes"
      ],
      "iri": "https://ofn.gov.cz/operation/1748001198073-cead-366a-a56a",
      "parent": "https://ofn.gov.cz/operation/1748001171015-1720-4367-aa24",
      "dataPsmEntity": "dfdcaedb-2e97-44f6-bb51-eaee4c4e56da",
      "jsonLdDefinedPrefixes": {}
    },
    {
      "types": [
        "core-operation",
        "https://ofn.gov.cz/slovník/psm/SetJsonLdDefinedPrefixes"
      ],
      "iri": "https://ofn.gov.cz/operation/1748001208983-7e55-355e-a232",
      "parent": "https://ofn.gov.cz/operation/1748001198073-cead-366a-a56a",
      "dataPsmEntity": "dfdcaedb-2e97-44f6-bb51-eaee4c4e56da",
      "jsonLdDefinedPrefixes": {
        "skos": "http://www.w3.org/2004/02/skos/core#"
      }
    },
    {
      "types": [
        "core-operation",
        "https://ofn.gov.cz/slovník/psm/SetJsonLdDefinedPrefixes"
      ],
      "iri": "https://ofn.gov.cz/operation/1748001217634-c491-7e46-ba00",
      "parent": "https://ofn.gov.cz/operation/1748001208983-7e55-355e-a232",
      "dataPsmEntity": "dfdcaedb-2e97-44f6-bb51-eaee4c4e56da",
      "jsonLdDefinedPrefixes": {
        "skos": "http://www.w3.org/2004/02/skos/core#",
        "dcterms": "http://purl.org/dc/terms/"
      }
    },
    {
      "types": [
        "core-operation",
        "https://ofn.gov.cz/slovník/psm/SetJsonLdDefinedPrefixes"
      ],
      "iri": "https://ofn.gov.cz/operation/1748001227152-058e-865b-9e18",
      "parent": "https://ofn.gov.cz/operation/1748001217634-c491-7e46-ba00",
      "dataPsmEntity": "dfdcaedb-2e97-44f6-bb51-eaee4c4e56da",
      "jsonLdDefinedPrefixes": {
        "skos": "http://www.w3.org/2004/02/skos/core#",
        "dcterms": "http://purl.org/dc/terms/",
        "čas": "https://slovník.gov.cz/generický/čas/pojem/"
      }
    },
    {
      "types": [
        "core-operation",
        "https://ofn.gov.cz/slovník/psm/SetJsonLdDefinedPrefixes"
      ],
      "iri": "https://ofn.gov.cz/operation/1748001238431-b529-1ddc-a7dd",
      "parent": "https://ofn.gov.cz/operation/1748001227152-058e-865b-9e18",
      "dataPsmEntity": "dfdcaedb-2e97-44f6-bb51-eaee4c4e56da",
      "jsonLdDefinedPrefixes": {
        "skos": "http://www.w3.org/2004/02/skos/core#",
        "dcterms": "http://purl.org/dc/terms/",
        "čas": "https://slovník.gov.cz/generický/čas/pojem/",
        "slovníky": "https://slovník.gov.cz/generický/datový-slovník-ofn-slovníků/pojem/"
      }
    },
    {
      "types": [
        "core-operation",
        "https://ofn.gov.cz/slovník/psm/SetJsonLdDefinedPrefixes"
      ],
      "iri": "https://ofn.gov.cz/operation/1748001255100-5bca-d8bd-b21f",
      "parent": "https://ofn.gov.cz/operation/1748001238431-b529-1ddc-a7dd",
      "dataPsmEntity": "dfdcaedb-2e97-44f6-bb51-eaee4c4e56da",
      "jsonLdDefinedPrefixes": {
        "skos": "http://www.w3.org/2004/02/skos/core#",
        "dcterms": "http://purl.org/dc/terms/",
        "čas": "https://slovník.gov.cz/generický/čas/pojem/",
        "slovníky": "https://slovník.gov.cz/generický/datový-slovník-ofn-slovníků/pojem/",
        "xsd": "http://www.w3.org/2001/XMLSchema#"
      }
    },
    {
      "types": [
        "core-operation",
        "https://ofn.gov.cz/slovník/psm/SetJsonEnforceContext"
      ],
      "iri": "https://ofn.gov.cz/operation/1748001307154-9c40-3dba-a059",
      "parent": "https://ofn.gov.cz/operation/1748001255100-5bca-d8bd-b21f",
      "dataPsmEntity": "dfdcaedb-2e97-44f6-bb51-eaee4c4e56da",
      "jsonEnforceContext": "with-extensions"
    },
    {
      "types": [
        "core-operation",
        "https://ofn.gov.cz/slovník/psm/SetCardinality"
      ],
      "iri": "https://ofn.gov.cz/operation/1748001740404-0d76-aadf-a73c",
      "parent": "https://ofn.gov.cz/operation/1748001307154-9c40-3dba-a059",
      "entityId": "https://ofn.gov.cz/association/1744889785121-adae-1499-a62e",
      "dataPsmCardinality": [
        0,
        1
      ]
    },
    {
      "types": [
        "core-operation",
        "https://ofn.gov.cz/slovník/psm/SetCardinality"
      ],
      "iri": "https://ofn.gov.cz/operation/1748001744043-b8f5-a6c4-9166",
      "parent": "https://ofn.gov.cz/operation/1748001740404-0d76-aadf-a73c",
      "entityId": "https://ofn.gov.cz/association/1744889785199-4fbd-dc08-964c",
      "dataPsmCardinality": [
        0,
        1
      ]
    },
    {
      "types": [
        "core-operation",
        "https://ofn.gov.cz/slovník/psm/SetCardinality"
      ],
      "iri": "https://ofn.gov.cz/operation/1748338793727-22d5-ddf8-97d4",
      "parent": "https://ofn.gov.cz/operation/1748001744043-b8f5-a6c4-9166",
      "entityId": "https://ofn.gov.cz/association/1744889785121-adae-1499-a62e",
      "dataPsmCardinality": null
    },
    {
      "types": [
        "core-operation",
        "https://ofn.gov.cz/slovník/psm/SetCardinality"
      ],
      "iri": "https://ofn.gov.cz/operation/1748338797251-72be-69dc-b17e",
      "parent": "https://ofn.gov.cz/operation/1748338793727-22d5-ddf8-97d4",
      "entityId": "https://ofn.gov.cz/association/1744889785199-4fbd-dc08-964c",
      "dataPsmCardinality": null
    },
    {
      "types": [
        "core-operation",
        "https://ofn.gov.cz/slovník/psm/CreateContainer"
      ],
      "iri": "https://ofn.gov.cz/operation/1748338838610-2b6d-ead4-834f",
      "parent": "https://ofn.gov.cz/operation/1748338797251-72be-69dc-b17e",
      "dataPsmNewIri": null,
      "dataPsmInterpretation": null,
      "dataPsmTechnicalLabel": null,
      "dataPsmHumanLabel": null,
      "dataPsmHumanDescription": null,
      "dataPsmOwner": "https://ofn.gov.cz/class/1744889785072-ae52-758e-bb6a",
      "dataPsmContainerType": "choice"
    },
    {
      "types": [
        "core-operation",
        "https://ofn.gov.cz/slovník/psm/SetCardinality"
      ],
      "iri": "https://ofn.gov.cz/operation/1748338838682-b81a-f2e7-8fa0",
      "parent": "https://ofn.gov.cz/operation/1748338838610-2b6d-ead4-834f",
      "entityId": "https://ofn.gov.cz/Container/1748338838610-fd99-29d2-8c8f",
      "dataPsmCardinality": [
        1,
        1
      ]
    },
    {
      "types": [
        "core-operation",
        "https://ofn.gov.cz/slovník/psm/MoveProperty"
      ],
      "iri": "https://ofn.gov.cz/operation/1748338841750-8efb-21f5-b40c",
      "parent": "https://ofn.gov.cz/operation/1748338838682-b81a-f2e7-8fa0",
      "dataPsmSourceContainer": "https://ofn.gov.cz/class/1744889785072-ae52-758e-bb6a",
      "dataPsmProperty": "https://ofn.gov.cz/attribute/1744889798236-041a-18d8-aa05",
      "dataPsmTargetContainer": "https://ofn.gov.cz/Container/1748338838610-fd99-29d2-8c8f",
      "dataPsmMoveAfter": null
    },
    {
      "types": [
        "core-operation",
        "https://ofn.gov.cz/slovník/psm/MoveProperty"
      ],
      "iri": "https://ofn.gov.cz/operation/1748338843907-6436-f74a-b098",
      "parent": "https://ofn.gov.cz/operation/1748338841750-8efb-21f5-b40c",
      "dataPsmSourceContainer": "https://ofn.gov.cz/class/1744889785072-ae52-758e-bb6a",
      "dataPsmProperty": "https://ofn.gov.cz/attribute/1744889798199-f1f0-77c6-8a5c",
      "dataPsmTargetContainer": "https://ofn.gov.cz/Container/1748338838610-fd99-29d2-8c8f",
      "dataPsmMoveAfter": null
    },
    {
      "types": [
        "core-operation",
        "https://ofn.gov.cz/slovník/psm/MoveProperty"
      ],
      "iri": "https://ofn.gov.cz/operation/1748338845761-7bdc-7eea-9122",
      "parent": "https://ofn.gov.cz/operation/1748338843907-6436-f74a-b098",
      "dataPsmSourceContainer": "https://ofn.gov.cz/class/1744889785072-ae52-758e-bb6a",
      "dataPsmProperty": "https://ofn.gov.cz/attribute/1744889798161-2f45-81d5-ae20",
      "dataPsmTargetContainer": "https://ofn.gov.cz/Container/1748338838610-fd99-29d2-8c8f",
      "dataPsmMoveAfter": null
    },
    {
      "types": [
        "core-operation",
        "https://ofn.gov.cz/slovník/psm/SetDataType"
      ],
      "iri": "https://ofn.gov.cz/operation/1748342966645-ec6e-5e19-86fa",
      "parent": "https://ofn.gov.cz/operation/1748338845761-7bdc-7eea-9122",
      "dataPsmAttribute": "https://ofn.gov.cz/attribute/1744889798199-f1f0-77c6-8a5c",
      "dataPsmDatatype": "http://www.w3.org/2001/XMLSchema#dateTimeStamp"
    },
    {
      "types": [
        "core-operation",
        "https://ofn.gov.cz/slovník/psm/SetDataType"
      ],
      "iri": "https://ofn.gov.cz/operation/1748342974169-7e6c-cc05-b6b8",
      "parent": "https://ofn.gov.cz/operation/1748342966645-ec6e-5e19-86fa",
      "dataPsmAttribute": "https://ofn.gov.cz/attribute/1744889802062-0c4d-4b65-b9c3",
      "dataPsmDatatype": "http://www.w3.org/2001/XMLSchema#dateTimeStamp"
    },
    {
      "types": [
        "core-operation",
        "https://ofn.gov.cz/slovník/psm/MoveProperty"
      ],
      "iri": "https://ofn.gov.cz/operation/1748352387213-8b3b-0d74-8903",
      "parent": "https://ofn.gov.cz/operation/1748342974169-7e6c-cc05-b6b8",
      "dataPsmSourceContainer": "https://ofn.gov.cz/Container/1748338838610-fd99-29d2-8c8f",
      "dataPsmProperty": "https://ofn.gov.cz/attribute/1744889798161-2f45-81d5-ae20",
      "dataPsmTargetContainer": "https://ofn.gov.cz/class/1744889785072-ae52-758e-bb6a",
      "dataPsmMoveAfter": null
    },
    {
      "types": [
        "core-operation",
        "https://ofn.gov.cz/slovník/psm/MoveProperty"
      ],
      "iri": "https://ofn.gov.cz/operation/1748352391797-4c38-1ad8-817d",
      "parent": "https://ofn.gov.cz/operation/1748352387213-8b3b-0d74-8903",
      "dataPsmSourceContainer": "https://ofn.gov.cz/Container/1748338838610-fd99-29d2-8c8f",
      "dataPsmProperty": "https://ofn.gov.cz/attribute/1744889798199-f1f0-77c6-8a5c",
      "dataPsmTargetContainer": "https://ofn.gov.cz/class/1744889785072-ae52-758e-bb6a",
      "dataPsmMoveAfter": "https://ofn.gov.cz/attribute/1744889798161-2f45-81d5-ae20"
    },
    {
      "types": [
        "core-operation",
        "https://ofn.gov.cz/slovník/psm/MoveProperty"
      ],
      "iri": "https://ofn.gov.cz/operation/1748352393771-ca38-9165-b6f8",
      "parent": "https://ofn.gov.cz/operation/1748352391797-4c38-1ad8-817d",
      "dataPsmSourceContainer": "https://ofn.gov.cz/Container/1748338838610-fd99-29d2-8c8f",
      "dataPsmProperty": "https://ofn.gov.cz/attribute/1744889798236-041a-18d8-aa05",
      "dataPsmTargetContainer": "https://ofn.gov.cz/class/1744889785072-ae52-758e-bb6a",
      "dataPsmMoveAfter": "https://ofn.gov.cz/attribute/1744889798199-f1f0-77c6-8a5c"
    },
    {
      "types": [
        "core-operation",
        "https://ofn.gov.cz/slovník/psm/DeleteContainer"
      ],
      "iri": "https://ofn.gov.cz/operation/1748352394782-658e-e515-8c60",
      "parent": "https://ofn.gov.cz/operation/1748352393771-ca38-9165-b6f8",
      "dataPsmOwner": "https://ofn.gov.cz/class/1744889785072-ae52-758e-bb6a",
      "dataPsmContainer": "https://ofn.gov.cz/Container/1748338838610-fd99-29d2-8c8f"
    },
    {
      "types": [
        "core-operation",
        "https://ofn.gov.cz/slovník/psm/SetIsClosed"
      ],
      "iri": "https://ofn.gov.cz/operation/1748352403492-1a9e-0ba0-8d46",
      "parent": "https://ofn.gov.cz/operation/1748352394782-658e-e515-8c60",
      "dataPsmClass": "https://ofn.gov.cz/class/1744889785072-ae52-758e-bb6a",
      "dataPsmIsClosed": true
    },
    {
      "types": [
        "core-operation",
        "https://ofn.gov.cz/slovník/psm/SetIsClosed"
      ],
      "iri": "https://ofn.gov.cz/operation/1748352408408-4c49-0a89-8d6c",
      "parent": "https://ofn.gov.cz/operation/1748352403492-1a9e-0ba0-8d46",
      "dataPsmClass": "https://ofn.gov.cz/class/1744889785161-fe42-c77b-bb05",
      "dataPsmIsClosed": true
    },
    {
      "types": [
        "core-operation",
        "https://ofn.gov.cz/slovník/psm/SetTechnicalLabel"
      ],
      "iri": "https://ofn.gov.cz/operation/1752759207902-9ff9-df63-a3c2",
      "parent": "https://ofn.gov.cz/operation/1748352408408-4c49-0a89-8d6c",
      "dataPsmResource": "dfdcaedb-2e97-44f6-bb51-eaee4c4e56da",
      "dataPsmTechnicalLabel": "slovník"
    },
    {
      "types": [
        "core-operation",
        "https://ofn.gov.cz/slovník/psm/SetHumanLabel"
      ],
      "iri": "https://ofn.gov.cz/operation/1753282649799-818d-96ac-91b8",
      "parent": "https://ofn.gov.cz/operation/1752759207902-9ff9-df63-a3c2",
      "dataPsmResource": "dfdcaedb-2e97-44f6-bb51-eaee4c4e56da",
      "dataPsmHumanLabel": {
        "cs": "Slovník"
      }
    },
    {
      "types": [
        "core-operation",
        "https://ofn.gov.cz/slovník/psm/SetHumanDescription"
      ],
      "iri": "https://ofn.gov.cz/operation/1753282649848-369c-b453-88ea",
      "parent": "https://ofn.gov.cz/operation/1753282649799-818d-96ac-91b8",
      "dataPsmResource": "dfdcaedb-2e97-44f6-bb51-eaee4c4e56da",
      "dataPsmHumanDescription": {
        "cs": "Datová struktura pro Slovník. Datový slovník - je popisem struktury a významu dat v informačních systémech veřejné správy spravovaných správci dat v podobě pojmů, které reprezentují typy subjektů a objektů práva, jejich vlastnosti a vztahy mezi nimi."
      }
    },
    {
      "types": [
        "core-operation",
        "https://ofn.gov.cz/slovník/psm/SetHumanLabel"
      ],
      "iri": "https://ofn.gov.cz/operation/1768484939426-93ed-bbb5-91b1",
      "parent": "https://ofn.gov.cz/operation/1753282649848-369c-b453-88ea",
      "dataPsmResource": "dfdcaedb-2e97-44f6-bb51-eaee4c4e56da",
      "dataPsmHumanLabel": {
        "cs": "Slovník"
      }
    },
    {
      "types": [
        "core-operation",
        "https://ofn.gov.cz/slovník/psm/SetHumanDescription"
      ],
      "iri": "https://ofn.gov.cz/operation/1768484939501-73bb-0017-a105",
      "parent": "https://ofn.gov.cz/operation/1768484939426-93ed-bbb5-91b1",
      "dataPsmResource": "dfdcaedb-2e97-44f6-bb51-eaee4c4e56da",
      "dataPsmHumanDescription": {
        "cs": "Slovník je seskupení pojmů popisující vybranou věcnou oblast."
      }
    }
  ],
  "resources": {
    "dfdcaedb-2e97-44f6-bb51-eaee4c4e56da": {
      "types": [
        "https://ofn.gov.cz/slovník/psm/Schema"
      ],
      "iri": "dfdcaedb-2e97-44f6-bb51-eaee4c4e56da",
      "dataPsmHumanLabel": {
        "cs": "Slovník"
      },
      "dataPsmHumanDescription": {
        "cs": "Slovník je seskupení pojmů popisující vybranou věcnou oblast."
      },
      "dataPsmTechnicalLabel": "slovník",
      "dataPsmRoots": [
        "https://ofn.gov.cz/class/1744886474705-2eb1-b18f-8509"
      ],
      "dataPsmParts": [
        "https://ofn.gov.cz/class/1744886474705-2eb1-b18f-8509",
        "https://ofn.gov.cz/attribute/1744889784992-5d12-a3e2-82be",
        "https://ofn.gov.cz/attribute/1744889785033-46a9-905d-8b2c",
        "https://ofn.gov.cz/class/1744889785072-ae52-758e-bb6a",
        "https://ofn.gov.cz/association/1744889785121-adae-1499-a62e",
        "https://ofn.gov.cz/class/1744889785161-fe42-c77b-bb05",
        "https://ofn.gov.cz/association/1744889785199-4fbd-dc08-964c",
        "https://ofn.gov.cz/attribute/1744889798161-2f45-81d5-ae20",
        "https://ofn.gov.cz/attribute/1744889798199-f1f0-77c6-8a5c",
        "https://ofn.gov.cz/attribute/1744889798236-041a-18d8-aa05",
        "https://ofn.gov.cz/attribute/1744889802024-b74e-4f63-84a6",
        "https://ofn.gov.cz/attribute/1744889802062-0c4d-4b65-b9c3",
        "https://ofn.gov.cz/attribute/1744889802103-2194-00bc-9e5e"
      ],
      "jsonLdDefinedPrefixes": {
        "skos": "http://www.w3.org/2004/02/skos/core#",
        "dcterms": "http://purl.org/dc/terms/",
        "čas": "https://slovník.gov.cz/generický/čas/pojem/",
        "slovníky": "https://slovník.gov.cz/generický/datový-slovník-ofn-slovníků/pojem/",
        "xsd": "http://www.w3.org/2001/XMLSchema#"
      },
      "jsonEnforceContext": "with-extensions"
    },
    "https://ofn.gov.cz/class/1744886474705-2eb1-b18f-8509": {
      "types": [
        "https://ofn.gov.cz/slovník/psm/Class"
      ],
      "iri": "https://ofn.gov.cz/class/1744886474705-2eb1-b18f-8509",
      "dataPsmHumanLabel": null,
      "dataPsmHumanDescription": null,
      "dataPsmTechnicalLabel": "slovník",
      "dataPsmInterpretation": "ptstwho3tosm9ib4omy",
      "dataPsmExtends": [],
      "dataPsmParts": [
        "https://ofn.gov.cz/attribute/1744889784992-5d12-a3e2-82be",
        "https://ofn.gov.cz/attribute/1744889785033-46a9-905d-8b2c",
        "https://ofn.gov.cz/association/1744889785121-adae-1499-a62e",
        "https://ofn.gov.cz/association/1744889785199-4fbd-dc08-964c"
      ],
      "dataPsmIsClosed": null
    },
    "https://ofn.gov.cz/attribute/1744889784992-5d12-a3e2-82be": {
      "types": [
        "https://ofn.gov.cz/slovník/psm/Attribute"
      ],
      "iri": "https://ofn.gov.cz/attribute/1744889784992-5d12-a3e2-82be",
      "dataPsmHumanLabel": null,
      "dataPsmHumanDescription": null,
      "dataPsmTechnicalLabel": "název",
      "dataPsmInterpretation": "2ynzqcmfszmm9ib60al",
      "dataPsmDatatype": "https://ofn.gov.cz/zdroj/základní-datové-typy/2020-07-01/text"
    },
    "https://ofn.gov.cz/attribute/1744889785033-46a9-905d-8b2c": {
      "types": [
        "https://ofn.gov.cz/slovník/psm/Attribute"
      ],
      "iri": "https://ofn.gov.cz/attribute/1744889785033-46a9-905d-8b2c",
      "dataPsmHumanLabel": null,
      "dataPsmHumanDescription": null,
      "dataPsmTechnicalLabel": "popis",
      "dataPsmInterpretation": "18iz808lfd9m9ib6nnk",
      "dataPsmDatatype": "https://ofn.gov.cz/zdroj/základní-datové-typy/2020-07-01/text"
    },
    "https://ofn.gov.cz/class/1744889785072-ae52-758e-bb6a": {
      "types": [
        "https://ofn.gov.cz/slovník/psm/Class"
      ],
      "iri": "https://ofn.gov.cz/class/1744889785072-ae52-758e-bb6a",
      "dataPsmHumanLabel": null,
      "dataPsmHumanDescription": null,
      "dataPsmTechnicalLabel": "časový_okamžik",
      "dataPsmInterpretation": "rug4doxs6wfm9jxqxsy",
      "dataPsmExtends": [],
      "dataPsmParts": [
        "https://ofn.gov.cz/attribute/1744889798161-2f45-81d5-ae20",
        "https://ofn.gov.cz/attribute/1744889798199-f1f0-77c6-8a5c",
        "https://ofn.gov.cz/attribute/1744889798236-041a-18d8-aa05"
      ],
      "dataPsmIsClosed": true,
      "instancesHaveIdentity": "OPTIONAL"
    },
    "https://ofn.gov.cz/association/1744889785121-adae-1499-a62e": {
      "types": [
        "https://ofn.gov.cz/slovník/psm/AssociationEnd"
      ],
      "iri": "https://ofn.gov.cz/association/1744889785121-adae-1499-a62e",
      "dataPsmHumanLabel": null,
      "dataPsmHumanDescription": null,
      "dataPsmTechnicalLabel": "vytvořeno",
      "dataPsmInterpretation": "jjbalad349m9l9rmka",
      "dataPsmPart": "https://ofn.gov.cz/class/1744889785072-ae52-758e-bb6a",
      "dataPsmIsReverse": false,
      "dataPsmIsDematerialize": null
    },
    "https://ofn.gov.cz/class/1744889785161-fe42-c77b-bb05": {
      "types": [
        "https://ofn.gov.cz/slovník/psm/Class"
      ],
      "iri": "https://ofn.gov.cz/class/1744889785161-fe42-c77b-bb05",
      "dataPsmHumanLabel": null,
      "dataPsmHumanDescription": null,
      "dataPsmTechnicalLabel": "časový_okamžik",
      "dataPsmInterpretation": "rug4doxs6wfm9jxqxsy",
      "dataPsmExtends": [],
      "dataPsmParts": [
        "https://ofn.gov.cz/attribute/1744889802024-b74e-4f63-84a6",
        "https://ofn.gov.cz/attribute/1744889802062-0c4d-4b65-b9c3",
        "https://ofn.gov.cz/attribute/1744889802103-2194-00bc-9e5e"
      ],
      "dataPsmIsClosed": true,
      "instancesHaveIdentity": "OPTIONAL"
    },
    "https://ofn.gov.cz/association/1744889785199-4fbd-dc08-964c": {
      "types": [
        "https://ofn.gov.cz/slovník/psm/AssociationEnd"
      ],
      "iri": "https://ofn.gov.cz/association/1744889785199-4fbd-dc08-964c",
      "dataPsmHumanLabel": null,
      "dataPsmHumanDescription": null,
      "dataPsmTechnicalLabel": "aktualizováno",
      "dataPsmInterpretation": "ngmfpqclzobm9l9relu",
      "dataPsmPart": "https://ofn.gov.cz/class/1744889785161-fe42-c77b-bb05",
      "dataPsmIsReverse": false,
      "dataPsmIsDematerialize": null
    },
    "https://ofn.gov.cz/attribute/1744889798161-2f45-81d5-ae20": {
      "types": [
        "https://ofn.gov.cz/slovník/psm/Attribute"
      ],
      "iri": "https://ofn.gov.cz/attribute/1744889798161-2f45-81d5-ae20",
      "dataPsmHumanLabel": null,
      "dataPsmHumanDescription": null,
      "dataPsmTechnicalLabel": "je_nespecifikovaný",
      "dataPsmInterpretation": "6fp4bg315jom9jxs2i9",
      "dataPsmDatatype": "http://www.w3.org/2001/XMLSchema#boolean"
    },
    "https://ofn.gov.cz/attribute/1744889798199-f1f0-77c6-8a5c": {
      "types": [
        "https://ofn.gov.cz/slovník/psm/Attribute"
      ],
      "iri": "https://ofn.gov.cz/attribute/1744889798199-f1f0-77c6-8a5c",
      "dataPsmHumanLabel": null,
      "dataPsmHumanDescription": null,
      "dataPsmTechnicalLabel": "datum_a_čas",
      "dataPsmInterpretation": "0fls5k4qesp5m9jxrrl6",
      "dataPsmDatatype": "http://www.w3.org/2001/XMLSchema#dateTimeStamp"
    },
    "https://ofn.gov.cz/attribute/1744889798236-041a-18d8-aa05": {
      "types": [
        "https://ofn.gov.cz/slovník/psm/Attribute"
      ],
      "iri": "https://ofn.gov.cz/attribute/1744889798236-041a-18d8-aa05",
      "dataPsmHumanLabel": null,
      "dataPsmHumanDescription": null,
      "dataPsmTechnicalLabel": "datum",
      "dataPsmInterpretation": "4ee912iphv7m9jxrjjm",
      "dataPsmDatatype": "http://www.w3.org/2001/XMLSchema#date"
    },
    "https://ofn.gov.cz/attribute/1744889802024-b74e-4f63-84a6": {
      "types": [
        "https://ofn.gov.cz/slovník/psm/Attribute"
      ],
      "iri": "https://ofn.gov.cz/attribute/1744889802024-b74e-4f63-84a6",
      "dataPsmHumanLabel": null,
      "dataPsmHumanDescription": null,
      "dataPsmTechnicalLabel": "je_nespecifikovaný",
      "dataPsmInterpretation": "6fp4bg315jom9jxs2i9",
      "dataPsmDatatype": "http://www.w3.org/2001/XMLSchema#boolean"
    },
    "https://ofn.gov.cz/attribute/1744889802062-0c4d-4b65-b9c3": {
      "types": [
        "https://ofn.gov.cz/slovník/psm/Attribute"
      ],
      "iri": "https://ofn.gov.cz/attribute/1744889802062-0c4d-4b65-b9c3",
      "dataPsmHumanLabel": null,
      "dataPsmHumanDescription": null,
      "dataPsmTechnicalLabel": "datum_a_čas",
      "dataPsmInterpretation": "0fls5k4qesp5m9jxrrl6",
      "dataPsmDatatype": "http://www.w3.org/2001/XMLSchema#dateTimeStamp"
    },
    "https://ofn.gov.cz/attribute/1744889802103-2194-00bc-9e5e": {
      "types": [
        "https://ofn.gov.cz/slovník/psm/Attribute"
      ],
      "iri": "https://ofn.gov.cz/attribute/1744889802103-2194-00bc-9e5e",
      "dataPsmHumanLabel": null,
      "dataPsmHumanDescription": null,
      "dataPsmTechnicalLabel": "datum",
      "dataPsmInterpretation": "4ee912iphv7m9jxrjjm",
      "dataPsmDatatype": "http://www.w3.org/2001/XMLSchema#date"
    }
  }
}