{
  "iri": "e568105c-e7d2-4971-b9a4-ca2528e8def8/981b8f6a-341c-4351-9517-cfa2d00c768a",
  "types": [
    "http://dataspecer.com/resources/local/package"
  ],
  "userMetadata": {
    "label": {
      "cs": "DCAT-AP-CZ",
      "en": "DCAT-AP-CZ"
    },
    "description": {},
    "importedFromUrl": "https://mff-uk.github.io/specifications/dcat-ap-cz/",
    "documentBaseUrl": "https://mff-uk.github.io/specifications/dcat-ap-cz/"
  },
  "metadata": {
    "creationDate": "2025-03-13T08:31:35.728Z",
    "modificationDate": "2025-03-13T09:13:22.396Z"
  },
  "_version": 1,
  "_exportVersion": 1,
  "_exportedAt": "2025-03-13T09:15:04.724Z",
  "_exportedBy": "http://localhost:3100"
}