{
  "iri": "69160fc4-9370-4130-8795-a4ff50a70a28",
  "types": [
    "http://dataspecer.com/resources/local/package"
  ],
  "userMetadata": {
    "label": {
      "en": "DCAT-AP-CZ: Rozhraní katalogů dat"
    },
    "description": {
      "en": ""
    }
  },
  "metadata": {
    "creationDate": "2025-10-14T13:56:07.898Z",
    "modificationDate": "2025-10-31T12:03:11.531Z"
  },
  "_version": 1,
  "_exportVersion": 1,
  "_exportedAt": "2025-10-31T12:03:56.715Z",
  "_exportedBy": "http://localhost:3100"
}