{
  "configuration": {
    "http://dataspecer.com/resources/local/layout-configuration": {
      "main": {
        "none": {
          "layout_alg": "none",
          "run_layered_after": false,
          "run_node_overlap_removal_after": false,
          "interactive": false
        },
        "elk_stress": {
          "layout_alg": "elk_stress",
          "stress_edge_len": 800,
          "number_of_new_algorithm_runs": 10,
          "advanced_settings": {},
          "run_layered_after": false,
          "run_node_overlap_removal_after": true,
          "interactive": false
        },
        "elk_layered": {
          "layout_alg": "elk_layered",
          "alg_direction": "UP",
          "layer_gap": 200,
          "in_layer_gap": 100,
          "edge_routing": "ORTHOGONAL",
          "advanced_settings": {},
          "run_layered_after": false,
          "run_node_overlap_removal_after": false,
          "interactive": false
        },
        "elk_force": {
          "layout_alg": "elk_force",
          "min_distance_between_nodes": 400,
          "force_alg_type": "FRUCHTERMAN_REINGOLD",
          "number_of_new_algorithm_runs": 10,
          "advanced_settings": {},
          "run_layered_after": false,
          "run_node_overlap_removal_after": true,
          "interactive": false
        },
        "random": {
          "layout_alg": "random",
          "advanced_settings": {},
          "run_layered_after": false,
          "run_node_overlap_removal_after": true,
          "interactive": false
        },
        "elk_radial": {
          "layout_alg": "elk_radial",
          "min_distance_between_nodes": 500,
          "advanced_settings": {},
          "run_layered_after": false,
          "run_node_overlap_removal_after": false,
          "interactive": false
        },
        "elk_overlapRemoval": {
          "layout_alg": "elk_overlapRemoval",
          "min_distance_between_nodes": 200,
          "advanced_settings": {},
          "run_layered_after": false,
          "run_node_overlap_removal_after": false,
          "interactive": true
        },
        "elk_stress_advanced_using_clusters": {
          "layout_alg": "elk_stress_advanced_using_clusters",
          "stress_edge_len": 800,
          "number_of_new_algorithm_runs": 10,
          "advanced_settings": {},
          "run_layered_after": false,
          "run_node_overlap_removal_after": true,
          "interactive": false
        },
        "elk_stress_profile": {
          "layout_alg": "elk_stress_profile",
          "profileEdgeLength": 400,
          "preferredProfileDirection": "UP",
          "stress_edge_len": 800,
          "number_of_new_algorithm_runs": 10,
          "advanced_settings": {},
          "run_layered_after": false,
          "run_node_overlap_removal_after": true,
          "interactive": false
        },
        "automatic": {
          "layout_alg": "automatic",
          "min_distance_between_nodes": 500,
          "number_of_new_algorithm_runs": 1,
          "advanced_settings": {},
          "run_layered_after": false,
          "run_node_overlap_removal_after": false,
          "interactive": false
        }
      },
      "general": {
        "none": {
          "layout_alg": "none",
          "run_layered_after": false,
          "run_node_overlap_removal_after": false,
          "interactive": false
        },
        "elk_stress": {
          "layout_alg": "elk_stress",
          "stress_edge_len": 800,
          "number_of_new_algorithm_runs": 10,
          "advanced_settings": {},
          "run_layered_after": false,
          "run_node_overlap_removal_after": true,
          "interactive": false
        },
        "elk_layered": {
          "layout_alg": "elk_layered",
          "alg_direction": "UP",
          "layer_gap": 200,
          "in_layer_gap": 100,
          "edge_routing": "ORTHOGONAL",
          "advanced_settings": {},
          "run_layered_after": false,
          "run_node_overlap_removal_after": false,
          "interactive": false
        },
        "elk_force": {
          "layout_alg": "elk_force",
          "min_distance_between_nodes": 400,
          "force_alg_type": "FRUCHTERMAN_REINGOLD",
          "number_of_new_algorithm_runs": 10,
          "advanced_settings": {},
          "run_layered_after": false,
          "run_node_overlap_removal_after": true,
          "interactive": false
        },
        "random": {
          "layout_alg": "random",
          "advanced_settings": {},
          "run_layered_after": false,
          "run_node_overlap_removal_after": true,
          "interactive": false
        },
        "elk_radial": {
          "layout_alg": "elk_radial",
          "min_distance_between_nodes": 500,
          "advanced_settings": {},
          "run_layered_after": false,
          "run_node_overlap_removal_after": false,
          "interactive": false
        },
        "elk_overlapRemoval": {
          "layout_alg": "elk_overlapRemoval",
          "min_distance_between_nodes": 200,
          "advanced_settings": {},
          "run_layered_after": false,
          "run_node_overlap_removal_after": false,
          "interactive": true
        },
        "elk_stress_advanced_using_clusters": {
          "layout_alg": "elk_stress_advanced_using_clusters",
          "stress_edge_len": 800,
          "number_of_new_algorithm_runs": 10,
          "advanced_settings": {},
          "run_layered_after": false,
          "run_node_overlap_removal_after": true,
          "interactive": false
        },
        "elk_stress_profile": {
          "layout_alg": "elk_stress_profile",
          "profileEdgeLength": 400,
          "preferredProfileDirection": "UP",
          "stress_edge_len": 800,
          "number_of_new_algorithm_runs": 10,
          "advanced_settings": {},
          "run_layered_after": false,
          "run_node_overlap_removal_after": true,
          "interactive": false
        },
        "automatic": {
          "layout_alg": "automatic",
          "min_distance_between_nodes": 500,
          "number_of_new_algorithm_runs": 1,
          "advanced_settings": {},
          "run_layered_after": false,
          "run_node_overlap_removal_after": false,
          "interactive": false
        }
      },
      "chosenMainAlgorithm": "elk_layered",
      "chosenGeneralAlgorithm": "none",
      "additionalSteps": {}
    },
    "https://schemas.dataspecer.com/documentation-generator-config/": {
      "partials": {
        "respecConfig": "// All config options at https://respec.org/docs/\nvar respecConfig = {\n  specStatus: \"ED\",\n  shortName: \"dcat-ap-cz-rozhraní-katalogů-dat\",\n  showPreviousVersion: true,\n  thisVersion: \"https://ofn.gov.cz/dcat-ap-cz-rozhraní-katalogů-dat/draft/\",\n  prevVersion: \"https://ofn.gov.cz/dcat-ap-cz-rozhraní-katalogů-otevřených-dat/2024-05-28/\",\n  prevRecURI: \"https://ofn.gov.cz/dcat-ap-cz-rozhraní-katalogů-otevřených-dat/2024-05-28/\",\n  latestVersion: \"https://ofn.gov.cz/dcat-ap-cz-rozhraní-katalogů-dat/\",\n  //publishDate: \"2025-09-29\",\n  historyURI: null,\n  noRecTrack: true,\n  inlineCSS: \"true\",\n  github: \"https://github.com/datagov-cz/otevrene-formalni-normy/\",\n  editors: [{\n    name: \"Jakub Klímek\",\n    orcid: \"0000-0001-7234-3051\",\n    company:    \"Digitální a informační agentura\",\n    companyURL: \"https://dia.gov.cz\"\n  }],\n  otherLinks: [{\n      key: \"Odkazy\",\n      data: [{\n          value: \"Validátor lokálních katalogů\",\n          href: \"https://datagov-cz.github.io/lkod-validator/\"\n      },{\n          value: \"Portál otevřených dat\",\n          href: \"https://data.gov.cz\"\n      },{\n          value: \"Kontaktní e-mail\",\n          href: \"mailto:otevrenadata@dia.gov.cz\"\n      },{\n          value: \"DCAT-AP-CZ: Datové sady otevřených dat\",\n          href: \"../../dcat-ap-cz-otevřená-data\"\n      },{\n          value: \"DCAT-AP-CZ: Specifikace pro vyhlášku č. 360/2023 Sb., o dlouhodobém řízení informačních systémů veřejné správy\",\n          href: \"../../dcat-ap-cz-360-2023\"\n      }]\n  }],\n  {{> localBiblio}}\n};",
        "html-head": "<meta charset=\"utf-8\" />\n<title>{{translate label}}</title>\n<meta name=\"color-scheme\" content=\"light dark\">\n<script type=\"application/ld+json\">\n  {{{json dsv}}}\n</script>\n<script\n  src=\"https://ofn.gov.cz/static/js/respec-odcz.js\"\n  class=\"remove\"\n  defer\n></script>\n<script class=\"remove\">\n{{> respecConfig}}\n</script>\n\n<style>\n  .figure img, .sidefigure img, figure img, .figure object, .sidefigure object, figure object, img, .img {\n    max-width: 100%;\n    margin: auto;\n    height: auto;\n  }\n\n  table.simple {\n    margin: auto;\n    border-spacing: 0;\n    border-collapse: collapse;\n  }\n\n  table.simple th {\n    padding: 3px 10px;\n    text-align: left;\n  }\n\n  table.simple td {\n    border-top: 1px solid #ddd;\n    padding: 3px 10px;\n  }\n</style>",
        "abstract": "<section id=\"abstract\">\n  <p>\n  Cílem tohoto dokumentu je specifikovat rozhraní lokálních katalogů dat (LKD) pro jejich harvestování Národním katalogem dat (NKD).\n  Dokument je založen na základním datovém modelu pro kataolgy dat <a href=\"../../dcat-ap-cz/\">DCAT-AP-CZ</a>.\n  Jsou specifikovány 2 varianty rozhraní pro harvestaci, jedna využívá SPARQL endpoint a jedna specifikuje variantu uložení záznamů v souborech, bez použití SPARQL endpointu.\n  Specifikace metadatových záznamů datových sad v katalogu jsou popsány v samostatných specifikacích dle jejich druhu.\n  </p>\n</section>",
        "introduction": "<section>\n  <h2>Úvod</h2>\n  <p>\n  Provozování lokálního katalogu dat (LKD) je <a href=\"https://data.gov.cz/pro-poskytovatele/otevřená-data/katalogizace-dat/#katalogizace-pomocí-lokálního-katalogu\">jedním ze způsobů zajištění katalogizace dat v Národním katalogu dat (NKD)</a>.\n  Tento způsob katalogizace je vhodný pro všechny organizace, u kterých se dá předpokládat katalogizace většího množství datových sad či častější aktualizace jejich metadat.\n  Touto OFN je specifikován samotný lokální katalog dat a způsob jeho harvestace, nezávisle na typu obsažených datových sad.\n  Pro specifikaci jednotlivých typů datových sad v katalogu slouží samostané OFN.\n  </p>\n\n  <section id=\"typy-datových-sad\">\n    <h3>Typy datových sad v katalozích dat</h3>\n\n    <p>\n      V lokálních katalozích dat poskytovatelé katalogizují dva základní typy datových sad.\n      Každý z typů datových sad je specifikován samostatnou OFN.\n      Aktuálně rozlišujeme dva typy datových sad.\n    </p>\n    <ol>\n      <li>Otevřená data pro splnění podmínky <a href=\"https://www.e-sbirka.cz/eli/cz/sb/1999/106/2024-01-01/dokument/norma/cast_1/par_4c/odst_1\">registrace otevřených dat v Národním katalogu otevřených dat</a>. Záznamy datových sad otevřených dat jsou specifikovány OFN <a href=\"../../dcat-ap-cz-otevřená-data\">DCAT-AP-CZ: Datové sady otevřených dat</a>.</li>\n      <li>Údaje vedené v informačních systémech dle <a href=\"https://www.e-sbirka.cz/eli/cz/sb/2023/360/2024-07-01/dokument/norma/cast_2/hlava_7/par_24/odst_2\">§ 24 odst. 2 vyhlášky č. 360/2023 Sb., o dlouhodobém řízení informačních systémů veřejné správy</a>. Záznamy těchto datových sad jsou specifikovány OFN <a href=\"../../dcat-ap-cz-360-2023\">Otevřená formální norma DCAT-AP-CZ: Specifikace pro vyhlášku č. 360/2023 Sb., o dlouhodobém řízení informačních systémů veřejné správy</a>.</li>\n    </ol>\n\n  </section>\n</section>",
        "specification": "{{> definitions}}\n<!DOCTYPE html>\n<html {{#iflng \"cs\"}}lang=\"cs\"{{lng}}lang=\"en\"{{/iflng}}>\n  <head>\n    {{> html-head}}\n  </head>\n  <body>\n    <p class=\"copyright\"></p>\n    {{> abstract}}\n\n    {{> introduction}}\n\n    <section>\n      <h2>{{#iflng \"cs\"}}Přehled{{lng}}Overview{{/iflng}}</h2>\n\n      {{#each externalArtifacts.svg}}\n        <a href=\"{{{URL}}}\">\n          <figure>\n            <img src=\"{{{URL}}}\" alt=\"{{translate ./label}}\" />\n            <figcaption>{{translate ./label}}</figcaption>\n          </figure>\n        </a>\n      {{/each}}\n    </section>\n\n    {{#if classProfilesByTags.[https://w3id.org/dsv/class-role#main]}}\n      <section>\n        <h2>{{#iflng \"cs\"}}Hlavní profily tříd{{lng}}Main class profiles{{/iflng}}</h2>\n\n        {{#each classProfilesByTags.[https://w3id.org/dsv/class-role#main]}}\n          {{> class-profile}}\n        {{/each}}\n      </section>\n    {{/if}}\n\n    {{#if classProfilesByTags.[https://w3id.org/dsv/class-role#supportive]}}\n      <section>\n        <h2>{{#iflng \"cs\"}}Podpůrné profily třídy{{lng}}Supportive class profiles{{/iflng}}</h2>\n\n        {{#each classProfilesByTags.[https://w3id.org/dsv/class-role#supportive]}}\n          {{> class-profile}}\n        {{/each}}\n      </section>\n    {{/if}}\n\n    {{#if (non-empty classProfilesByTags.default)}}\n      <section>\n        {{#if (or classProfilesByTags.[https://w3id.org/dsv/class-role#main] classProfilesByTags.[https://w3id.org/dsv/class-role#supportive])}}\n          <h2>{{#iflng \"cs\"}}Nezařazené profily tříd{{lng}}Other class profiles{{/iflng}}</h2>\n        {{else}}\n          <h2>{{#iflng \"cs\"}}Profily tříd{{lng}}Class profiles{{/iflng}}</h2>\n        {{/if}}\n\n        {{#each classProfilesByTags.default}}\n          {{> class-profile}}\n        {{/each}}\n      </section>\n    {{/if}}\n\n    {{#if semanticEntitiesByType.classes}}\n      <section>\n        <h2>{{#iflng \"cs\"}}Třídy{{lng}}Classes{{/iflng}}</h2>\n\n        {{#each locallyDefinedSemanticEntity}}\n          {{#ifEquals type.[0] \"class\"}}\n            {{> semantic-model-class}}\n          {{/ifEquals}}\n        {{/each}}\n      </section>\n    {{/if}}\n\n    {{#if semanticEntitiesByType.relationships}}\n      <section>\n        <h2>{{#iflng \"cs\"}}Vlastnosti{{lng}}Properties{{/iflng}}</h2>\n        {{#each locallyDefinedSemanticEntity}}\n          {{#ifEquals type.[0] \"relationship\"}}\n            {{> semantic-model-relationship}}\n          {{/ifEquals}}\n        {{/each}}\n      </section>\n    {{/if}}\n\n    {{#structureModels}}\n      <section>\n      <h2>\n        {{#iflng \"cs\"}}Specifikace struktury pro{{lng}}Data structure specification for{{/iflng}}\n        {{translate humanLabel}}\n      </h2>\n      <p>{{translate humanDescription}}</p>\n\n      {{#artifacts}}{{#getDocumentation}}{{> (useTemplate)}}{{/getDocumentation}}{{/artifacts}}\n      </section>\n    {{/structureModels}}\n\n    {{> APIs}}\n    \n    {{> used-prefixes}}\n\n    {{> attachments}}\n  </body>\n</html>",
        "APIs": "<section id=\"rozhraní-lkd\">\r\n    <h2>Rozhraní lokálních katalogů</h2>\r\n\r\n    <p>\r\n        V této sekci je popis dvou možných rozhraní lokálních katalogů dat pro harvestaci záznamů do Národního katalogu dat.\r\n    </p>\r\n\r\n    <section id=\"dcat-ap-dokumenty\">\r\n        <h3>Rozhraní DCAT-AP Dokumenty</h3>\r\n\r\n        <p>\r\n            Tato varianta rozhraní je určena pro instituce, které nechtějí nebo nemohou provozovat pro účely harvestace metadat o datových sadách do NKD SPARQL endpoint.\r\n            Počítá se serializací metadat o datových sadách do statických souborů umístěných na web.\r\n            Jako indexový soubor pak poslouží soubor obsahující instanci třídy <code>dcat:Catalog</code>, která pomocí vlastnosti <code>dcat:dataset</code> ukazuje na URL jednotlivých datových sad a datových sérií.\r\n            Při přístupu na tato URL datových sad NKD předpokládá, že v odpovědi dostane kompletní katalogizační záznam pro danou datovou sadu dle <a href=\"#typy-datových-sad\">příslušné OFN</a>.\r\n        </p>\r\n\r\n        <p>\r\n            Katalog a datové sady musí být identifikovány svými IRI, nesmí se jednat o <a href=\"https://www.w3.org/TR/rdf11-concepts/#section-blank-nodes\">RDF blank nody</a>.\r\n        </p>\r\n\r\n        <p>\r\n            Příklady obsahují i příslušná JSON schémata pro validaci souborů ve variantě JSON-LD.\r\n        </p>\r\n        \r\n        <section id=\"dcat-ap-dokumenty-katalog\">\r\n            <h4>Soubor katalogu</h4>\r\n            \r\n            <p>\r\n                Soubor katalogu je soubor v RDF serializaci <a href=\"../../propojená-data/#serializace-RDF-Turtle\">Turtle</a> či <a href=\"../../propojená-data/#serializace-JSON-LD\">JSON-LD</a>, který obsahuje instanci třídy <code>dcat:Catalog</code> a odkazy na jednotlivé katalogizované datové sady.\r\n            </p>\r\n            \r\n            <aside class=\"example\" title=\"Vzorový soubor katalogu se třemi datovými sadami ve formátu RDF Turtle\">\r\n                <p>\r\n                    <a href=\"../příklady/katalog.ttl\">Stáhnout RDF Turtle</a>.\r\n                    Umístěno na URL <code>https://data.gov.cz/lkod/mdcr/katalog</code>.\r\n                </p>\r\n                <pre class=\"turtle\">\r\n@prefix dcat:    &lt;http://www.w3.org/ns/dcat#&gt; .\r\n@prefix dct:     &lt;http://purl.org/dc/terms/&gt; .\r\n@prefix foaf: &lt;http://xmlns.com/foaf/0.1/&gt; .\r\n@prefix vcard2006: &lt;http://www.w3.org/2006/vcard/ns#&gt; .\r\n\r\n&lt;https://data.gov.cz/lkod/mdcr/katalog&gt; a dcat:Catalog ;\r\n  dct:title \"Katalog otevřených dat Ministerstva dopravy\"@cs, \"Open Data Catalog of the Ministry of Transport\"@en ;\r\n  dct:description \"Otevřená data Ministerstva dopravy. Obsahuje datové sady o jízdních řádech a liniových vedeních veřejné dopravy.\"@cs;\r\n  dct:description \"Open data of the Ministry of Transport. It contains datasets regarding timetables of public transport.\"@en ;\r\n  dct:publisher &lt;https://rpp-opendata.egon.gov.cz/odrpp/zdroj/orgán-veřejné-moci/66003008&gt; ;\r\n  foaf:homepage &lt;https://data.gov.cz/datové-sady?poskytovatel=Ministerstvo%20dopravy&gt; ;\r\n  dcat:contactPoint [\r\n      a vcard2006:Organization ;\r\n      vcard2006:fn \"Ministerstvo dopravy, Odbor veřejné dopravy\"@cs, \"Ministry of Transport\"@en ;\r\n      vcard2006:hasEmail &lt;mailto:sekretariat.190@mdcr.cz&gt;\r\n  ] ;\r\n  dcat:dataset  &lt;https://data.gov.cz/lkod/mdcr/datové-sady/seznam-zastavky&gt; ,\r\n    &lt;https://data.gov.cz/lkod/mdcr/datové-sady/vld&gt; ,\r\n    &lt;https://data.gov.cz/lkod/mdcr/datové-sady/seznam-trate&gt; .</pre>\r\n            </aside>\r\n            \r\n            <aside class=\"example\" title=\"Vzorový soubor katalogu se třemi datovými sadami ve formátu JSON-LD\">\r\n                <p>\r\n                    <a href=\"../příklady/katalog.jsonld\">JSON-LD</a>, <a href=\"katalog/schéma.json\">JSON schéma</a>, <a href=\"katalog/kontext.jsonld\">JSON-LD kontext</a>.\r\n                    Umístěno na URL <code>https://data.gov.cz/lkod/mdcr/katalog</code>.\r\n                </p>\r\n                <pre class=\"json\">\r\n{\r\n  \"@context\": \"https://ofn.gov.cz/dcat-ap-cz-rozhraní-katalogů-dat/draft/katalog/kontext.jsonld\",\r\n  \"iri\": \"https://data.gov.cz/lkod/mdcr/katalog\",\r\n  \"typ\": \"Katalog\",\r\n  \"název\": {\r\n      \"cs\": \"Katalog otevřených dat Ministerstva dopravy\",\r\n      \"en\": \"Open Data Catalog of the Ministry of Transport\"\r\n  },\r\n  \"popis\": {\r\n      \"cs\": \"Otevřená data Ministerstva dopravy. Obsahuje datové sady o jízdních řádech a liniových vedeních veřejné dopravy.\",\r\n      \"en\": \"Open data of the Ministry of Transport. It contains datasets regarding timetables of public transport.\"\r\n  },\r\n  \"kontaktní_bod\": {\r\n      \"typ\": \"Organizace\",\r\n      \"jméno\": {\r\n      \"cs\": \"Ministerstvo dopravy, Odbor veřejné dopravy\",\r\n      \"en\": \"Ministry of Transport\"\r\n      },\r\n      \"e-mail\": \"mailto:sekretariat.190@mdcr.cz\"\r\n  },\r\n  \"domovská_stránka\": \"https://data.gov.cz/datové-sady?poskytovatel=Ministerstvo%20dopravy\",\r\n  \"poskytovatel\": \"https://rpp-opendata.egon.gov.cz/odrpp/zdroj/orgán-veřejné-moci/66003008\",\r\n  \"datová_sada\": [\r\n      \"https://data.gov.cz/lkod/mdcr/datové-sady/vld\",\r\n      \"https://data.gov.cz/lkod/mdcr/datové-sady/seznam-zastavky\",\r\n      \"https://data.gov.cz/lkod/mdcr/datové-sady/seznam-trate\"\r\n  ]\r\n }</pre>\r\n            </aside>\r\n\r\n        </section>\r\n        \r\n        <section class=\"informative\" id=\"dcat-ap-dokumenty-příklady\">\r\n            <h4>Příklady lokálních katalogů typu DCAT-AP Dokumenty</h4>\r\n\r\n            <p>\r\n                V této sekci uvádíme příklady katalogů užívajících rozhraní DCAT-AP Dokumenty.\r\n            </p>\r\n                                            \r\n            <aside class=\"example\" title=\"Příklady lokálních katalogů typu DCAT-AP Dokumenty\">\r\n                <ul>\r\n                    <li><code>https://open.datakhk.cz/katalog.jsonld</code></li>\r\n                    <li><code>https://kod.brno.cz/nkod/index.ttl</code></li>\r\n                    <li><code>https://opendata.mv.gov.cz/api/catalogue</code></li>\r\n                    <li><code>https://lkod.mzp.cz/output/lkod-mzp/lkod-mzp.jsonld</code></li>\r\n                </ul>\r\n            </aside>\r\n\r\n            <p>\r\n                Aktuální příklady lze nalézt v sekci <a href=\"https://data.gov.cz/lokální-katalogy\">Lokální katalogy</a> v NKD.\r\n            </p>\r\n\r\n        </section>\r\n\r\n    </section>\r\n    \r\n    <section id=\"dcat-ap-sparql-endpoint\">\r\n        <h3>Rozhraní DCAT-AP SPARQL Endpoint</h3>\r\n        \r\n        <p>\r\n            Toto rozhraní předpokládá, že metadata datových sad dle této specifikace jsou uložena a přístupná ve SPARQL endpointu.\r\n            Obsah záznamů je identický k rozhraní <a href=\"#dcat-ap-dokumenty\">DCAT-AP Dokumenty</a>.\r\n            Po registraci tohoto SPARQL endpointu se na něm NKD zeptá nejprve na seznam instancí tříd <code>dcat:Dataset</code> a <code>dcat:DatasetSeries</code>, a poté se po skupinách bude ptát na povinné, nepovinné i další položky jednotlivých datových sad dle <a href=\"#typy-datových-sad\">příslušné OFN</a>.\r\n            Jedná se o nejjednodušší způsob registrace lokálního katalogu dat.\r\n        </p>\r\n\r\n        <section class=\"informative\" id=\"dcat-ap-sparql-endpoint-příklady\">\r\n            <h4>Příklady lokálních katalogů typu SPARQL endpoint</h4>\r\n\r\n            <p>\r\n                V této sekci uvádíme příklady katalogů užívajících rozhraní SPARQL endpoint.\r\n            </p>\r\n                                            \r\n            <aside class=\"example\" title=\"Příklady lokálních katalogů typu SPARQL endpoint\">\r\n                <ul>\r\n                    <li><code>https://data.cssz.cz/sparql</code></li>\r\n                    <li><code>https://data.dia.gov.cz/sparql</code></li>\r\n                    <li><code>https://data.mvcr.gov.cz/sparql</code></li>\r\n                    <li><code>https://opendata.mfcr.cz/lod/sparql</code></li>\r\n                </ul>\r\n            </aside>\r\n\r\n            <p>\r\n                Aktuální příklady lze nalézt v sekci <a href=\"https://data.gov.cz/lokální-katalogy\">Lokální katalogy</a> v NKD.\r\n            </p>\r\n\r\n        </section>\r\n\r\n    </section>\r\n\r\n</section>"
      }
    }
  },
  "modelCompositionConfiguration": {
    "modelType": "application-profile",
    "model": "bcc71b88-63a1-4fc4-8d1a-1e95cb8258e7",
    "canAddEntities": false,
    "canModify": true,
    "profiles": {
      "modelType": "merge",
      "models": null
    }
  }
}