{
  "data-specification": {
    "useGenerators": {
      "xml": false,
      "csv": false,
      "sparql": false,
      "shacl": false,
      "shex": false,
      "openapi": false,
      "plantUML": false,
      "jsonExample": false
    },
    "publicBaseUrl": "https://ofn.gov.cz/dcat-ap-cz-rozhraní-katalogů-dat/draft/",
    "skipStructureNameIfOnlyOne": false,
    "renameArtifacts": {
      "http://example.com/generator/json-schema": "schéma.json",
      "http://dataspecer.com/generator/json-ld": "kontext.jsonld"
    }
  },
  "json": {
    "jsonIdKeyAlias": "iri",
    "jsonTypeKeyAlias": "typ"
  }
}