{
  "identifier": "9f83bfae-55a5-4a7d-a31e-08a9b3ce52b3",
  "version": 1,
  "type": "http://dataspecer.com/resources/local/visual-model",
  "entities": [
    {
      "identifier": "9f83bfae-55a5-4a7d-a31e-08a9b3ce52b3-model-metadata-entity",
      "type": [
        "entity-model-type"
      ],
      "label": {
        "en": "View for DCAT-AP-CZ: Rozhraní katalogů dat"
      }
    },
    {
      "model": "bcc71b88-63a1-4fc4-8d1a-1e95cb8258e7",
      "representedEntity": "sdnb9p3z3zmgqmlthm",
      "position": {
        "x": 250,
        "y": 160,
        "anchored": null
      },
      "content": [
        "0iqdy2a3u20umgqmnfm2",
        "4pxu4z53v7xmgqmnnnm",
        "l8wkjjzb66cmgqmoc4c",
        "lah7c91r4cfmgqmvhoq"
      ],
      "visualModels": [],
      "type": [
        "visual-node"
      ],
      "identifier": "uv0lb"
    },
    {
      "model": "bcc71b88-63a1-4fc4-8d1a-1e95cb8258e7",
      "representedEntity": "cmqmsuobnghmgqmmtsq",
      "position": {
        "x": 910,
        "y": 340,
        "anchored": null
      },
      "content": [],
      "visualModels": [],
      "type": [
        "visual-node"
      ],
      "identifier": "6wtr9"
    },
    {
      "model": "bcc71b88-63a1-4fc4-8d1a-1e95cb8258e7",
      "representedEntity": "tiblpbsmmhmgqmolnu",
      "position": {
        "x": 910,
        "y": 160,
        "anchored": null
      },
      "content": [
        "202qe5ztr9lmgqmqn6a",
        "74edtubi6xrmgqnb8xb"
      ],
      "visualModels": [],
      "type": [
        "visual-node"
      ],
      "identifier": "i6yn3"
    },
    {
      "model": "bcc71b88-63a1-4fc4-8d1a-1e95cb8258e7",
      "representedRelationship": "pnjc88ntl1imgqmrbhw",
      "waypoints": [],
      "visualSource": "uv0lb",
      "visualTarget": "i6yn3",
      "type": [
        "visual-relationship"
      ],
      "identifier": "o6l49"
    },
    {
      "model": "bcc71b88-63a1-4fc4-8d1a-1e95cb8258e7",
      "representedRelationship": "xpnx56u5sbmgqmse8w",
      "waypoints": [],
      "visualSource": "uv0lb",
      "visualTarget": "6wtr9",
      "type": [
        "visual-relationship"
      ],
      "identifier": "tlklu"
    }
  ]
}