{
  "iri": "9f83bfae-55a5-4a7d-a31e-08a9b3ce52b3",
  "types": [
    "http://dataspecer.com/resources/local/visual-model"
  ],
  "userMetadata": {
    "label": {
      "en": "View for DCAT-AP-CZ: Rozhraní katalogů dat"
    },
    "description": {
      "en": "View model for the profile"
    }
  },
  "metadata": {
    "creationDate": "2025-10-14T13:56:16.727Z",
    "modificationDate": "2025-10-20T13:18:57.717Z"
  },
  "_version": 1,
  "_exportVersion": 1,
  "_exportedAt": "2025-10-31T11:31:50.409Z",
  "_exportedBy": "http://localhost:3100"
}