{
  "iri": "bcc71b88-63a1-4fc4-8d1a-1e95cb8258e7",
  "types": [
    "http://dataspecer.com/resources/local/semantic-model"
  ],
  "userMetadata": {
    "label": {
      "en": "DCAT-AP-CZ: Rozhraní katalogů dat"
    },
    "description": {
      "en": "Semantic model for the profile"
    }
  },
  "metadata": {
    "creationDate": "2025-10-14T13:56:16.629Z",
    "modificationDate": "2026-01-06T11:00:31.243Z"
  },
  "_version": 1,
  "_exportVersion": 1,
  "_exportedAt": "2026-01-06T11:00:47.360Z",
  "_exportedBy": "http://localhost:3100"
}