{
  "iri": "fbf626ff-7517-456c-8513-3c37db8ca84a",
  "types": [
    "http://dataspecer.com/resources/v1/psm"
  ],
  "userMetadata": {
    "label": {
      "en": "Catalogue",
      "cs": "Katalog"
    },
    "description": {
      "en": "Data structure for Catalogue. A catalogue or repository that hosts the Datasets or Data Services being described.",
      "cs": "Datová struktura pro Katalog. Řízená kolekce metadat o datových sadách a datových službách"
    }
  },
  "metadata": {
    "creationDate": "2025-10-31T11:33:06.671Z",
    "modificationDate": "2025-10-31T12:03:11.053Z"
  },
  "_version": 1,
  "_exportVersion": 1,
  "_exportedAt": "2026-01-09T11:53:11.625Z",
  "_exportedBy": "http://localhost:3100"
}