{
  "operations": [
    {
      "types": [
        "core-operation",
        "https://ofn.gov.cz/slovník/psm/CreateClass"
      ],
      "iri": "https://ofn.gov.cz/operation/1761910391249-a112-22c9-ac1a",
      "parent": null,
      "dataPsmNewIri": null,
      "dataPsmInterpretation": "sdnb9p3z3zmgqmlthm",
      "dataPsmTechnicalLabel": "katalog",
      "dataPsmHumanLabel": null,
      "dataPsmHumanDescription": null,
      "dataPsmExtends": [],
      "dataPsmIsClosed": null
    },
    {
      "types": [
        "core-operation",
        "https://ofn.gov.cz/slovník/psm/SetRoots"
      ],
      "iri": "https://ofn.gov.cz/operation/1761910391268-d848-bcb9-af7f",
      "parent": "https://ofn.gov.cz/operation/1761910391249-a112-22c9-ac1a",
      "dataPsmRoots": [
        "https://ofn.gov.cz/class/1761910391249-2ec9-27bf-86e8"
      ]
    },
    {
      "types": [
        "core-operation",
        "https://ofn.gov.cz/slovník/psm/SetHumanLabel"
      ],
      "iri": "https://ofn.gov.cz/operation/1761910391287-cd52-f8ee-ada4",
      "parent": "https://ofn.gov.cz/operation/1761910391268-d848-bcb9-af7f",
      "dataPsmResource": "fbf626ff-7517-456c-8513-3c37db8ca84a",
      "dataPsmHumanLabel": {
        "en": "Catalogue",
        "cs": "Katalog"
      }
    },
    {
      "types": [
        "core-operation",
        "https://ofn.gov.cz/slovník/psm/SetHumanDescription"
      ],
      "iri": "https://ofn.gov.cz/operation/1761910391301-fa57-901d-a03d",
      "parent": "https://ofn.gov.cz/operation/1761910391287-cd52-f8ee-ada4",
      "dataPsmResource": "fbf626ff-7517-456c-8513-3c37db8ca84a",
      "dataPsmHumanDescription": {
        "en": "Data structure for Catalogue. A catalogue or repository that hosts the Datasets or Data Services being described.",
        "cs": "Datová struktura pro Katalog. Řízená kolekce metadat o datových sadách a datových službách"
      }
    },
    {
      "types": [
        "core-operation",
        "https://ofn.gov.cz/slovník/psm/CreateAttribute"
      ],
      "iri": "https://ofn.gov.cz/operation/1761910411613-03bb-c3d2-aad7",
      "parent": "https://ofn.gov.cz/operation/1761910391301-fa57-901d-a03d",
      "dataPsmNewIri": null,
      "dataPsmInterpretation": "0iqdy2a3u20umgqmnfm2",
      "dataPsmTechnicalLabel": "název",
      "dataPsmHumanLabel": null,
      "dataPsmHumanDescription": null,
      "dataPsmOwner": "https://ofn.gov.cz/class/1761910391249-2ec9-27bf-86e8",
      "dataPsmDatatype": "https://ofn.gov.cz/zdroj/základní-datové-typy/2020-07-01/text"
    },
    {
      "types": [
        "core-operation",
        "https://ofn.gov.cz/slovník/psm/CreateAttribute"
      ],
      "iri": "https://ofn.gov.cz/operation/1761910411628-d409-a0b4-a2ff",
      "parent": "https://ofn.gov.cz/operation/1761910411613-03bb-c3d2-aad7",
      "dataPsmNewIri": null,
      "dataPsmInterpretation": "4pxu4z53v7xmgqmnnnm",
      "dataPsmTechnicalLabel": "popis",
      "dataPsmHumanLabel": null,
      "dataPsmHumanDescription": null,
      "dataPsmOwner": "https://ofn.gov.cz/class/1761910391249-2ec9-27bf-86e8",
      "dataPsmDatatype": "https://ofn.gov.cz/zdroj/základní-datové-typy/2020-07-01/text"
    },
    {
      "types": [
        "core-operation",
        "https://ofn.gov.cz/slovník/psm/CreateClass"
      ],
      "iri": "https://ofn.gov.cz/operation/1761910411641-2a95-838f-94e8",
      "parent": "https://ofn.gov.cz/operation/1761910411628-d409-a0b4-a2ff",
      "dataPsmNewIri": null,
      "dataPsmInterpretation": "8ihu1p7ymk7mgqmv0vc",
      "dataPsmTechnicalLabel": "dokument",
      "dataPsmHumanLabel": null,
      "dataPsmHumanDescription": null,
      "dataPsmExtends": [],
      "dataPsmIsClosed": null
    },
    {
      "types": [
        "core-operation",
        "https://ofn.gov.cz/slovník/psm/CreateAssociationEnd"
      ],
      "iri": "https://ofn.gov.cz/operation/1761910411651-006c-2e9c-bb0c",
      "parent": "https://ofn.gov.cz/operation/1761910411641-2a95-838f-94e8",
      "dataPsmNewIri": null,
      "dataPsmInterpretation": "lah7c91r4cfmgqmvhoq",
      "dataPsmTechnicalLabel": "domovská_stránka",
      "dataPsmHumanLabel": null,
      "dataPsmHumanDescription": null,
      "dataPsmOwner": "https://ofn.gov.cz/class/1761910391249-2ec9-27bf-86e8",
      "dataPsmPart": "https://ofn.gov.cz/class/1761910411641-cb68-08ec-bf27",
      "dataPsmIsReverse": false,
      "dataPsmIsDematerialize": null
    },
    {
      "types": [
        "core-operation",
        "https://ofn.gov.cz/slovník/psm/CreateClass"
      ],
      "iri": "https://ofn.gov.cz/operation/1761910411667-fc1e-ffdc-9640",
      "parent": "https://ofn.gov.cz/operation/1761910411651-006c-2e9c-bb0c",
      "dataPsmNewIri": null,
      "dataPsmInterpretation": "cmqmsuobnghmgqmmtsq",
      "dataPsmTechnicalLabel": "datová_sada",
      "dataPsmHumanLabel": null,
      "dataPsmHumanDescription": null,
      "dataPsmExtends": [],
      "dataPsmIsClosed": null
    },
    {
      "types": [
        "core-operation",
        "https://ofn.gov.cz/slovník/psm/CreateAssociationEnd"
      ],
      "iri": "https://ofn.gov.cz/operation/1761910411680-6108-be34-8610",
      "parent": "https://ofn.gov.cz/operation/1761910411667-fc1e-ffdc-9640",
      "dataPsmNewIri": null,
      "dataPsmInterpretation": "xpnx56u5sbmgqmse8w",
      "dataPsmTechnicalLabel": "datová_sada",
      "dataPsmHumanLabel": null,
      "dataPsmHumanDescription": null,
      "dataPsmOwner": "https://ofn.gov.cz/class/1761910391249-2ec9-27bf-86e8",
      "dataPsmPart": "https://ofn.gov.cz/class/1761910411667-6d15-3c07-a690",
      "dataPsmIsReverse": false,
      "dataPsmIsDematerialize": null
    },
    {
      "types": [
        "core-operation",
        "https://ofn.gov.cz/slovník/psm/CreateClass"
      ],
      "iri": "https://ofn.gov.cz/operation/1761910411694-7149-27e5-aec2",
      "parent": "https://ofn.gov.cz/operation/1761910411680-6108-be34-8610",
      "dataPsmNewIri": null,
      "dataPsmInterpretation": "tiblpbsmmhmgqmolnu",
      "dataPsmTechnicalLabel": "kontaktní_bod",
      "dataPsmHumanLabel": null,
      "dataPsmHumanDescription": null,
      "dataPsmExtends": [],
      "dataPsmIsClosed": null
    },
    {
      "types": [
        "core-operation",
        "https://ofn.gov.cz/slovník/psm/CreateAssociationEnd"
      ],
      "iri": "https://ofn.gov.cz/operation/1761910411709-0729-c0d7-afd3",
      "parent": "https://ofn.gov.cz/operation/1761910411694-7149-27e5-aec2",
      "dataPsmNewIri": null,
      "dataPsmInterpretation": "pnjc88ntl1imgqmrbhw",
      "dataPsmTechnicalLabel": "kontaktní_bod",
      "dataPsmHumanLabel": null,
      "dataPsmHumanDescription": null,
      "dataPsmOwner": "https://ofn.gov.cz/class/1761910391249-2ec9-27bf-86e8",
      "dataPsmPart": "https://ofn.gov.cz/class/1761910411694-1b95-1c3c-ba64",
      "dataPsmIsReverse": false,
      "dataPsmIsDematerialize": null
    },
    {
      "types": [
        "core-operation",
        "https://ofn.gov.cz/slovník/psm/CreateClass"
      ],
      "iri": "https://ofn.gov.cz/operation/1761910411725-7f53-c678-8ed1",
      "parent": "https://ofn.gov.cz/operation/1761910411709-0729-c0d7-afd3",
      "dataPsmNewIri": null,
      "dataPsmInterpretation": "nnsgleliyktmgqmo11i",
      "dataPsmTechnicalLabel": "poskytovatel",
      "dataPsmHumanLabel": null,
      "dataPsmHumanDescription": null,
      "dataPsmExtends": [],
      "dataPsmIsClosed": null
    },
    {
      "types": [
        "core-operation",
        "https://ofn.gov.cz/slovník/psm/CreateAssociationEnd"
      ],
      "iri": "https://ofn.gov.cz/operation/1761910411739-c483-e874-999e",
      "parent": "https://ofn.gov.cz/operation/1761910411725-7f53-c678-8ed1",
      "dataPsmNewIri": null,
      "dataPsmInterpretation": "l8wkjjzb66cmgqmoc4c",
      "dataPsmTechnicalLabel": "poskytovatel",
      "dataPsmHumanLabel": null,
      "dataPsmHumanDescription": null,
      "dataPsmOwner": "https://ofn.gov.cz/class/1761910391249-2ec9-27bf-86e8",
      "dataPsmPart": "https://ofn.gov.cz/class/1761910411725-cdbd-3fe1-a6a7",
      "dataPsmIsReverse": false,
      "dataPsmIsDematerialize": null
    },
    {
      "types": [
        "core-operation",
        "https://ofn.gov.cz/slovník/psm/SetOrder"
      ],
      "iri": "https://ofn.gov.cz/operation/1761910415090-466a-fd6f-8901",
      "parent": "https://ofn.gov.cz/operation/1761910411739-c483-e874-999e",
      "dataPsmOwnerClass": "https://ofn.gov.cz/class/1761910391249-2ec9-27bf-86e8",
      "dataPsmResourceToMove": "https://ofn.gov.cz/association/1761910411709-bb4a-1dc6-b1aa",
      "dataPsmMoveAfter": "https://ofn.gov.cz/attribute/1761910411628-f72f-c0f0-a871"
    },
    {
      "types": [
        "core-operation",
        "https://ofn.gov.cz/slovník/psm/CreateAttribute"
      ],
      "iri": "https://ofn.gov.cz/operation/1761910418864-6de8-961d-9085",
      "parent": "https://ofn.gov.cz/operation/1761910415090-466a-fd6f-8901",
      "dataPsmNewIri": null,
      "dataPsmInterpretation": "202qe5ztr9lmgqmqn6a",
      "dataPsmTechnicalLabel": "jméno",
      "dataPsmHumanLabel": null,
      "dataPsmHumanDescription": null,
      "dataPsmOwner": "https://ofn.gov.cz/class/1761910411694-1b95-1c3c-ba64",
      "dataPsmDatatype": "https://ofn.gov.cz/zdroj/základní-datové-typy/2020-07-01/text"
    },
    {
      "types": [
        "core-operation",
        "https://ofn.gov.cz/slovník/psm/CreateClass"
      ],
      "iri": "https://ofn.gov.cz/operation/1761910418882-cc8f-3074-9525",
      "parent": "https://ofn.gov.cz/operation/1761910418864-6de8-961d-9085",
      "dataPsmNewIri": null,
      "dataPsmInterpretation": "l58cw3juu7nmgqnawwt",
      "dataPsmTechnicalLabel": "e-mailová_adresa",
      "dataPsmHumanLabel": null,
      "dataPsmHumanDescription": null,
      "dataPsmExtends": [],
      "dataPsmIsClosed": null
    },
    {
      "types": [
        "core-operation",
        "https://ofn.gov.cz/slovník/psm/CreateAssociationEnd"
      ],
      "iri": "https://ofn.gov.cz/operation/1761910418899-bf0a-4dad-8b4c",
      "parent": "https://ofn.gov.cz/operation/1761910418882-cc8f-3074-9525",
      "dataPsmNewIri": null,
      "dataPsmInterpretation": "74edtubi6xrmgqnb8xb",
      "dataPsmTechnicalLabel": "email",
      "dataPsmHumanLabel": null,
      "dataPsmHumanDescription": null,
      "dataPsmOwner": "https://ofn.gov.cz/class/1761910411694-1b95-1c3c-ba64",
      "dataPsmPart": "https://ofn.gov.cz/class/1761910418882-cbdb-db18-8c54",
      "dataPsmIsReverse": false,
      "dataPsmIsDematerialize": null
    },
    {
      "types": [
        "core-operation",
        "https://ofn.gov.cz/slovník/psm/SetOrder"
      ],
      "iri": "https://ofn.gov.cz/operation/1761910428892-7fb3-3770-a281",
      "parent": "https://ofn.gov.cz/operation/1761910418899-bf0a-4dad-8b4c",
      "dataPsmOwnerClass": "https://ofn.gov.cz/class/1761910391249-2ec9-27bf-86e8",
      "dataPsmResourceToMove": "https://ofn.gov.cz/association/1761910411739-6986-ab47-b2e9",
      "dataPsmMoveAfter": "https://ofn.gov.cz/association/1761910411651-4869-0117-9638"
    },
    {
      "types": [
        "core-operation",
        "https://ofn.gov.cz/slovník/psm/SetTechnicalLabel"
      ],
      "iri": "https://ofn.gov.cz/operation/1761910446306-2124-a1d2-a455",
      "parent": "https://ofn.gov.cz/operation/1761910428892-7fb3-3770-a281",
      "dataPsmResource": "https://ofn.gov.cz/association/1761910418899-144a-eee3-bbf2",
      "dataPsmTechnicalLabel": "e-mail"
    },
    {
      "types": [
        "core-operation",
        "https://ofn.gov.cz/slovník/psm/SetInstancesHaveIdentity"
      ],
      "iri": "https://ofn.gov.cz/operation/1761910547071-0445-ce73-9458",
      "parent": "https://ofn.gov.cz/operation/1761910446306-2124-a1d2-a455",
      "dataPsmClass": "https://ofn.gov.cz/class/1761910411694-1b95-1c3c-ba64",
      "instancesHaveIdentity": "OPTIONAL"
    },
    {
      "types": [
        "core-operation",
        "https://ofn.gov.cz/slovník/psm/SetInstancesSpecifyTypes"
      ],
      "iri": "https://ofn.gov.cz/operation/1761910760724-8ef0-b584-a458",
      "parent": "https://ofn.gov.cz/operation/1761910547071-0445-ce73-9458",
      "dataPsmClass": "https://ofn.gov.cz/class/1761910411694-1b95-1c3c-ba64",
      "instancesSpecifyTypes": "ALWAYS"
    },
    {
      "types": [
        "core-operation",
        "https://ofn.gov.cz/slovník/psm/CreateClass"
      ],
      "iri": "https://ofn.gov.cz/operation/1761910828760-12c1-623f-b596",
      "parent": "https://ofn.gov.cz/operation/1761910760724-8ef0-b584-a458",
      "dataPsmNewIri": null,
      "dataPsmInterpretation": "1xiw70vfx2jmhes771k",
      "dataPsmTechnicalLabel": "organizace",
      "dataPsmHumanLabel": null,
      "dataPsmHumanDescription": null,
      "dataPsmExtends": [],
      "dataPsmIsClosed": null
    },
    {
      "types": [
        "core-operation",
        "https://ofn.gov.cz/slovník/psm/ReplaceAlongInheritance"
      ],
      "iri": "https://ofn.gov.cz/operation/1761910828789-ea0f-4d3d-b5e0",
      "parent": "https://ofn.gov.cz/operation/1761910828760-12c1-623f-b596",
      "dataPsmOriginalClass": "https://ofn.gov.cz/class/1761910411694-1b95-1c3c-ba64",
      "dataPsmReplacingClass": "https://ofn.gov.cz/class/1761910828760-590c-39c1-810d"
    },
    {
      "types": [
        "core-operation",
        "https://ofn.gov.cz/slovník/psm/DeleteClass"
      ],
      "iri": "https://ofn.gov.cz/operation/1761910828803-b513-aaa9-a038",
      "parent": "https://ofn.gov.cz/operation/1761910828789-ea0f-4d3d-b5e0",
      "dataPsmClass": "https://ofn.gov.cz/class/1761910411694-1b95-1c3c-ba64"
    },
    {
      "types": [
        "core-operation",
        "https://ofn.gov.cz/slovník/psm/SetInstancesHaveIdentity"
      ],
      "iri": "https://ofn.gov.cz/operation/1761910859070-5827-bc4f-b11d",
      "parent": "https://ofn.gov.cz/operation/1761910828803-b513-aaa9-a038",
      "dataPsmClass": "https://ofn.gov.cz/class/1761910828760-590c-39c1-810d",
      "instancesHaveIdentity": "OPTIONAL"
    },
    {
      "types": [
        "core-operation",
        "https://ofn.gov.cz/slovník/psm/DeleteAssociationEnd"
      ],
      "iri": "https://ofn.gov.cz/operation/1761911033216-75aa-0c0a-9d9f",
      "parent": "https://ofn.gov.cz/operation/1761910859070-5827-bc4f-b11d",
      "dataPsmOwner": "https://ofn.gov.cz/class/1761910391249-2ec9-27bf-86e8",
      "dataPsmAssociationEnd": "https://ofn.gov.cz/association/1761910411709-bb4a-1dc6-b1aa"
    },
    {
      "types": [
        "core-operation",
        "https://ofn.gov.cz/slovník/psm/CreateClass"
      ],
      "iri": "https://ofn.gov.cz/operation/1761911036788-0723-5555-b1ce",
      "parent": "https://ofn.gov.cz/operation/1761911033216-75aa-0c0a-9d9f",
      "dataPsmNewIri": null,
      "dataPsmInterpretation": "1xiw70vfx2jmhes771k",
      "dataPsmTechnicalLabel": "organizace",
      "dataPsmHumanLabel": null,
      "dataPsmHumanDescription": null,
      "dataPsmExtends": [],
      "dataPsmIsClosed": null
    },
    {
      "types": [
        "core-operation",
        "https://ofn.gov.cz/slovník/psm/CreateAssociationEnd"
      ],
      "iri": "https://ofn.gov.cz/operation/1761911036807-1b7e-2db6-9332",
      "parent": "https://ofn.gov.cz/operation/1761911036788-0723-5555-b1ce",
      "dataPsmNewIri": null,
      "dataPsmInterpretation": "pnjc88ntl1imgqmrbhw",
      "dataPsmTechnicalLabel": "kontaktní_bod",
      "dataPsmHumanLabel": null,
      "dataPsmHumanDescription": null,
      "dataPsmOwner": "https://ofn.gov.cz/class/1761910391249-2ec9-27bf-86e8",
      "dataPsmPart": "https://ofn.gov.cz/class/1761911036788-0f6a-6c44-b680",
      "dataPsmIsReverse": false,
      "dataPsmIsDematerialize": null
    },
    {
      "types": [
        "core-operation",
        "https://ofn.gov.cz/slovník/psm/SetOrder"
      ],
      "iri": "https://ofn.gov.cz/operation/1761911040407-3359-9cf2-bd43",
      "parent": "https://ofn.gov.cz/operation/1761911036807-1b7e-2db6-9332",
      "dataPsmOwnerClass": "https://ofn.gov.cz/class/1761910391249-2ec9-27bf-86e8",
      "dataPsmResourceToMove": "https://ofn.gov.cz/association/1761911036807-48d3-7f28-97e0",
      "dataPsmMoveAfter": "https://ofn.gov.cz/attribute/1761910411628-f72f-c0f0-a871"
    },
    {
      "types": [
        "core-operation",
        "https://ofn.gov.cz/slovník/psm/CreateAttribute"
      ],
      "iri": "https://ofn.gov.cz/operation/1761911044901-3174-025f-9b51",
      "parent": "https://ofn.gov.cz/operation/1761911040407-3359-9cf2-bd43",
      "dataPsmNewIri": null,
      "dataPsmInterpretation": "202qe5ztr9lmgqmqn6a",
      "dataPsmTechnicalLabel": "jméno",
      "dataPsmHumanLabel": null,
      "dataPsmHumanDescription": null,
      "dataPsmOwner": "https://ofn.gov.cz/class/1761911036788-0f6a-6c44-b680",
      "dataPsmDatatype": "https://ofn.gov.cz/zdroj/základní-datové-typy/2020-07-01/text"
    },
    {
      "types": [
        "core-operation",
        "https://ofn.gov.cz/slovník/psm/CreateClass"
      ],
      "iri": "https://ofn.gov.cz/operation/1761911044922-7866-93c5-b858",
      "parent": "https://ofn.gov.cz/operation/1761911044901-3174-025f-9b51",
      "dataPsmNewIri": null,
      "dataPsmInterpretation": "l58cw3juu7nmgqnawwt",
      "dataPsmTechnicalLabel": "e-mailová_adresa",
      "dataPsmHumanLabel": null,
      "dataPsmHumanDescription": null,
      "dataPsmExtends": [],
      "dataPsmIsClosed": null
    },
    {
      "types": [
        "core-operation",
        "https://ofn.gov.cz/slovník/psm/CreateAssociationEnd"
      ],
      "iri": "https://ofn.gov.cz/operation/1761911044939-5ea8-ce17-a5de",
      "parent": "https://ofn.gov.cz/operation/1761911044922-7866-93c5-b858",
      "dataPsmNewIri": null,
      "dataPsmInterpretation": "74edtubi6xrmgqnb8xb",
      "dataPsmTechnicalLabel": "email",
      "dataPsmHumanLabel": null,
      "dataPsmHumanDescription": null,
      "dataPsmOwner": "https://ofn.gov.cz/class/1761911036788-0f6a-6c44-b680",
      "dataPsmPart": "https://ofn.gov.cz/class/1761911044922-f696-c391-a52c",
      "dataPsmIsReverse": false,
      "dataPsmIsDematerialize": null
    },
    {
      "types": [
        "core-operation",
        "https://ofn.gov.cz/slovník/psm/SetTechnicalLabel"
      ],
      "iri": "https://ofn.gov.cz/operation/1761911051256-3bd5-345c-b689",
      "parent": "https://ofn.gov.cz/operation/1761911044939-5ea8-ce17-a5de",
      "dataPsmResource": "https://ofn.gov.cz/association/1761911044939-e95b-e147-9e1d",
      "dataPsmTechnicalLabel": "e-mail"
    },
    {
      "types": [
        "core-operation",
        "https://ofn.gov.cz/slovník/psm/SetTechnicalLabel"
      ],
      "iri": "https://ofn.gov.cz/operation/1761911316441-a7de-a070-bd82",
      "parent": "https://ofn.gov.cz/operation/1761911051256-3bd5-345c-b689",
      "dataPsmResource": "fbf626ff-7517-456c-8513-3c37db8ca84a",
      "dataPsmTechnicalLabel": "katalog"
    },
    {
      "types": [
        "core-operation",
        "https://ofn.gov.cz/slovník/psm/SetJsonEnforceContext"
      ],
      "iri": "https://ofn.gov.cz/operation/1761911316465-067e-c094-8284",
      "parent": "https://ofn.gov.cz/operation/1761911316441-a7de-a070-bd82",
      "dataPsmEntity": "fbf626ff-7517-456c-8513-3c37db8ca84a",
      "jsonEnforceContext": "no"
    },
    {
      "types": [
        "core-operation",
        "https://ofn.gov.cz/slovník/psm/SetJsonLdDefinedPrefixes"
      ],
      "iri": "https://ofn.gov.cz/operation/1761911540616-c677-75e3-8e7a",
      "parent": "https://ofn.gov.cz/operation/1761911316465-067e-c094-8284",
      "dataPsmEntity": "fbf626ff-7517-456c-8513-3c37db8ca84a",
      "jsonLdDefinedPrefixes": {
        "dct": "http://purl.org/dc/terms/",
        "dcat": "http://www.w3.org/ns/dcat#",
        "vcard": "http://www.w3.org/2006/vcard/ns#",
        "foaf": "http://xmlns.com/foaf/0.1/"
      }
    },
    {
      "types": [
        "core-operation",
        "https://ofn.gov.cz/slovník/psm/SetInstancesHaveIdentity"
      ],
      "iri": "https://ofn.gov.cz/operation/1761912190783-0b38-0a54-8f87",
      "parent": "https://ofn.gov.cz/operation/1761911540616-c677-75e3-8e7a",
      "dataPsmClass": "https://ofn.gov.cz/class/1761911036788-0f6a-6c44-b680",
      "instancesHaveIdentity": "OPTIONAL"
    }
  ],
  "resources": {
    "fbf626ff-7517-456c-8513-3c37db8ca84a": {
      "types": [
        "https://ofn.gov.cz/slovník/psm/Schema"
      ],
      "iri": "fbf626ff-7517-456c-8513-3c37db8ca84a",
      "dataPsmHumanLabel": {
        "en": "Catalogue",
        "cs": "Katalog"
      },
      "dataPsmHumanDescription": {
        "en": "Data structure for Catalogue. A catalogue or repository that hosts the Datasets or Data Services being described.",
        "cs": "Datová struktura pro Katalog. Řízená kolekce metadat o datových sadách a datových službách"
      },
      "dataPsmTechnicalLabel": "katalog",
      "dataPsmRoots": [
        "https://ofn.gov.cz/class/1761910391249-2ec9-27bf-86e8"
      ],
      "dataPsmParts": [
        "https://ofn.gov.cz/class/1761910391249-2ec9-27bf-86e8",
        "https://ofn.gov.cz/attribute/1761910411613-07aa-3206-9685",
        "https://ofn.gov.cz/attribute/1761910411628-f72f-c0f0-a871",
        "https://ofn.gov.cz/class/1761910411641-cb68-08ec-bf27",
        "https://ofn.gov.cz/association/1761910411651-4869-0117-9638",
        "https://ofn.gov.cz/class/1761910411667-6d15-3c07-a690",
        "https://ofn.gov.cz/association/1761910411680-2b02-b094-a8cb",
        "https://ofn.gov.cz/class/1761910411725-cdbd-3fe1-a6a7",
        "https://ofn.gov.cz/association/1761910411739-6986-ab47-b2e9",
        "https://ofn.gov.cz/attribute/1761910418863-fec8-3183-8ca7",
        "https://ofn.gov.cz/class/1761910418882-cbdb-db18-8c54",
        "https://ofn.gov.cz/association/1761910418899-144a-eee3-bbf2",
        "https://ofn.gov.cz/class/1761910828760-590c-39c1-810d",
        "https://ofn.gov.cz/class/1761911036788-0f6a-6c44-b680",
        "https://ofn.gov.cz/association/1761911036807-48d3-7f28-97e0",
        "https://ofn.gov.cz/attribute/1761911044901-ef77-cf95-9656",
        "https://ofn.gov.cz/class/1761911044922-f696-c391-a52c",
        "https://ofn.gov.cz/association/1761911044939-e95b-e147-9e1d"
      ],
      "jsonEnforceContext": "no",
      "jsonLdDefinedPrefixes": {
        "dct": "http://purl.org/dc/terms/",
        "dcat": "http://www.w3.org/ns/dcat#",
        "vcard": "http://www.w3.org/2006/vcard/ns#",
        "foaf": "http://xmlns.com/foaf/0.1/"
      }
    },
    "https://ofn.gov.cz/class/1761910391249-2ec9-27bf-86e8": {
      "types": [
        "https://ofn.gov.cz/slovník/psm/Class"
      ],
      "iri": "https://ofn.gov.cz/class/1761910391249-2ec9-27bf-86e8",
      "dataPsmHumanLabel": null,
      "dataPsmHumanDescription": null,
      "dataPsmTechnicalLabel": "katalog",
      "dataPsmInterpretation": "sdnb9p3z3zmgqmlthm",
      "dataPsmExtends": [],
      "dataPsmParts": [
        "https://ofn.gov.cz/attribute/1761910411613-07aa-3206-9685",
        "https://ofn.gov.cz/attribute/1761910411628-f72f-c0f0-a871",
        "https://ofn.gov.cz/association/1761911036807-48d3-7f28-97e0",
        "https://ofn.gov.cz/association/1761910411651-4869-0117-9638",
        "https://ofn.gov.cz/association/1761910411739-6986-ab47-b2e9",
        "https://ofn.gov.cz/association/1761910411680-2b02-b094-a8cb"
      ],
      "dataPsmIsClosed": null
    },
    "https://ofn.gov.cz/attribute/1761910411613-07aa-3206-9685": {
      "types": [
        "https://ofn.gov.cz/slovník/psm/Attribute"
      ],
      "iri": "https://ofn.gov.cz/attribute/1761910411613-07aa-3206-9685",
      "dataPsmHumanLabel": null,
      "dataPsmHumanDescription": null,
      "dataPsmTechnicalLabel": "název",
      "dataPsmInterpretation": "0iqdy2a3u20umgqmnfm2",
      "dataPsmDatatype": "https://ofn.gov.cz/zdroj/základní-datové-typy/2020-07-01/text"
    },
    "https://ofn.gov.cz/attribute/1761910411628-f72f-c0f0-a871": {
      "types": [
        "https://ofn.gov.cz/slovník/psm/Attribute"
      ],
      "iri": "https://ofn.gov.cz/attribute/1761910411628-f72f-c0f0-a871",
      "dataPsmHumanLabel": null,
      "dataPsmHumanDescription": null,
      "dataPsmTechnicalLabel": "popis",
      "dataPsmInterpretation": "4pxu4z53v7xmgqmnnnm",
      "dataPsmDatatype": "https://ofn.gov.cz/zdroj/základní-datové-typy/2020-07-01/text"
    },
    "https://ofn.gov.cz/class/1761910411641-cb68-08ec-bf27": {
      "types": [
        "https://ofn.gov.cz/slovník/psm/Class"
      ],
      "iri": "https://ofn.gov.cz/class/1761910411641-cb68-08ec-bf27",
      "dataPsmHumanLabel": null,
      "dataPsmHumanDescription": null,
      "dataPsmTechnicalLabel": "dokument",
      "dataPsmInterpretation": "8ihu1p7ymk7mgqmv0vc",
      "dataPsmExtends": [],
      "dataPsmParts": [],
      "dataPsmIsClosed": null
    },
    "https://ofn.gov.cz/association/1761910411651-4869-0117-9638": {
      "types": [
        "https://ofn.gov.cz/slovník/psm/AssociationEnd"
      ],
      "iri": "https://ofn.gov.cz/association/1761910411651-4869-0117-9638",
      "dataPsmHumanLabel": null,
      "dataPsmHumanDescription": null,
      "dataPsmTechnicalLabel": "domovská_stránka",
      "dataPsmInterpretation": "lah7c91r4cfmgqmvhoq",
      "dataPsmPart": "https://ofn.gov.cz/class/1761910411641-cb68-08ec-bf27",
      "dataPsmIsReverse": false,
      "dataPsmIsDematerialize": null
    },
    "https://ofn.gov.cz/class/1761910411667-6d15-3c07-a690": {
      "types": [
        "https://ofn.gov.cz/slovník/psm/Class"
      ],
      "iri": "https://ofn.gov.cz/class/1761910411667-6d15-3c07-a690",
      "dataPsmHumanLabel": null,
      "dataPsmHumanDescription": null,
      "dataPsmTechnicalLabel": "datová_sada",
      "dataPsmInterpretation": "cmqmsuobnghmgqmmtsq",
      "dataPsmExtends": [],
      "dataPsmParts": [],
      "dataPsmIsClosed": null
    },
    "https://ofn.gov.cz/association/1761910411680-2b02-b094-a8cb": {
      "types": [
        "https://ofn.gov.cz/slovník/psm/AssociationEnd"
      ],
      "iri": "https://ofn.gov.cz/association/1761910411680-2b02-b094-a8cb",
      "dataPsmHumanLabel": null,
      "dataPsmHumanDescription": null,
      "dataPsmTechnicalLabel": "datová_sada",
      "dataPsmInterpretation": "xpnx56u5sbmgqmse8w",
      "dataPsmPart": "https://ofn.gov.cz/class/1761910411667-6d15-3c07-a690",
      "dataPsmIsReverse": false,
      "dataPsmIsDematerialize": null
    },
    "https://ofn.gov.cz/class/1761910411725-cdbd-3fe1-a6a7": {
      "types": [
        "https://ofn.gov.cz/slovník/psm/Class"
      ],
      "iri": "https://ofn.gov.cz/class/1761910411725-cdbd-3fe1-a6a7",
      "dataPsmHumanLabel": null,
      "dataPsmHumanDescription": null,
      "dataPsmTechnicalLabel": "poskytovatel",
      "dataPsmInterpretation": "nnsgleliyktmgqmo11i",
      "dataPsmExtends": [],
      "dataPsmParts": [],
      "dataPsmIsClosed": null
    },
    "https://ofn.gov.cz/association/1761910411739-6986-ab47-b2e9": {
      "types": [
        "https://ofn.gov.cz/slovník/psm/AssociationEnd"
      ],
      "iri": "https://ofn.gov.cz/association/1761910411739-6986-ab47-b2e9",
      "dataPsmHumanLabel": null,
      "dataPsmHumanDescription": null,
      "dataPsmTechnicalLabel": "poskytovatel",
      "dataPsmInterpretation": "l8wkjjzb66cmgqmoc4c",
      "dataPsmPart": "https://ofn.gov.cz/class/1761910411725-cdbd-3fe1-a6a7",
      "dataPsmIsReverse": false,
      "dataPsmIsDematerialize": null
    },
    "https://ofn.gov.cz/attribute/1761910418863-fec8-3183-8ca7": {
      "types": [
        "https://ofn.gov.cz/slovník/psm/Attribute"
      ],
      "iri": "https://ofn.gov.cz/attribute/1761910418863-fec8-3183-8ca7",
      "dataPsmHumanLabel": null,
      "dataPsmHumanDescription": null,
      "dataPsmTechnicalLabel": "jméno",
      "dataPsmInterpretation": "202qe5ztr9lmgqmqn6a",
      "dataPsmDatatype": "https://ofn.gov.cz/zdroj/základní-datové-typy/2020-07-01/text"
    },
    "https://ofn.gov.cz/class/1761910418882-cbdb-db18-8c54": {
      "types": [
        "https://ofn.gov.cz/slovník/psm/Class"
      ],
      "iri": "https://ofn.gov.cz/class/1761910418882-cbdb-db18-8c54",
      "dataPsmHumanLabel": null,
      "dataPsmHumanDescription": null,
      "dataPsmTechnicalLabel": "e-mailová_adresa",
      "dataPsmInterpretation": "l58cw3juu7nmgqnawwt",
      "dataPsmExtends": [],
      "dataPsmParts": [],
      "dataPsmIsClosed": null
    },
    "https://ofn.gov.cz/association/1761910418899-144a-eee3-bbf2": {
      "types": [
        "https://ofn.gov.cz/slovník/psm/AssociationEnd"
      ],
      "iri": "https://ofn.gov.cz/association/1761910418899-144a-eee3-bbf2",
      "dataPsmHumanLabel": null,
      "dataPsmHumanDescription": null,
      "dataPsmTechnicalLabel": "e-mail",
      "dataPsmInterpretation": "74edtubi6xrmgqnb8xb",
      "dataPsmPart": "https://ofn.gov.cz/class/1761910418882-cbdb-db18-8c54",
      "dataPsmIsReverse": false,
      "dataPsmIsDematerialize": null
    },
    "https://ofn.gov.cz/class/1761910828760-590c-39c1-810d": {
      "types": [
        "https://ofn.gov.cz/slovník/psm/Class"
      ],
      "iri": "https://ofn.gov.cz/class/1761910828760-590c-39c1-810d",
      "dataPsmHumanLabel": null,
      "dataPsmHumanDescription": null,
      "dataPsmTechnicalLabel": "organizace",
      "dataPsmInterpretation": "1xiw70vfx2jmhes771k",
      "dataPsmExtends": [],
      "dataPsmParts": [
        "https://ofn.gov.cz/attribute/1761910418863-fec8-3183-8ca7",
        "https://ofn.gov.cz/association/1761910418899-144a-eee3-bbf2"
      ],
      "dataPsmIsClosed": null,
      "instancesHaveIdentity": "OPTIONAL"
    },
    "https://ofn.gov.cz/class/1761911036788-0f6a-6c44-b680": {
      "types": [
        "https://ofn.gov.cz/slovník/psm/Class"
      ],
      "iri": "https://ofn.gov.cz/class/1761911036788-0f6a-6c44-b680",
      "dataPsmHumanLabel": null,
      "dataPsmHumanDescription": null,
      "dataPsmTechnicalLabel": "organizace",
      "dataPsmInterpretation": "1xiw70vfx2jmhes771k",
      "dataPsmExtends": [],
      "dataPsmParts": [
        "https://ofn.gov.cz/attribute/1761911044901-ef77-cf95-9656",
        "https://ofn.gov.cz/association/1761911044939-e95b-e147-9e1d"
      ],
      "dataPsmIsClosed": null,
      "instancesHaveIdentity": "OPTIONAL"
    },
    "https://ofn.gov.cz/association/1761911036807-48d3-7f28-97e0": {
      "types": [
        "https://ofn.gov.cz/slovník/psm/AssociationEnd"
      ],
      "iri": "https://ofn.gov.cz/association/1761911036807-48d3-7f28-97e0",
      "dataPsmHumanLabel": null,
      "dataPsmHumanDescription": null,
      "dataPsmTechnicalLabel": "kontaktní_bod",
      "dataPsmInterpretation": "pnjc88ntl1imgqmrbhw",
      "dataPsmPart": "https://ofn.gov.cz/class/1761911036788-0f6a-6c44-b680",
      "dataPsmIsReverse": false,
      "dataPsmIsDematerialize": null
    },
    "https://ofn.gov.cz/attribute/1761911044901-ef77-cf95-9656": {
      "types": [
        "https://ofn.gov.cz/slovník/psm/Attribute"
      ],
      "iri": "https://ofn.gov.cz/attribute/1761911044901-ef77-cf95-9656",
      "dataPsmHumanLabel": null,
      "dataPsmHumanDescription": null,
      "dataPsmTechnicalLabel": "jméno",
      "dataPsmInterpretation": "202qe5ztr9lmgqmqn6a",
      "dataPsmDatatype": "https://ofn.gov.cz/zdroj/základní-datové-typy/2020-07-01/text"
    },
    "https://ofn.gov.cz/class/1761911044922-f696-c391-a52c": {
      "types": [
        "https://ofn.gov.cz/slovník/psm/Class"
      ],
      "iri": "https://ofn.gov.cz/class/1761911044922-f696-c391-a52c",
      "dataPsmHumanLabel": null,
      "dataPsmHumanDescription": null,
      "dataPsmTechnicalLabel": "e-mailová_adresa",
      "dataPsmInterpretation": "l58cw3juu7nmgqnawwt",
      "dataPsmExtends": [],
      "dataPsmParts": [],
      "dataPsmIsClosed": null
    },
    "https://ofn.gov.cz/association/1761911044939-e95b-e147-9e1d": {
      "types": [
        "https://ofn.gov.cz/slovník/psm/AssociationEnd"
      ],
      "iri": "https://ofn.gov.cz/association/1761911044939-e95b-e147-9e1d",
      "dataPsmHumanLabel": null,
      "dataPsmHumanDescription": null,
      "dataPsmTechnicalLabel": "e-mail",
      "dataPsmInterpretation": "74edtubi6xrmgqnb8xb",
      "dataPsmPart": "https://ofn.gov.cz/class/1761911044922-f696-c391-a52c",
      "dataPsmIsReverse": false,
      "dataPsmIsDematerialize": null
    }
  }
}