{
  "iri": "db2ad74f-ec45-4d46-84f8-24d36fbb4200/76fdef19-9148-4760-b7f4-e2642b601bf6/f5703bf0-7f69-458d-945c-81d25bb8d0ff/371b85b9-fd3f-4d73-95d3-da9c4437f67f",
  "types": [
    "https://dataspecer.com/core/model-descriptor/pim-store-wrapper"
  ],
  "userMetadata": {
    "documentBaseUrl": "https://op.europa.eu/documents/3938058/11669184/eli.owl/",
    "label": {
      "en": "eli"
    }
  },
  "metadata": {
    "creationDate": "2026-01-09T12:05:01.674Z",
    "modificationDate": "2026-01-09T12:06:53.761Z"
  },
  "_version": 1,
  "_exportVersion": 1,
  "_exportedAt": "2026-01-09T12:07:09.706Z",
  "_exportedBy": "http://localhost:3100"
}