{
  "iri": "31c15e62-6f46-4c53-ad4d-cf900421feb6/f22c681e-c9b7-4c52-ae1b-1245cad658a8/62590b27-6068-4e78-b1a2-9ccf543c53a9/9110cd8b-ac5b-4da9-9acf-8a6f4af322c4",
  "types": [
    "https://dataspecer.com/core/model-descriptor/pim-store-wrapper"
  ],
  "userMetadata": {
    "documentBaseUrl": "https://www.w3.org/2006/vcard/ns",
    "label": {
      "en": "ns"
    }
  },
  "metadata": {
    "creationDate": "2026-01-09T11:32:55.231Z",
    "modificationDate": "2026-01-09T11:34:29.767Z"
  },
  "_version": 1,
  "_exportVersion": 1,
  "_exportedAt": "2026-01-20T07:03:59.005Z",
  "_exportedBy": "http://localhost:3100"
}