{
  "iri": "31c15e62-6f46-4c53-ad4d-cf900421feb6/f22c681e-c9b7-4c52-ae1b-1245cad658a8/62590b27-6068-4e78-b1a2-9ccf543c53a9/b1af80ad-5c06-424a-a088-ee739089b3a6",
  "types": [
    "https://dataspecer.com/core/model-descriptor/pim-store-wrapper"
  ],
  "userMetadata": {
    "documentBaseUrl": "https://datagov-cz.github.io/cache-slovniku/foaf.ttl",
    "label": {
      "en": "foaf"
    }
  },
  "metadata": {
    "creationDate": "2026-01-09T11:32:54.127Z",
    "modificationDate": "2026-01-09T11:34:29.521Z"
  },
  "_version": 1,
  "_exportVersion": 1,
  "_exportedAt": "2026-01-09T12:21:50.025Z",
  "_exportedBy": "http://localhost:3100"
}