{
  "iri": "31c15e62-6f46-4c53-ad4d-cf900421feb6/f22c681e-c9b7-4c52-ae1b-1245cad658a8/62590b27-6068-4e78-b1a2-9ccf543c53a9/c3056fe1-98a8-4faf-9d39-9962e840166c",
  "types": [
    "https://dataspecer.com/core/model-descriptor/pim-store-wrapper"
  ],
  "userMetadata": {
    "documentBaseUrl": "https://www.w3.org/ns/odrl/2/ODRL22.ttl",
    "label": {
      "en": "ODRL22"
    }
  },
  "metadata": {
    "creationDate": "2026-01-09T11:32:56.137Z",
    "modificationDate": "2026-01-09T11:34:30.062Z"
  },
  "_version": 1,
  "_exportVersion": 1,
  "_exportedAt": "2026-01-20T07:17:19.934Z",
  "_exportedBy": "http://localhost:3100"
}