{
  "iri": "31c15e62-6f46-4c53-ad4d-cf900421feb6/f22c681e-c9b7-4c52-ae1b-1245cad658a8/62590b27-6068-4e78-b1a2-9ccf543c53a9/profile",
  "types": [
    "http://dataspecer.com/resources/local/semantic-model"
  ],
  "userMetadata": {
    "label": {
      "en": "DCAT 3 Default Application Profile"
    },
    "documentBaseUrl": "https://mff-uk.github.io/specifications/dcat-dap/"
  },
  "metadata": {
    "creationDate": "2026-01-09T11:33:00.613Z",
    "modificationDate": "2026-01-09T11:34:30.920Z"
  },
  "_version": 1,
  "_exportVersion": 1,
  "_exportedAt": "2026-01-20T07:03:59.027Z",
  "_exportedBy": "http://localhost:3100"
}