{
  "iri": "3fa68912-ad39-453e-abce-1956e4ca23cf/78601ae1-2a7f-4a83-8171-032510466914",
  "types": [
    "http://dataspecer.com/resources/local/package"
  ],
  "userMetadata": {
    "label": {
      "en": "DCAT-AP-CZ: Datové sady otevřených dat"
    },
    "description": {},
    "importedFromUrl": "https://ofn.gov.cz/dcat-ap-cz-otevřená-data/draft/cs/",
    "documentBaseUrl": "https://ofn.gov.cz/dcat-ap-cz-otevřená-data/draft/cs/"
  },
  "metadata": {
    "creationDate": "2026-01-09T13:03:20.622Z",
    "modificationDate": "2026-01-09T15:03:18.920Z"
  },
  "_version": 1,
  "_exportVersion": 1,
  "_exportedAt": "2026-01-09T15:15:32.105Z",
  "_exportedBy": "http://localhost:3100"
}