{
  "iri": "69160fc4-9370-4130-8795-a4ff50a70a28/3a15ca7d-7a61-4a6f-849b-43ae52dedaff/5bb5d65f-602c-49b6-adab-6add14276fd9/891206aa-ef3c-4035-9b8d-2a584b56280a",
  "types": [
    "https://dataspecer.com/core/model-descriptor/pim-store-wrapper"
  ],
  "userMetadata": {
    "documentBaseUrl": "https://www.w3.org/ns/dcat3.ttl",
    "label": {
      "en": "dcat3"
    }
  },
  "metadata": {
    "creationDate": "2025-10-14T14:15:16.650Z",
    "modificationDate": "2025-10-20T13:18:54.963Z"
  },
  "_version": 1,
  "_exportVersion": 1,
  "_exportedAt": "2025-10-31T11:31:50.439Z",
  "_exportedBy": "http://localhost:3100"
}