{
  "iri": "69160fc4-9370-4130-8795-a4ff50a70a28/3a15ca7d-7a61-4a6f-849b-43ae52dedaff/5bb5d65f-602c-49b6-adab-6add14276fd9/cb4879e8-528a-4fc5-b6c2-7c4c329b4196",
  "types": [
    "https://dataspecer.com/core/model-descriptor/pim-store-wrapper"
  ],
  "userMetadata": {
    "documentBaseUrl": "https://www.dublincore.org/specifications/dublin-core/dcmi-terms/dublin_core_terms.ttl",
    "label": {
      "en": "dublin_core_terms"
    }
  },
  "metadata": {
    "creationDate": "2025-10-14T14:15:16.318Z",
    "modificationDate": "2025-10-31T12:03:11.424Z"
  },
  "_version": 1,
  "_exportVersion": 1,
  "_exportedAt": "2025-10-31T12:03:56.654Z",
  "_exportedBy": "http://localhost:3100"
}