{
  "iri": "db2ad74f-ec45-4d46-84f8-24d36fbb4200/4445f5a1-2f1c-4105-b8d5-9f01f31c6ed7/a9cf3aef-1a70-4939-8a13-b452ac1f7f0a/c0474442-c566-4866-9f3f-ce3a9ea634e0/50f0dbba-139b-4c83-854d-af8189ff2f08",
  "types": [
    "https://dataspecer.com/core/model-descriptor/pim-store-wrapper"
  ],
  "userMetadata": {
    "documentBaseUrl": "https://datagov-cz.github.io/cache-slovniku/time.ttl",
    "label": {
      "en": "time"
    }
  },
  "metadata": {
    "creationDate": "2025-07-17T09:01:51.768Z",
    "modificationDate": "2025-07-17T09:01:51.854Z"
  },
  "_version": 1,
  "_exportVersion": 1,
  "_exportedAt": "2025-07-17T09:46:20.764Z",
  "_exportedBy": "http://localhost:3100"
}