{
  "iri": "db2ad74f-ec45-4d46-84f8-24d36fbb4200/4445f5a1-2f1c-4105-b8d5-9f01f31c6ed7/a9cf3aef-1a70-4939-8a13-b452ac1f7f0a/c0474442-c566-4866-9f3f-ce3a9ea634e0/f622a804-9f69-483b-950b-dba6cda0b5ef",
  "types": [
    "https://dataspecer.com/core/model-descriptor/pim-store-wrapper"
  ],
  "userMetadata": {
    "documentBaseUrl": "https://www.w3.org/ns/prov-o",
    "label": {
      "en": "prov-o"
    }
  },
  "metadata": {
    "creationDate": "2025-07-17T09:01:53.697Z",
    "modificationDate": "2025-07-17T10:18:12.831Z"
  },
  "_version": 1,
  "_exportVersion": 1,
  "_exportedAt": "2025-07-17T10:52:26.516Z",
  "_exportedBy": "http://localhost:3100"
}