{
  "iri": "db2ad74f-ec45-4d46-84f8-24d36fbb4200/4445f5a1-2f1c-4105-b8d5-9f01f31c6ed7/a9cf3aef-1a70-4939-8a13-b452ac1f7f0a/c0474442-c566-4866-9f3f-ce3a9ea634e0/profile",
  "types": [
    "http://dataspecer.com/resources/local/semantic-model"
  ],
  "userMetadata": {
    "label": {
      "en": "DCAT 3 Default Application Profile"
    },
    "documentBaseUrl": "https://mff-uk.github.io/specifications/dcat-dap/"
  },
  "metadata": {
    "creationDate": "2025-07-17T09:01:56.756Z",
    "modificationDate": "2025-07-17T09:01:56.800Z"
  },
  "_version": 1,
  "_exportVersion": 1,
  "_exportedAt": "2025-07-17T09:46:20.805Z",
  "_exportedBy": "http://localhost:3100"
}