{
  "iri": "3fa68912-ad39-453e-abce-1956e4ca23cf/78601ae1-2a7f-4a83-8171-032510466914/14969f59-30ed-403c-8b99-2f9baa0b8f30/124464d8-1a1c-4a58-b913-6fb72c1addfc/fbceec0a-d31a-4e20-86b9-5439410cc85f",
  "types": [
    "http://dataspecer.com/resources/local/package"
  ],
  "userMetadata": {
    "label": {
      "cs": "Výchozí aplikační profil DCAT 3",
      "en": "DCAT 3 Default Application Profile"
    },
    "description": {},
    "importedFromUrl": "https://mff-uk.github.io/specifications/dcat-dap/",
    "documentBaseUrl": "https://mff-uk.github.io/specifications/dcat-dap/"
  },
  "metadata": {
    "creationDate": "2026-01-09T13:03:23.554Z",
    "modificationDate": "2026-01-09T15:03:18.751Z"
  },
  "_version": 1,
  "_exportVersion": 1,
  "_exportedAt": "2026-01-09T15:03:39.166Z",
  "_exportedBy": "http://localhost:3100"
}