{
  "iri": "db2ad74f-ec45-4d46-84f8-24d36fbb4200/057a08c3-715f-4078-a579-b648781f1029/cfcd218f-d394-4a1c-86c3-38810ae644f1/a529ec97-4a23-473d-b9db-a281d90fa51c/1a9a6948-a27e-4f18-8998-44a7d94c942d",
  "types": [
    "https://dataspecer.com/core/model-descriptor/pim-store-wrapper"
  ],
  "userMetadata": {
    "documentBaseUrl": "https://datagov-cz.github.io/cache-slovniku/foaf.ttl",
    "label": {
      "en": "foaf"
    }
  },
  "metadata": {
    "creationDate": "2025-07-15T08:57:47.529Z",
    "modificationDate": "2025-07-15T14:34:34.819Z"
  },
  "_version": 1,
  "_exportVersion": 1,
  "_exportedAt": "2025-07-15T15:30:39.502Z",
  "_exportedBy": "http://localhost:3100"
}