{
  "iri": "db2ad74f-ec45-4d46-84f8-24d36fbb4200/057a08c3-715f-4078-a579-b648781f1029/cfcd218f-d394-4a1c-86c3-38810ae644f1/a529ec97-4a23-473d-b9db-a281d90fa51c/663b448b-84e2-41fd-828e-40f8bdb35866",
  "types": [
    "https://dataspecer.com/core/model-descriptor/pim-store-wrapper"
  ],
  "userMetadata": {
    "documentBaseUrl": "https://www.w3.org/ns/prov-o",
    "label": {
      "en": "prov-o"
    }
  },
  "metadata": {
    "creationDate": "2025-07-15T08:57:46.187Z",
    "modificationDate": "2025-07-15T14:34:34.698Z"
  },
  "_version": 1,
  "_exportVersion": 1,
  "_exportedAt": "2025-07-15T15:30:39.492Z",
  "_exportedBy": "http://localhost:3100"
}