{
  "iri": "db2ad74f-ec45-4d46-84f8-24d36fbb4200/057a08c3-715f-4078-a579-b648781f1029/cfcd218f-d394-4a1c-86c3-38810ae644f1/a529ec97-4a23-473d-b9db-a281d90fa51c/6caaf3ca-a839-4e96-88a6-8e3d5d4ce281",
  "types": [
    "https://dataspecer.com/core/model-descriptor/pim-store-wrapper"
  ],
  "userMetadata": {
    "documentBaseUrl": "https://www.w3.org/ns/odrl/2/ODRL22.ttl",
    "label": {
      "en": "ODRL22"
    }
  },
  "metadata": {
    "creationDate": "2025-07-15T08:57:48.939Z",
    "modificationDate": "2025-07-15T14:34:34.837Z"
  },
  "_version": 1,
  "_exportVersion": 1,
  "_exportedAt": "2025-07-15T15:30:39.514Z",
  "_exportedBy": "http://localhost:3100"
}