{
  "iri": "db2ad74f-ec45-4d46-84f8-24d36fbb4200/057a08c3-715f-4078-a579-b648781f1029/cfcd218f-d394-4a1c-86c3-38810ae644f1/a529ec97-4a23-473d-b9db-a281d90fa51c/74e2c153-b3d7-4da3-9a71-bce01978188c",
  "types": [
    "https://dataspecer.com/core/model-descriptor/pim-store-wrapper"
  ],
  "userMetadata": {
    "documentBaseUrl": "https://datagov-cz.github.io/cache-slovniku/time.ttl",
    "label": {
      "en": "time"
    }
  },
  "metadata": {
    "creationDate": "2025-07-15T08:57:44.855Z",
    "modificationDate": "2025-07-15T14:34:34.680Z"
  },
  "_version": 1,
  "_exportVersion": 1,
  "_exportedAt": "2025-07-15T15:30:39.463Z",
  "_exportedBy": "http://localhost:3100"
}