{
  "iri": "69160fc4-9370-4130-8795-a4ff50a70a28/d3681d8b-616a-4aef-9aab-ad1b15ce274c",
  "types": [
    "http://dataspecer.com/resources/local/package"
  ],
  "userMetadata": {
    "label": {
      "cs": "DCAT-AP-CZ: Základní datový model pro katalogy dat",
      "en": "DCAT-AP-CZ: Basic data model for data catalogs"
    },
    "description": {},
    "importedFromUrl": "https://ofn.gov.cz/dcat-ap-cz/draft/cs/",
    "documentBaseUrl": "https://ofn.gov.cz/dcat-ap-cz/draft/cs/"
  },
  "metadata": {
    "creationDate": "2026-01-06T10:57:06.548Z",
    "modificationDate": "2026-01-06T11:00:34.236Z"
  },
  "_version": 1,
  "_exportVersion": 1,
  "_exportedAt": "2026-01-06T11:00:47.486Z",
  "_exportedBy": "http://localhost:3100"
}