{
  "iri": "e568105c-e7d2-4971-b9a4-ca2528e8def8/981b8f6a-341c-4351-9517-cfa2d00c768a/85cf735e-5405-4d2c-8b10-a3411ad4f5a1/e1053496-bd7c-4ae7-8ec1-8a990e0cf97c",
  "types": [
    "https://dataspecer.com/core/model-descriptor/pim-store-wrapper"
  ],
  "userMetadata": {
    "documentBaseUrl": "https://op.europa.eu/documents/3938058/11669184/eli.owl/"
  },
  "metadata": {
    "creationDate": "2025-03-13T08:31:41.640Z",
    "modificationDate": "2025-03-13T09:13:21.074Z"
  },
  "_version": 1,
  "_exportVersion": 1,
  "_exportedAt": "2025-03-13T09:15:04.716Z",
  "_exportedBy": "http://localhost:3100"
}