{
  "iri": "e568105c-e7d2-4971-b9a4-ca2528e8def8/981b8f6a-341c-4351-9517-cfa2d00c768a/85cf735e-5405-4d2c-8b10-a3411ad4f5a1/profile",
  "types": [
    "http://dataspecer.com/resources/local/semantic-model"
  ],
  "userMetadata": {
    "label": {
      "en": "DCAT-AP based on DCAT-DAP"
    },
    "documentBaseUrl": "https://mff-uk.github.io/specifications/dcat-ap/"
  },
  "metadata": {
    "creationDate": "2025-03-13T08:31:42.493Z",
    "modificationDate": "2025-03-13T09:13:21.218Z"
  },
  "_version": 1,
  "_exportVersion": 1,
  "_exportedAt": "2025-03-13T09:15:04.719Z",
  "_exportedBy": "http://localhost:3100"
}