{
  "iri": "5e5aae98-4594-4b4c-9059-e64a65ef3562/44e5aa86-f24f-47a4-9dc4-5fe8cfb47049/profile",
  "types": [
    "http://dataspecer.com/resources/local/semantic-model"
  ],
  "userMetadata": {
    "label": {
      "en": "DCAT-AP-CZ: Datové sady otevřených dat"
    },
    "documentBaseUrl": "https://ofn.gov.cz/dcat-ap-cz-otevřená-data/draft/cs/"
  },
  "metadata": {
    "creationDate": "2026-01-14T13:19:22.963Z",
    "modificationDate": "2026-02-26T10:16:15.179Z"
  },
  "_version": 1,
  "_exportVersion": 1,
  "_exportedAt": "2026-02-26T10:21:44.697Z",
  "_exportedBy": "http://localhost:3100"
}