{
  "iri": "3fa68912-ad39-453e-abce-1956e4ca23cf/6d2ad0b5-a06b-4a88-b175-0a3ea2d49536/b4595a5f-8456-4277-9b75-d926bbd47534/20eb5cc2-dae9-4007-ae3b-13cda26abe16",
  "types": [
    "https://dataspecer.com/core/model-descriptor/pim-store-wrapper"
  ],
  "userMetadata": {
    "documentBaseUrl": "https://op.europa.eu/documents/3938058/11669184/eli.owl/",
    "label": {
      "en": "eli"
    }
  },
  "metadata": {
    "creationDate": "2026-01-09T13:03:33.016Z",
    "modificationDate": "2026-01-09T15:03:19.211Z"
  },
  "_version": 1,
  "_exportVersion": 1,
  "_exportedAt": "2026-01-09T15:03:39.193Z",
  "_exportedBy": "http://localhost:3100"
}