{
  "iri": "db2ad74f-ec45-4d46-84f8-24d36fbb4200",
  "types": [
    "http://dataspecer.com/resources/local/package"
  ],
  "userMetadata": {
    "label": {
      "cs": "DCAT-AP-CZ: Specifikace pro vyhlášku č. 360/2023 Sb., o dlouhodobém řízení informačních systémů veřejné správy",
      "en": "DCAT-AP-CZ: Specification for Decree No. 360/2023 Coll., on long-term management of public administration information systems"
    },
    "description": {}
  },
  "metadata": {
    "creationDate": "2025-06-10T07:47:09.144Z",
    "modificationDate": "2025-07-17T09:45:46.533Z"
  },
  "_version": 1,
  "_exportVersion": 1,
  "_exportedAt": "2025-07-17T09:46:20.829Z",
  "_exportedBy": "http://localhost:3100"
}