{
  "modelCompositionConfiguration": {
    "modelType": "application-profile",
    "model": "e5ed78a2-1b08-4e95-8602-f8160caf223c",
    "canAddEntities": false,
    "canModify": true,
    "profiles": {
      "modelType": "merge",
      "models": null
    }
  },
  "userPreferences": {},
  "configuration": {
    "https://schemas.dataspecer.com/documentation-generator-config/": {
      "partials": {
        "specification": "{{> definitions}}\n<!DOCTYPE html>\n  <html lang=\"cs\">\n    <head>\n      {{> html-head}}\n    </head>\n    <body>\n      <p class=\"copyright\"></p>\n      <section id=\"abstract\">\n        <p>\n          {{#iflng \"cs\"}}Tento soubor dokumentuje{{lng}}This file documents{{/iflng}}\n          {{#translate label}}<strong>{{translation}}</strong>{{#if otherLang}} (@{{otherLang}}){{/if}}{{else}}<i>{{#iflng \"cs\"}}beze jména{{lng}}without assigned name{{/iflng}}</i>{{/translate}}.</p>\n      </section>\n\n      <section>\n        <h2>{{#iflng \"cs\"}}Přehled{{lng}}Overview{{/iflng}}</h2>\n\n        {{#each externalArtifacts.svg}}\n          <a href=\"{{{URL}}}\">\n            <figure>\n              <img src=\"{{{URL}}}\" alt=\"{{translate ./label}}\" />\n              <figcaption>{{translate ./label}}</figcaption>\n            </figure>\n          </a>\n        {{/each}}\n      </section>\n\n      <section>\n        <h2>{{#iflng \"cs\"}}Třídy{{lng}}Classes{{/iflng}}</h2>\n\n        {{#if locallyDefinedSemanticEntityByTags.[https://w3id.org/dsv/class-role#main]}}\n          <section>\n            <h3>{{#iflng \"cs\"}}Hlavní třídy{{lng}}Main classes{{/iflng}}</h3>\n\n            {{#each locallyDefinedSemanticEntityByTags.[https://w3id.org/dsv/class-role#main]}}\n              {{#ifEquals type.[0] \"class-profile\"}}\n                {{> class-profile}}\n              {{/ifEquals}}\n            {{/each}}\n          </section>\n        {{/if}}\n\n        {{#if locallyDefinedSemanticEntityByTags.[https://w3id.org/dsv/class-role#supportive]}}\n          <section>\n            <h3>{{#iflng \"cs\"}}Podpůrné třídy{{lng}}Supportive classes{{/iflng}}</h3>\n\n            {{#each locallyDefinedSemanticEntityByTags.[https://w3id.org/dsv/class-role#supportive]}}\n              {{#ifEquals type.[0] \"class-profile\"}}\n                {{> class-profile}}\n              {{/ifEquals}}\n            {{/each}}\n          </section>\n        {{/if}}\n\n        {{#each locallyDefinedSemanticEntity}}\n          {{#ifEquals type.[0] \"class\"}}\n            {{> semantic-model-class}}\n          {{/ifEquals}}\n        {{/each}}\n\n        {{#each locallyDefinedSemanticEntityByTags.default}}\n          {{#ifEquals type.[0] \"class-profile\"}}\n            {{> class-profile}}\n          {{/ifEquals}}\n        {{/each}}\n\n        </section>\n\n        <section>\n        <h2>{{#iflng \"cs\"}}Vlastnosti{{lng}}Properties{{/iflng}}</h2>\n        {{#each locallyDefinedSemanticEntity}}\n          {{#ifEquals type.[0] \"relationship\"}}\n            {{> semantic-model-relationship}}\n          {{/ifEquals}}\n        {{/each}}\n\n        {{#each locallyDefinedSemanticEntity}}\n          {{#ifEquals type.[0] \"relationship-profile\"}}\n\n          {{/ifEquals}}\n        {{/each}}\n        </section>\n\n      {{#structureModels}}\n        <section>\n        <h2>Specifikace struktury pro {{translate humanLabel}}</h2>\n        <p>{{translate humanDescription}}</p>\n\n        {{#artifacts}}{{#getDocumentation}}{{> (useTemplate)}}{{/getDocumentation}}{{/artifacts}}\n        </section>\n      {{/structureModels}}\n\n      {{> used-prefixes}}\n\n      {{> attachments}}\n    </body>\n  </html>"
      }
    },
    "http://dataspecer.com/resources/local/layout-configuration": {
      "main": {
        "none": {
          "layout_alg": "none",
          "run_layered_after": false,
          "run_node_overlap_removal_after": false,
          "interactive": false
        },
        "elk_stress": {
          "layout_alg": "elk_stress",
          "stress_edge_len": 800,
          "number_of_new_algorithm_runs": 10,
          "advanced_settings": {},
          "run_layered_after": false,
          "run_node_overlap_removal_after": true,
          "interactive": false
        },
        "elk_layered": {
          "layout_alg": "elk_layered",
          "alg_direction": "UP",
          "layer_gap": 200,
          "in_layer_gap": 100,
          "edge_routing": "ORTHOGONAL",
          "advanced_settings": {},
          "run_layered_after": false,
          "run_node_overlap_removal_after": false,
          "interactive": false
        },
        "elk_force": {
          "layout_alg": "elk_force",
          "min_distance_between_nodes": 400,
          "force_alg_type": "FRUCHTERMAN_REINGOLD",
          "number_of_new_algorithm_runs": 10,
          "advanced_settings": {},
          "run_layered_after": false,
          "run_node_overlap_removal_after": true,
          "interactive": false
        },
        "random": {
          "layout_alg": "random",
          "advanced_settings": {},
          "run_layered_after": false,
          "run_node_overlap_removal_after": true,
          "interactive": false
        },
        "elk_radial": {
          "layout_alg": "elk_radial",
          "min_distance_between_nodes": 500,
          "advanced_settings": {},
          "run_layered_after": false,
          "run_node_overlap_removal_after": false,
          "interactive": false
        },
        "elk_overlapRemoval": {
          "layout_alg": "elk_overlapRemoval",
          "min_distance_between_nodes": 0,
          "advanced_settings": {},
          "run_layered_after": false,
          "run_node_overlap_removal_after": false,
          "interactive": true
        },
        "elk_stress_advanced_using_clusters": {
          "layout_alg": "elk_stress_advanced_using_clusters",
          "stress_edge_len": 800,
          "number_of_new_algorithm_runs": 10,
          "advanced_settings": {},
          "run_layered_after": false,
          "run_node_overlap_removal_after": true,
          "interactive": false
        },
        "elk_stress_profile": {
          "layout_alg": "elk_stress_profile",
          "profileEdgeLength": 400,
          "preferredProfileDirection": "UP",
          "stress_edge_len": 800,
          "number_of_new_algorithm_runs": 10,
          "advanced_settings": {},
          "run_layered_after": false,
          "run_node_overlap_removal_after": true,
          "interactive": true
        },
        "automatic": {
          "layout_alg": "automatic",
          "min_distance_between_nodes": 500,
          "number_of_new_algorithm_runs": 1,
          "advanced_settings": {},
          "run_layered_after": false,
          "run_node_overlap_removal_after": false,
          "interactive": false
        }
      },
      "general": {
        "none": {
          "layout_alg": "none",
          "run_layered_after": false,
          "run_node_overlap_removal_after": false,
          "interactive": false
        },
        "elk_stress": {
          "layout_alg": "elk_stress",
          "stress_edge_len": 800,
          "number_of_new_algorithm_runs": 10,
          "advanced_settings": {},
          "run_layered_after": false,
          "run_node_overlap_removal_after": true,
          "interactive": false
        },
        "elk_layered": {
          "layout_alg": "elk_layered",
          "alg_direction": "UP",
          "layer_gap": 200,
          "in_layer_gap": 100,
          "edge_routing": "ORTHOGONAL",
          "advanced_settings": {},
          "run_layered_after": false,
          "run_node_overlap_removal_after": false,
          "interactive": false
        },
        "elk_force": {
          "layout_alg": "elk_force",
          "min_distance_between_nodes": 400,
          "force_alg_type": "FRUCHTERMAN_REINGOLD",
          "number_of_new_algorithm_runs": 10,
          "advanced_settings": {},
          "run_layered_after": false,
          "run_node_overlap_removal_after": true,
          "interactive": false
        },
        "random": {
          "layout_alg": "random",
          "advanced_settings": {},
          "run_layered_after": false,
          "run_node_overlap_removal_after": true,
          "interactive": false
        },
        "elk_radial": {
          "layout_alg": "elk_radial",
          "min_distance_between_nodes": 500,
          "advanced_settings": {},
          "run_layered_after": false,
          "run_node_overlap_removal_after": false,
          "interactive": false
        },
        "elk_overlapRemoval": {
          "layout_alg": "elk_overlapRemoval",
          "min_distance_between_nodes": 0,
          "advanced_settings": {},
          "run_layered_after": false,
          "run_node_overlap_removal_after": false,
          "interactive": true
        },
        "elk_stress_advanced_using_clusters": {
          "layout_alg": "elk_stress_advanced_using_clusters",
          "stress_edge_len": 800,
          "number_of_new_algorithm_runs": 10,
          "advanced_settings": {},
          "run_layered_after": false,
          "run_node_overlap_removal_after": true,
          "interactive": false
        },
        "elk_stress_profile": {
          "layout_alg": "elk_stress_profile",
          "profileEdgeLength": 400,
          "preferredProfileDirection": "UP",
          "stress_edge_len": 800,
          "number_of_new_algorithm_runs": 10,
          "advanced_settings": {},
          "run_layered_after": false,
          "run_node_overlap_removal_after": true,
          "interactive": true
        },
        "automatic": {
          "layout_alg": "automatic",
          "min_distance_between_nodes": 500,
          "number_of_new_algorithm_runs": 1,
          "advanced_settings": {},
          "run_layered_after": false,
          "run_node_overlap_removal_after": false,
          "interactive": false
        }
      },
      "chosenMainAlgorithm": "elk_layered",
      "chosenGeneralAlgorithm": "none",
      "additionalSteps": {}
    }
  }
}