{
  "iri": "48192f17-b300-4eb3-8c46-b3ed63bab12f",
  "types": [
    "http://dataspecer.com/resources/v1/psm"
  ],
  "userMetadata": {
    "label": {
      "cs": "Datová sada",
      "en": "Dataset"
    },
    "description": {
      "cs": "Datová struktura pro Datová sada. Kolekce dat poskytovaná či řízená jedním zdrojem, která je k dispozici pro přístup či stažení v jednom či více formátech.",
      "en": "Data structure for Dataset. A conceptual entity that represents the information published."
    }
  },
  "metadata": {
    "creationDate": "2025-06-10T07:47:09.238Z",
    "modificationDate": "2025-07-23T09:51:39.609Z"
  },
  "_version": 1,
  "_exportVersion": 1,
  "_exportedAt": "2025-07-23T10:55:47.935Z",
  "_exportedBy": "http://localhost:3100"
}