{
  "identifier": "c9af2149-e59f-4a6a-8e89-84d94a42442c",
  "version": 1,
  "type": "http://dataspecer.com/resources/local/visual-model",
  "entities": [
    {
      "identifier": "c9af2149-e59f-4a6a-8e89-84d94a42442c-model-metadata-entity",
      "type": [
        "entity-model-type"
      ],
      "label": {
        "en": "View for DCAT-AP-CZ: Specifikace pro vyhlášku č. 360/2023 Sb., o dlouhodobém řízení informačních systémů veřejné správy"
      }
    },
    {
      "type": [
        "http://dataspecer.com/resources/local/visual-model"
      ],
      "representedModel": "e5ed78a2-1b08-4e95-8602-f8160caf223c",
      "color": "#fc440f",
      "identifier": "abrntk"
    },
    {
      "type": [
        "http://dataspecer.com/resources/local/visual-model"
      ],
      "representedModel": "rlmju",
      "color": "#92bcea",
      "identifier": "kfboa"
    },
    {
      "model": "e5ed78a2-1b08-4e95-8602-f8160caf223c",
      "representedEntity": "y1zfn4ysx6fm7xdp67s",
      "position": {
        "x": 2000,
        "y": 850
      },
      "content": [
        "aruiwuwt1x9m7xe0s93",
        "kam9hp4v0em7xe0zdp",
        "jja52o2dm3m7xe1iky"
      ],
      "visualModels": [],
      "type": [
        "visual-node"
      ],
      "identifier": "w0yfj"
    },
    {
      "model": "e5ed78a2-1b08-4e95-8602-f8160caf223c",
      "representedEntity": "2k7wafeu31gm7xdp9kd",
      "position": {
        "x": 1330,
        "y": 760
      },
      "content": [
        "98q2szno0mkm7xdybsv",
        "lcijh8jykwcm7xdy8b4"
      ],
      "visualModels": [],
      "type": [
        "visual-node"
      ],
      "identifier": "uvoxah"
    },
    {
      "model": "e5ed78a2-1b08-4e95-8602-f8160caf223c",
      "representedEntity": "rfatetrz4hdm7xdpcsw",
      "position": {
        "x": 670,
        "y": 950,
        "anchored": null
      },
      "content": [
        "6qkwwzp7obm7xdws89"
      ],
      "visualModels": [],
      "type": [
        "visual-node"
      ],
      "identifier": "xfkzy"
    },
    {
      "model": "e5ed78a2-1b08-4e95-8602-f8160caf223c",
      "representedEntity": "j9d4jypnb7jm7xdpeqw",
      "position": {
        "x": 2250,
        "y": 140,
        "anchored": null
      },
      "content": [],
      "visualModels": [],
      "type": [
        "visual-node"
      ],
      "identifier": "k59p"
    },
    {
      "model": "e5ed78a2-1b08-4e95-8602-f8160caf223c",
      "representedEntity": "djstwrb2xmdm7xdpjib",
      "position": {
        "x": 1660,
        "y": 1650
      },
      "content": [
        "88laiu8pqwhm7xdvt7u"
      ],
      "visualModels": [],
      "type": [
        "visual-node"
      ],
      "identifier": "808zi"
    },
    {
      "model": "e5ed78a2-1b08-4e95-8602-f8160caf223c",
      "representedEntity": "73y1fhyeajim7xdpukp",
      "position": {
        "x": 1940,
        "y": 50,
        "anchored": null
      },
      "content": [
        "vv09m8eabzm7xdus52",
        "vjnyqzdvedbm7xduxml"
      ],
      "visualModels": [],
      "type": [
        "visual-node"
      ],
      "identifier": "aa5hb"
    },
    {
      "model": "e5ed78a2-1b08-4e95-8602-f8160caf223c",
      "representedEntity": "wb6ljn9dy4m7xdq2xp",
      "position": {
        "x": 680,
        "y": 2740,
        "anchored": null
      },
      "content": [],
      "visualModels": [],
      "type": [
        "visual-node"
      ],
      "identifier": "pxhlx"
    },
    {
      "model": "e5ed78a2-1b08-4e95-8602-f8160caf223c",
      "representedEntity": "wiip9i1415m7xdq4uv",
      "position": {
        "x": 1330,
        "y": 3000,
        "anchored": null
      },
      "content": [],
      "visualModels": [],
      "type": [
        "visual-node"
      ],
      "identifier": "19d4w"
    },
    {
      "model": "e5ed78a2-1b08-4e95-8602-f8160caf223c",
      "representedEntity": "pmd6l80pgsm7xdq6t0",
      "position": {
        "x": 1580,
        "y": 170,
        "anchored": null
      },
      "content": [],
      "visualModels": [],
      "type": [
        "visual-node"
      ],
      "identifier": "u5b3i"
    },
    {
      "model": "e5ed78a2-1b08-4e95-8602-f8160caf223c",
      "representedEntity": "fc4k3ler8am7xdq8l6",
      "position": {
        "x": 2680,
        "y": 510,
        "anchored": null
      },
      "content": [],
      "visualModels": [],
      "type": [
        "visual-node"
      ],
      "identifier": "0dkqe"
    },
    {
      "model": "e5ed78a2-1b08-4e95-8602-f8160caf223c",
      "representedEntity": "cekoncua9cfm7xdqb4i",
      "position": {
        "x": 4190,
        "y": 50,
        "anchored": null
      },
      "content": [],
      "visualModels": [],
      "type": [
        "visual-node"
      ],
      "identifier": "kffjq"
    },
    {
      "model": "e5ed78a2-1b08-4e95-8602-f8160caf223c",
      "representedEntity": "1apgucxrfgxm7xdqdn3",
      "position": {
        "x": 2550,
        "y": 900,
        "anchored": null
      },
      "content": [],
      "visualModels": [],
      "type": [
        "visual-node"
      ],
      "identifier": "xxb3n"
    },
    {
      "model": "e5ed78a2-1b08-4e95-8602-f8160caf223c",
      "representedEntity": "m1p5jioy8lgm7xdqg2g",
      "position": {
        "x": 1390,
        "y": 390,
        "anchored": null
      },
      "content": [],
      "visualModels": [],
      "type": [
        "visual-node"
      ],
      "identifier": "lgbay"
    },
    {
      "model": "e5ed78a2-1b08-4e95-8602-f8160caf223c",
      "representedEntity": "7etnubafpvwm7xdqo72",
      "position": {
        "x": 1360,
        "y": 1090
      },
      "content": [],
      "visualModels": [],
      "type": [
        "visual-node"
      ],
      "identifier": "evxnj"
    },
    {
      "model": "e5ed78a2-1b08-4e95-8602-f8160caf223c",
      "representedEntity": "h6cudvufeim7xdqqkp",
      "position": {
        "x": 1900,
        "y": 410
      },
      "content": [],
      "visualModels": [],
      "type": [
        "visual-node"
      ],
      "identifier": "5odki"
    },
    {
      "model": "e5ed78a2-1b08-4e95-8602-f8160caf223c",
      "representedEntity": "xmdv5sqg1am7xdqslu",
      "position": {
        "x": 1210,
        "y": 1300
      },
      "content": [],
      "visualModels": [],
      "type": [
        "visual-node"
      ],
      "identifier": "dyemx"
    },
    {
      "model": "e5ed78a2-1b08-4e95-8602-f8160caf223c",
      "representedEntity": "j21j8492tvcm7xdqu9k",
      "position": {
        "x": 2490,
        "y": 300,
        "anchored": null
      },
      "content": [],
      "visualModels": [],
      "type": [
        "visual-node"
      ],
      "identifier": "wf3i1"
    },
    {
      "model": "e5ed78a2-1b08-4e95-8602-f8160caf223c",
      "representedEntity": "6lmyixr5t8cm7xdqw2v",
      "position": {
        "x": 50,
        "y": 630,
        "anchored": null
      },
      "content": [],
      "visualModels": [],
      "type": [
        "visual-node"
      ],
      "identifier": "lf24bl"
    },
    {
      "model": "e5ed78a2-1b08-4e95-8602-f8160caf223c",
      "representedEntity": "tolz24h39om7xdqxzd",
      "position": {
        "x": 710,
        "y": 1830
      },
      "content": [
        "mrshipfuv3m7xdssi5",
        "iounwan0zu8m7xdswu9"
      ],
      "visualModels": [],
      "type": [
        "visual-node"
      ],
      "identifier": "hge1k"
    },
    {
      "model": "e5ed78a2-1b08-4e95-8602-f8160caf223c",
      "representedEntity": "8ughfpv5uhm7xdqzye",
      "position": {
        "x": 70,
        "y": 2120,
        "anchored": null
      },
      "content": [],
      "visualModels": [],
      "type": [
        "visual-node"
      ],
      "identifier": "mswj2"
    },
    {
      "model": "e5ed78a2-1b08-4e95-8602-f8160caf223c",
      "representedRelationship": "tways7gfo2m7xds2od",
      "waypoints": [],
      "visualSource": "hge1k",
      "visualTarget": "mswj2",
      "type": [
        "visual-relationship"
      ],
      "identifier": "yoe1a"
    },
    {
      "model": "e5ed78a2-1b08-4e95-8602-f8160caf223c",
      "representedRelationship": "svar8c8y6mom7xds8x4",
      "waypoints": [],
      "visualSource": "hge1k",
      "visualTarget": "mswj2",
      "type": [
        "visual-relationship"
      ],
      "identifier": "doxjok"
    },
    {
      "model": "e5ed78a2-1b08-4e95-8602-f8160caf223c",
      "representedRelationship": "22sss622cnmm7xdsejh",
      "waypoints": [],
      "visualSource": "hge1k",
      "visualTarget": "mswj2",
      "type": [
        "visual-relationship"
      ],
      "identifier": "95ztj"
    },
    {
      "model": "e5ed78a2-1b08-4e95-8602-f8160caf223c",
      "representedRelationship": "cccbj879bem7xdsnn7",
      "waypoints": [],
      "visualSource": "hge1k",
      "visualTarget": "mswj2",
      "type": [
        "visual-relationship"
      ],
      "identifier": "u05xy"
    },
    {
      "model": "e5ed78a2-1b08-4e95-8602-f8160caf223c",
      "representedRelationship": "g5wd8wc7b4nm7xdt9sn",
      "waypoints": [],
      "visualSource": "808zi",
      "visualTarget": "dyemx",
      "type": [
        "visual-relationship"
      ],
      "identifier": "8nh3n"
    },
    {
      "model": "e5ed78a2-1b08-4e95-8602-f8160caf223c",
      "representedRelationship": "y9sjfldnhrm7xdtfwa",
      "waypoints": [],
      "visualSource": "808zi",
      "visualTarget": "pxhlx",
      "type": [
        "visual-relationship"
      ],
      "identifier": "p625r"
    },
    {
      "model": "e5ed78a2-1b08-4e95-8602-f8160caf223c",
      "representedRelationship": "fu6evxdjesim7xdtknb",
      "waypoints": [],
      "visualSource": "808zi",
      "visualTarget": "19d4w",
      "type": [
        "visual-relationship"
      ],
      "identifier": "ha7y2"
    },
    {
      "model": "e5ed78a2-1b08-4e95-8602-f8160caf223c",
      "representedRelationship": "p7ppncf3zudm7xdtu79",
      "waypoints": [],
      "visualSource": "808zi",
      "visualTarget": "19d4w",
      "type": [
        "visual-relationship"
      ],
      "identifier": "fngqc"
    },
    {
      "model": "e5ed78a2-1b08-4e95-8602-f8160caf223c",
      "representedRelationship": "tmm7gjapuhkm7xdtyw8",
      "waypoints": [],
      "visualSource": "808zi",
      "visualTarget": "19d4w",
      "type": [
        "visual-relationship"
      ],
      "identifier": "252xm"
    },
    {
      "model": "e5ed78a2-1b08-4e95-8602-f8160caf223c",
      "representedRelationship": "iph9x4wy2gm7xdu45j",
      "waypoints": [],
      "visualSource": "808zi",
      "visualTarget": "dyemx",
      "type": [
        "visual-relationship"
      ],
      "identifier": "vp5aw"
    },
    {
      "model": "e5ed78a2-1b08-4e95-8602-f8160caf223c",
      "representedRelationship": "jog0s12jtkm7xdud9y",
      "waypoints": [],
      "visualSource": "808zi",
      "visualTarget": "xfkzy",
      "type": [
        "visual-relationship"
      ],
      "identifier": "43w7y"
    },
    {
      "model": "e5ed78a2-1b08-4e95-8602-f8160caf223c",
      "representedRelationship": "tjia4f1n2tom7xdv48x",
      "waypoints": [],
      "visualSource": "9vu4s",
      "visualTarget": "04vw3i",
      "type": [
        "visual-relationship"
      ],
      "identifier": "molb6"
    },
    {
      "model": "e5ed78a2-1b08-4e95-8602-f8160caf223c",
      "representedRelationship": "qz46qp7tuncm7xdvetj",
      "waypoints": [],
      "visualSource": "808zi",
      "visualTarget": "dyemx",
      "type": [
        "visual-relationship"
      ],
      "identifier": "mjcsx"
    },
    {
      "model": "e5ed78a2-1b08-4e95-8602-f8160caf223c",
      "representedRelationship": "moeqz9l0qpqm7xdvkl0",
      "waypoints": [],
      "visualSource": "808zi",
      "visualTarget": "evxnj",
      "type": [
        "visual-relationship"
      ],
      "identifier": "3hfitf"
    },
    {
      "model": "e5ed78a2-1b08-4e95-8602-f8160caf223c",
      "representedRelationship": "qxlnqxd3yf9m7xdvpao",
      "waypoints": [],
      "visualSource": "808zi",
      "visualTarget": "hge1k",
      "type": [
        "visual-relationship"
      ],
      "identifier": "s3fw7k"
    },
    {
      "model": "e5ed78a2-1b08-4e95-8602-f8160caf223c",
      "representedRelationship": "4bd9615pbt5m7xdw73v",
      "waypoints": [],
      "visualSource": "xfkzy",
      "visualTarget": "evxnj",
      "type": [
        "visual-relationship"
      ],
      "identifier": "hpnh1"
    },
    {
      "model": "e5ed78a2-1b08-4e95-8602-f8160caf223c",
      "representedRelationship": "nl5im307nam7xdwbr7",
      "waypoints": [],
      "visualSource": "xfkzy",
      "visualTarget": "dyemx",
      "type": [
        "visual-relationship"
      ],
      "identifier": "4sxdu"
    },
    {
      "model": "e5ed78a2-1b08-4e95-8602-f8160caf223c",
      "representedRelationship": "0lkod53lt9km7xdwgoh",
      "waypoints": [],
      "visualSource": "xfkzy",
      "visualTarget": "dyemx",
      "type": [
        "visual-relationship"
      ],
      "identifier": "qij5og"
    },
    {
      "model": "e5ed78a2-1b08-4e95-8602-f8160caf223c",
      "representedRelationship": "4l7iccl2wam7xdwndp",
      "waypoints": [],
      "visualSource": "xfkzy",
      "visualTarget": "lf24bl",
      "type": [
        "visual-relationship"
      ],
      "identifier": "nqipx"
    },
    {
      "model": "e5ed78a2-1b08-4e95-8602-f8160caf223c",
      "representedRelationship": "1kli1hfzvcim7xdx29e",
      "waypoints": [],
      "visualSource": "xfkzy",
      "visualTarget": "98s47",
      "type": [
        "visual-relationship"
      ],
      "identifier": "spqas"
    },
    {
      "model": "e5ed78a2-1b08-4e95-8602-f8160caf223c",
      "representedRelationship": "tbh88f5hu3m7xdxkup",
      "waypoints": [],
      "visualSource": "uvoxah",
      "visualTarget": "5odki",
      "type": [
        "visual-relationship"
      ],
      "identifier": "0sac5h"
    },
    {
      "model": "e5ed78a2-1b08-4e95-8602-f8160caf223c",
      "representedRelationship": "k09epdgsawrm7xdxr4r",
      "waypoints": [],
      "visualSource": "uvoxah",
      "visualTarget": "9vu4s",
      "type": [
        "visual-relationship"
      ],
      "identifier": "dx4jb"
    },
    {
      "model": "e5ed78a2-1b08-4e95-8602-f8160caf223c",
      "representedRelationship": "dljka6pvjntm7xdxwxb",
      "waypoints": [],
      "visualSource": "uvoxah",
      "visualTarget": "98s47",
      "type": [
        "visual-relationship"
      ],
      "identifier": "mnq4"
    },
    {
      "model": "e5ed78a2-1b08-4e95-8602-f8160caf223c",
      "representedRelationship": "kz3jpri852hm7xdy3id",
      "waypoints": [],
      "visualSource": "uvoxah",
      "visualTarget": "w0yfj",
      "type": [
        "visual-relationship"
      ],
      "identifier": "q24hq"
    },
    {
      "model": "e5ed78a2-1b08-4e95-8602-f8160caf223c",
      "representedRelationship": "uw4phv10muam7xe21gk",
      "waypoints": [],
      "visualSource": "w0yfj",
      "visualTarget": "k59p",
      "type": [
        "visual-relationship"
      ],
      "identifier": "cnmfs"
    },
    {
      "model": "e5ed78a2-1b08-4e95-8602-f8160caf223c",
      "representedRelationship": "0lb2zoohzimm7xe27kb",
      "waypoints": [],
      "visualSource": "w0yfj",
      "visualTarget": "5odki",
      "type": [
        "visual-relationship"
      ],
      "identifier": "rtzht"
    },
    {
      "model": "e5ed78a2-1b08-4e95-8602-f8160caf223c",
      "representedRelationship": "7co6dd363q3m7xe2ez0",
      "waypoints": [],
      "visualSource": "w0yfj",
      "visualTarget": "lgbay",
      "type": [
        "visual-relationship"
      ],
      "identifier": "rrzlck"
    },
    {
      "model": "e5ed78a2-1b08-4e95-8602-f8160caf223c",
      "representedRelationship": "fuqpunkj6jjm7xe2mrl",
      "waypoints": [],
      "visualSource": "w0yfj",
      "visualTarget": "0dkqe",
      "type": [
        "visual-relationship"
      ],
      "identifier": "r1q1z"
    },
    {
      "model": "e5ed78a2-1b08-4e95-8602-f8160caf223c",
      "representedRelationship": "rpgcq6y88srm7xe2s72",
      "waypoints": [],
      "visualSource": "w0yfj",
      "visualTarget": "wf3i1",
      "type": [
        "visual-relationship"
      ],
      "identifier": "h7fm6h"
    },
    {
      "model": "e5ed78a2-1b08-4e95-8602-f8160caf223c",
      "representedRelationship": "d88cq8t66vkm7xe35nn",
      "waypoints": [],
      "visualSource": "w0yfj",
      "visualTarget": "u5b3i",
      "type": [
        "visual-relationship"
      ],
      "identifier": "czdus"
    },
    {
      "model": "e5ed78a2-1b08-4e95-8602-f8160caf223c",
      "representedRelationship": "nrg8nr4b47gm7xe3ctd",
      "waypoints": [],
      "visualSource": "w0yfj",
      "visualTarget": "aa5hb",
      "type": [
        "visual-relationship"
      ],
      "identifier": "8fam7"
    },
    {
      "model": "e5ed78a2-1b08-4e95-8602-f8160caf223c",
      "representedRelationship": "uaanb7hdmmm7xe3j6o",
      "waypoints": [],
      "visualSource": "w0yfj",
      "visualTarget": "9vu4s",
      "type": [
        "visual-relationship"
      ],
      "identifier": "6w84n"
    },
    {
      "model": "e5ed78a2-1b08-4e95-8602-f8160caf223c",
      "representedRelationship": "veoj86rdnxm7xe3op2",
      "waypoints": [],
      "visualSource": "w0yfj",
      "visualTarget": "98s47",
      "type": [
        "visual-relationship"
      ],
      "identifier": "trhom"
    },
    {
      "model": "e5ed78a2-1b08-4e95-8602-f8160caf223c",
      "representedRelationship": "49ctob5alw8m7xe3trz",
      "waypoints": [],
      "visualSource": "w0yfj",
      "visualTarget": "lf24bl",
      "type": [
        "visual-relationship"
      ],
      "identifier": "p8zsp"
    },
    {
      "model": "e5ed78a2-1b08-4e95-8602-f8160caf223c",
      "representedRelationship": "qu14bgxoafim7xe3zpc",
      "waypoints": [],
      "visualSource": "w0yfj",
      "visualTarget": "xxb3n",
      "type": [
        "visual-relationship"
      ],
      "identifier": "0xry3"
    },
    {
      "model": "e5ed78a2-1b08-4e95-8602-f8160caf223c",
      "representedRelationship": "3pwrjufegvlm7xe44xe",
      "waypoints": [],
      "visualSource": "w0yfj",
      "visualTarget": "evxnj",
      "type": [
        "visual-relationship"
      ],
      "identifier": "iarmx"
    },
    {
      "model": "e5ed78a2-1b08-4e95-8602-f8160caf223c",
      "representedRelationship": "6lqwon1f80bm7xe4boy",
      "waypoints": [],
      "visualSource": "w0yfj",
      "visualTarget": "808zi",
      "type": [
        "visual-relationship"
      ],
      "identifier": "2vpl3"
    },
    {
      "model": "e5ed78a2-1b08-4e95-8602-f8160caf223c",
      "representedEntity": "d9r04ar8r58m7xecuvl",
      "position": {
        "x": 2930,
        "y": 1540
      },
      "content": [],
      "visualModels": [],
      "type": [
        "visual-node"
      ],
      "identifier": "l9pi6"
    },
    {
      "model": "e5ed78a2-1b08-4e95-8602-f8160caf223c",
      "representedEntity": "sto9ksncv8jm7xeczsj",
      "position": {
        "x": 2430,
        "y": 2010
      },
      "content": [],
      "visualModels": [],
      "type": [
        "visual-node"
      ],
      "identifier": "5h0xv"
    },
    {
      "model": "e5ed78a2-1b08-4e95-8602-f8160caf223c",
      "representedEntity": "br9bchepgmqm7xed2dj",
      "position": {
        "x": 2370,
        "y": 1470
      },
      "content": [],
      "visualModels": [],
      "type": [
        "visual-node"
      ],
      "identifier": "51ifu"
    },
    {
      "model": "e5ed78a2-1b08-4e95-8602-f8160caf223c",
      "representedEntity": "2y8vsaemeecm7xed4vf",
      "position": {
        "x": 2440,
        "y": 2360
      },
      "content": [],
      "visualModels": [],
      "type": [
        "visual-node"
      ],
      "identifier": "esxb2l"
    },
    {
      "model": "e5ed78a2-1b08-4e95-8602-f8160caf223c",
      "representedEntity": "te27euyub6hm7xed7ev",
      "position": {
        "x": 3150,
        "y": 2010
      },
      "content": [],
      "visualModels": [],
      "type": [
        "visual-node"
      ],
      "identifier": "n5u7c"
    },
    {
      "model": "e5ed78a2-1b08-4e95-8602-f8160caf223c",
      "representedRelationship": "d91gp9mzp5m7xedn1n",
      "waypoints": [],
      "visualSource": "w0yfj",
      "visualTarget": "l9pi6",
      "type": [
        "visual-relationship"
      ],
      "identifier": "1kq0a"
    },
    {
      "model": "e5ed78a2-1b08-4e95-8602-f8160caf223c",
      "representedEntity": "hykk71m5hkdm7xefe0a",
      "position": {
        "x": 2820,
        "y": 840
      },
      "content": [],
      "visualModels": [],
      "type": [
        "visual-node"
      ],
      "identifier": "e0z0b"
    },
    {
      "model": "e5ed78a2-1b08-4e95-8602-f8160caf223c",
      "representedRelationship": "phjz1zpm3fkm7xefoj8",
      "waypoints": [],
      "visualSource": "e0z0b",
      "visualTarget": "w0yfj",
      "type": [
        "visual-relationship"
      ],
      "identifier": "mi94ih"
    },
    {
      "model": "e5ed78a2-1b08-4e95-8602-f8160caf223c",
      "representedRelationship": "me3smiynutem7xejnrm",
      "waypoints": [],
      "visualSource": "5h0xv",
      "visualTarget": "51ifu",
      "type": [
        "visual-relationship"
      ],
      "identifier": "ecrvn"
    },
    {
      "model": "e5ed78a2-1b08-4e95-8602-f8160caf223c",
      "representedRelationship": "0bccwq1h24pom7xek7ct",
      "waypoints": [],
      "visualSource": "5h0xv",
      "visualTarget": "n5u7c",
      "type": [
        "visual-relationship"
      ],
      "identifier": "mdljpl"
    },
    {
      "model": "e5ed78a2-1b08-4e95-8602-f8160caf223c",
      "representedRelationship": "3ku6ag5qtm7xekgna",
      "waypoints": [],
      "visualSource": "5h0xv",
      "visualTarget": "esxb2l",
      "type": [
        "visual-relationship"
      ],
      "identifier": "arscel"
    },
    {
      "model": "e5ed78a2-1b08-4e95-8602-f8160caf223c",
      "representedRelationship": "m3oftz2tbwm7xel3kn",
      "waypoints": [],
      "visualSource": "5h0xv",
      "visualTarget": "l9pi6",
      "type": [
        "visual-relationship"
      ],
      "identifier": "wpnk9j"
    },
    {
      "model": "e5ed78a2-1b08-4e95-8602-f8160caf223c",
      "representedRelationship": "tw8t5cbun6em7xeljuw",
      "waypoints": [],
      "visualSource": "808zi",
      "visualTarget": "5h0xv",
      "type": [
        "visual-relationship"
      ],
      "identifier": "d88co"
    },
    {
      "model": "e5ed78a2-1b08-4e95-8602-f8160caf223c",
      "representedRelationship": "kgmvqybqxzm7xemnkg",
      "waypoints": [],
      "visualSource": "808zi",
      "visualTarget": "n5u7c",
      "type": [
        "visual-relationship"
      ],
      "identifier": "1mki6"
    },
    {
      "model": "e5ed78a2-1b08-4e95-8602-f8160caf223c",
      "representedRelationship": "j4oqnbars4rm7xemypq",
      "waypoints": [],
      "visualSource": "808zi",
      "visualTarget": "51ifu",
      "type": [
        "visual-relationship"
      ],
      "identifier": "mpn0b"
    },
    {
      "model": "e5ed78a2-1b08-4e95-8602-f8160caf223c",
      "representedRelationship": "67z2yrsubx6m7xena7w",
      "waypoints": [],
      "visualSource": "808zi",
      "visualTarget": "esxb2l",
      "type": [
        "visual-relationship"
      ],
      "identifier": "mdlhif"
    },
    {
      "model": "e5ed78a2-1b08-4e95-8602-f8160caf223c",
      "representedEntity": "54zigbpv5dpm7yl98ce",
      "position": {
        "x": 1490,
        "y": 1630,
        "anchored": null
      },
      "content": [],
      "visualModels": [],
      "type": [
        "visual-node"
      ],
      "identifier": "04vw3i"
    },
    {
      "model": "e5ed78a2-1b08-4e95-8602-f8160caf223c",
      "representedEntity": "a9q572mr9e7m7yofh1w",
      "position": {
        "x": 610,
        "y": 590,
        "anchored": null
      },
      "content": [],
      "visualModels": [],
      "type": [
        "visual-node"
      ],
      "identifier": "98s47"
    },
    {
      "model": "e5ed78a2-1b08-4e95-8602-f8160caf223c",
      "representedEntity": "i16b2q5y6g9m87efzyf",
      "position": {
        "x": 600,
        "y": 410,
        "anchored": null
      },
      "content": [
        "fibv6k08v37m7xdv927"
      ],
      "visualModels": [],
      "type": [
        "visual-node"
      ],
      "identifier": "9vu4s"
    }
  ]
}