{
  "iri": "e5ed78a2-1b08-4e95-8602-f8160caf223c",
  "types": [
    "http://dataspecer.com/resources/local/semantic-model"
  ],
  "userMetadata": {
    "label": {
      "en": "DCAT-AP-CZ: Specifikace pro vyhlášku č. 360/2023 Sb., o dlouhodobém řízení informačních systémů veřejné správy"
    },
    "description": {
      "en": "Semantic model for the profile"
    }
  },
  "metadata": {
    "creationDate": "2025-06-10T07:47:12.886Z",
    "modificationDate": "2025-07-16T11:31:13.086Z"
  },
  "_version": 1,
  "_exportVersion": 1,
  "_exportedAt": "2025-07-17T09:46:20.654Z",
  "_exportedBy": "http://localhost:3100"
}