{
  "identifier": "orkwql",
  "version": 1,
  "type": "http://dataspecer.com/resources/local/visual-model",
  "entities": [
    {
      "type": [
        "http://dataspecer.com/resources/local/visual-model"
      ],
      "representedModel": "e5ed78a2-1b08-4e95-8602-f8160caf223c",
      "color": "#70d6ff",
      "identifier": "bz847"
    },
    {
      "type": [
        "http://dataspecer.com/resources/local/visual-model"
      ],
      "representedModel": "rlmju",
      "color": "#ff70a6",
      "identifier": "18vya"
    },
    {
      "identifier": "orkwql-model-metadata-entity",
      "type": [
        "entity-model-type"
      ],
      "label": {
        "en": "Profiling hierarchy"
      }
    },
    {
      "model": "rlmju",
      "representedEntity": "https://slovník.gov.cz/veřejný-sektor/pojem/datová-sada",
      "position": {
        "x": 1420,
        "y": 860
      },
      "content": [],
      "visualModels": [],
      "type": [
        "visual-node"
      ],
      "identifier": "c3stz"
    },
    {
      "type": [
        "http://dataspecer.com/resources/local/visual-model"
      ],
      "representedModel": "db2ad74f-ec45-4d46-84f8-24d36fbb4200/53db192a-556d-451e-b58e-40c037b805f9/bd2e5fe0-6a93-41a3-8c87-6cb5214cfa5c/46fbfcb2-0099-47be-9abe-82db1a8f1b57",
      "color": "#ffb770",
      "identifier": "b19b1"
    },
    {
      "model": "db2ad74f-ec45-4d46-84f8-24d36fbb4200/53db192a-556d-451e-b58e-40c037b805f9/bd2e5fe0-6a93-41a3-8c87-6cb5214cfa5c/46fbfcb2-0099-47be-9abe-82db1a8f1b57",
      "representedEntity": "http://www.w3.org/ns/dcat#Dataset",
      "position": {
        "x": 1530,
        "y": 520,
        "anchored": null
      },
      "content": [],
      "visualModels": [],
      "type": [
        "visual-node"
      ],
      "identifier": "vz70k"
    },
    {
      "model": "db2ad74f-ec45-4d46-84f8-24d36fbb4200/53db192a-556d-451e-b58e-40c037b805f9/d1bf47f9-a824-4d96-af4e-054e98c9694b/156e8fbe-5c20-480f-90dd-21144636bd8c/profile",
      "representedEntity": "https://mff-uk.github.io/specifications/dcat-dap/#Dataset",
      "position": {
        "x": 1390,
        "y": 670,
        "anchored": null
      },
      "content": [
        "https://mff-uk.github.io/specifications/dcat-dap/#Dataset.temporalResolution",
        "https://mff-uk.github.io/specifications/dcat-dap/#Dataset.spatialResolution"
      ],
      "visualModels": [],
      "type": [
        "visual-node"
      ],
      "identifier": "7jz6p"
    },
    {
      "entity": "https://mff-uk.github.io/specifications/dcat-dap/#Dataset",
      "model": "db2ad74f-ec45-4d46-84f8-24d36fbb4200/53db192a-556d-451e-b58e-40c037b805f9/d1bf47f9-a824-4d96-af4e-054e98c9694b/156e8fbe-5c20-480f-90dd-21144636bd8c/profile",
      "visualSource": "7jz6p",
      "visualTarget": "vz70k",
      "waypoints": [],
      "type": [
        "visual-profile-relationship"
      ],
      "identifier": "ivmx8"
    },
    {
      "model": "db2ad74f-ec45-4d46-84f8-24d36fbb4200/53db192a-556d-451e-b58e-40c037b805f9/d1bf47f9-a824-4d96-af4e-054e98c9694b/profile",
      "representedEntity": "https://mff-uk.github.io/specifications/dcat-ap/#Dataset",
      "position": {
        "x": 2000,
        "y": 510,
        "anchored": null
      },
      "content": [
        "https://mff-uk.github.io/specifications/dcat-ap/#Dataset.title",
        "https://mff-uk.github.io/specifications/dcat-ap/#Dataset.description",
        "https://mff-uk.github.io/specifications/dcat-ap/#Dataset.keyword",
        "https://mff-uk.github.io/specifications/dcat-ap/#Dataset.versionNotes",
        "https://mff-uk.github.io/specifications/dcat-ap/#Dataset.version",
        "https://mff-uk.github.io/specifications/dcat-ap/#Dataset.temporalResolution",
        "https://mff-uk.github.io/specifications/dcat-ap/#Dataset.spatialResolution",
        "https://mff-uk.github.io/specifications/dcat-ap/#Dataset.releaseDate",
        "https://mff-uk.github.io/specifications/dcat-ap/#Dataset.modificationDate",
        "https://mff-uk.github.io/specifications/dcat-ap/#Dataset.identifier"
      ],
      "visualModels": [],
      "type": [
        "visual-node"
      ],
      "identifier": "7jskp"
    },
    {
      "entity": "https://mff-uk.github.io/specifications/dcat-ap/#Dataset",
      "model": "db2ad74f-ec45-4d46-84f8-24d36fbb4200/53db192a-556d-451e-b58e-40c037b805f9/d1bf47f9-a824-4d96-af4e-054e98c9694b/profile",
      "visualSource": "7jskp",
      "visualTarget": "7jz6p",
      "waypoints": [],
      "type": [
        "visual-profile-relationship"
      ],
      "identifier": "1gdro"
    },
    {
      "model": "db2ad74f-ec45-4d46-84f8-24d36fbb4200/53db192a-556d-451e-b58e-40c037b805f9/profile",
      "representedEntity": "https://ofn.gov.cz/dcat-ap-cz#DatováSada",
      "position": {
        "x": 2000,
        "y": 990,
        "anchored": null
      },
      "content": [
        "https://ofn.gov.cz/dcat-ap-cz#DatováSada.časovéRozlišení",
        "https://ofn.gov.cz/dcat-ap-cz#DatováSada.prostorovéRozlišeníVMetrech",
        "https://ofn.gov.cz/dcat-ap-cz#DatováSada.klíčovéSlovo",
        "https://ofn.gov.cz/dcat-ap-cz#DatováSada.popis",
        "https://ofn.gov.cz/dcat-ap-cz#DatováSada.název"
      ],
      "visualModels": [],
      "type": [
        "visual-node"
      ],
      "identifier": "et1tx"
    },
    {
      "entity": "https://ofn.gov.cz/dcat-ap-cz#DatováSada",
      "model": "db2ad74f-ec45-4d46-84f8-24d36fbb4200/53db192a-556d-451e-b58e-40c037b805f9/profile",
      "visualSource": "et1tx",
      "visualTarget": "7jskp",
      "waypoints": [],
      "type": [
        "visual-profile-relationship"
      ],
      "identifier": "d56ifh"
    },
    {
      "model": "e5ed78a2-1b08-4e95-8602-f8160caf223c",
      "representedEntity": "y1zfn4ysx6fm7xdp67s",
      "position": {
        "x": 1420,
        "y": 1000,
        "anchored": null
      },
      "content": [
        "jja52o2dm3m7xe1iky",
        "kam9hp4v0em7xe0zdp",
        "aruiwuwt1x9m7xe0s93"
      ],
      "visualModels": [],
      "type": [
        "visual-node"
      ],
      "identifier": "ht4p"
    },
    {
      "entity": "y1zfn4ysx6fm7xdp67s",
      "model": "e5ed78a2-1b08-4e95-8602-f8160caf223c",
      "visualSource": "ht4p",
      "visualTarget": "c3stz",
      "waypoints": [],
      "type": [
        "visual-profile-relationship"
      ],
      "identifier": "2hdzv"
    },
    {
      "entity": "y1zfn4ysx6fm7xdp67s",
      "model": "e5ed78a2-1b08-4e95-8602-f8160caf223c",
      "visualSource": "ht4p",
      "visualTarget": "et1tx",
      "waypoints": [],
      "type": [
        "visual-profile-relationship"
      ],
      "identifier": "enuu7"
    },
    {
      "type": [
        "http://dataspecer.com/resources/local/visual-model"
      ],
      "representedModel": "db2ad74f-ec45-4d46-84f8-24d36fbb4200/53db192a-556d-451e-b58e-40c037b805f9/d1bf47f9-a824-4d96-af4e-054e98c9694b/156e8fbe-5c20-480f-90dd-21144636bd8c/profile",
      "color": "#fc440f",
      "identifier": "5d745"
    },
    {
      "type": [
        "http://dataspecer.com/resources/local/visual-model"
      ],
      "representedModel": "db2ad74f-ec45-4d46-84f8-24d36fbb4200/53db192a-556d-451e-b58e-40c037b805f9/d1bf47f9-a824-4d96-af4e-054e98c9694b/profile",
      "color": "#4dc9ab",
      "identifier": "kla83"
    },
    {
      "type": [
        "http://dataspecer.com/resources/local/visual-model"
      ],
      "representedModel": "db2ad74f-ec45-4d46-84f8-24d36fbb4200/53db192a-556d-451e-b58e-40c037b805f9/profile",
      "color": "#8fab5c",
      "identifier": "1si0ji"
    },
    {
      "type": [
        "http://dataspecer.com/resources/local/visual-model"
      ],
      "representedModel": "db2ad74f-ec45-4d46-84f8-24d36fbb4200/53db192a-556d-451e-b58e-40c037b805f9/d1bf47f9-a824-4d96-af4e-054e98c9694b/156e8fbe-5c20-480f-90dd-21144636bd8c/3f4c2cff-473d-4015-9d3c-91f1b7cad985",
      "color": "#92bcea",
      "identifier": "07bvs"
    },
    {
      "type": [
        "http://dataspecer.com/resources/local/visual-model"
      ],
      "representedModel": "db2ad74f-ec45-4d46-84f8-24d36fbb4200/53db192a-556d-451e-b58e-40c037b805f9/d1bf47f9-a824-4d96-af4e-054e98c9694b/156e8fbe-5c20-480f-90dd-21144636bd8c/5649f5c9-0618-4046-b2ae-316672649341",
      "color": "#92bcea",
      "identifier": "0yd1h"
    },
    {
      "type": [
        "http://dataspecer.com/resources/local/visual-model"
      ],
      "representedModel": "db2ad74f-ec45-4d46-84f8-24d36fbb4200/53db192a-556d-451e-b58e-40c037b805f9/d1bf47f9-a824-4d96-af4e-054e98c9694b/156e8fbe-5c20-480f-90dd-21144636bd8c/3246bcbe-9313-43fc-9b2e-344734dd6353",
      "color": "#92bcea",
      "identifier": "sqfbh"
    },
    {
      "type": [
        "http://dataspecer.com/resources/local/visual-model"
      ],
      "representedModel": "db2ad74f-ec45-4d46-84f8-24d36fbb4200/53db192a-556d-451e-b58e-40c037b805f9/d1bf47f9-a824-4d96-af4e-054e98c9694b/156e8fbe-5c20-480f-90dd-21144636bd8c/78af151f-2de7-4be6-a455-7784293e88da",
      "color": "#92bcea",
      "identifier": "ds2fg"
    },
    {
      "type": [
        "http://dataspecer.com/resources/local/visual-model"
      ],
      "representedModel": "db2ad74f-ec45-4d46-84f8-24d36fbb4200/53db192a-556d-451e-b58e-40c037b805f9/d1bf47f9-a824-4d96-af4e-054e98c9694b/331c6295-3c11-4b4a-b545-d402ce121567",
      "color": "#92bcea",
      "identifier": "6zhz1"
    },
    {
      "type": [
        "http://dataspecer.com/resources/local/visual-model"
      ],
      "representedModel": "db2ad74f-ec45-4d46-84f8-24d36fbb4200/53db192a-556d-451e-b58e-40c037b805f9/d1bf47f9-a824-4d96-af4e-054e98c9694b/156e8fbe-5c20-480f-90dd-21144636bd8c/2e16fe7e-f39c-4f0c-b934-4cda4ca4b8e8",
      "color": "#92bcea",
      "identifier": "idjn4"
    },
    {
      "type": [
        "http://dataspecer.com/resources/local/visual-model"
      ],
      "representedModel": "db2ad74f-ec45-4d46-84f8-24d36fbb4200/53db192a-556d-451e-b58e-40c037b805f9/d1bf47f9-a824-4d96-af4e-054e98c9694b/156e8fbe-5c20-480f-90dd-21144636bd8c/11a156e0-7935-4b60-bf59-de412d0304af",
      "color": "#92bcea",
      "identifier": "n8h1t"
    },
    {
      "type": [
        "http://dataspecer.com/resources/local/visual-model"
      ],
      "representedModel": "db2ad74f-ec45-4d46-84f8-24d36fbb4200/53db192a-556d-451e-b58e-40c037b805f9/d1bf47f9-a824-4d96-af4e-054e98c9694b/156e8fbe-5c20-480f-90dd-21144636bd8c/9892bb4f-8120-4f8c-991b-a9cf6ccadbb3",
      "color": "#92bcea",
      "identifier": "ekqqq"
    },
    {
      "type": [
        "http://dataspecer.com/resources/local/visual-model"
      ],
      "representedModel": "db2ad74f-ec45-4d46-84f8-24d36fbb4200/53db192a-556d-451e-b58e-40c037b805f9/d1bf47f9-a824-4d96-af4e-054e98c9694b/156e8fbe-5c20-480f-90dd-21144636bd8c/99f49dea-244b-4e1c-87d6-05a0ae7213ef",
      "color": "#92bcea",
      "identifier": "7eq0o"
    },
    {
      "type": [
        "http://dataspecer.com/resources/local/visual-model"
      ],
      "representedModel": "db2ad74f-ec45-4d46-84f8-24d36fbb4200/53db192a-556d-451e-b58e-40c037b805f9/d1bf47f9-a824-4d96-af4e-054e98c9694b/156e8fbe-5c20-480f-90dd-21144636bd8c/a2674fb0-54c0-44b2-9006-48713523d3de",
      "color": "#92bcea",
      "identifier": "ap3zz"
    },
    {
      "type": [
        "http://dataspecer.com/resources/local/visual-model"
      ],
      "representedModel": "db2ad74f-ec45-4d46-84f8-24d36fbb4200/53db192a-556d-451e-b58e-40c037b805f9/d1bf47f9-a824-4d96-af4e-054e98c9694b/156e8fbe-5c20-480f-90dd-21144636bd8c/7240f719-8547-45ee-9ca7-04f9bc427679",
      "color": "#92bcea",
      "identifier": "ak18g"
    },
    {
      "type": [
        "http://dataspecer.com/resources/local/visual-model"
      ],
      "representedModel": "db2ad74f-ec45-4d46-84f8-24d36fbb4200/53db192a-556d-451e-b58e-40c037b805f9/d1bf47f9-a824-4d96-af4e-054e98c9694b/97996a6e-428c-4af1-821a-228f7d1f41dc",
      "color": "#92bcea",
      "identifier": "uv66f"
    },
    {
      "type": [
        "http://dataspecer.com/resources/local/visual-model"
      ],
      "representedModel": "db2ad74f-ec45-4d46-84f8-24d36fbb4200/53db192a-556d-451e-b58e-40c037b805f9/d1bf47f9-a824-4d96-af4e-054e98c9694b/156e8fbe-5c20-480f-90dd-21144636bd8c/1a6bf34f-ccd9-48f7-b1a8-0306b8c4a309",
      "color": "#92bcea",
      "identifier": "l4iwm"
    },
    {
      "type": [
        "http://dataspecer.com/resources/local/visual-model"
      ],
      "representedModel": "db2ad74f-ec45-4d46-84f8-24d36fbb4200/53db192a-556d-451e-b58e-40c037b805f9/bd2e5fe0-6a93-41a3-8c87-6cb5214cfa5c/56321caf-4e48-429d-844d-42d97130ff7e",
      "color": "#92bcea",
      "identifier": "sbr3k"
    },
    {
      "type": [
        "http://dataspecer.com/resources/local/visual-model"
      ],
      "representedModel": "db2ad74f-ec45-4d46-84f8-24d36fbb4200/53db192a-556d-451e-b58e-40c037b805f9/d1bf47f9-a824-4d96-af4e-054e98c9694b/156e8fbe-5c20-480f-90dd-21144636bd8c/a662b172-05b4-48a5-a863-38ccd8339afc",
      "color": "#92bcea",
      "identifier": "bko55"
    },
    {
      "type": [
        "http://dataspecer.com/resources/local/visual-model"
      ],
      "representedModel": "db2ad74f-ec45-4d46-84f8-24d36fbb4200/53db192a-556d-451e-b58e-40c037b805f9/d1bf47f9-a824-4d96-af4e-054e98c9694b/156e8fbe-5c20-480f-90dd-21144636bd8c/63a643c6-b378-4a57-bd80-5985276d3cf7",
      "color": "#92bcea",
      "identifier": "8bq8u"
    }
  ]
}