{
  "identifier": "vvcml",
  "version": 1,
  "type": "http://dataspecer.com/resources/local/visual-model",
  "entities": [
    {
      "type": [
        "http://dataspecer.com/resources/local/visual-model"
      ],
      "representedModel": "e5ed78a2-1b08-4e95-8602-f8160caf223c",
      "color": "#70d6ff",
      "identifier": "v4g1v"
    },
    {
      "type": [
        "http://dataspecer.com/resources/local/visual-model"
      ],
      "representedModel": "rlmju",
      "color": "#92bcea",
      "identifier": "gxca2"
    },
    {
      "identifier": "vvcml-model-metadata-entity",
      "type": [
        "entity-model-type"
      ],
      "label": {
        "en": "🟡 Stenchlak"
      }
    },
    {
      "model": "e5ed78a2-1b08-4e95-8602-f8160caf223c",
      "representedEntity": "oeme8qe07amckdo9d5",
      "position": {
        "x": 970,
        "y": 820,
        "anchored": null
      },
      "content": [],
      "visualModels": [],
      "type": [
        "visual-node"
      ],
      "identifier": "srt5i"
    },
    {
      "model": "e5ed78a2-1b08-4e95-8602-f8160caf223c",
      "representedEntity": "djstwrb2xmdm7xdpjib",
      "position": {
        "x": 1000,
        "y": 650,
        "anchored": null
      },
      "content": [],
      "visualModels": [],
      "type": [
        "visual-node"
      ],
      "identifier": "cw035"
    },
    {
      "model": "e5ed78a2-1b08-4e95-8602-f8160caf223c",
      "representedRelationship": "xcvbf4lzrdmmckdoumt",
      "waypoints": [],
      "visualSource": "srt5i",
      "visualTarget": "cw035",
      "type": [
        "visual-relationship"
      ],
      "identifier": "8o5fn"
    },
    {
      "model": "db2ad74f-ec45-4d46-84f8-24d36fbb4200/057a08c3-715f-4078-a579-b648781f1029/profile",
      "representedEntity": "https://ofn.gov.cz/dcat-ap-cz#DistribuceSoubor",
      "position": {
        "x": 1360,
        "y": 650,
        "anchored": null
      },
      "content": [],
      "visualModels": [],
      "type": [
        "visual-node"
      ],
      "identifier": "9lyr"
    },
    {
      "entity": "oeme8qe07amckdo9d5",
      "model": "e5ed78a2-1b08-4e95-8602-f8160caf223c",
      "visualSource": "srt5i",
      "visualTarget": "9lyr",
      "waypoints": [
        {
          "x": 1282.5,
          "y": 808,
          "anchored": null
        },
        {
          "x": 1481.6666666666665,
          "y": 808,
          "anchored": null
        }
      ],
      "type": [
        "visual-profile-relationship"
      ],
      "identifier": "p03uf"
    },
    {
      "model": "rlmju",
      "representedEntity": "https://slovník.gov.cz/legislativní/sbírka/360/2023/pojem/datové-rozhraní",
      "position": {
        "x": 10,
        "y": 510,
        "anchored": null
      },
      "content": [],
      "visualModels": [],
      "type": [
        "visual-node"
      ],
      "identifier": "lhj7w"
    },
    {
      "entity": "oeme8qe07amckdo9d5",
      "model": "e5ed78a2-1b08-4e95-8602-f8160caf223c",
      "visualSource": "srt5i",
      "visualTarget": "lhj7w",
      "waypoints": [
        {
          "x": 1077.5,
          "y": 798,
          "anchored": null
        },
        {
          "x": 276.5,
          "y": 798,
          "anchored": null
        }
      ],
      "type": [
        "visual-profile-relationship"
      ],
      "identifier": "adl45"
    },
    {
      "entity": "djstwrb2xmdm7xdpjib",
      "model": "e5ed78a2-1b08-4e95-8602-f8160caf223c",
      "visualSource": "cw035",
      "visualTarget": "lhj7w",
      "waypoints": [
        {
          "x": 1090.3333333333333,
          "y": 642,
          "anchored": null
        },
        {
          "x": 408.75,
          "y": 642,
          "anchored": null
        }
      ],
      "type": [
        "visual-profile-relationship"
      ],
      "identifier": "wpcle"
    },
    {
      "model": "db2ad74f-ec45-4d46-84f8-24d36fbb4200/057a08c3-715f-4078-a579-b648781f1029/profile",
      "representedEntity": "https://ofn.gov.cz/dcat-ap-cz#Distribuce",
      "position": {
        "x": 1060,
        "y": 490,
        "anchored": null
      },
      "content": [],
      "visualModels": [],
      "type": [
        "visual-node"
      ],
      "identifier": "ez4l7g"
    },
    {
      "entity": "djstwrb2xmdm7xdpjib",
      "model": "e5ed78a2-1b08-4e95-8602-f8160caf223c",
      "visualSource": "cw035",
      "visualTarget": "ez4l7g",
      "waypoints": [],
      "type": [
        "visual-profile-relationship"
      ],
      "identifier": "1ey9nk"
    },
    {
      "model": "db2ad74f-ec45-4d46-84f8-24d36fbb4200/057a08c3-715f-4078-a579-b648781f1029/profile",
      "representedRelationship": "https://dataspecer.com/semantic-models/generalization?fromIri=https://ofn.gov.cz/dcat-ap-cz#DistribuceSoubor&toIri=https://ofn.gov.cz/dcat-ap-cz#Distribuce",
      "waypoints": [
        {
          "x": 1444.3333333333333,
          "y": 642,
          "anchored": null
        },
        {
          "x": 1236,
          "y": 642,
          "anchored": null
        }
      ],
      "visualSource": "9lyr",
      "visualTarget": "ez4l7g",
      "type": [
        "visual-relationship"
      ],
      "identifier": "zwjaz"
    },
    {
      "model": "db2ad74f-ec45-4d46-84f8-24d36fbb4200/057a08c3-715f-4078-a579-b648781f1029/cfcd218f-d394-4a1c-86c3-38810ae644f1/profile",
      "representedEntity": "https://mff-uk.github.io/specifications/dcat-ap#Distribution",
      "position": {
        "x": 530,
        "y": 320,
        "anchored": null
      },
      "content": [],
      "visualModels": [],
      "type": [
        "visual-node"
      ],
      "identifier": "etvzv"
    },
    {
      "entity": "https://ofn.gov.cz/dcat-ap-cz#DistribuceSoubor",
      "model": "db2ad74f-ec45-4d46-84f8-24d36fbb4200/057a08c3-715f-4078-a579-b648781f1029/profile",
      "visualSource": "9lyr",
      "visualTarget": "etvzv",
      "waypoints": [
        {
          "x": 1518.9999999999998,
          "y": 466,
          "anchored": null
        },
        {
          "x": 855.5,
          "y": 466,
          "anchored": null
        }
      ],
      "type": [
        "visual-profile-relationship"
      ],
      "identifier": "6evh1k"
    },
    {
      "entity": "https://ofn.gov.cz/dcat-ap-cz#Distribuce",
      "model": "db2ad74f-ec45-4d46-84f8-24d36fbb4200/057a08c3-715f-4078-a579-b648781f1029/profile",
      "visualSource": "ez4l7g",
      "visualTarget": "etvzv",
      "waypoints": [
        {
          "x": 1180,
          "y": 476,
          "anchored": null
        },
        {
          "x": 748.25,
          "y": 476,
          "anchored": null
        }
      ],
      "type": [
        "visual-profile-relationship"
      ],
      "identifier": "riqm6"
    },
    {
      "model": "db2ad74f-ec45-4d46-84f8-24d36fbb4200/057a08c3-715f-4078-a579-b648781f1029/cfcd218f-d394-4a1c-86c3-38810ae644f1/a529ec97-4a23-473d-b9db-a281d90fa51c/profile",
      "representedEntity": "https://mff-uk.github.io/specifications/dcat-dap#Distribution",
      "position": {
        "x": 520,
        "y": 150,
        "anchored": null
      },
      "content": [],
      "visualModels": [],
      "type": [
        "visual-node"
      ],
      "identifier": "8rxyl"
    },
    {
      "entity": "https://mff-uk.github.io/specifications/dcat-ap#Distribution",
      "model": "db2ad74f-ec45-4d46-84f8-24d36fbb4200/057a08c3-715f-4078-a579-b648781f1029/cfcd218f-d394-4a1c-86c3-38810ae644f1/profile",
      "visualSource": "etvzv",
      "visualTarget": "8rxyl",
      "waypoints": [],
      "type": [
        "visual-profile-relationship"
      ],
      "identifier": "3sco4"
    },
    {
      "model": "db2ad74f-ec45-4d46-84f8-24d36fbb4200/057a08c3-715f-4078-a579-b648781f1029/642c5de9-ef40-4000-8553-ad2450711ec4/56ff3ef7-3543-4111-80d4-592cf864d5be",
      "representedEntity": "http://www.w3.org/ns/dcat#Distribution",
      "position": {
        "x": 630,
        "y": 10,
        "anchored": null
      },
      "content": [],
      "visualModels": [],
      "type": [
        "visual-node"
      ],
      "identifier": "hdatl"
    },
    {
      "entity": "https://mff-uk.github.io/specifications/dcat-dap#Distribution",
      "model": "db2ad74f-ec45-4d46-84f8-24d36fbb4200/057a08c3-715f-4078-a579-b648781f1029/cfcd218f-d394-4a1c-86c3-38810ae644f1/a529ec97-4a23-473d-b9db-a281d90fa51c/profile",
      "visualSource": "8rxyl",
      "visualTarget": "hdatl",
      "waypoints": [],
      "type": [
        "visual-profile-relationship"
      ],
      "identifier": "tzxg3k"
    },
    {
      "model": "e5ed78a2-1b08-4e95-8602-f8160caf223c",
      "representedEntity": "4fgtsj3dgsjmckdnwbc",
      "position": {
        "x": 490,
        "y": 820,
        "anchored": null
      },
      "content": [],
      "visualModels": [],
      "type": [
        "visual-node"
      ],
      "identifier": "jkpmp"
    },
    {
      "model": "e5ed78a2-1b08-4e95-8602-f8160caf223c",
      "representedRelationship": "s9bv0ld4xotmckdossl",
      "waypoints": [
        {
          "x": 779.25,
          "y": 788,
          "anchored": null
        },
        {
          "x": 1090.3333333333333,
          "y": 788,
          "anchored": null
        }
      ],
      "visualSource": "jkpmp",
      "visualTarget": "cw035",
      "type": [
        "visual-relationship"
      ],
      "identifier": "zr9ch"
    },
    {
      "entity": "4fgtsj3dgsjmckdnwbc",
      "model": "e5ed78a2-1b08-4e95-8602-f8160caf223c",
      "visualSource": "jkpmp",
      "visualTarget": "lhj7w",
      "waypoints": [
        {
          "x": 587.75,
          "y": 808,
          "anchored": null
        },
        {
          "x": 144.25,
          "y": 808,
          "anchored": null
        }
      ],
      "type": [
        "visual-profile-relationship"
      ],
      "identifier": "4zcz8"
    },
    {
      "model": "db2ad74f-ec45-4d46-84f8-24d36fbb4200/057a08c3-715f-4078-a579-b648781f1029/profile",
      "representedEntity": "https://ofn.gov.cz/dcat-ap-cz#DistribuceDatováSlužba",
      "position": {
        "x": 550,
        "y": 650,
        "anchored": null
      },
      "content": [],
      "visualModels": [],
      "type": [
        "visual-node"
      ],
      "identifier": "fply4"
    },
    {
      "entity": "4fgtsj3dgsjmckdnwbc",
      "model": "e5ed78a2-1b08-4e95-8602-f8160caf223c",
      "visualSource": "jkpmp",
      "visualTarget": "fply4",
      "waypoints": [],
      "type": [
        "visual-profile-relationship"
      ],
      "identifier": "lbes1l"
    },
    {
      "model": "db2ad74f-ec45-4d46-84f8-24d36fbb4200/057a08c3-715f-4078-a579-b648781f1029/profile",
      "representedRelationship": "https://dataspecer.com/semantic-models/generalization?fromIri=https://ofn.gov.cz/dcat-ap-cz#DistribuceDatováSlužba&toIri=https://ofn.gov.cz/dcat-ap-cz#Distribuce",
      "waypoints": [
        {
          "x": 726,
          "y": 632,
          "anchored": null
        },
        {
          "x": 1124,
          "y": 632,
          "anchored": null
        }
      ],
      "visualSource": "fply4",
      "visualTarget": "ez4l7g",
      "type": [
        "visual-relationship"
      ],
      "identifier": "e9nj4"
    },
    {
      "entity": "https://ofn.gov.cz/dcat-ap-cz#DistribuceDatováSlužba",
      "model": "db2ad74f-ec45-4d46-84f8-24d36fbb4200/057a08c3-715f-4078-a579-b648781f1029/profile",
      "visualSource": "fply4",
      "visualTarget": "etvzv",
      "waypoints": [],
      "type": [
        "visual-profile-relationship"
      ],
      "identifier": "zpkmx"
    }
  ]
}