{
  "iri": "31c15e62-6f46-4c53-ad4d-cf900421feb6/cdada10f-79fe-4f61-8973-e24c63724f13/eacad1b7-97cb-4461-b45d-5353c85816c0/1841cd69-3ee5-4957-b6cb-24117b2a0c79",
  "types": [
    "https://dataspecer.com/core/model-descriptor/pim-store-wrapper"
  ],
  "userMetadata": {
    "documentBaseUrl": "https://datagov-cz.github.io/cache-slovniku/time.ttl",
    "label": {
      "en": "time"
    }
  },
  "metadata": {
    "creationDate": "2025-05-14T05:26:34.116Z",
    "modificationDate": "2025-05-14T05:29:40.961Z"
  },
  "_version": 1,
  "_exportVersion": 1,
  "_exportedAt": "2025-05-14T05:29:54.211Z",
  "_exportedBy": "http://localhost:3100"
}