{
  "iri": "31c15e62-6f46-4c53-ad4d-cf900421feb6/cdada10f-79fe-4f61-8973-e24c63724f13/eacad1b7-97cb-4461-b45d-5353c85816c0/47e97e78-f65d-452f-bb39-9387c8b8eb98",
  "types": [
    "https://dataspecer.com/core/model-descriptor/pim-store-wrapper"
  ],
  "userMetadata": {
    "documentBaseUrl": "https://www.dublincore.org/specifications/dublin-core/dcmi-terms/dublin_core_terms.ttl",
    "label": {
      "en": "dublin_core_terms"
    }
  },
  "metadata": {
    "creationDate": "2025-05-14T05:26:33.520Z",
    "modificationDate": "2025-06-10T07:44:26.019Z"
  },
  "_version": 1,
  "_exportVersion": 1,
  "_exportedAt": "2025-06-10T07:44:59.679Z",
  "_exportedBy": "http://localhost:3100"
}