{
  "iri": "31c15e62-6f46-4c53-ad4d-cf900421feb6/cdada10f-79fe-4f61-8973-e24c63724f13/eacad1b7-97cb-4461-b45d-5353c85816c0/4eedfa8b-fed0-4d94-a3c1-ff1c89a290be",
  "types": [
    "https://dataspecer.com/core/model-descriptor/pim-store-wrapper"
  ],
  "userMetadata": {
    "documentBaseUrl": "https://www.w3.org/2006/vcard/ns",
    "label": {
      "en": "ns"
    }
  },
  "metadata": {
    "creationDate": "2025-05-14T05:26:37.234Z",
    "modificationDate": "2025-05-14T05:29:41.467Z"
  },
  "_version": 1,
  "_exportVersion": 1,
  "_exportedAt": "2025-05-14T05:29:54.223Z",
  "_exportedBy": "http://localhost:3100"
}