{
  "iri": "31c15e62-6f46-4c53-ad4d-cf900421feb6/cdada10f-79fe-4f61-8973-e24c63724f13/eacad1b7-97cb-4461-b45d-5353c85816c0/afb2527e-2c49-4059-bd47-30297d054829",
  "types": [
    "https://dataspecer.com/core/model-descriptor/pim-store-wrapper"
  ],
  "userMetadata": {
    "documentBaseUrl": "https://www.w3.org/ns/legacy_locn.ttl",
    "label": {
      "en": "legacy_locn"
    }
  },
  "metadata": {
    "creationDate": "2025-05-14T05:26:34.685Z",
    "modificationDate": "2025-06-10T07:44:26.323Z"
  },
  "_version": 1,
  "_exportVersion": 1,
  "_exportedAt": "2025-06-10T07:44:59.690Z",
  "_exportedBy": "http://localhost:3100"
}