{
  "iri": "31c15e62-6f46-4c53-ad4d-cf900421feb6/cdada10f-79fe-4f61-8973-e24c63724f13/eacad1b7-97cb-4461-b45d-5353c85816c0/cf3d7fef-8b39-46bb-9968-06b23dcd3a6f",
  "types": [
    "https://dataspecer.com/core/model-descriptor/pim-store-wrapper"
  ],
  "userMetadata": {
    "documentBaseUrl": "https://www.w3.org/ns/odrl/2/ODRL22.ttl",
    "label": {
      "en": "ODRL22"
    }
  },
  "metadata": {
    "creationDate": "2025-05-14T05:26:39.217Z",
    "modificationDate": "2025-05-14T05:29:41.634Z"
  },
  "_version": 1,
  "_exportVersion": 1,
  "_exportedAt": "2025-05-14T05:29:54.227Z",
  "_exportedBy": "http://localhost:3100"
}