{
  "iri": "db2ad74f-ec45-4d46-84f8-24d36fbb4200/64736231-109c-407c-806e-aecf269849ec",
  "types": [
    "http://dataspecer.com/resources/local/package"
  ],
  "userMetadata": {
    "label": {
      "en": "DCAT-AP-CZ: Basic data model for data catalogs",
      "cs": "DCAT-AP-CZ: Základní datový model pro katalogy dat"
    },
    "description": {},
    "importedFromUrl": "https://ofn.gov.cz/dcat-ap-cz/draft/",
    "documentBaseUrl": "https://ofn.gov.cz/dcat-ap-cz/draft/"
  },
  "metadata": {
    "creationDate": "2025-08-12T08:31:22.956Z",
    "modificationDate": "2025-08-15T06:57:34.989Z"
  },
  "_version": 1,
  "_exportVersion": 1,
  "_exportedAt": "2025-08-15T06:57:45.752Z",
  "_exportedBy": "http://localhost:3100"
}