{
  "iri": "db2ad74f-ec45-4d46-84f8-24d36fbb4200/64736231-109c-407c-806e-aecf269849ec/profile",
  "types": [
    "http://dataspecer.com/resources/local/semantic-model"
  ],
  "userMetadata": {
    "label": {
      "en": "DCAT-AP-CZ: Basic data model for data catalogs"
    },
    "documentBaseUrl": "https://ofn.gov.cz/dcat-ap-cz/draft/"
  },
  "metadata": {
    "creationDate": "2025-08-12T08:31:31.563Z",
    "modificationDate": "2025-08-15T06:57:33.301Z"
  },
  "_version": 1,
  "_exportVersion": 1,
  "_exportedAt": "2025-08-15T06:57:45.751Z",
  "_exportedBy": "http://localhost:3100"
}