{
  "iri": "31c15e62-6f46-4c53-ad4d-cf900421feb6/f22c681e-c9b7-4c52-ae1b-1245cad658a8",
  "types": [
    "http://dataspecer.com/resources/local/package"
  ],
  "userMetadata": {
    "label": {
      "cs": "DCAT-AP 3.0.1 na základě DCAT 3 DAP",
      "en": "DCAT-AP 3.0.1 based on DCAT 3 DAP"
    },
    "description": {},
    "importedFromUrl": "https://mff-uk.github.io/specifications/dcat-ap/",
    "documentBaseUrl": "https://mff-uk.github.io/specifications/dcat-ap/"
  },
  "metadata": {
    "creationDate": "2026-01-09T11:32:52.468Z",
    "modificationDate": "2026-01-09T11:34:30.931Z"
  },
  "_version": 1,
  "_exportVersion": 1,
  "_exportedAt": "2026-01-20T07:03:59.033Z",
  "_exportedBy": "http://localhost:3100"
}