{
  "iri": "e568105c-e7d2-4971-b9a4-ca2528e8def8/981b8f6a-341c-4351-9517-cfa2d00c768a/599fc805-ffda-43f4-8f86-150abc6bed95/94be924b-e8f9-41bd-be31-1d7b61f1cfe7",
  "types": [
    "https://dataspecer.com/core/model-descriptor/pim-store-wrapper"
  ],
  "userMetadata": {
    "documentBaseUrl": "https://www.dublincore.org/specifications/dublin-core/dcmi-terms/dublin_core_terms.ttl",
    "label": {
      "en": "dublin_core_terms"
    }
  },
  "metadata": {
    "creationDate": "2025-03-13T08:31:35.965Z",
    "modificationDate": "2025-03-13T09:13:20.866Z"
  },
  "_version": 1,
  "_exportVersion": 1,
  "_exportedAt": "2025-03-13T09:15:04.668Z",
  "_exportedBy": "http://localhost:3100"
}