{
  "iri": "e568105c-e7d2-4971-b9a4-ca2528e8def8/981b8f6a-341c-4351-9517-cfa2d00c768a/599fc805-ffda-43f4-8f86-150abc6bed95/vocabulary",
  "types": [
    "http://dataspecer.com/resources/local/semantic-model"
  ],
  "userMetadata": {
    "label": {
      "en": "DCAT-AP-CZ - terms of use"
    },
    "documentBaseUrl": "https://mff-uk.github.io/specifications/dcat-ap-cz-podmínky-užití/"
  },
  "metadata": {
    "creationDate": "2025-03-13T08:31:36.662Z",
    "modificationDate": "2025-03-13T09:13:21.002Z"
  },
  "_version": 1,
  "_exportVersion": 1,
  "_exportedAt": "2025-03-13T09:15:04.674Z",
  "_exportedBy": "http://localhost:3100"
}