{
  "iri": "db2ad74f-ec45-4d46-84f8-24d36fbb4200/4647bae8-bd76-48f9-b32d-dbbebdf10666/395b8090-0dbb-4a5f-8581-a9b3a81c3db3/bb9a50f5-efda-46f2-b26c-fe5a68570aa5",
  "types": [
    "https://dataspecer.com/core/model-descriptor/pim-store-wrapper"
  ],
  "userMetadata": {
    "documentBaseUrl": "https://op.europa.eu/documents/3938058/11669184/eli.owl/"
  },
  "metadata": {
    "creationDate": "2025-03-10T12:19:52.506Z",
    "modificationDate": "2025-03-14T08:46:06.038Z"
  },
  "_version": 1,
  "_exportVersion": 1,
  "_exportedAt": "2025-03-14T08:46:34.215Z",
  "_exportedBy": "http://localhost:3100"
}