{
  "configuration": {
    "https://schemas.dataspecer.com/documentation-generator-config/": {
      "partials": {
        "specification": "{{> definitions}}\n<!DOCTYPE html>\n<html lang=\"cs\">\n  <head>\n    {{> html-head}}\n  </head>\n  <body>\n    <p class=\"copyright\"></p>\n    <section id=\"abstract\">\n      <p>\n        {{#iflng \"cs\"}}Tento soubor dokumentuje{{lng}}This file documents{{/iflng}}\n        {{#translate label}}<strong>{{translation}}</strong>{{#if otherLang}} (@{{otherLang}}){{/if}}{{else}}<i>{{#iflng \"cs\"}}beze jména{{lng}}without assigned name{{/iflng}}</i>{{/translate}}.</p>\n    </section>\n\n    <section>\n      <h2>{{#iflng \"cs\"}}Přehled{{lng}}Overview{{/iflng}}</h2>\n\n      {{#each externalArtifacts.svg}}\n        <a href=\"{{{URL}}}\">\n          <figure>\n            <img src=\"{{{URL}}}\" alt=\"{{translate ./label}}\" />\n            <figcaption>{{translate ./label}}</figcaption>\n          </figure>\n        </a>\n      {{/each}}\n    </section>\n\n    {{#if classProfilesByTags.[https://w3id.org/dsv/class-role#main]}}\n      <section>\n        <h2>{{#iflng \"cs\"}}Hlavní profily tříd{{lng}}Main class profiles{{/iflng}}</h2>\n\n        {{#each classProfilesByTags.[https://w3id.org/dsv/class-role#main]}}\n          {{> class-profile}}\n        {{/each}}\n      </section>\n    {{/if}}\n\n    {{#if classProfilesByTags.[https://w3id.org/dsv/class-role#supportive]}}\n      <section>\n        <h2>{{#iflng \"cs\"}}Podpůrné profily třídy{{lng}}Supportive class profiles{{/iflng}}</h2>\n\n        {{#each classProfilesByTags.[https://w3id.org/dsv/class-role#supportive]}}\n          {{> class-profile}}\n        {{/each}}\n      </section>\n    {{/if}}\n\n    {{#if (non-empty classProfilesByTags.default)}}\n      <section>\n        {{#if (or classProfilesByTags.[https://w3id.org/dsv/class-role#main] classProfilesByTags.[https://w3id.org/dsv/class-role#supportive])}}\n          <h2>{{#iflng \"cs\"}}Nezařazené profily tříd{{lng}}Other class profiles{{/iflng}}</h2>\n        {{else}}\n          <h2>{{#iflng \"cs\"}}Profily tříd{{lng}}Class profiles{{/iflng}}</h2>\n        {{/if}}\n\n        {{#each classProfilesByTags.default}}\n          {{> class-profile}}\n        {{/each}}\n      </section>\n    {{/if}}\n\n    {{#if semanticEntitiesByType.classes}}\n      <section>\n        <h2>{{#iflng \"cs\"}}Třídy{{lng}}Classes{{/iflng}}</h2>\n\n        {{#each locallyDefinedSemanticEntity}}\n          {{#ifEquals type.[0] \"class\"}}\n            {{> semantic-model-class}}\n          {{/ifEquals}}\n        {{/each}}\n      </section>\n    {{/if}}\n\n    {{#if semanticEntitiesByType.relationships}}\n      <section>\n        <h2>{{#iflng \"cs\"}}Vlastnosti{{lng}}Properties{{/iflng}}</h2>\n        {{#each locallyDefinedSemanticEntity}}\n          {{#ifEquals type.[0] \"relationship\"}}\n            {{> semantic-model-relationship}}\n          {{/ifEquals}}\n        {{/each}}\n      </section>\n    {{/if}}\n\n    {{#structureModels}}\n      <section>\n      <h2>\n        {{#iflng \"cs\"}}Specifikace struktury pro{{lng}}Data structure specification for{{/iflng}}\n        {{translate humanLabel}}\n      </h2>\n      <p>{{translate humanDescription}}</p>\n\n      {{#artifacts}}{{#getDocumentation}}{{> (useTemplate)}}{{/getDocumentation}}{{/artifacts}}\n      </section>\n    {{/structureModels}}\n\n    {{> used-prefixes}}\n\n    {{> attachments}}\n  </body>\n</html>",
        "html-head": "<meta charset=\"utf-8\" />\n<title>{{translate label}}</title>\n<meta name=\"color-scheme\" content=\"light dark\">\n<script type=\"application/ld+json\">\n  {{{json dsv}}}\n</script>\n<script\n  src=\"https://ofn.gov.cz/static/js/respec-odcz.js\"\n  class=\"remove\"\n  defer\n></script>\n<script class=\"remove\">\n  // All config options at https://respec.org/docs/\n  var respecConfig = {\n    specStatus: \"ED\",\n    shortName: \"dcat-ap-cz-podmínky-užití\",               \n    showPreviousVersion: false,\n    thisVersion: \"https://ofn.gov.cz/dcat-ap-cz-podmínky-užití/draft/\",\n    latestVersion: \"https://ofn.gov.cz/dcat-ap-cz-podmínky-užití/draft/\",\n    editors: [{\n      name: \"Jakub Klímek\",\n      orcid: \"0000-0001-7234-3051\",\n      company:    \"Charles University\",\n      companyURL: \"https://www.mff.cuni.cz\"\n    }],\n    inlineCSS: \"true\",\n    github: \"https://github.com/datagov-cz/otevrene-formalni-normy/\",\n    otherLinks: [{\n        key: \"Links\",\n        data: [{\n            value: \"Portál otevřených dat\",\n            href: \"https://data.gov.cz\"\n        },{\n            value: \"Kontaktní e-mail\",\n            href: \"mailto:otevrenadata@dia.gov.cz\"\n        }]\n    }]\n  };\n</script>\n\n<style>\n  .figure img, .sidefigure img, figure img, .figure object, .sidefigure object, figure object, img, .img {\n    max-width: 100%;\n    margin: auto;\n    height: auto;\n  }\n\n  table.simple {\n    margin: auto;\n    border-spacing: 0;\n    border-collapse: collapse;\n  }\n\n  table.simple th {\n    padding: 3px 10px;\n    text-align: left;\n  }\n\n  table.simple td {\n    border-top: 1px solid #ddd;\n    padding: 3px 10px;\n  }\n</style>"
      }
    },
    "http://dataspecer.com/resources/local/layout-configuration": {
      "main": {
        "none": {
          "layout_alg": "none",
          "run_layered_after": false,
          "run_node_overlap_removal_after": false,
          "interactive": false
        },
        "elk_stress": {
          "layout_alg": "elk_stress",
          "stress_edge_len": 800,
          "number_of_new_algorithm_runs": 10,
          "advanced_settings": {},
          "run_layered_after": false,
          "run_node_overlap_removal_after": true,
          "interactive": false
        },
        "elk_layered": {
          "layout_alg": "elk_layered",
          "alg_direction": "UP",
          "layer_gap": 200,
          "in_layer_gap": 100,
          "edge_routing": "ORTHOGONAL",
          "advanced_settings": {},
          "run_layered_after": false,
          "run_node_overlap_removal_after": false,
          "interactive": false
        },
        "elk_force": {
          "layout_alg": "elk_force",
          "min_distance_between_nodes": 400,
          "force_alg_type": "FRUCHTERMAN_REINGOLD",
          "number_of_new_algorithm_runs": 10,
          "advanced_settings": {},
          "run_layered_after": false,
          "run_node_overlap_removal_after": true,
          "interactive": false
        },
        "random": {
          "layout_alg": "random",
          "advanced_settings": {},
          "run_layered_after": false,
          "run_node_overlap_removal_after": true,
          "interactive": false
        },
        "elk_radial": {
          "layout_alg": "elk_radial",
          "min_distance_between_nodes": 500,
          "advanced_settings": {},
          "run_layered_after": false,
          "run_node_overlap_removal_after": false,
          "interactive": false
        },
        "elk_overlapRemoval": {
          "layout_alg": "elk_overlapRemoval",
          "min_distance_between_nodes": 200,
          "advanced_settings": {},
          "run_layered_after": false,
          "run_node_overlap_removal_after": false,
          "interactive": true
        },
        "elk_stress_advanced_using_clusters": {
          "layout_alg": "elk_stress_advanced_using_clusters",
          "stress_edge_len": 800,
          "number_of_new_algorithm_runs": 10,
          "advanced_settings": {},
          "run_layered_after": false,
          "run_node_overlap_removal_after": true,
          "interactive": false
        },
        "elk_stress_profile": {
          "layout_alg": "elk_stress_profile",
          "profileEdgeLength": 400,
          "preferredProfileDirection": "UP",
          "stress_edge_len": 800,
          "number_of_new_algorithm_runs": 10,
          "advanced_settings": {},
          "run_layered_after": false,
          "run_node_overlap_removal_after": true,
          "interactive": false
        },
        "automatic": {
          "layout_alg": "automatic",
          "min_distance_between_nodes": 500,
          "number_of_new_algorithm_runs": 1,
          "advanced_settings": {},
          "run_layered_after": false,
          "run_node_overlap_removal_after": false,
          "interactive": false
        }
      },
      "general": {
        "none": {
          "layout_alg": "none",
          "run_layered_after": false,
          "run_node_overlap_removal_after": false,
          "interactive": false
        },
        "elk_stress": {
          "layout_alg": "elk_stress",
          "stress_edge_len": 800,
          "number_of_new_algorithm_runs": 10,
          "advanced_settings": {},
          "run_layered_after": false,
          "run_node_overlap_removal_after": true,
          "interactive": false
        },
        "elk_layered": {
          "layout_alg": "elk_layered",
          "alg_direction": "UP",
          "layer_gap": 200,
          "in_layer_gap": 100,
          "edge_routing": "ORTHOGONAL",
          "advanced_settings": {},
          "run_layered_after": false,
          "run_node_overlap_removal_after": false,
          "interactive": false
        },
        "elk_force": {
          "layout_alg": "elk_force",
          "min_distance_between_nodes": 400,
          "force_alg_type": "FRUCHTERMAN_REINGOLD",
          "number_of_new_algorithm_runs": 10,
          "advanced_settings": {},
          "run_layered_after": false,
          "run_node_overlap_removal_after": true,
          "interactive": false
        },
        "random": {
          "layout_alg": "random",
          "advanced_settings": {},
          "run_layered_after": false,
          "run_node_overlap_removal_after": true,
          "interactive": false
        },
        "elk_radial": {
          "layout_alg": "elk_radial",
          "min_distance_between_nodes": 500,
          "advanced_settings": {},
          "run_layered_after": false,
          "run_node_overlap_removal_after": false,
          "interactive": false
        },
        "elk_overlapRemoval": {
          "layout_alg": "elk_overlapRemoval",
          "min_distance_between_nodes": 200,
          "advanced_settings": {},
          "run_layered_after": false,
          "run_node_overlap_removal_after": false,
          "interactive": true
        },
        "elk_stress_advanced_using_clusters": {
          "layout_alg": "elk_stress_advanced_using_clusters",
          "stress_edge_len": 800,
          "number_of_new_algorithm_runs": 10,
          "advanced_settings": {},
          "run_layered_after": false,
          "run_node_overlap_removal_after": true,
          "interactive": false
        },
        "elk_stress_profile": {
          "layout_alg": "elk_stress_profile",
          "profileEdgeLength": 400,
          "preferredProfileDirection": "UP",
          "stress_edge_len": 800,
          "number_of_new_algorithm_runs": 10,
          "advanced_settings": {},
          "run_layered_after": false,
          "run_node_overlap_removal_after": true,
          "interactive": false
        },
        "automatic": {
          "layout_alg": "automatic",
          "min_distance_between_nodes": 500,
          "number_of_new_algorithm_runs": 1,
          "advanced_settings": {},
          "run_layered_after": false,
          "run_node_overlap_removal_after": false,
          "interactive": false
        }
      },
      "chosenMainAlgorithm": "elk_layered",
      "chosenGeneralAlgorithm": "none",
      "additionalSteps": {}
    }
  }
}