{
  "iri": "192e1c39-405f-468a-93b9-40ff51b28489/59e65794-2eb0-4448-ba26-ad75aa65db1a",
  "types": [
    "http://dataspecer.com/resources/local/package"
  ],
  "userMetadata": {
    "label": {
      "cs": "DCAT-AP-CZ: Základní datový model pro katalogy dat",
      "en": "DCAT-AP-CZ: Basic data model for data catalogs"
    },
    "description": {},
    "importedFromUrl": "https://ofn.gov.cz/dcat-ap-cz/draft/cs/",
    "documentBaseUrl": "https://ofn.gov.cz/dcat-ap-cz/draft/cs/"
  },
  "metadata": {
    "creationDate": "2026-01-06T10:48:06.580Z",
    "modificationDate": "2026-01-06T11:43:14.160Z"
  },
  "_version": 1,
  "_exportVersion": 1,
  "_exportedAt": "2026-01-06T11:49:00.853Z",
  "_exportedBy": "http://localhost:3100"
}